validation_pair_id,evidence_source,condition_group,disease_local_global_id,disease_label,disease_mesh,drug_local_id,drug_name,drugbank_id,gene_symbols,gene_entrez_ids,pool_rows,evidence_classification,condition_match_kind,supporting_record_ids,supporting_phases,supporting_statuses,source_urls,manual_reason,automatic_trial_count,hanami_prefilter_median_top_percent
415e6af8cddca2e973fe,automatic_phase2_3,breast_oncology,6,Breast Neoplasms,D001943,8,Choline,DB00122,BCHE,590,32800,phase2_3_registry_match,exact_or_named_subtype,NCT05076682,PHASE2,,,,1,16.282
8051cacc64ea841140ab,automatic_phase2_3,breast_oncology,6,Breast Neoplasms,D001943,887,Eribulin,DB08871,BCL2,596,3579,phase2_3_registry_match,exact_or_named_subtype,NCT01388647;NCT01401959;NCT01427933;NCT01498588;NCT01527487;NCT01554371;NCT01593020;NCT01596751;NCT01669252;NCT01705691;NCT01827787;NCT01912963;NCT01941407;NCT02035813;NCT02061085;NCT02215876;NCT02263495;NCT02299999;NCT02344472;NCT02396433;NCT02514681;NCT02555657;NCT02574455;NCT02623972;NCT02681523;NCT02723877;NCT02915744;NCT03032614;NCT03202316;NCT03222856;NCT03264547;NCT03637868;NCT03734029;NCT03786094;NCT03795012;NCT03901339;NCT04303741;NCT04464174;NCT04681911;NCT04745975;NCT04826016;NCT04913571;NCT04986579;NCT05063786;NCT05104866;NCT05402722;NCT05458674;NCT05570253;NCT05810870;NCT05824975;NCT06081959;NCT06102824;NCT06202313;NCT06268652;NCT06279364;NCT06308939;NCT06343948;NCT06382142;NCT06387628;NCT06435429;NCT06449222;NCT06519370;NCT06539559;NCT06731153;NCT06942234;NCT07007559;NCT07173751;NCT07255612;NCT07461454,PHASE1|PHASE2;PHASE2;PHASE3,,,,69,30.595
459e1facbdbc3f4d72a8,automatic_phase2_3,breast_oncology,6,Breast Neoplasms,D001943,978,Methylene Blue,DB09241,GUCY1A2,2977,34342,phase2_3_registry_match,exact_or_named_subtype,NCT00784849;NCT01276054,PHASE2,,,,2,47.526
c6a81190093aca4b5b65,automatic_phase2_3,breast_oncology,6,Breast Neoplasms,D001943,740,Testosterone Propionate,DB01420,AR,367,5689,phase2_3_registry_match,exact_or_named_subtype,NCT01122342,PHASE1|PHASE2,,,,1,10.106
d4f73bec420597149cb0,automatic_phase2_3,breast_oncology,6,Breast Neoplasms,D001943,562,Thalidomide,DB01041,PTGS2; TNF; FGFR2,5743; 7124; 2263,11986;14020;25586,phase2_3_registry_match,exact_or_named_subtype,NCT00193102;NCT02649101,PHASE2,,,,2,1.793
dd2ef982e9d384914d13,automatic_phase2_3,breast_oncology,6,Breast Neoplasms,D001943,496,aspirin,DB00945,PTGS2; PTGS1; TP53,5743; 5742; 7157,4743;11682;35223,phase2_3_registry_match,exact_or_named_subtype,NCT00263211;NCT01431053;NCT02927249;NCT03794596;NCT04038489;NCT04188119,PHASE2;PHASE3,,,,6,1.073
e388bb74a07bfbf2df49,automatic_phase2_3,breast_oncology,6,Breast Neoplasms,D001943,838,bazedoxifene,DB06401,ESR1,2099,1951,phase2_3_registry_match,exact_or_named_subtype,NCT02448771,PHASE1|PHASE2,,,,1,6.823
388ec0a5de3b8438b49a,automatic_phase2_3,breast_oncology,6,Breast Neoplasms,D001943,105,bexarotene,DB00307,RXRB,6257,8746,phase2_3_registry_match,exact_or_named_subtype,NCT00003752,PHASE2,,,,1,49.497
faadd5fd58e1f05fbdda,automatic_phase2_3,breast_oncology,6,Breast Neoplasms,D001943,614,bicalutamide,DB01128,AR,367,5628,phase2_3_registry_match,exact_or_named_subtype,NCT00468715;NCT02299999;NCT02348281;NCT02353988;NCT02605486;NCT02697032;NCT02910050;NCT03090165;NCT03650894;NCT05095207;NCT06365788,PHASE1|PHASE2;PHASE2,,,,11,13.203
24ec965ec287444c00bd,automatic_phase2_3,breast_oncology,6,Breast Neoplasms,D001943,846,bosutinib,DB06616,ABL1,25,4587,phase2_3_registry_match,exact_or_named_subtype,NCT00793546;NCT00880009;NCT00959946,PHASE1|PHASE2;PHASE2,,,,3,26.288
219e71f7973f1a466718,automatic_phase2_3,breast_oncology,6,Breast Neoplasms,D001943,13,calcitriol,DB00136,VDR,7421,20678,phase2_3_registry_match,exact_or_named_subtype,NCT00904033;NCT01293682,PHASE2,,,,2,21.016
2129c5c2710c2f890eff,automatic_phase2_3,breast_oncology,6,Breast Neoplasms,D001943,218,celecoxib,DB00482,PTGS2,5743,10770,phase2_3_registry_match,exact_or_named_subtype,NCT00006381;NCT00045591;NCT00056082;NCT00088972;NCT00101062;NCT00201773;NCT00291694;NCT00305643;NCT00525096;NCT00665457;NCT01425476;NCT01695226;NCT02429427;NCT03084536;NCT03185871;NCT05756166,PHASE1|PHASE2;PHASE2;PHASE3,,,,16,4.233
c2fcbe24e0a0c1767575,automatic_phase2_3,breast_oncology,6,Breast Neoplasms,D001943,289,chloroquine,DB00608,TNF,7124,13725,phase2_3_registry_match,exact_or_named_subtype,NCT02333890,PHASE2,,,,1,5.283
840ecd23b8d1e69401f8,automatic_phase2_3,breast_oncology,6,Breast Neoplasms,D001943,25,cholecalciferol,DB00169,VDR,7421,20716,phase2_3_registry_match,exact_or_named_subtype,NCT00859651;NCT01425476;NCT01608451;NCT02186015,PHASE1|PHASE2;PHASE2;PHASE3,,,,4,14.747
36fc452880d1f8f177b5,automatic_phase2_3,breast_oncology,6,Breast Neoplasms,D001943,243,ciprofloxacin,DB00537,TOP2A,7153,22323,phase2_3_registry_match,exact_or_named_subtype,NCT00590785,PHASE3,,,,1,12.849
1436b71c6b76d983f694,automatic_phase2_3,breast_oncology,6,Breast Neoplasms,D001943,4,cyclosporine,DB00091,SLCO1B1,10599,43287,phase2_3_registry_match,exact_or_named_subtype,NCT00008203;NCT00020176;NCT00074269;NCT00365287;NCT01105650,PHASE1|PHASE2;PHASE2;PHASE3,,,,5,23.217
b025fba85547b70e20bc,automatic_phase2_3,breast_oncology,6,Breast Neoplasms,D001943,700,dasatinib,DB01254,KIT,3815,15324,phase2_3_registry_match,exact_or_named_subtype,NCT00371254;NCT00371345;NCT00410813;NCT00546104;NCT00566618;NCT00696072;NCT00754325;NCT00780676;NCT00817531;NCT00903006;NCT00924352;NCT01306942;NCT01410708;NCT01471106;NCT02465060;NCT02720185;NCT05198843;NCT06355037,PHASE1|PHASE2;PHASE2,,,,18,12.168
0d481fea8d465a55eb88,automatic_phase2_3,breast_oncology,6,Breast Neoplasms,D001943,764,deferasirox,DB01609,CYP3A4,1576,34746,phase2_3_registry_match,exact_or_named_subtype,NCT00602446;NCT01159067,PHASE2,,,,2,15.501
bfa057da4b57ed85587f,automatic_phase2_3,breast_oncology,6,Breast Neoplasms,D001943,240,erlotinib,DB00530,EGFR,1956,1137,phase2_3_registry_match,exact_or_named_subtype,NCT00570258;NCT00597597;NCT00732810;NCT00834678;NCT01205685;NCT04591431,PHASE1|PHASE2;PHASE2,,,,6,37.686
3e5cfca6a26abd00ef99,automatic_phase2_3,breast_oncology,6,Breast Neoplasms,D001943,656,estramustine,DB01196,ESR1,2099,1818,phase2_3_registry_match,exact_or_named_subtype,NCT02853071;NCT02866955,PHASE2,,,,2,6.642
8ca98279e64650c64560,automatic_phase2_3,breast_oncology,6,Breast Neoplasms,D001943,394,etoposide,DB00773,TOP2A,7153,22343,phase2_3_registry_match,exact_or_named_subtype,NCT00002509;NCT00002836;NCT00003269;NCT00004900;NCT00004906;NCT00006032;NCT00006260;NCT00012311;NCT00060255;NCT00693719;NCT00810017;NCT01492556;NCT01589159;NCT03923179;NCT06418594,PHASE1|PHASE2;PHASE2;PHASE3,,,,15,7.745
3b10a2ecb03440bb27a8,automatic_phase2_3,breast_oncology,6,Breast Neoplasms,D001943,112,gefitinib,DB00317,EGFR,1956,1111,phase2_3_registry_match,exact_or_named_subtype,NCT00024154;NCT00049062;NCT00057941;NCT00066339;NCT00066378;NCT00077025;NCT00080743;NCT00082667;NCT00086957;NCT00229697;NCT00239343;NCT00247481;NCT00252811;NCT00255463;NCT00319618;NCT00357734;NCT00637026;NCT01732276,PHASE1|PHASE2;PHASE2;PHASE3,,,,18,45.157
a112b14ca795defade47,automatic_phase2_3,breast_oncology,6,Breast Neoplasms,D001943,193,gemcitabine,DB00441,TYMS,7298,36868,phase2_3_registry_match,exact_or_named_subtype,NCT00034489;NCT00063570;NCT00093795;NCT00110084;NCT00128310;NCT00128856;NCT00191152;NCT00191243;NCT00191269;NCT00191347;NCT00191373;NCT00191438;NCT00191451;NCT00191672;NCT00191789;NCT00191815;NCT00191854;NCT00192062;NCT00192101;NCT00193050;NCT00193063;NCT00193076;NCT00193206;NCT00201760;NCT00236899;NCT00244933;NCT00316199;NCT00320541;NCT00325234;NCT00334802;NCT00403130;NCT00431106;NCT00440622;NCT00450762;NCT00476827;NCT00480597;NCT00493636;NCT00503906;NCT00618826;NCT00623233;NCT00674206;NCT00754351;NCT00846027;NCT00894504;NCT01045304;NCT01201265;NCT01352494;NCT01815242;NCT01881230;NCT01939418;NCT02139358;NCT02213744;NCT02252887;NCT02263495;NCT02331251;NCT02393248;NCT02435680;NCT02489409;NCT02514681;NCT02538432;NCT02544243;NCT02555657;NCT02574455;NCT02632448;NCT02641847;NCT02755272;NCT02819518;NCT02915744;NCT02978716;NCT03025880;NCT03267316;NCT03371017;NCT03423849;NCT03674242;NCT03734029;NCT03901339;NCT04143906;NCT04191135;NCT04297267;NCT04464174;NCT04659603;NCT04681911;NCT04739670;NCT04745975;NCT04799249;NCT05007106;NCT05104866;NCT05181462;NCT05382286;NCT05382299;NCT05601440;NCT05809895;NCT05981001;NCT06026657;NCT06027268;NCT06081959;NCT06102824;NCT06103864;NCT06268652;NCT06343948;NCT06382142;NCT06435429;NCT06449222;NCT06492759;NCT06519370;NCT06531447;NCT06630325;NCT06841354;NCT06926868;NCT07007559;NCT07173751;NCT07366840;NCT07461454,PHASE1|PHASE2;PHASE2;PHASE2|PHASE3;PHASE3,,,,113,13.649
f6a85349a7084e1bb771,automatic_phase2_3,breast_oncology,6,Breast Neoplasms,D001943,1046,glucosamine,DB01296,TNF; IL1B; MMP9,7124; 3553; 4318,14471;19844;34561,phase2_3_registry_match,exact_or_named_subtype,NCT00691678,PHASE2,,,,1,4.868
05d07bfd1866c1576ed5,automatic_phase2_3,breast_oncology,6,Breast Neoplasms,D001943,293,imatinib,DB00619,KIT; ABL1,3815; 25,4557;15304,phase2_3_registry_match,exact_or_named_subtype,NCT00193180,PHASE2,,,,1,15.41
9dcea7bb69cd90835161,automatic_phase2_3,breast_oncology,6,Breast Neoplasms,D001943,926,lenvatinib,DB09078,KIT; FGFR1; KDR,3815; 2260; 3791,1296;2509;15456,phase2_3_registry_match,exact_or_named_subtype,NCT03168074;NCT03797326;NCT05007106;NCT06110793;NCT06140576;NCT06849492,PHASE1|PHASE2;PHASE2,,,,6,19.269
30acdc445abe20f6bf95,automatic_phase2_3,breast_oncology,6,Breast Neoplasms,D001943,314,leucovorin,DB00650,TYMS,7298,36909,phase2_3_registry_match,exact_or_named_subtype,NCT00001498;NCT01231802;NCT03175666;NCT03387085;NCT03554109;NCT05564377;NCT05714553,PHASE1|PHASE2;PHASE2,,,,7,20.49
539cb5fa0ebfc371cc5f,automatic_phase2_3,breast_oncology,6,Breast Neoplasms,D001943,620,levofloxacin,DB01137,TOP2A,7153,22374,phase2_3_registry_match,exact_or_named_subtype,NCT00005590,PHASE3,,,,1,15.442
e4dbbadd91d61fc1c8d7,automatic_phase2_3,breast_oncology,6,Breast Neoplasms,D001943,91,lidocaine,DB00281,EGFR,1956,1083,phase2_3_registry_match,exact_or_named_subtype,NCT01204242;NCT02839668,PHASE2,,,,2,32.104
04d2c0fe8021c80b5464,automatic_phase2_3,breast_oncology,6,Breast Neoplasms,D001943,576,melatonin,DB01065,ESR1,2099,1712,phase2_3_registry_match,exact_or_named_subtype,NCT01557478;NCT01965522;NCT02332928;NCT02506777;NCT02506790;NCT03716583;NCT07067307,PHASE1|PHASE2;PHASE2;PHASE2|PHASE3;PHASE3,,,,7,4.48
14e631cfb0c348b2462c,automatic_phase2_3,breast_oncology,6,Breast Neoplasms,D001943,430,mifepristone,DB00834,AR; PGR,367; 5241,5565;7102,phase2_3_registry_match,exact_or_named_subtype,NCT01898312;NCT02788981;NCT03225547;NCT05016349;NCT06099769,PHASE2;PHASE3,,,,5,5.618
5d08d2b291023f70c870,automatic_phase2_3,breast_oncology,6,Breast Neoplasms,D001943,403,naproxen,DB00788,PTGS2; PTGS1,5743; 5742,11318;35169,phase2_3_registry_match,exact_or_named_subtype,NCT01712009,PHASE2,,,,1,2.275
44b6a54e3f26f0ca33a4,automatic_phase2_3,breast_oncology,6,Breast Neoplasms,D001943,735,neostigmine,DB01400,ACHE,43,31442,phase2_3_registry_match,exact_or_named_subtype,NCT02839668,PHASE2,,,,1,14.621
2e4847effb622357e498,automatic_phase2_3,breast_oncology,6,Breast Neoplasms,D001943,792,nilotinib,DB04868,KIT,3815,15368,phase2_3_registry_match,exact_or_named_subtype,NCT05185947,PHASE2,,,,1,21.517
116ded101614618db8fe,automatic_phase2_3,breast_oncology,6,Breast Neoplasms,D001943,1073,nimesulide,DB04743,PTGS2; PTGS1,5743; 5742,12719;35375,phase2_3_registry_match,exact_or_named_subtype,NCT01500577,PHASE2,,,,1,5.78
3024450662d81c5c832a,automatic_phase2_3,breast_oncology,6,Breast Neoplasms,D001943,927,nintedanib,DB09079,FGFR1; FGFR2,2260; 2263,2536;25706,phase2_3_registry_match,exact_or_named_subtype,NCT01658462,PHASE2,,,,1,29.33
8c48f965dec85563e104,automatic_phase2_3,breast_oncology,6,Breast Neoplasms,D001943,126,omeprazole,DB00338,AHR,196,20152,phase2_3_registry_match,exact_or_named_subtype,NCT02595372;NCT05646862,PHASE2;PHASE3,,,,2,46.725
e755cdcdd04a27e7a3c6,automatic_phase2_3,breast_oncology,6,Breast Neoplasms,D001943,843,pazopanib,DB06589,FGFR1; KDR; FLT1,2260; 3791; 2321,1256;2428;3981,phase2_3_registry_match,exact_or_named_subtype,NCT00558103;NCT01392352;NCT01466972,PHASE2,,,,3,25.534
05a031aefc5f76c125bc,automatic_phase2_3,breast_oncology,6,Breast Neoplasms,D001943,308,pemetrexed,DB00642,TYMS; DHFR,7298; 1719,20987;36893,phase2_3_registry_match,exact_or_named_subtype,NCT00034489;NCT00063570;NCT00065533;NCT00072865;NCT00102219;NCT00106002;NCT00149214;NCT00190671;NCT00191347;NCT00325234;NCT03267316;NCT06630325,PHASE1|PHASE2;PHASE2,,,,12,15.433
3ce2bb521db5d66849e4,automatic_phase2_3,breast_oncology,6,Breast Neoplasms,D001943,415,pentoxifylline,DB00806,TNF,7124,13872,phase2_3_registry_match,exact_or_named_subtype,NCT00022204;NCT00188669;NCT02898376;NCT05189535;NCT06087237,PHASE2;PHASE2|PHASE3;PHASE3,,,,5,1.537
657449a8dc418ad1c353,automatic_phase2_3,breast_oncology,6,Breast Neoplasms,D001943,900,ponatinib,DB08901,KIT; FGFR1; ABL1,3815; 2260; 25,2482;4608;15434,phase2_3_registry_match,exact_or_named_subtype,NCT04591431,PHASE2,,,,1,14.136
05d39b7e6d6a9862b768,automatic_phase2_3,breast_oncology,6,Breast Neoplasms,D001943,705,posaconazole,DB01263,CYP3A4,1576,34737,phase2_3_registry_match,exact_or_named_subtype,NCT06802757,PHASE2,,,,1,12.693
73b7d7ef4c41bd414b38,automatic_phase2_3,breast_oncology,6,Breast Neoplasms,D001943,26,pravastatin,DB00175,SLCO1B1,10599,43289,phase2_3_registry_match,exact_or_named_subtype,NCT04190433;NCT04356209,PHASE2,,,,2,32.64
0ed0681428f3ea4d0859,automatic_phase2_3,breast_oncology,6,Breast Neoplasms,D001943,451,ranitidine,DB00863,ACHE; BCHE,43; 590,31404;32849,phase2_3_registry_match,exact_or_named_subtype,NCT01332630;NCT04862585,PHASE2;PHASE2|PHASE3,,,,2,15.446
83a751dca28e70558c2d,automatic_phase2_3,breast_oncology,6,Breast Neoplasms,D001943,898,regorafenib,DB08896,KIT,3815,15412,phase2_3_registry_match,exact_or_named_subtype,NCT02955940,PHASE2,,,,1,15.343
9e16c7a1c1d0e7e3692e,automatic_phase2_3,breast_oncology,6,Breast Neoplasms,D001943,165,sorafenib,DB00398,KIT; FGFR1; KDR,3815; 2260; 3791,1226;2347;15281,phase2_3_registry_match,exact_or_named_subtype,NCT00493636;NCT00525161;NCT00632541;NCT00634634;NCT00825734;NCT01194869;NCT05594095,PHASE1|PHASE2;PHASE2,,,,7,15.676
30edfe084c585ef92911,automatic_phase2_3,breast_oncology,6,Breast Neoplasms,D001943,180,spironolactone,DB00421,AR; PGR,367; 5241,5429;7069,phase2_3_registry_match,exact_or_named_subtype,NCT04190433,PHASE2,,,,1,5.774
38cf37e7f514e94271ff,automatic_phase2_3,breast_oncology,6,Breast Neoplasms,D001943,407,sulfasalazine,DB00795,PTGS2; PTGS1,5743; 5742,11378;35178,phase2_3_registry_match,exact_or_named_subtype,NCT03847311,PHASE2,,,,1,3.361
53bf48ee89c1d2aaa25a,automatic_phase2_3,breast_oncology,6,Breast Neoplasms,D001943,287,sulindac,DB00605,PTGS2; PTGS1,5743; 5742,11074;35133,phase2_3_registry_match,exact_or_named_subtype,NCT00039520,PHASE2,,,,1,3.852
3ff213c6ce297c5feec8,automatic_phase2_3,breast_oncology,6,Breast Neoplasms,D001943,708,sunitinib,DB01268,KDR; FGFR1; FLT1,3791; 2260; 2321,1236;2401;3967,phase2_3_registry_match,exact_or_named_subtype,NCT00373256;NCT00434356;NCT00471276;NCT00570908;NCT00662025;NCT00887575;NCT01803503,PHASE1|PHASE2;PHASE2;PHASE3,,,,7,31.478
07526bb1ee8b2a272676,automatic_phase2_3,breast_oncology,6,Breast Neoplasms,D001943,782,thiotepa,DB04572,CYP3A4,1576,34751,phase2_3_registry_match,exact_or_named_subtype,NCT00002680;NCT00002755;NCT00002772;NCT00002780;NCT00002836;NCT00002870;NCT00003068;NCT00003086;NCT00003199;NCT00003680;NCT00003877;NCT00003972;NCT00004092;NCT00004172;NCT00004900;NCT00004906;NCT00005798;NCT00006123;NCT00008203;NCT00012311;NCT00060255;NCT00182793;NCT00429182,PHASE1|PHASE2;PHASE2;PHASE3,,,,23,11.146
f8684dcafc3d8a46565e,automatic_phase2_3,breast_oncology,6,Breast Neoplasms,D001943,1249,tibolone,DB09070,ESR1,2099,2323,phase2_3_registry_match,exact_or_named_subtype,NCT00165204;NCT00408863;NCT00725374,PHASE2;PHASE3,,,,3,7.237
44543f83edcc315e0f61,automatic_phase2_3,breast_oncology,6,Breast Neoplasms,D001943,964,venetoclax,DB11581,BCL2,596,3632,phase2_3_registry_match,exact_or_named_subtype,NCT03584009;NCT04298918,PHASE1|PHASE2;PHASE2,,,,2,29.273
c3a2ffd9ffeafcfdaed8,automatic_phase2_3,cardiovascular_hypertensive,168,"Arrhythmias, Cardiac",D001145,1034,Ethanol,DB00898,CACNA1C,775,932,phase2_3_registry_match,broader_narrower_arrhythmia_spectrum,NCT01898221,PHASE3,,,,1,33.438
eb916393da4da65cf193,automatic_phase2_3,cardiovascular_hypertensive,168,"Arrhythmias, Cardiac",D001145,496,aspirin,DB00945,PTGS2,5743,11699,phase2_3_registry_match,broader_narrower_arrhythmia_spectrum,NCT00244426;NCT02164864;NCT02565693;NCT02960126;NCT03907046,PHASE2;PHASE3,,,,5,8.187
b0add92a3f28d5dcb49f,automatic_phase2_3,cardiovascular_hypertensive,168,"Arrhythmias, Cardiac",D001145,999,betrixaban,DB12364,KCNH2,3757,17514,phase2_3_registry_match,broader_narrower_arrhythmia_spectrum,NCT00742859,PHASE2,,,,1,29.893
b8062edc606461e59683,automatic_phase2_3,cardiovascular_hypertensive,168,"Arrhythmias, Cardiac",D001145,619,carvedilol,DB01136,KCNH2,3757,17435,phase2_3_registry_match,broader_narrower_arrhythmia_spectrum,NCT00313157,PHASE3,,,,1,23.266
7018a95e1af376cdba0a,automatic_phase2_3,cardiovascular_hypertensive,168,"Arrhythmias, Cardiac",D001145,129,diltiazem,DB00343,CACNA1C,775,740,phase2_3_registry_match,broader_narrower_arrhythmia_spectrum,NCT00000556;NCT00313157,PHASE3,,,,2,27.897
cd68d44aa0c6b965a410,automatic_phase2_3,cardiovascular_hypertensive,168,"Arrhythmias, Cardiac",D001145,204,imipramine,DB00458,KCNH2,3757,17343,phase2_3_registry_match,broader_narrower_arrhythmia_spectrum,NCT00000464;NCT00000504;NCT00000518,PHASE2;PHASE3,,,,3,28.506
773c6aea0a8e8782cf5c,automatic_phase2_3,cardiovascular_hypertensive,168,"Arrhythmias, Cardiac",D001145,121,indomethacin,DB00328,PTGS2,5743,10544,phase2_3_registry_match,broader_narrower_arrhythmia_spectrum,NCT00262470,PHASE1|PHASE2,,,,1,17.042
2b9e10011d8b41fbb3fc,automatic_phase2_3,cardiovascular_hypertensive,168,"Arrhythmias, Cardiac",D001145,404,perindopril,DB00790,ACE,1636,40596,phase2_3_registry_match,broader_narrower_arrhythmia_spectrum,NCT00461903,PHASE3,,,,1,11.48
ef4f2a863d24e66253d2,automatic_phase2_3,cardiovascular_hypertensive,168,"Arrhythmias, Cardiac",D001145,29,ramipril,DB00178,ACE,1636,40379,phase2_3_registry_match,broader_narrower_arrhythmia_spectrum,NCT00141778;NCT00736294,PHASE2|PHASE3;PHASE3,,,,2,14.204
c463825b18adf163759d,automatic_phase2_3,cardiovascular_hypertensive,168,"Arrhythmias, Cardiac",D001145,71,ranolazine,DB00243,SCN5A,6331,31863,phase2_3_registry_match,broader_narrower_arrhythmia_spectrum,NCT01349491;NCT01522651;NCT01534962;NCT01887353,PHASE2;PHASE3,,,,4,28.058
c613e746e7bf92e61902,automatic_phase2_3,cardiovascular_hypertensive,168,"Arrhythmias, Cardiac",D001145,180,spironolactone,DB00421,CACNA1C,775,781,phase2_3_registry_match,broader_narrower_arrhythmia_spectrum,NCT00141778;NCT02764619,PHASE2|PHASE3;PHASE3,,,,2,24.172
7d14b9f6d6a06db73d12,automatic_phase2_3,cardiovascular_hypertensive,81,Atherosclerosis,D050197,496,aspirin,DB00945,PTGS2,5743,11686,phase2_3_registry_match,exact_or_named_subtype,NCT00004728;NCT00222677;NCT00684203;NCT00776477;NCT05700266,PHASE2;PHASE2|PHASE3;PHASE3,,,,5,16.387
02a6c147d3b7c37272a2,automatic_phase2_3,cardiovascular_hypertensive,81,Atherosclerosis,D050197,582,atorvastatin,DB01076,AHR,196,20217,phase2_3_registry_match,exact_or_named_subtype,NCT00115817;NCT00115830;NCT00481364;NCT00620542;NCT00650689;NCT00804843;NCT06080256;NCT07474649,PHASE2;PHASE3,,,,8,54.888
abb93af94e1f280b98e1,automatic_phase2_3,cardiovascular_hypertensive,81,Atherosclerosis,D050197,400,estradiol,DB00783,ESR1,2099,1588,phase2_3_registry_match,exact_or_named_subtype,NCT00005108,PHASE2,,,,1,35.145
a9b7c2a83dba150f3bcb,automatic_phase2_3,cardiovascular_hypertensive,81,Atherosclerosis,D050197,415,pentoxifylline,DB00806,TNF,7124,13882,phase2_3_registry_match,exact_or_named_subtype,NCT00796822;NCT00864916,PHASE2,,,,2,15.616
a7515aaab2146d7768b8,automatic_phase2_3,cardiovascular_hypertensive,81,Atherosclerosis,D050197,163,progesterone,DB00396,ESR1,2099,1384,phase2_3_registry_match,exact_or_named_subtype,NCT00005108,PHASE2,,,,1,25.021
d370b8170993920dc66e,automatic_phase2_3,cardiovascular_hypertensive,116,Atrial Fibrillation,D001281,1034,Ethanol,DB00898,CACNA1C,775,928,phase2_3_registry_match,exact_or_named_subtype,NCT01898221,PHASE3,,,,1,53.253
42db8a554ff7676716a9,automatic_phase2_3,cardiovascular_hypertensive,116,Atrial Fibrillation,D001281,316,Magnesium Sulfate,DB00653,CACNA1C; CACNB2,775; 783,809;42886,phase2_3_registry_match,exact_or_named_subtype,NCT05669417,PHASE2|PHASE3,,,,1,31.309
2e68af3ec76bcd79e76e,automatic_phase2_3,cardiovascular_hypertensive,116,Atrial Fibrillation,D001281,496,aspirin,DB00945,PRKAG2,51422,7405,phase2_3_registry_match,exact_or_named_subtype,NCT00244426;NCT00623779;NCT02164864;NCT02565693;NCT02960126;NCT03907046,PHASE2;PHASE3,,,,6,37.232
4fc642c3ed6b22c4b037,automatic_phase2_3,cardiovascular_hypertensive,116,Atrial Fibrillation,D001281,102,bupivacaine,DB00297,KCNA5,3741,19716,phase2_3_registry_match,exact_or_named_subtype,NCT05357690,PHASE2|PHASE3,,,,1,64.683
e2ef2f71066f2a949bf4,automatic_phase2_3,cardiovascular_hypertensive,116,Atrial Fibrillation,D001281,619,carvedilol,DB01136,NPPB,4879,8648,phase2_3_registry_match,exact_or_named_subtype,NCT00313157,PHASE3,,,,1,32.863
777cadd9c3dbffec85bf,automatic_phase2_3,cardiovascular_hypertensive,116,Atrial Fibrillation,D001281,404,perindopril,DB00790,ACE,1636,40592,phase2_3_registry_match,exact_or_named_subtype,NCT00461903,PHASE3,,,,1,17.274
71668452c201802a5e73,automatic_phase2_3,cardiovascular_hypertensive,116,Atrial Fibrillation,D001281,29,ramipril,DB00178,ACE,1636,40375,phase2_3_registry_match,exact_or_named_subtype,NCT00141778;NCT00736294,PHASE2|PHASE3;PHASE3,,,,2,20.676
db9fb3e367314f5649a8,automatic_phase2_3,cardiovascular_hypertensive,116,Atrial Fibrillation,D001281,71,ranolazine,DB00243,SCN5A,6331,31862,phase2_3_registry_match,exact_or_named_subtype,NCT01349491;NCT01522651;NCT01534962;NCT01887353,PHASE2;PHASE3,,,,4,44.075
32db7453c3570bb37df2,automatic_phase2_3,cardiovascular_hypertensive,116,Atrial Fibrillation,D001281,180,spironolactone,DB00421,CACNA1C; CACNB2,775; 783,777;42880,phase2_3_registry_match,exact_or_named_subtype,NCT00141778;NCT02764619;NCT06204640,PHASE2|PHASE3;PHASE3,,,,3,31.338
9e970190f2d757ffc77c,automatic_phase2_3,cardiovascular_hypertensive,450,Cardiomyopathies,D009202,496,aspirin,DB00945,PTGS2,5743,11725,phase2_3_registry_match,exact_or_named_subtype,NCT02674958,PHASE3,,,,1,14.08
0e25ace558039a3063c9,automatic_phase2_3,cardiovascular_hypertensive,296,Coronary Artery Disease,D003324,496,aspirin,DB00945,PTGS2,5743,11713,phase2_3_registry_match,exact_or_named_subtype,NCT00330772;NCT00642811;NCT00823212;NCT01268917;NCT01466452;NCT01500434;NCT01510327;NCT01598337;NCT01755520;NCT02266030;NCT02294643;NCT04434365;NCT05093790,PHASE1|PHASE2;PHASE2;PHASE3,,,,13,10.405
8c603cec02c8ff01ebeb,automatic_phase2_3,cardiovascular_hypertensive,296,Coronary Artery Disease,D003324,163,progesterone,DB00396,ESR1,2099,1393,phase2_3_registry_match,exact_or_named_subtype,NCT00000555,PHASE3,,,,1,18.387
98a24e9019c174e1557d,automatic_phase2_3,cardiovascular_hypertensive,94,Heart Failure,D006333,1080,Oxygen,DB09140,HBA2; NOX1,3040; 27035,36440;40321,phase2_3_registry_match,exact_or_named_subtype,NCT02949531;NCT03102827;NCT03745898;NCT03841084;NCT05613218,PHASE2;PHASE2|PHASE3;PHASE3,,,,5,33.967
e9a8fdf23ff6db3e4d4f,automatic_phase2_3,cardiovascular_hypertensive,94,Heart Failure,D006333,539,albuterol,DB01001,ADRB1; ADRB3,153; 155,389;27225,phase2_3_registry_match,exact_or_named_subtype,NCT01375361;NCT02885636,PHASE2|PHASE3;PHASE3,,,,2,23.882
aa579a5431c0a3310369,automatic_phase2_3,cardiovascular_hypertensive,94,Heart Failure,D006333,608,amiodarone,DB01118,PPARG; ADRB1,5468; 153,419;6804,phase2_3_registry_match,exact_or_named_subtype,NCT00000609,PHASE3,,,,1,14.2
64872a890c0c5803f2cf,automatic_phase2_3,cardiovascular_hypertensive,94,Heart Failure,D006333,496,aspirin,DB00945,PTGS2; PTGS1; PRKAG2,5743; 5742; 51422,7404;11689;35225,phase2_3_registry_match,exact_or_named_subtype,NCT00007683,PHASE3,,,,1,5.231
22c89e4a68e45a080daa,automatic_phase2_3,cardiovascular_hypertensive,94,Heart Failure,D006333,458,conivaptan,DB00872,AVPR2,554,28320,phase2_3_registry_match,exact_or_named_subtype,NCT00057356;NCT00843986,PHASE2;PHASE3,,,,2,30.891
2726a8354184be12131b,automatic_phase2_3,cardiovascular_hypertensive,94,Heart Failure,D006333,684,dexamethasone,DB01234,4306; NOS2,4306; 4843,26131;44963,phase2_3_registry_match,exact_or_named_subtype,NCT05809011,PHASE2|PHASE3,,,,1,6.519
407132837b6ee217e386,automatic_phase2_3,cardiovascular_hypertensive,94,Heart Failure,D006333,35,esmolol,DB00187,ADRB1,153,148,phase2_3_registry_match,exact_or_named_subtype,NCT06522594,PHASE2,,,,1,23.255
4034227f48326acc04bf,automatic_phase2_3,cardiovascular_hypertensive,94,Heart Failure,D006333,1052,indacaterol,DB05039,ADRB1,153,657,phase2_3_registry_match,exact_or_named_subtype,NCT02598505,PHASE3,,,,1,23.05
3f052fcaf54db9bfab9a,automatic_phase2_3,cardiovascular_hypertensive,94,Heart Failure,D006333,82,metoprolol,DB00264,ADRB1,153,176,phase2_3_registry_match,exact_or_named_subtype,NCT01434134,PHASE2,,,,1,25.406
f4d8874705a98efac77a,automatic_phase2_3,cardiovascular_hypertensive,94,Heart Failure,D006333,896,mirabegron,DB08893,ADRB1; ADRB3,153; 155,587;27278,phase2_3_registry_match,exact_or_named_subtype,NCT01876433;NCT02775539;NCT03926754,PHASE2;PHASE2|PHASE3,,,,3,22.369
46a44aa83ff9f6aed4f7,automatic_phase2_3,cardiovascular_hypertensive,94,Heart Failure,D006333,790,nebivolol,DB04861,ADRB1,153,548,phase2_3_registry_match,exact_or_named_subtype,NCT01648634,PHASE3,,,,1,26.81
025341e0ca9d9a9b5b47,automatic_phase2_3,cardiovascular_hypertensive,94,Heart Failure,D006333,297,testosterone,DB00624,4306,4306,44887,phase2_3_registry_match,exact_or_named_subtype,NCT00957034;NCT01469988,PHASE2,,,,2,18.223
7b6bc726eeb50159296a,automatic_phase2_3,cardiovascular_hypertensive,93,Hypertension,D006973,1134,L-Arginine,DB00125,NOS2,4843,26187,phase2_3_registry_match,exact_or_named_subtype,NCT00137124;NCT00571766;NCT00974714,PHASE2|PHASE3;PHASE3,,,,3,25.926
25d4afdf2ccaf7f36d6c,automatic_phase2_3,cardiovascular_hypertensive,93,Hypertension,D006973,316,Magnesium Sulfate,DB00653,CACNA1C; CACNA2D1,775; 781,808;39946,phase2_3_registry_match,exact_or_named_subtype,NCT04898114,PHASE1|PHASE2,,,,1,13.096
1ce618e3cac763984dfc,automatic_phase2_3,cardiovascular_hypertensive,93,Hypertension,D006973,364,Nitroglycerin,DB00727,NPR1,4881,7810,phase2_3_registry_match,exact_or_named_subtype,NCT00093886,PHASE3,,,,1,48.845
68463817643c168e3ab0,automatic_phase2_3,cardiovascular_hypertensive,93,Hypertension,D006973,598,Sibutramine,DB01105,SLC6A2,6530,38933,phase2_3_registry_match,exact_or_named_subtype,NCT00679653,PHASE3,,,,1,17.914
f809a09c218b718fa77f,automatic_phase2_3,cardiovascular_hypertensive,93,Hypertension,D006973,832,Sitaxentan,DB06268,EDNRA,1909,24972,phase2_3_registry_match,exact_or_named_subtype,NCT01204853;NCT01210443,PHASE3,,,,2,31.378
54c4b2ca6fb19b469eb8,automatic_phase2_3,cardiovascular_hypertensive,93,Hypertension,D006973,562,Thalidomide,DB01041,TNF; FGFR2,7124; 2263,14034;25590,phase2_3_registry_match,exact_or_named_subtype,NCT00787436,PHASE3,,,,1,2.972
9fcf766430d6d11ddc42,automatic_phase2_3,cardiovascular_hypertensive,93,Hypertension,D006973,539,albuterol,DB01001,ADRB1,153,388,phase2_3_registry_match,exact_or_named_subtype,NCT02108743;NCT03270332,PHASE2,,,,2,12.143
cb0bc8945e73659fdc37,automatic_phase2_3,cardiovascular_hypertensive,93,Hypertension,D006973,496,aspirin,DB00945,TP53; EDNRA,7157; 1909,4749;24966,phase2_3_registry_match,exact_or_named_subtype,NCT00059306;NCT00105209;NCT00384865,PHASE2;PHASE3,,,,3,13.678
fc682569b6fe151f5547,automatic_phase2_3,cardiovascular_hypertensive,93,Hypertension,D006973,99,atomoxetine,DB00289,SLC6A2,6530,38793,phase2_3_registry_match,exact_or_named_subtype,NCT04905979,PHASE2,,,,1,15.558
095bde91264cb148d3d7,automatic_phase2_3,cardiovascular_hypertensive,93,Hypertension,D006973,1181,benzbromarone,DB12319,ABCC1,4363,36783,phase2_3_registry_match,exact_or_named_subtype,NCT02790450,PHASE2,,,,1,50.184
08e59f1dc1be3c4c409b,automatic_phase2_3,cardiovascular_hypertensive,93,Hypertension,D006973,219,brimonidine,DB00484,ADRA2A,150,32411,phase2_3_registry_match,exact_or_named_subtype,NCT00168363,PHASE3,,,,1,19.149
6d69a1e67192a71f4cef,automatic_phase2_3,cardiovascular_hypertensive,93,Hypertension,D006973,1184,candesartan,DB13919,AGTR1,185,28541,phase2_3_registry_match,exact_or_named_subtype,NCT00150631;NCT00282178;NCT00605072;NCT00644475;NCT01984164;NCT03640312,PHASE2;PHASE3,,,,6,23.431
6d9771cfc3609a1179fd,automatic_phase2_3,cardiovascular_hypertensive,93,Hypertension,D006973,25,cholecalciferol,DB00169,VDR,7421,20720,phase2_3_registry_match,exact_or_named_subtype,NCT01166165;NCT03070483,PHASE2,,,,2,10.954
5b3e80ae6abe79d1a91e,automatic_phase2_3,cardiovascular_hypertensive,93,Hypertension,D006973,641,escitalopram,DB01175,SLC6A2,6530,38982,phase2_3_registry_match,exact_or_named_subtype,NCT00190333,PHASE3,,,,1,17.825
01c197fb7e9ff00f43f8,automatic_phase2_3,cardiovascular_hypertensive,93,Hypertension,D006973,212,fluoxetine,DB00472,HTR2B,3357,39165,phase2_3_registry_match,exact_or_named_subtype,NCT00942708;NCT03638908,PHASE2,,,,2,13.838
e6192ca61382e402adc1,automatic_phase2_3,cardiovascular_hypertensive,93,Hypertension,D006973,567,ibuprofen,DB01050,PLAT,5327,22560,phase2_3_registry_match,exact_or_named_subtype,NCT01988298,PHASE2|PHASE3,,,,1,35.403
6024cf2f0bb15616c8ae,automatic_phase2_3,cardiovascular_hypertensive,93,Hypertension,D006973,802,iloperidone,DB04946,DRD2,1813,18848,phase2_3_registry_match,exact_or_named_subtype,NCT07090161,PHASE2,,,,1,7.266
82327cd4b249ade222a1,automatic_phase2_3,cardiovascular_hypertensive,93,Hypertension,D006973,293,imatinib,DB00619,RET,5979,9268,phase2_3_registry_match,exact_or_named_subtype,NCT01117987;NCT01392469;NCT01392495,PHASE3,,,,3,22.295
9dbf344cbaf136b08189,automatic_phase2_3,cardiovascular_hypertensive,93,Hypertension,D006973,909,macitentan,DB08932,EDNRA,1909,24978,phase2_3_registry_match,exact_or_named_subtype,NCT00667823;NCT01841762;NCT01847014;NCT02021292;NCT02060721;NCT02070991;NCT02081690;NCT02112487;NCT02558231;NCT02651272;NCT02932410;NCT03422328;NCT04271475;NCT05167825;NCT05179876,PHASE2;PHASE3,,,,15,38.58
49c6b4cac7e4b1e10156,automatic_phase2_3,cardiovascular_hypertensive,93,Hypertension,D006973,576,melatonin,DB01065,HTR2B,3357,39197,phase2_3_registry_match,exact_or_named_subtype,NCT00238108;NCT01114360;NCT01114373;NCT05257291;NCT06685679,PHASE2;PHASE3,,,,5,13.231
e62280e6b9239152a838,automatic_phase2_3,cardiovascular_hypertensive,93,Hypertension,D006973,66,milrinone,DB00235,PDE3A,5139,40160,phase2_3_registry_match,exact_or_named_subtype,NCT00819377;NCT02595541;NCT02951130,PHASE1|PHASE2;PHASE2,,,,3,23.998
40f986608503b2777a9c,automatic_phase2_3,cardiovascular_hypertensive,93,Hypertension,D006973,547,minocycline,DB01017,MMP9; IL1B,4318; 3553,19792;34478,phase2_3_registry_match,exact_or_named_subtype,NCT02213575;NCT04478500,PHASE2;PHASE3,,,,2,20.47
1ad6e0085a72658108ed,automatic_phase2_3,cardiovascular_hypertensive,93,Hypertension,D006973,896,mirabegron,DB08893,ADRB1,153,586,phase2_3_registry_match,exact_or_named_subtype,NCT02775539,PHASE2,,,,1,14.143
dc5af5355e86bdc5132b,automatic_phase2_3,cardiovascular_hypertensive,93,Hypertension,D006973,145,norepinephrine,DB00368,ADRB1; ADRA2A,153; 150,212;32367,phase2_3_registry_match,exact_or_named_subtype,NCT07614438,PHASE2,,,,1,9.194
a3008fe7f288088288f8,automatic_phase2_3,cardiovascular_hypertensive,93,Hypertension,D006973,386,potassium chloride,DB00761,SLC12A2,6558,17151,phase2_3_registry_match,exact_or_named_subtype,NCT00241839;NCT01074918;NCT02450773;NCT07238400,PHASE1|PHASE2;PHASE2;PHASE3,,,,4,28.721
a4cb74de1a3b6ec23b09,automatic_phase2_3,cardiovascular_hypertensive,93,Hypertension,D006973,448,prednisolone,DB00860,NR3C1; 4306; SERPINA6,2908; 4306; 866,3001;40842;44931,phase2_3_registry_match,exact_or_named_subtype,NCT04005079,PHASE3,,,,1,2.955
27267dcd6fc2c5be465b,automatic_phase2_3,cardiovascular_hypertensive,93,Hypertension,D006973,163,progesterone,DB00396,NR3C1; 4306; CYP17A1,2908; 4306; 1586,2779;41182;44841,phase2_3_registry_match,exact_or_named_subtype,NCT00000466,PHASE3,,,,1,6.265
6be32576930ac6a37bed,automatic_phase2_3,cardiovascular_hypertensive,93,Hypertension,D006973,462,sirolimus,DB00877,MTOR,2475,6249,phase2_3_registry_match,exact_or_named_subtype,NCT01709136,PHASE2|PHASE3,,,,1,35.756
2146066970068a12f892,automatic_phase2_3,cardiovascular_hypertensive,93,Hypertension,D006973,165,sorafenib,DB00398,RET,5979,9245,phase2_3_registry_match,exact_or_named_subtype,NCT01714609,PHASE2,,,,1,22.964
4ef58a916bfbc41686dd,automatic_phase2_3,cardiovascular_hypertensive,90,Myocardial Infarction,D009203,1001,bivalirudin,DB00006,F2,2147,22464,phase2_3_registry_match,exact_or_named_subtype,NCT00433966;NCT02565147;NCT02897037,PHASE3,,,,3,31.206
d0fcf14d5ef0982df18d,automatic_phase2_3,cardiovascular_hypertensive,90,Myocardial Infarction,D009203,576,melatonin,DB01065,ESR1,2099,1718,phase2_3_registry_match,exact_or_named_subtype,NCT00640094,PHASE2,,,,1,21.254
452f01235482f5e60c52,automatic_phase2_3,cardiovascular_hypertensive,90,Myocardial Infarction,D009203,180,spironolactone,DB00421,4306,4306,44856,phase2_3_registry_match,exact_or_named_subtype,NCT01059136;NCT03048825,PHASE3,,,,2,27.27
743034e9b41254a340e0,automatic_phase2_3,cardiovascular_hypertensive,90,Myocardial Infarction,D009203,297,testosterone,DB00624,ESR1; 4306,2099; 4306,1488;44885,phase2_3_registry_match,exact_or_named_subtype,NCT02803073,PHASE2|PHASE3,,,,1,22.795
772d9c320d7d21e1604e,automatic_phase2_3,cardiovascular_hypertensive,90,Myocardial Infarction,D009203,49,ticlopidine,DB00208,64805,64805,44355,phase2_3_registry_match,exact_or_named_subtype,NCT00821834,PHASE3,,,,1,57.132
e881e9dface1cf523164,automatic_phase2_3,cardiovascular_hypertensive,17,Ventricular Fibrillation,D014693,1088,procainamide,DB01035,SCN5A; KCNH2,6331; 3757,17531;32205,phase2_3_registry_match,exact_or_named_subtype,NCT00000464;NCT00000518,PHASE3,,,,2,38.329
e7ebb1eb4b1fb48a5af5,automatic_phase2_3,cardiovascular_hypertensive,17,Ventricular Fibrillation,D014693,646,propafenone,DB01182,SCN5A; KCNH2,6331; 3757,17461;32088,phase2_3_registry_match,exact_or_named_subtype,NCT00000464,PHASE3,,,,1,47.066
a807841b839707baa6e5,automatic_phase2_3,cardiovascular_hypertensive,17,Ventricular Fibrillation,D014693,477,quinidine,DB00908,SCN5A,6331,32057,phase2_3_registry_match,exact_or_named_subtype,NCT00000464;NCT00000518;NCT05593757,PHASE2;PHASE3,,,,3,44.736
cc8409c9813a3eb3a81f,automatic_phase2_3,cardiovascular_hypertensive,17,Ventricular Fibrillation,D014693,322,verapamil,DB00661,SCN5A,6331,31979,phase2_3_registry_match,exact_or_named_subtype,NCT05593757,PHASE2,,,,1,38.198
14896a81570728205e9b,automatic_phase2_3,gynecologic_reproductive,1,Endometriosis,D004715,1057,letrozole,DB01006,CYP19A1,1588,43453,phase2_3_registry_match,exact_or_named_subtype,NCT00240942;NCT04002141;NCT07183787,PHASE2,,,,3,32.056
3f7a2c57b4f7be1ab79a,automatic_phase2_3,gynecologic_reproductive,1,Endometriosis,D004715,144,levonorgestrel,DB00367,PGR,5241,7058,phase2_3_registry_match,exact_or_named_subtype,NCT02203331;NCT02599077,PHASE2;PHASE2|PHASE3,,,,2,31.16
5c8d84612d349bd82f31,automatic_phase2_3,gynecologic_reproductive,1,Endometriosis,D004715,430,mifepristone,DB00834,NR3C1; PGR,2908; 5241,2956;7100,phase2_3_registry_match,exact_or_named_subtype,NCT02271958,PHASE2|PHASE3,,,,1,15.26
032e4d4fcc7222cc0076,automatic_phase2_3,gynecologic_reproductive,1,Endometriosis,D004715,617,pioglitazone,DB01132,MAOB,4129,41033,phase2_3_registry_match,exact_or_named_subtype,NCT01184144,PHASE2|PHASE3,,,,1,34.957
9b49bd5839e800c86318,automatic_phase2_3,gynecologic_reproductive,1,Endometriosis,D004715,217,raloxifene,DB00481,ESR2,2100,6293,phase2_3_registry_match,exact_or_named_subtype,NCT00001848,PHASE2,,,,1,33.214
333586821b633fe44af0,automatic_phase2_3,neurological_seizure,115,Epilepsy,D004827,337,Midazolam,DB00683,GABRB3; GABRD,2562; 2563,8321;24721,phase2_3_registry_match,exact_or_named_subtype,NCT02325583;NCT07095842,PHASE2|PHASE3;PHASE3,,,,2,18.25
19bc8662791536f5116d,automatic_phase2_3,neurological_seizure,115,Epilepsy,D004827,760,Nitrazepam,DB01595,GABRB3; GABRD; SCN1A,2562; 2563; 6323,8413;24827;31777,phase2_3_registry_match,exact_or_named_subtype,NCT00004758,PHASE2,,,,1,18.624
f004944a41a15ac15aa2,automatic_phase2_3,neurological_seizure,115,Epilepsy,D004827,418,biperiden,DB00810,CHRM1; CHRM2; CHRNA2,1128; 1129; 1135,35698;41565;46489,phase2_3_registry_match,exact_or_named_subtype,NCT04945213,PHASE3,,,,1,11.976
75897ecdbe774a065d7b,automatic_phase2_3,neurological_seizure,115,Epilepsy,D004827,215,chlorpromazine,DB00477,CHRM1,1128,41500,phase2_3_registry_match,exact_or_named_subtype,NCT05431595,PHASE2|PHASE3,,,,1,8.424
4a002bc790b9de2b2eab,automatic_phase2_3,neurological_seizure,115,Epilepsy,D004827,427,diazepam,DB00829,GABRD; GABRB3,2563; 2562,8351;24757,phase2_3_registry_match,exact_or_named_subtype,NCT00004297;NCT01417078;NCT02904265;NCT05361447,PHASE1|PHASE2;PHASE2;PHASE2|PHASE3;PHASE3,,,,4,14.956
0d3b6a38a830e383eba9,automatic_phase2_3,neurological_seizure,115,Epilepsy,D004827,212,fluoxetine,DB00472,CHRNA2,1135,46475,phase2_3_registry_match,exact_or_named_subtype,NCT02929667,PHASE2,,,,1,38.394
603cfaaaa9c0c6157b2e,automatic_phase2_3,neurological_seizure,115,Epilepsy,D004827,229,haloperidol,DB00502,GRIN2B,2904,20857,phase2_3_registry_match,exact_or_named_subtype,NCT05431595,PHASE2|PHASE3,,,,1,27.852
0fade3cb0882464a8347,automatic_phase2_3,neurological_seizure,115,Epilepsy,D004827,647,naloxone,DB01183,OPRD1,4985,4090,phase2_3_registry_match,exact_or_named_subtype,NCT02332447,PHASE3,,,,1,23.405
0a893b8a6984b3bd9669,automatic_phase2_3,neurological_seizure,112,Seizures,D012640,337,Midazolam,DB00683,GABRA1; GABRB3; 2566; GABRA5; GABRD,2554; 2562; 2566; 2558; 2563,8320;24720;33773;42999;45223,phase2_3_registry_match,broader_narrower_seizure_spectrum,NCT00326612;NCT04926844;NCT05779657;NCT07095842,PHASE2;PHASE2|PHASE3,,,,4,10.79
f0041db366ffca092fe0,automatic_phase2_3,neurological_seizure,112,Seizures,D012640,760,Nitrazepam,DB01595,GABRA1; 2566; GABRB3; GABRD; GABRA5; SCN1A,2554; 2566; 2562; 2563; 2558; 6323,8412;24826;31775;33982;43072;45321,phase2_3_registry_match,broader_narrower_seizure_spectrum,NCT00004758,PHASE2,,,,1,10.673
075d6d644d867f1d0455,automatic_phase2_3,neurological_seizure,112,Seizures,D012640,496,aspirin,DB00945,PTGS2,5743,11693,phase2_3_registry_match,broader_narrower_seizure_spectrum,NCT03356769,PHASE2,,,,1,2.559
ed288a3e14114c3fb22f,automatic_phase2_3,neurological_seizure,112,Seizures,D012640,468,bumetanide,DB00887,SLC12A1,6557,43757,phase2_3_registry_match,broader_narrower_seizure_spectrum,NCT01434225,PHASE1|PHASE2,,,,1,38.837
e58b4770c40930e022f4,automatic_phase2_3,neurological_seizure,112,Seizures,D012640,212,fluoxetine,DB00472,CHRNA2,1135,46474,phase2_3_registry_match,broader_narrower_seizure_spectrum,NCT02929667,PHASE2,,,,1,38.024
947c06f6ee5ce876818e,automatic_phase2_3,neurological_seizure,112,Seizures,D012640,567,ibuprofen,DB01050,PTGS2,5743,12058,phase2_3_registry_match,broader_narrower_seizure_spectrum,NCT03399318,PHASE2,,,,1,2.955
e46969b56a50d4d74d2e,automatic_phase2_3,neurological_seizure,112,Seizures,D012640,647,naloxone,DB01183,OPRM1,4988,28932,phase2_3_registry_match,broader_narrower_seizure_spectrum,NCT02332447,PHASE3,,,,1,18.099
f3433878f9d5a1316061,automatic_phase2_3,neurological_seizure,112,Seizures,D012640,1091,propofol,DB00818,GABRA1; 2566; GABRB3; GABRA5; GABRD; SCN2A,2554; 2566; 2562; 2558; 2563; 6326,8483;24914;34109;43117;45392;45844,phase2_3_registry_match,broader_narrower_seizure_spectrum,NCT00265616,PHASE3,,,,1,10.339
d25ee58e2404f8480638,automatic_phase2_3,neurological_seizure,112,Seizures,D012640,86,topiramate,DB00273,GABRA1; 2566; GABRB3; GABRD; GABRA5; SCN1A; SCN10A; SCN2A; SCN8A,2554; 2566; 2562; 2563; 2558; 6323; 6336; 6326; 6334,8231;24606;31665;33573;36254;42935;45115;45427;45754,phase2_3_registry_match,broader_narrower_seizure_spectrum,NCT00113815;NCT00210574;NCT00230698;NCT00231556;NCT00236418;NCT00236691;NCT00236704;NCT00236730;NCT00236743;NCT00236756;NCT00236847;NCT00236860;NCT00236873;NCT00236886;NCT00266591;NCT00563459,PHASE2;PHASE3,,,,16,6.949
0ae39bd475701b526e58,automatic_phase2_3,neurological_seizure,113,Status Epilepticus,D013226,640,Phenobarbital,DB01174,GABRA1; GRIA2,2554; 2891,25057;33908,phase2_3_registry_match,exact_or_named_subtype,NCT02726867;NCT03025906;NCT03650270,PHASE2;PHASE3,,,,3,19.508
fbd0c9bef9f2623734d2,automatic_phase2_3,neurological_seizure,113,Status Epilepticus,D013226,109,Valproic Acid,DB00313,SCN2A; SCN1A; SCN8A; ALDH5A1,6326; 6323; 6334; 7915,31685;36272;39838;45768,phase2_3_registry_match,exact_or_named_subtype,NCT01960075,PHASE3,,,,1,28.882
c639d444189805d423ca,automatic_phase2_3,neurological_seizure,113,Status Epilepticus,D013226,578,clonazepam,DB01068,GABRA1,2554,33883,phase2_3_registry_match,exact_or_named_subtype,NCT01870024,PHASE3,,,,1,22.856
7f484d20548b81164901,automatic_phase2_3,neurological_seizure,113,Status Epilepticus,D013226,1056,lacosamide,DB06218,SCN1A; SCN2A; SCN8A,6323; 6326; 6334,31825;36374;45838,phase2_3_registry_match,exact_or_named_subtype,NCT02726867,PHASE3,,,,1,39.213
ff1ae5f29774337be85c,automatic_phase2_3,neurological_seizure,113,Status Epilepticus,D013226,661,levetiracetam,DB01202,SCN1A,6323,31756,phase2_3_registry_match,exact_or_named_subtype,NCT01960075;NCT02726867;NCT04926844;NCT07046611,PHASE2;PHASE2|PHASE3;PHASE3,,,,4,36.27
7a6e7019c40e91cdae51,automatic_phase2_3,neurological_seizure,113,Status Epilepticus,D013226,1168,perampanel,DB08883,GRIA2,2891,25076,phase2_3_registry_match,exact_or_named_subtype,NCT06401707,PHASE2,,,,1,52.041
58055359cb6258148006,automatic_phase2_3,prostate_oncology,2,Prostatic Neoplasms,D011471,249,5-fluorouracil,DB00544,TYMS,7298,36882,phase2_3_registry_match,exact_or_named_subtype,NCT05489211,PHASE2,,,,1,12.673
ba804aaa049661fd8a2e,automatic_phase2_3,prostate_oncology,2,Prostatic Neoplasms,D011471,1097,Rofecoxib,DB00533,PTGS2,5743,12842,phase2_3_registry_match,exact_or_named_subtype,NCT00060476,PHASE3,,,,1,5.128
715aab84fbe786edc684,automatic_phase2_3,prostate_oncology,2,Prostatic Neoplasms,D011471,1098,Rosiglitazone,DB00412,PPARA,5465,4251,phase2_3_registry_match,exact_or_named_subtype,NCT00182052,PHASE3,,,,1,19.859
da24b79797d43c86c5fb,automatic_phase2_3,prostate_oncology,2,Prostatic Neoplasms,D011471,562,Thalidomide,DB01041,PTGS2,5743,11985,phase2_3_registry_match,exact_or_named_subtype,NCT00001446;NCT00004635;NCT00020046;NCT00038181;NCT00038246;NCT00046826;NCT00083005;NCT00089609;NCT00307294;NCT00400517;NCT00450008,PHASE1|PHASE2;PHASE2;PHASE3,,,,11,3.027
5835d4ae9448405d70e9,automatic_phase2_3,prostate_oncology,2,Prostatic Neoplasms,D011471,496,aspirin,DB00945,PTGS2; TP53,5743; 7157,4741;11681,phase2_3_registry_match,exact_or_named_subtype,NCT02420652,PHASE2,,,,1,2.067
460eaf2ffecfc77d2f4c,automatic_phase2_3,prostate_oncology,2,Prostatic Neoplasms,D011471,582,atorvastatin,DB01076,AHR,196,20214,phase2_3_registry_match,exact_or_named_subtype,NCT01821404;NCT02497638;NCT03819101;NCT03830164;NCT05404139;NCT05796973,PHASE2;PHASE3,,,,6,32.969
a5f475dc14f804452aee,automatic_phase2_3,prostate_oncology,2,Prostatic Neoplasms,D011471,13,calcitriol,DB00136,VDR,7421,20677,phase2_3_registry_match,exact_or_named_subtype,NCT00043576;NCT00273338;NCT00383487,PHASE2;PHASE2|PHASE3;PHASE3,,,,3,18.805
1f14884e650e01471a43,automatic_phase2_3,prostate_oncology,2,Prostatic Neoplasms,D011471,596,capecitabine,DB01101,TYMS,7298,36924,phase2_3_registry_match,exact_or_named_subtype,NCT00006023;NCT00124566;NCT00151047;NCT00258284;NCT05489211,PHASE2,,,,5,19.086
a5e2c0865662a9986a6a,automatic_phase2_3,prostate_oncology,2,Prostatic Neoplasms,D011471,619,carvedilol,DB01136,ADRB2; VEGFA,154; 7422,22176;26666,phase2_3_registry_match,exact_or_named_subtype,NCT02944201,PHASE2,,,,1,3.57
8be019991bb4637af5aa,automatic_phase2_3,prostate_oncology,2,Prostatic Neoplasms,D011471,218,celecoxib,DB00482,PTGS2,5743,10769,phase2_3_registry_match,exact_or_named_subtype,NCT00022399;NCT00073970;NCT00080782;NCT00136487;NCT00215345;NCT00218205;NCT00268476;NCT01220973;NCT02840162,PHASE2;PHASE2|PHASE3,,,,9,5.366
e5c5e7c6a8d80da284e2,automatic_phase2_3,prostate_oncology,2,Prostatic Neoplasms,D011471,25,cholecalciferol,DB00169,VDR,7421,20715,phase2_3_registry_match,exact_or_named_subtype,NCT01325311;NCT02726113;NCT04621500,PHASE2,,,,3,13.991
eb6b9c7bbcc3bc09dfcc,automatic_phase2_3,prostate_oncology,2,Prostatic Neoplasms,D011471,243,ciprofloxacin,DB00537,TOP2A,7153,22322,phase2_3_registry_match,exact_or_named_subtype,NCT02252978;NCT03862170,PHASE2;PHASE3,,,,2,12.616
52ad7a74f576bab1400e,automatic_phase2_3,prostate_oncology,2,Prostatic Neoplasms,D011471,241,cyclophosphamide,DB00531,CYP3A4; CYP2C19; CYP2A6,1576; 1557; 1548,33156;34684;40197,phase2_3_registry_match,exact_or_named_subtype,NCT00005960;NCT00176605;NCT00753220;NCT01093183;NCT01420965;NCT01496131;NCT01696877;NCT03514836;NCT06236139,PHASE1|PHASE2;PHASE2,,,,9,8.602
438a41a01bad3de4973f,automatic_phase2_3,prostate_oncology,2,Prostatic Neoplasms,D011471,905,dabrafenib,DB08912,BRAF,673,9611,phase2_3_registry_match,exact_or_named_subtype,NCT02465060,PHASE2,,,,1,23.918
2902a3fe8bfd8d3ae1bd,automatic_phase2_3,prostate_oncology,2,Prostatic Neoplasms,D011471,684,dexamethasone,DB01234,NR3C1,2908,3124,phase2_3_registry_match,exact_or_named_subtype,NCT00006002;NCT00024167;NCT00054522;NCT00060398;NCT00084864;NCT00176293;NCT00288080;NCT00316927;NCT00427999;NCT00473512;NCT00524589;NCT01036594;NCT01188187;NCT01250717;NCT02047253;NCT02649790;NCT02709889;NCT03834506;NCT04907227;NCT06136624;NCT06136650;NCT06353386;NCT06616597,PHASE1|PHASE2;PHASE2;PHASE3,,,,23,1.608
d808d98f90f9afc64f43,automatic_phase2_3,prostate_oncology,2,Prostatic Neoplasms,D011471,536,doxorubicin,DB00997,TOP2A,7153,22361,phase2_3_registry_match,exact_or_named_subtype,NCT00176293;NCT02494713;NCT02560051,PHASE2,,,,3,9.121
f4d61d7ea6d98d3650a6,automatic_phase2_3,prostate_oncology,2,Prostatic Neoplasms,D011471,196,epirubicin,DB00445,TOP2A,7153,22309,phase2_3_registry_match,exact_or_named_subtype,NCT00218205,PHASE2,,,,1,16.051
2b4bf9f3ebcafe9c3114,automatic_phase2_3,prostate_oncology,2,Prostatic Neoplasms,D011471,1036,exemestane,DB00990,CYP19A1,1588,43434,phase2_3_registry_match,exact_or_named_subtype,NCT00031889;NCT06630325,PHASE2,,,,2,26.671
afcf3e97407b8cb02119,automatic_phase2_3,prostate_oncology,2,Prostatic Neoplasms,D011471,1045,fulvestrant,DB00947,ESR1,2099,2187,phase2_3_registry_match,exact_or_named_subtype,NCT00217464;NCT00244998;NCT00476645;NCT04606446;NCT07288359;NCT07570966,PHASE1|PHASE2;PHASE2,,,,6,8.044
831e9b9346a027abf9ca,automatic_phase2_3,prostate_oncology,2,Prostatic Neoplasms,D011471,193,gemcitabine,DB00441,TYMS,7298,36867,phase2_3_registry_match,exact_or_named_subtype,NCT00115635;NCT02538432;NCT06630325,PHASE1|PHASE2;PHASE2,,,,3,16.176
178bf46fc06f5f42913f,automatic_phase2_3,prostate_oncology,2,Prostatic Neoplasms,D011471,372,hydrocortisone,DB00741,NR3C1,2908,2929,phase2_3_registry_match,exact_or_named_subtype,NCT00181597;NCT00859781;NCT00895310;NCT00953576;NCT01036594;NCT06136624;NCT06136650,PHASE1|PHASE2;PHASE2;PHASE3,,,,7,1.627
90db5324162ae855c937,automatic_phase2_3,prostate_oncology,2,Prostatic Neoplasms,D011471,567,ibuprofen,DB01050,PTGS2; PPARA; BCL2,5743; 5465; 596,3448;4190;12045,phase2_3_registry_match,exact_or_named_subtype,NCT03493945,PHASE1|PHASE2,,,,1,2.307
678d2edc19003e7141a0,automatic_phase2_3,prostate_oncology,2,Prostatic Neoplasms,D011471,121,indomethacin,DB00328,PTGS2; PPARA,5743; 5465,4149;10524,phase2_3_registry_match,exact_or_named_subtype,NCT02849990;NCT02935205,PHASE1|PHASE2;PHASE2,,,,2,4.244
3bf355fd3cb7a51db237,automatic_phase2_3,prostate_oncology,2,Prostatic Neoplasms,D011471,554,ketoconazole,DB01026,CYP19A1,1588,43393,phase2_3_registry_match,exact_or_named_subtype,NCT00002760;NCT00002855;NCT00003084;NCT00006371;NCT00014352;NCT00019695;NCT00024167;NCT00027859;NCT00030654;NCT00309894;NCT00447473;NCT00460031;NCT00536991;NCT00586898;NCT00859781;NCT00895310;NCT00953576;NCT01036594;NCT02494713;NCT02560051,PHASE1|PHASE2;PHASE2;PHASE3,,,,20,23.626
9cec6838d2913d6b991b,automatic_phase2_3,prostate_oncology,2,Prostatic Neoplasms,D011471,593,leflunomide,DB01097,AHR,196,20229,phase2_3_registry_match,exact_or_named_subtype,NCT00004071,PHASE2|PHASE3,,,,1,51.625
b0eda47e645fabe2fd0a,automatic_phase2_3,prostate_oncology,2,Prostatic Neoplasms,D011471,216,lenalidomide,DB00480,PTGS2,5743,10707,phase2_3_registry_match,exact_or_named_subtype,NCT00460031;NCT00939510;NCT00942578;NCT00988208;NCT01093183,PHASE1|PHASE2;PHASE2;PHASE3,,,,5,3.98
c210636eac5876d55e07,automatic_phase2_3,prostate_oncology,2,Prostatic Neoplasms,D011471,1057,letrozole,DB01006,CYP19A1,1588,43454,phase2_3_registry_match,exact_or_named_subtype,NCT04606446;NCT06630325;NCT07288359;NCT07570966,PHASE1|PHASE2;PHASE2,,,,4,18.011
01604954dcf078d34dca,automatic_phase2_3,prostate_oncology,2,Prostatic Neoplasms,D011471,421,meloxicam,DB00814,PTGS2,5743,11438,phase2_3_registry_match,exact_or_named_subtype,NCT00152919,PHASE3,,,,1,5.238
8588c31cdcf498afdd65,automatic_phase2_3,prostate_oncology,2,Prostatic Neoplasms,D011471,505,methylprednisolone,DB00959,NR3C1,2908,3041,phase2_3_registry_match,exact_or_named_subtype,NCT00003682;NCT02887976,PHASE3,,,,2,2.285
ffde851c7916ad910e03,automatic_phase2_3,prostate_oncology,2,Prostatic Neoplasms,D011471,480,metronidazole,DB00916,CYP3A4,1576,34703,phase2_3_registry_match,exact_or_named_subtype,NCT06616597,PHASE2,,,,1,13.638
3b6087fcbccbc0eff95f,automatic_phase2_3,prostate_oncology,2,Prostatic Neoplasms,D011471,430,mifepristone,DB00834,NR3C1,2908,2957,phase2_3_registry_match,exact_or_named_subtype,NCT00140478;NCT02012296,PHASE1|PHASE2;PHASE2,,,,2,6.923
9cdf4a3dd16e076c4c62,automatic_phase2_3,prostate_oncology,2,Prostatic Neoplasms,D011471,547,minocycline,DB01017,MMP9; VEGFA,4318; 7422,19784;22101,phase2_3_registry_match,exact_or_named_subtype,NCT02928692,PHASE3,,,,1,21.325
4579c6cbabc0d20bc207,automatic_phase2_3,prostate_oncology,2,Prostatic Neoplasms,D011471,896,mirabegron,DB08893,ADRB2,154,26910,phase2_3_registry_match,exact_or_named_subtype,NCT03600766,PHASE2,,,,1,4.157
bde35db545f28225819b,automatic_phase2_3,prostate_oncology,2,Prostatic Neoplasms,D011471,403,naproxen,DB00788,PTGS2,5743,11317,phase2_3_registry_match,exact_or_named_subtype,NCT03493945,PHASE1|PHASE2,,,,1,4.01
d3af6082fcc8d6ecad81,automatic_phase2_3,prostate_oncology,2,Prostatic Neoplasms,D011471,680,paclitaxel,DB01229,BCL2,596,3474,phase2_3_registry_match,exact_or_named_subtype,NCT00003084;NCT00003394;NCT00003614;NCT00003622;NCT00003717;NCT00004054;NCT00005028;NCT00005847;NCT00016913;NCT00028769;NCT00030654;NCT00049257;NCT00084565;NCT00151060;NCT00193193;NCT01558492;NCT04644068;NCT05652686,PHASE1|PHASE2;PHASE2;PHASE3,,,,18,17.813
3b77dc97e522f8344982,automatic_phase2_3,prostate_oncology,2,Prostatic Neoplasms,D011471,1081,paricalcitol,DB00910,VDR,7421,20808,phase2_3_registry_match,exact_or_named_subtype,NCT00634582,PHASE2,,,,1,25.557
349e01fc6fc0fab7cde9,automatic_phase2_3,prostate_oncology,2,Prostatic Neoplasms,D011471,617,pioglitazone,DB01132,PPARA,5465,4201,phase2_3_registry_match,exact_or_named_subtype,NCT00427999,PHASE2,,,,1,22.022
ae7e262357ee7ac6217f,automatic_phase2_3,prostate_oncology,2,Prostatic Neoplasms,D011471,448,prednisolone,DB00860,NR3C1,2908,2999,phase2_3_registry_match,exact_or_named_subtype,NCT00268476;NCT00498797;NCT00554918;NCT01485861;NCT01685983;NCT01756638;NCT01795703;NCT02288247;NCT03834519;NCT04736108;NCT07005154;NCT07553988,PHASE1|PHASE2;PHASE2;PHASE2|PHASE3;PHASE3,,,,12,2.166
9728d7920ee49b4bf215,automatic_phase2_3,prostate_oncology,2,Prostatic Neoplasms,D011471,303,prednisone,DB00635,NR3C1,2908,2887,phase2_3_registry_match,exact_or_named_subtype,NCT00003232;NCT00003343;NCT00004001;NCT00004071;NCT00004124;NCT00024167;NCT00058084;NCT00069745;NCT00087165;NCT00089609;NCT00110214;NCT00124566;NCT00132301;NCT00134056;NCT00137436;NCT00182741;NCT00255606;NCT00258388;NCT00268593;NCT00288080;NCT00293371;NCT00313482;NCT00313781;NCT00331344;NCT00348816;NCT00385827;NCT00411528;NCT00416533;NCT00417079;NCT00436839;NCT00436956;NCT00452387;NCT00459186;NCT00466440;NCT00485303;NCT00503984;NCT00514267;NCT00527124;NCT00537381;NCT00541281;NCT00544440;NCT00598858;NCT00627354;NCT00634647;NCT00642018;NCT00676650;NCT00683475;NCT00744497;NCT00770848;NCT00811031;NCT00879619;NCT00887198;NCT00924469;NCT00942578;NCT00988208;NCT00996502;NCT01023061;NCT01051570;NCT01083615;NCT01084655;NCT01088529;NCT01120470;NCT01145508;NCT01188187;NCT01193244;NCT01193257;NCT01204710;NCT01234025;NCT01254864;NCT01308567;NCT01309672;NCT01393730;NCT01424930;NCT01468532;NCT01469338;NCT01478308;NCT01485861;NCT01503229;NCT01517802;NCT01522443;NCT01553188;NCT01576172;NCT01578655;NCT01605227;NCT01637402;NCT01650194;NCT01666314;NCT01681433;NCT01683994;NCT01685125;NCT01685268;NCT01695135;NCT01715285;NCT01717053;NCT01717898;NCT01718353;NCT01750866;NCT01786265;NCT01848067;NCT01940276;NCT01946165;NCT01949337;NCT01994590;NCT01995058;NCT02034552;NCT02159690;NCT02217566;NCT02257736;NCT02268175;NCT02344017;NCT02379390;NCT02453009;NCT02494921;NCT02522715;NCT02685267;NCT02703623;NCT02758132;NCT02789878;NCT02807805;NCT02844582;NCT02849990;NCT02867020;NCT02903160;NCT02903368;NCT02949284;NCT02960022;NCT02961257;NCT02985957;NCT03007732;NCT03009981;NCT03012321;NCT03093272;NCT03098836;NCT03141671;NCT03279250;NCT03338790;NCT03356912;NCT03360721;NCT03414034;NCT03419234;NCT03436654;NCT03480646;NCT03565835;NCT03649841;NCT03678025;NCT03706365;NCT03748641;NCT03761225;NCT03777982;NCT03821792;NCT03827473;NCT03833921;NCT03834506;NCT03834519;NCT03860987;NCT03934840;NCT04056754;NCT04100018;NCT04175431;NCT04262154;NCT04267887;NCT04356430;NCT04446117;NCT04497844;NCT04556617;NCT04633252;NCT04734730;NCT04748042;NCT04887506;NCT04907227;NCT04947254;NCT05223582;NCT05689021;NCT05848011;NCT06136624;NCT06173362;NCT06329830;NCT06353386;NCT06378866;NCT06384222;NCT06392841;NCT06470243;NCT06500247;NCT06527690;NCT06650579;NCT06925737;NCT07005154;NCT07237269;NCT07620574;NCT07650240,PHASE1|PHASE2;PHASE2;PHASE2|PHASE3;PHASE3,,,,190,1.8
dd26824c5461de6d2fdc,automatic_phase2_3,prostate_oncology,2,Prostatic Neoplasms,D011471,891,ruxolitinib,DB08877,JAK2,3717,3318,phase2_3_registry_match,exact_or_named_subtype,NCT00638378;NCT06616155,PHASE1|PHASE2;PHASE2,,,,2,34.239
858b0dc05495d22942ce,automatic_phase2_3,prostate_oncology,2,Prostatic Neoplasms,D011471,165,sorafenib,DB00398,BRAF,673,9524,phase2_3_registry_match,exact_or_named_subtype,NCT00414388;NCT00452387;NCT00694291,PHASE1|PHASE2;PHASE2,,,,3,21.796
62403a723eb0e2beabb6,automatic_phase2_3,prostate_oncology,2,Prostatic Neoplasms,D011471,333,tamoxifen,DB00675,ESR1; SHBG,2099; 6462,1557;36717,phase2_3_registry_match,exact_or_named_subtype,NCT00233610;NCT00637871;NCT06630325;NCT07535905,PHASE2;PHASE3,,,,4,4.831
1e92f0df565d62817721,automatic_phase2_3,prostate_oncology,2,Prostatic Neoplasms,D011471,297,testosterone,DB00624,ESR1,2099,1480,phase2_3_registry_match,exact_or_named_subtype,NCT00577980,PHASE2,,,,1,4.863
fc24a2eb72d9a4ba89d8,automatic_phase2_3,prostate_oncology,2,Prostatic Neoplasms,D011471,975,testosterone cypionate,DB13943,ESR1,2099,2055,phase2_3_registry_match,exact_or_named_subtype,NCT01750398;NCT02090114;NCT02286921;NCT03516812;NCT03554317;NCT04363164;NCT04424654;NCT04558866;NCT06039371;NCT06059118;NCT06100705;NCT06922318;NCT07142551,PHASE2,,,,13,5.459
8a5f83fdef285cc5742c,automatic_phase2_3,prostate_oncology,2,Prostatic Neoplasms,D011471,601,trilostane,DB01108,ESR1,2099,1736,phase2_3_registry_match,exact_or_named_subtype,NCT00181597,PHASE2,,,,1,6.884
6a1cf448936895d73dc9,automatic_phase2_3,psychiatric_mood,191,Bipolar Disorder,D001714,15,Glycine,DB00145,2903,2903,44145,phase2_3_registry_match,exact_or_named_subtype,NCT01720316,PHASE2,,,,1,31.599
fe160cd1519b16ebf95c,automatic_phase2_3,psychiatric_mood,191,Bipolar Disorder,D001714,701,Lisdexamfetamine,DB01255,SLC6A3,6531,24271,phase2_3_registry_match,exact_or_named_subtype,NCT01093963;NCT01131559,PHASE3,,,,2,15.701
03247f376df5f8ae52f5,automatic_phase2_3,psychiatric_mood,191,Bipolar Disorder,D001714,337,Midazolam,DB00683,GABRA1; GABRA3; GABRB1; GABRA5; GABRB3; 2561,2554; 2556; 2560; 2558; 2562; 2561,24724;33775;37844;38301;43001;45607,phase2_3_registry_match,exact_or_named_subtype,NCT01944293;NCT02351869;NCT04939649;NCT05625555,PHASE1|PHASE2;PHASE2;PHASE3,,,,4,6.442
c4e20d40be51d821b91c,automatic_phase2_3,psychiatric_mood,191,Bipolar Disorder,D001714,109,Valproic Acid,DB00313,PPARD,5467,15597,phase2_3_registry_match,exact_or_named_subtype,NCT01674010;NCT02456454,PHASE2;PHASE3,,,,2,29.295
2c142db92d51c134164e,automatic_phase2_3,psychiatric_mood,191,Bipolar Disorder,D001714,321,acamprosate,DB00659,GABRA1; GABRA3; GABRB1; GABRB3; GABRG1; GRIN3A,2554; 2556; 2560; 2562; 2565; 116443,24715;31272;33764;37836;38296;46642,phase2_3_registry_match,exact_or_named_subtype,NCT00330486,PHASE1|PHASE2,,,,1,6.343
39e13840726787e8fcc5,automatic_phase2_3,psychiatric_mood,191,Bipolar Disorder,D001714,840,armodafinil,DB06413,SLC6A3,6531,24329,phase2_3_registry_match,exact_or_named_subtype,NCT00481195,PHASE2,,,,1,14.951
86f7de19ea4c46d149bf,automatic_phase2_3,psychiatric_mood,191,Bipolar Disorder,D001714,730,bezafibrate,DB01393,PPARD,5467,15607,phase2_3_registry_match,exact_or_named_subtype,NCT02481245,PHASE2,,,,1,36.572
6649740cc722d150a31a,automatic_phase2_3,psychiatric_mood,191,Bipolar Disorder,D001714,933,brexpiprazole,DB09128,DRD2; HTR2A; HTR1A; ADRA2C,1813; 3356; 3350; 152,19014;23442;29732;31204,phase2_3_registry_match,exact_or_named_subtype,NCT03257865;NCT03259555;NCT03287869;NCT04569448,PHASE3,,,,4,4.706
362e36d5dcaa3d313579,automatic_phase2_3,psychiatric_mood,191,Bipolar Disorder,D001714,629,bupropion,DB01156,SLC6A2; SLC6A3,6530; 6531,24227;38967,phase2_3_registry_match,exact_or_named_subtype,NCT00593099;NCT05603104;NCT05973786,PHASE1|PHASE2;PHASE3,,,,3,9.909
56df4f342979f484e8f4,automatic_phase2_3,psychiatric_mood,191,Bipolar Disorder,D001714,263,carbamazepine,DB00564,SCN8A,6334,36293,phase2_3_registry_match,exact_or_named_subtype,NCT00266630,PHASE3,,,,1,17.983
b62d007e049e4ff4d48d,automatic_phase2_3,psychiatric_mood,191,Bipolar Disorder,D001714,813,cariprazine,DB06016,DRD2; HTR2A; HTR1A; DRD3,1813; 3356; 3350; 1814,17794;18892;23329;29680,phase2_3_registry_match,exact_or_named_subtype,NCT00852202;NCT01058096;NCT01058668;NCT01059539;NCT01396447;NCT02670538;NCT02670551;NCT03573297;NCT04771299;NCT04777357,PHASE2;PHASE3,,,,10,4.897
78fdf0597902a3ff069f,automatic_phase2_3,psychiatric_mood,191,Bipolar Disorder,D001714,141,clozapine,DB00363,DRD2; HTR2A; CHRM2; ADRA1A; HTR1A; DRD1; HTR2C; DRD3; ADRA2C; HTR1B; DRD4; 1816; HTR3A,1813; 3356; 1129; 148; 3350; 1812; 3358; 1814; 152; 3351; 1815; 1816; 3359,5028;9926;17611;18014;19456;22688;27855;29371;31125;35530;43152;44429;46273,phase2_3_registry_match,exact_or_named_subtype,NCT00029458;NCT00036582;NCT05603104,PHASE2;PHASE3,,,,3,3.022
8ff14c4c656d425e0f70,automatic_phase2_3,psychiatric_mood,191,Bipolar Disorder,D001714,233,dextromethorphan,DB00514,SLC6A2; OPRK1; CHRNA7; CHRNA2,6530; 4986; 1139; 1135,16028;22029;38854;46479,phase2_3_registry_match,exact_or_named_subtype,NCT03039842,PHASE3,,,,1,9.287
e8db96a56eb4a98b6dfe,automatic_phase2_3,psychiatric_mood,191,Bipolar Disorder,D001714,641,escitalopram,DB01175,ADRA1A; SLC6A4; SLC6A2,148; 6532; 6530,30411;38986;44599,phase2_3_registry_match,exact_or_named_subtype,NCT00958633;NCT05603104;NCT05973786,PHASE3,,,,3,5.7
d7ff0eaa37bd1d54692e,automatic_phase2_3,psychiatric_mood,191,Bipolar Disorder,D001714,498,felbamate,DB00949,GRIN3A; GRIN2B; 2903; GRIN1,116443; 2904; 2903; 2902,16146;20882;31278;44210,phase2_3_registry_match,exact_or_named_subtype,NCT00034229,PHASE2,,,,1,25.935
511b1dc5ee6b810cba88,automatic_phase2_3,psychiatric_mood,191,Bipolar Disorder,D001714,535,gabapentin,DB00996,CACNA1C; CACNB2; GRIN2B; 2903,775; 783; 2904; 2903,844;20888;42896;44218,phase2_3_registry_match,exact_or_named_subtype,NCT03220776;NCT03334721;NCT05064319,PHASE2,,,,3,12.048
5aec404770c8a6612971,automatic_phase2_3,psychiatric_mood,191,Bipolar Disorder,D001714,229,haloperidol,DB00502,DRD2; HTR2A; HTR1A; DRD1; DRD3; DRD4; 1816; GRIN2B,1813; 3356; 3350; 1812; 1814; 1815; 1816; 2904,17667;18173;19497;20860;22800;27929;29411;46293,phase2_3_registry_match,exact_or_named_subtype,NCT00097266;NCT00129220,PHASE3,,,,2,3.166
23686024ec3696717270,automatic_phase2_3,psychiatric_mood,191,Bipolar Disorder,D001714,802,iloperidone,DB04946,DRD2; HTR2A; HTR1A; ADRA1A; DRD1; DRD3; ADRA2C; DRD4,1813; 3356; 3350; 148; 1812; 1814; 152; 1815,17779;18855;19615;23316;28150;29663;31194;44641,phase2_3_registry_match,exact_or_named_subtype,NCT04819776,PHASE3,,,,1,3.675
21562b8f079840e25e54,automatic_phase2_3,psychiatric_mood,191,Bipolar Disorder,D001714,1056,lacosamide,DB06218,SCN8A,6334,36378,phase2_3_registry_match,exact_or_named_subtype,NCT07412132,PHASE3,,,,1,21.192
484b79677cf33480e921,automatic_phase2_3,psychiatric_mood,191,Bipolar Disorder,D001714,34,lorazepam,DB00186,GABRA1; GABRA3; GABRB1; GABRA5; GABRB3; 2561; GABRG1,2554; 2556; 2560; 2558; 2562; 2561; 2565,24564;33511;37688;38203;42912;45557;46612,phase2_3_registry_match,exact_or_named_subtype,NCT00431184,PHASE2,,,,1,4.238
c25a7dc3b8aadbd6311f,automatic_phase2_3,psychiatric_mood,191,Bipolar Disorder,D001714,576,melatonin,DB01065,ESR1,2099,1723,phase2_3_registry_match,exact_or_named_subtype,NCT06226025;NCT07472075,PHASE2,,,,2,6.084
8679f78f84d6897806fe,automatic_phase2_3,psychiatric_mood,191,Bipolar Disorder,D001714,1061,memantine,DB01043,DRD2; HTR3A; GRIN3A; GRIN2B; 2903; GRIN1,1813; 3359; 116443; 2904; 2903; 2902,16178;19050;20934;31304;43266;44276,phase2_3_registry_match,exact_or_named_subtype,NCT01188148;NCT02630888;NCT03039842,PHASE2;PHASE2|PHASE3;PHASE3,,,,3,4.023
89524bc327993114860e,automatic_phase2_3,psychiatric_mood,191,Bipolar Disorder,D001714,430,mifepristone,DB00834,NR3C1,2908,2966,phase2_3_registry_match,exact_or_named_subtype,NCT00043654,PHASE2,,,,1,9.43
0c948b722f0b90584160,automatic_phase2_3,psychiatric_mood,191,Bipolar Disorder,D001714,374,modafinil,DB00745,SLC6A3,6531,24053,phase2_3_registry_match,exact_or_named_subtype,NCT07263022,PHASE3,,,,1,12.043
cf4bdbf68d7f7ec58ef2,automatic_phase2_3,psychiatric_mood,191,Bipolar Disorder,D001714,357,paroxetine,DB00715,HTR2A; CHRM3; CHRM2; SLC6A4; SLC6A2,3356; 1131; 1129; 6532; 6530,21454;22927;30299;35654;38885,phase2_3_registry_match,exact_or_named_subtype,NCT00119652,PHASE3,,,,1,4.227
e557219bc73545599555,automatic_phase2_3,psychiatric_mood,191,Bipolar Disorder,D001714,174,pramipexole,DB00413,DRD2; HTR2A; HTR1A; DRD1; HTR2C; DRD3; ADRA2C; HTR1B; DRD4; 1816,1813; 3356; 3350; 1812; 3358; 1814; 152; 3351; 1815; 1816,5049;9941;17639;18084;19470;22726;27889;29387;31134;46284,phase2_3_registry_match,exact_or_named_subtype,NCT00025792;NCT07664852,PHASE2;PHASE3,,,,2,3.202
93e3a4ae450b824254f3,automatic_phase2_3,psychiatric_mood,191,Bipolar Disorder,D001714,163,progesterone,DB00396,ESR1; NR3C1; OPRK1; 4306,2099; 2908; 4986; 4306,1391;2786;16014;44847,phase2_3_registry_match,exact_or_named_subtype,NCT00206544,PHASE2,,,,1,4.95
7f7ee3e9e22bde8cd746,automatic_phase2_3,psychiatric_mood,191,Bipolar Disorder,D001714,376,scopolamine,DB00747,CHRM3; CHRM2,1131; 1129,21487;35674,phase2_3_registry_match,exact_or_named_subtype,NCT00369915;NCT04211961,PHASE2,,,,2,4.302
36b5be2f1781ce52e9fb,automatic_phase2_3,psychiatric_mood,191,Bipolar Disorder,D001714,597,sertraline,DB01104,SLC6A4,6532,30350,phase2_3_registry_match,exact_or_named_subtype,NCT00158990;NCT00276965;NCT00857584;NCT05603104;NCT05973786,PHASE3,,,,5,8.926
14c6e9937548772f04d4,automatic_phase2_3,psychiatric_mood,191,Bipolar Disorder,D001714,333,tamoxifen,DB00675,ESR1,2099,1570,phase2_3_registry_match,exact_or_named_subtype,NCT00026585;NCT00206544,PHASE2,,,,2,5.838
e3f52f01a632564efb9c,automatic_phase2_3,psychiatric_mood,191,Bipolar Disorder,D001714,1244,taurine,DB01956,GABRA1; GABRB1; GABRA5; GABRB3; GABRG1; GRIN2B,2554; 2560; 2558; 2562; 2565; 2904,20950;24927;34150;38445;43129;46687,phase2_3_registry_match,exact_or_named_subtype,NCT00217165,PHASE2,,,,1,6.802
4e3d6f96920ca90fc666,automatic_phase2_3,psychiatric_mood,191,Bipolar Disorder,D001714,1248,tianeptine,DB09289,HTR1A; DRD3; OPRK1,3350; 1814; 4986,16118;17880;29868,phase2_3_registry_match,exact_or_named_subtype,NCT00879372,PHASE3,,,,1,7.111
959b75d8dbbbcfcc8faa,automatic_phase2_3,psychiatric_mood,191,Bipolar Disorder,D001714,86,topiramate,DB00273,GABRA1; GABRA3; GABRA5; GABRB1; GABRB3; 2561; GABRG1; SCN8A; GRIA2,2554; 2556; 2558; 2560; 2562; 2561; 2565; 6334; 2891,24609;25038;33576;36258;37727;38233;42937;45572;46622,phase2_3_registry_match,exact_or_named_subtype,NCT00035230;NCT00035802;NCT00037674;NCT00237289;NCT00240721,PHASE3,,,,5,3.923
7adf2d2c4b63c8304715,automatic_phase2_3,psychiatric_mood,191,Bipolar Disorder,D001714,95,venlafaxine,DB00285,SLC6A4; SLC6A2; SLC6A3,6532; 6530; 6531,23895;30129;38791,phase2_3_registry_match,exact_or_named_subtype,NCT05603104;NCT05973786,PHASE3,,,,2,8.333
7a64f88d69ab880ae2c1,automatic_phase2_3,psychiatric_mood,191,Bipolar Disorder,D001714,922,vortioxetine,DB09068,HTR2A; HTR1A; HTR2C; SLC6A4; HTR1B; HTR3A,3356; 3350; 3358; 6532; 3351; 3359,5309;10109;23430;29725;30536;43248,phase2_3_registry_match,exact_or_named_subtype,NCT03598868,PHASE2,,,,1,5.173
5440c90771350b6f8414,automatic_phase2_3,psychiatric_mood,191,Bipolar Disorder,D001714,1119,zonisamide,DB00909,MAOA,4128,37319,phase2_3_registry_match,exact_or_named_subtype,NCT01566370,PHASE2,,,,1,12.717
fc1285d2ba40b4cc5b70,automatic_phase2_3,psychiatric_mood,162,Depressive Disorder,D003866,170,Alprazolam,DB00404,GABRA3; GABRB3; GABRA6,2556; 2562; 2559,24659;37773;38105,phase2_3_registry_match,broader_narrower_depressive_spectrum,NCT02374567,PHASE3,,,,1,19.006
e95c8d7bc26c223941c6,automatic_phase2_3,psychiatric_mood,162,Depressive Disorder,D003866,1262,Bromazepam,DB01558,GABRA3; GABRB3; GABRA6,2556; 2562; 2559,24935;38066;38199,phase2_3_registry_match,broader_narrower_depressive_spectrum,NCT02374567,PHASE3,,,,1,21.861
ef9f5ca704c3f7d6778d,automatic_phase2_3,psychiatric_mood,162,Depressive Disorder,D003866,484,Buprenorphine,DB00921,OPRM1; OPRK1,4988; 4986,16069;28893,phase2_3_registry_match,broader_narrower_depressive_spectrum,NCT00863291;NCT01071538;NCT01407575;NCT02176291;NCT02181231;NCT02263248;NCT03646058;NCT04116528,PHASE1|PHASE2;PHASE2;PHASE3,,,,8,21.851
1ac4ff9c637a360a42a6,automatic_phase2_3,psychiatric_mood,162,Depressive Disorder,D003866,1018,Dehydroepiandrosterone,DB01708,ESR1; GABRA3; GABRB3; GABRA6; 2903,2099; 2556; 2562; 2559; 2903,2121;24867;38002;38178;44264,phase2_3_registry_match,broader_narrower_depressive_spectrum,NCT00001487,PHASE2,,,,1,9.194
195f70d70dd699b196eb,automatic_phase2_3,psychiatric_mood,162,Depressive Disorder,D003866,420,Fentanyl,DB00813,OPRM1,4988,28819,phase2_3_registry_match,broader_narrower_depressive_spectrum,NCT03167905,PHASE2|PHASE3,,,,1,20.656
8563b74e9a04eed6e546,automatic_phase2_3,psychiatric_mood,162,Depressive Disorder,D003866,341,Flurazepam,DB00690,GABRB3,2562,24731,phase2_3_registry_match,broader_narrower_depressive_spectrum,NCT02374567,PHASE3,,,,1,24.89
ba6cb59e988ce2e7d6ab,automatic_phase2_3,psychiatric_mood,162,Depressive Disorder,D003866,906,Levomilnacipran,DB08918,SLC6A4; SLC6A2,6532; 6530,30514;39063,phase2_3_registry_match,broader_narrower_depressive_spectrum,NCT02431806;NCT02720198,PHASE3,,,,2,18.031
2597bac178c6e2063ad5,automatic_phase2_3,psychiatric_mood,162,Depressive Disorder,D003866,701,Lisdexamfetamine,DB01255,SLC6A3,6531,24269,phase2_3_registry_match,broader_narrower_depressive_spectrum,NCT01093963;NCT01131559,PHASE3,,,,2,23.574
8963064602bfaef10cfd,automatic_phase2_3,psychiatric_mood,162,Depressive Disorder,D003866,337,Midazolam,DB00683,GABRB3,2562,24722,phase2_3_registry_match,broader_narrower_depressive_spectrum,NCT00749203;NCT00768430;NCT01944293;NCT01945047;NCT02360280;NCT02374567;NCT02556606;NCT03185819;NCT03436121;NCT04939649;NCT05625555;NCT06228391;NCT06957704;NCT07227454,PHASE1|PHASE2;PHASE2;PHASE2|PHASE3;PHASE3,,,,14,20.449
7a5e8a4c610201805175,automatic_phase2_3,psychiatric_mood,162,Depressive Disorder,D003866,101,Morphine,DB00295,OPRM1; OPRK1,4988; 4986,15990;28671,phase2_3_registry_match,broader_narrower_depressive_spectrum,NCT02804022;NCT04011163,PHASE2;PHASE2|PHASE3,,,,2,23.32
f197f7b9e37241ac273c,automatic_phase2_3,psychiatric_mood,162,Depressive Disorder,D003866,760,Nitrazepam,DB01595,GABRB3; GABRA6,2562; 2559,24828;38169,phase2_3_registry_match,broader_narrower_depressive_spectrum,NCT02374567,PHASE3,,,,1,20.117
48046876e0f966216fd1,automatic_phase2_3,psychiatric_mood,162,Depressive Disorder,D003866,640,Phenobarbital,DB01174,2903,2903,44224,phase2_3_registry_match,broader_narrower_depressive_spectrum,NCT02374567,PHASE3,,,,1,28.663
05898591b40adaeac491,automatic_phase2_3,psychiatric_mood,162,Depressive Disorder,D003866,159,SULPIRIDE,DB00391,DRD2; DRD3,1813; 1814,17624;18048,phase2_3_registry_match,broader_narrower_depressive_spectrum,NCT02374567,PHASE3,,,,1,8.225
6b9b38ed9bc1b5d340a5,automatic_phase2_3,psychiatric_mood,162,Depressive Disorder,D003866,814,Sertindole,DB06144,DRD2; HTR2A; HTR2C,1813; 3356; 3358,5281;18909;23341,phase2_3_registry_match,broader_narrower_depressive_spectrum,NCT02374567,PHASE3,,,,1,7.906
14414f5bfcafe71aa7e0,automatic_phase2_3,psychiatric_mood,162,Depressive Disorder,D003866,63,Temazepam,DB00231,GABRA3; GABRB3; GABRA6,2556; 2562; 2559,24580;37703;38079,phase2_3_registry_match,broader_narrower_depressive_spectrum,NCT02374567,PHASE3,,,,1,19.579
a83dc13abb34676fc975,automatic_phase2_3,psychiatric_mood,162,Depressive Disorder,D003866,1263,Thioridazine,DB00679,DRD2; HTR2A; DRD1,1813; 3356; 1812,19397;23693;28265,phase2_3_registry_match,broader_narrower_depressive_spectrum,NCT02374567,PHASE3,,,,1,9.919
be7dfd6c729b5269c95e,automatic_phase2_3,psychiatric_mood,162,Depressive Disorder,D003866,472,Triazolam,DB00897,GABRA3; GABRA6,2556; 2559,37898;38148,phase2_3_registry_match,broader_narrower_depressive_spectrum,NCT02374567,PHASE3,,,,1,20.51
46ba2bcb2659685603a0,automatic_phase2_3,psychiatric_mood,162,Depressive Disorder,D003866,658,Zopiclone,DB01198,GABRA3,2556,37922,phase2_3_registry_match,broader_narrower_depressive_spectrum,NCT02374567,PHASE3,,,,1,18.942
745a21728201ce2d7270,automatic_phase2_3,psychiatric_mood,162,Depressive Disorder,D003866,321,acamprosate,DB00659,GABRA3; GABRB3; GRIN2B; 2903,2556; 2562; 2904; 2903,20866;24713;37835;44190,phase2_3_registry_match,broader_narrower_depressive_spectrum,NCT02374567;NCT04498897,PHASE2;PHASE3,,,,2,17.956
305376c9c02b0ca7f85a,automatic_phase2_3,psychiatric_mood,162,Depressive Disorder,D003866,844,agomelatine,DB06594,HTR2A; HTR2C,3356; 3358,5300;23378,phase2_3_registry_match,broader_narrower_depressive_spectrum,NCT00411099;NCT00411242;NCT00463242;NCT00467402;NCT01488071;NCT02374567;NCT03852160,PHASE3,,,,7,10.811
910e40850c6b9e349f07,automatic_phase2_3,psychiatric_mood,162,Depressive Disorder,D003866,152,amlodipine,DB00381,CACNA1C,775,749,phase2_3_registry_match,broader_narrower_depressive_spectrum,NCT01557153,PHASE3,,,,1,21.362
db40a616c41f41cff0ad,automatic_phase2_3,psychiatric_mood,162,Depressive Disorder,D003866,686,aripiprazole,DB01238,DRD2; HTR2A; CHRM2; HTR1A; DRD1; HTR2C; ADRA2A; DRD3; HTR1B; HTR1D; HTR7; DRD4; 1816; HTR3A,1813; 3356; 1129; 3350; 1812; 3358; 150; 1814; 3351; 3352; 3363; 1815; 1816; 3359,5247;10088;17760;18730;19601;23202;28112;29614;30008;32604;35798;38614;43238;46359,phase2_3_registry_match,broader_narrower_depressive_spectrum,NCT00276978;NCT00556140;NCT01111539;NCT01111552;NCT01111565;NCT01123707;NCT01386086;NCT01655706;NCT02374567;NCT05814640,PHASE1|PHASE2;PHASE3,,,,10,7.455
4013261fcad6446ac3a4,automatic_phase2_3,psychiatric_mood,162,Depressive Disorder,D003866,840,armodafinil,DB06413,SLC6A3,6531,24327,phase2_3_registry_match,broader_narrower_depressive_spectrum,NCT00481195;NCT01072630;NCT01072929;NCT01121536;NCT01305408,PHASE2;PHASE3,,,,5,18.42
7fea23e3119ba5fdc280,automatic_phase2_3,psychiatric_mood,162,Depressive Disorder,D003866,826,asenapine,DB06216,HTR2A; DRD2; ADRB1; HTR1A; DRD1; HTR2C; ADRA2A; HTR1B; HTR1D; HTR7; DRD4,3356; 1813; 153; 3350; 1812; 3358; 150; 3351; 3352; 3363; 1815,561;5295;10102;18945;19629;23367;28175;29695;30019;32642;38635,phase2_3_registry_match,broader_narrower_depressive_spectrum,NCT01807741,PHASE2,,,,1,8.832
99f4bf464ee64bfd216a,automatic_phase2_3,psychiatric_mood,162,Depressive Disorder,D003866,496,aspirin,DB00945,PTGS2,5743,11698,phase2_3_registry_match,broader_narrower_depressive_spectrum,NCT01429272,PHASE3,,,,1,3.505
0805ce0b4527c9dd65c9,automatic_phase2_3,psychiatric_mood,162,Depressive Disorder,D003866,1180,benperidol,DB12867,DRD2,1813,19160,phase2_3_registry_match,broader_narrower_depressive_spectrum,NCT02374567,PHASE3,,,,1,11.871
9f243eb24e8bb6aedeb0,automatic_phase2_3,psychiatric_mood,162,Depressive Disorder,D003866,418,biperiden,DB00810,CHRM2; CHRNA2,1129; 1135,35699;46490,phase2_3_registry_match,broader_narrower_depressive_spectrum,NCT02374567,PHASE3,,,,1,14.485
808485e901c7a129974e,automatic_phase2_3,psychiatric_mood,162,Depressive Disorder,D003866,933,brexpiprazole,DB09128,DRD2; HTR2A; HTR1A,1813; 3356; 3350,19013;23441;29731,phase2_3_registry_match,broader_narrower_depressive_spectrum,NCT01727726;NCT01838681;NCT01942785;NCT01944969;NCT02012218;NCT02013531;NCT02013609;NCT02212613;NCT03487198;NCT03538691;NCT03697603;NCT03737474;NCT04162522;NCT04569448,PHASE2|PHASE3;PHASE3,,,,14,9.6
6f56f673ce979716378e,automatic_phase2_3,psychiatric_mood,162,Depressive Disorder,D003866,1183,bromperidol,DB12401,DRD2,1813,19197,phase2_3_registry_match,broader_narrower_depressive_spectrum,NCT02374567,PHASE3,,,,1,11.057
4f0d50b124d041d40dbc,automatic_phase2_3,psychiatric_mood,162,Depressive Disorder,D003866,263,carbamazepine,DB00564,CHRNA4,1137,33023,phase2_3_registry_match,broader_narrower_depressive_spectrum,NCT02374567,PHASE3,,,,1,21.319
70985c5c2061b8a15519,automatic_phase2_3,psychiatric_mood,162,Depressive Disorder,D003866,218,celecoxib,DB00482,PTGS2,5743,10788,phase2_3_registry_match,broader_narrower_depressive_spectrum,NCT02703363;NCT02726659;NCT05644301,PHASE3,,,,3,5.593
c7a5903bacfbd3734cb7,automatic_phase2_3,psychiatric_mood,162,Depressive Disorder,D003866,687,chlorprothixene,DB01239,DRD2; HTR2A; DRD1; HTR2C; CHRM2; DRD3,1813; 3356; 1812; 3358; 1129; 1814,5253;17765;18747;23213;28118;35803,phase2_3_registry_match,broader_narrower_depressive_spectrum,NCT02374567,PHASE3,,,,1,8.476
25e2997d3e37cda7008c,automatic_phase2_3,psychiatric_mood,162,Depressive Disorder,D003866,133,clobazam,DB00349,GABRA3; GABRB3; GABRA6,2556; 2562; 2559,24630;37749;38096,phase2_3_registry_match,broader_narrower_depressive_spectrum,NCT02374567,PHASE3,,,,1,17.752
0a55395e8cfc1376532c,automatic_phase2_3,psychiatric_mood,162,Depressive Disorder,D003866,690,clomipramine,DB01242,HTR2A; SLC6A4; HTR2C; SLC6A3; SLC6A2,3356; 6532; 3358; 6531; 6530,5259;23224;24255;30430;38996,phase2_3_registry_match,broader_narrower_depressive_spectrum,NCT02374567,PHASE3,,,,1,9.389
933d96fbb33f0e616f53,automatic_phase2_3,psychiatric_mood,162,Depressive Disorder,D003866,578,clonazepam,DB01068,GABRA3; GABRB3; GABRA6,2556; 2562; 2559,24783;37906;38151,phase2_3_registry_match,broader_narrower_depressive_spectrum,NCT02374567,PHASE3,,,,1,14.334
7374da4f5b11aeb51876,automatic_phase2_3,psychiatric_mood,162,Depressive Disorder,D003866,141,clozapine,DB00363,DRD2; HTR2A; CHRM2; HTR1A; HTR2C; DRD1; DRD3; ADRA2A; HTR1B; HTR7; HTR1D; DRD4; 1816; HTR3A,1813; 3356; 1129; 3350; 3358; 1812; 1814; 150; 3351; 3363; 3352; 1815; 1816; 3359,5027;9925;17610;18013;19455;22687;27854;29370;29920;32365;35529;38511;43151;46272,phase2_3_registry_match,broader_narrower_depressive_spectrum,NCT02374567;NCT05603104,PHASE3,,,,2,8.599
3f0d5b66011ba5459608,automatic_phase2_3,psychiatric_mood,162,Depressive Disorder,D003866,241,cyclophosphamide,DB00531,CYP2C19,1557,33160,phase2_3_registry_match,broader_narrower_depressive_spectrum,NCT00424203,PHASE2,,,,1,50.307
c1ec2ad638c0bdb06636,automatic_phase2_3,psychiatric_mood,162,Depressive Disorder,D003866,852,desvenlafaxine,DB06700,SLC6A4; SLC6A3; SLC6A2,6532; 6531; 6530,24342;30493;39050,phase2_3_registry_match,broader_narrower_depressive_spectrum,NCT01527786;NCT01803711;NCT04476030,PHASE2|PHASE3;PHASE3,,,,3,19.673
93cb7facab53b1559570,automatic_phase2_3,psychiatric_mood,162,Depressive Disorder,D003866,427,diazepam,DB00829,GABRA3; GABRB3; GABRA6,2556; 2562; 2559,24758;37875;38139,phase2_3_registry_match,broader_narrower_depressive_spectrum,NCT02374567,PHASE3,,,,1,14.224
8b4b65d150d90d8b18c4,automatic_phase2_3,psychiatric_mood,162,Depressive Disorder,D003866,274,diclofenac,DB00586,PTGS2,5743,11031,phase2_3_registry_match,broader_narrower_depressive_spectrum,NCT01413854,PHASE1|PHASE2,,,,1,5.169
7049d2cacaf3987b36f3,automatic_phase2_3,psychiatric_mood,162,Depressive Disorder,D003866,581,diphenhydramine,DB01075,CHRM2,1129,35754,phase2_3_registry_match,broader_narrower_depressive_spectrum,NCT02106325;NCT02374567,PHASE2;PHASE3,,,,2,15.031
1345daa53dc4e9e041c6,automatic_phase2_3,psychiatric_mood,162,Depressive Disorder,D003866,437,donepezil,DB00843,HTR2A,3356,22990,phase2_3_registry_match,broader_narrower_depressive_spectrum,NCT02374567,PHASE3,,,,1,12.968
eaaa20e02e0a26951c35,automatic_phase2_3,psychiatric_mood,162,Depressive Disorder,D003866,214,duloxetine,DB00476,HTR2A; SLC6A4; HTR2C; SLC6A3; SLC6A2,3356; 6532; 3358; 6531; 6530,5081;22775;23993;30226;38845,phase2_3_registry_match,broader_narrower_depressive_spectrum,NCT00042562;NCT00042575;NCT00062673;NCT00073411;NCT00105989;NCT00191685;NCT00321490;NCT00331799;NCT00351910;NCT00366652;NCT00489775;NCT00529789;NCT00599911;NCT00635219;NCT00672620;NCT00811252;NCT00849693;NCT00849901;NCT01140906;NCT01145755;NCT01153009;NCT01223001;NCT01288079;NCT01309945;NCT01360866;NCT01369095;NCT01564862;NCT02232555;NCT02374567;NCT02443194;NCT03038867;NCT03068247;NCT03852160;NCT04111627;NCT04476030;NCT05814640;NCT07649291,PHASE1|PHASE2;PHASE2;PHASE3,,,,37,10.63
42509a3fbc5613d2b593,automatic_phase2_3,psychiatric_mood,162,Depressive Disorder,D003866,641,escitalopram,DB01175,SLC6A4; SLC6A2; SLC6A3,6532; 6530; 6531,24240;30409;38984,phase2_3_registry_match,broader_narrower_depressive_spectrum,NCT00073411;NCT00080158;NCT00086307;NCT00107120;NCT00108979;NCT00109044;NCT00135421;NCT00136318;NCT00149825;NCT00166296;NCT00239954;NCT00296933;NCT00351169;NCT00351910;NCT00406640;NCT00415142;NCT00420004;NCT00432614;NCT00475878;NCT00488670;NCT00531622;NCT00566202;NCT00610506;NCT00642694;NCT00668525;NCT00822744;NCT00837564;NCT00953108;NCT00965497;NCT01020799;NCT01034995;NCT01111539;NCT01111552;NCT01111565;NCT01123707;NCT01219686;NCT01360866;NCT01363310;NCT01368432;NCT01369095;NCT01655706;NCT01741142;NCT02153567;NCT02191397;NCT02374567;NCT02469545;NCT02623231;NCT02674529;NCT03652870;NCT03852160;NCT03909217;NCT04162522;NCT04476030;NCT05536414;NCT05603104;NCT05950061;NCT05973786;NCT06705478;NCT06828887,PHASE1|PHASE2;PHASE2;PHASE2|PHASE3;PHASE3,,,,59,16.248
165251de20d8b6a1f4d3,automatic_phase2_3,psychiatric_mood,162,Depressive Disorder,D003866,400,estradiol,DB00783,ESR1; CHRNA4,2099; 1137,1593;33062,phase2_3_registry_match,broader_narrower_depressive_spectrum,NCT00001481;NCT01126801;NCT01308814;NCT03689543,PHASE2;PHASE2|PHASE3,,,,4,11.362
4fc1c4569f35461e59ab,automatic_phase2_3,psychiatric_mood,162,Depressive Disorder,D003866,169,eszopiclone,DB00402,GABRB3; GABRA6,2562; 2559,24649;38102,phase2_3_registry_match,broader_narrower_depressive_spectrum,NCT00368030;NCT00435279,PHASE3,,,,2,23.001
3f9da213fc0cbecf1d99,automatic_phase2_3,psychiatric_mood,162,Depressive Disorder,D003866,460,flupentixol,DB00875,DRD2; HTR2A; DRD1; DRD3; 1816,1813; 3356; 1812; 1814; 1816,17700;18444;23017;28035;46328,phase2_3_registry_match,broader_narrower_depressive_spectrum,NCT02374567,PHASE3,,,,1,7.899
f55ca46914ccd59e5708,automatic_phase2_3,psychiatric_mood,162,Depressive Disorder,D003866,296,fluphenazine,DB00623,DRD2; HTR2A; HTR2C; DRD1; AR; 1816,1813; 3356; 3358; 1812; 367; 1816,5118;5462;18300;22876;27978;46309,phase2_3_registry_match,broader_narrower_depressive_spectrum,NCT02374567,PHASE3,,,,1,7.766
923f8e8b12e849a28481,automatic_phase2_3,psychiatric_mood,162,Depressive Disorder,D003866,785,fluspirilene,DB04842,DRD2; HTR2A; HTR1A; HTR1D,1813; 3356; 3350; 3352,18836;23289;29654;30015,phase2_3_registry_match,broader_narrower_depressive_spectrum,NCT02374567,PHASE3,,,,1,9.355
5dcc7fe7fa2d7fd788d4,automatic_phase2_3,psychiatric_mood,162,Depressive Disorder,D003866,27,fluvoxamine,DB00176,SLC6A4,6532,30066,phase2_3_registry_match,broader_narrower_depressive_spectrum,NCT02374567;NCT04160377,PHASE2;PHASE3,,,,2,15.289
c08f6143eb4b7a82a468,automatic_phase2_3,psychiatric_mood,162,Depressive Disorder,D003866,535,gabapentin,DB00996,CACNA1C; GRIN2B; 2903,775; 2904; 2903,841;20886;44216,phase2_3_registry_match,broader_narrower_depressive_spectrum,NCT00654953;NCT02374567,PHASE2;PHASE3,,,,2,19.83
a64ebc0f963bc49a162f,automatic_phase2_3,psychiatric_mood,162,Depressive Disorder,D003866,548,guanfacine,DB01018,ADRA2A,150,32554,phase2_3_registry_match,broader_narrower_depressive_spectrum,NCT06408246,PHASE2,,,,1,19.336
a61d4211abd36295c128,automatic_phase2_3,psychiatric_mood,162,Depressive Disorder,D003866,229,haloperidol,DB00502,DRD2; HTR2A; HTR1A; DRD1; DRD3; HTR7; HTR1D; 1816; GRIN2B,1813; 3356; 3350; 1812; 1814; 3363; 3352; 1816; 2904,17666;18172;20859;22799;27928;29410;29933;38543;46292,phase2_3_registry_match,broader_narrower_depressive_spectrum,NCT02374567,PHASE3,,,,1,7.57
20fb626e0bf47084df0f,automatic_phase2_3,psychiatric_mood,162,Depressive Disorder,D003866,567,ibuprofen,DB01050,PTGS2; BCL2,5743; 596,3456;12064,phase2_3_registry_match,broader_narrower_depressive_spectrum,NCT02507219,PHASE2|PHASE3,,,,1,3.96
4593ba667f14ff8d5c6f,automatic_phase2_3,psychiatric_mood,162,Depressive Disorder,D003866,259,lamotrigine,DB00555,CHRM2; DRD2; HTR2A; GABRA3; ADRA2A; DRD1; GABRB3; GABRA6; OPRK1; 1816,1129; 1813; 3356; 2556; 150; 1812; 2562; 2559; 4986; 1816,16031;18245;22838;24694;27952;32430;35626;37812;38116;46299,phase2_3_registry_match,broader_narrower_depressive_spectrum,NCT00224510;NCT00475137;NCT00652171;NCT01042496;NCT02374567,PHASE2;PHASE3,,,,5,5.788
9d522150e17e439867a7,automatic_phase2_3,psychiatric_mood,162,Depressive Disorder,D003866,1214,levomepromazine,DB01403,DRD2; HTR2A; CHRM2; HTR2C; ADRA2A; DRD4; 1816,1813; 3356; 1129; 3358; 150; 1815; 1816,5370;19253;19657;23602;32710;35905;46374,phase2_3_registry_match,broader_narrower_depressive_spectrum,NCT02374567,PHASE3,,,,1,7.765
2ff7392c91574eab1451,automatic_phase2_3,psychiatric_mood,162,Depressive Disorder,D003866,34,lorazepam,DB00186,GABRA3; GABRA6,2556; 2559,37687;38073,phase2_3_registry_match,broader_narrower_depressive_spectrum,NCT02374567,PHASE3,,,,1,12.748
3633ea1ca953fac2a710,automatic_phase2_3,psychiatric_mood,162,Depressive Disorder,D003866,876,lurasidone,DB08815,DRD2; HTR2A; HTR1A; ADRA2A; HTR7,1813; 3356; 3350; 150; 3363,18980;23392;29710;32665;38640,phase2_3_registry_match,broader_narrower_depressive_spectrum,NCT00868699;NCT00868959;NCT01284517;NCT01421134;NCT01423253;NCT02046369,PHASE3,,,,6,9.826
a0cad97f9aed75e3ffbb,automatic_phase2_3,psychiatric_mood,162,Depressive Disorder,D003866,320,mecamylamine,DB00657,CHRNA4,1137,33038,phase2_3_registry_match,broader_narrower_depressive_spectrum,NCT00563797;NCT00593879,PHASE2;PHASE3,,,,2,31.289
ae241a84250d746b4731,automatic_phase2_3,psychiatric_mood,162,Depressive Disorder,D003866,576,melatonin,DB01065,ESR1,2099,1721,phase2_3_registry_match,broader_narrower_depressive_spectrum,NCT02374567;NCT05474846,PHASE2|PHASE3;PHASE3,,,,2,9.552
44042b394d30b251050a,automatic_phase2_3,psychiatric_mood,162,Depressive Disorder,D003866,1061,memantine,DB01043,DRD2; HTR3A; 2903,1813; 3359; 2903,19048;43264;44274,phase2_3_registry_match,broader_narrower_depressive_spectrum,NCT01876823;NCT02374567,PHASE2|PHASE3;PHASE3,,,,2,8.332
c9ec0e8e36f4e8693e1b,automatic_phase2_3,psychiatric_mood,162,Depressive Disorder,D003866,181,methylphenidate,DB00422,SLC6A4; SLC6A3; SLC6A2,6532; 6531; 6530,23949;30188;38826,phase2_3_registry_match,broader_narrower_depressive_spectrum,NCT00246233;NCT01497548;NCT05474846,PHASE2|PHASE3;PHASE3,,,,3,15.181
081015c1b637378a2852,automatic_phase2_3,psychiatric_mood,162,Depressive Disorder,D003866,815,mianserin,DB06148,DRD2; HTR2A; SLC6A4; DRD1; HTR1A; ADRA2A; HTR2C; SLC6A3; DRD3; SLC6A2; HTR7; OPRK1; 1816,1813; 3356; 6532; 1812; 3350; 150; 3358; 6531; 1814; 6530; 3363; 4986; 1816,5287;16092;17799;18926;23353;24312;28166;29686;30462;32636;38629;39037;46366,phase2_3_registry_match,broader_narrower_depressive_spectrum,NCT02374567,PHASE3,,,,1,9.04
b26add0a4baaf58dc829,automatic_phase2_3,psychiatric_mood,162,Depressive Disorder,D003866,430,mifepristone,DB00834,AR; NR3C1,367; 2908,2964;5566,phase2_3_registry_match,broader_narrower_depressive_spectrum,NCT00128479;NCT00128505;NCT00130676;NCT00146523;NCT00208156;NCT00637494;NCT00725270;NCT05217758,PHASE2;PHASE2|PHASE3;PHASE3,,,,8,12.15
164b49899669e989f1a8,automatic_phase2_3,psychiatric_mood,162,Depressive Disorder,D003866,797,milnacipran,DB04896,SLC6A4; SLC6A2,6532; 6530,30452;39031,phase2_3_registry_match,broader_narrower_depressive_spectrum,NCT00225511;NCT02783430,PHASE2|PHASE3;PHASE3,,,,2,15.855
ac93e9842ecfdef097b4,automatic_phase2_3,psychiatric_mood,162,Depressive Disorder,D003866,146,mirtazapine,DB00370,DRD2; HTR2A; SLC6A4; ADRB1; DRD1; HTR2C; SLC6A3; DRD3; ADRA2A; SLC6A2; HTR7; 1816; HTR3A,1813; 3356; 6532; 153; 1812; 3358; 6531; 1814; 150; 6530; 3363; 1816; 3359,226;5033;17616;18030;22699;23922;27862;30168;32375;38516;38814;43155;46276,phase2_3_registry_match,broader_narrower_depressive_spectrum,NCT00080158;NCT00249444;NCT00322309;NCT02185131;NCT02374567;NCT02646449;NCT02650544;NCT03852160;NCT06309472,PHASE2;PHASE2|PHASE3;PHASE3,,,,9,8.069
ec7832089d84200e54ec,automatic_phase2_3,psychiatric_mood,162,Depressive Disorder,D003866,374,modafinil,DB00745,SLC6A3,6531,24051,phase2_3_registry_match,broader_narrower_depressive_spectrum,NCT00215176;NCT03620253;NCT04317001;NCT07263022,PHASE2|PHASE3;PHASE3,,,,4,18.775
b84ebbe34c9033ab7211,automatic_phase2_3,psychiatric_mood,162,Depressive Disorder,D003866,350,naltrexone,DB00704,OPRM1; OPRK1,4988; 4986,16043;28805,phase2_3_registry_match,broader_narrower_depressive_spectrum,NCT00338962;NCT01874951,PHASE2;PHASE3,,,,2,19.924
19ea2c899701e5af8461,automatic_phase2_3,psychiatric_mood,162,Depressive Disorder,D003866,124,olanzapine,DB00334,CHRM2; HTR2A; ADRB1; HTR1A; HTR2C; DRD1; ADRA2A; GABRB3; DRD3; HTR1B; HTR1D; 1816; DRD4; HTR3A,1129; 3356; 153; 3350; 3358; 1812; 150; 2562; 1814; 3351; 3352; 1816; 1815; 3359,198;5021;9918;17604;19449;22675;24625;27847;29363;29916;32360;35524;43141;46269,phase2_3_registry_match,broader_narrower_depressive_spectrum,NCT00035321;NCT00056472;NCT00273624;NCT00510146;NCT00568672;NCT01282632;NCT01687478;NCT02374567;NCT05814640,PHASE1|PHASE2;PHASE3,,,,9,7.55
6f8b0d32a81e380647dc,automatic_phase2_3,psychiatric_mood,162,Depressive Disorder,D003866,436,oxazepam,DB00842,GABRA3; GABRB3,2556; 2562,24768;37882,phase2_3_registry_match,broader_narrower_depressive_spectrum,NCT02374567,PHASE3,,,,1,17.706
3aae284631ae1002c8a9,automatic_phase2_3,psychiatric_mood,162,Depressive Disorder,D003866,707,paliperidone,DB01267,DRD2; HTR2A; HTR1A; HTR2C; DRD1; ADRA2A; DRD3; HTR1D; HTR7; DRD4,1813; 3356; 3350; 3358; 1812; 150; 1814; 3352; 3363; 1815,5267;17771;18764;19607;23237;28125;29621;30011;32609;38619,phase2_3_registry_match,broader_narrower_depressive_spectrum,NCT02374567,PHASE3,,,,1,7.501
8efb1ebda496a39b1432,automatic_phase2_3,psychiatric_mood,162,Depressive Disorder,D003866,111,paracetamol,DB00316,PTGS2,5743,10483,phase2_3_registry_match,broader_narrower_depressive_spectrum,NCT04028596,PHASE2,,,,1,4.903
e9471c9b8d3177670022,automatic_phase2_3,psychiatric_mood,162,Depressive Disorder,D003866,415,pentoxifylline,DB00806,TNF; PDE4B; PDE4D; PDE4A,7124; 5142; 5144; 5141,6061;13895;25906;36554,phase2_3_registry_match,broader_narrower_depressive_spectrum,NCT01625845;NCT05324735,PHASE1|PHASE2;PHASE2,,,,2,11.101
e7432b2000870a233aa6,automatic_phase2_3,psychiatric_mood,162,Depressive Disorder,D003866,442,perphenazine,DB00850,DRD2; HTR2A; DRD1; HTR2C; HTR7,1813; 3356; 1812; 3358; 3363,5168;18426;23004;28027;38581,phase2_3_registry_match,broader_narrower_depressive_spectrum,NCT02374567,PHASE3,,,,1,7.261
2ef0159fc4e506342c35,automatic_phase2_3,psychiatric_mood,162,Depressive Disorder,D003866,595,pimozide,DB01100,DRD2; HTR2A; DRD1; HTR1A; DRD3; DRD4; 1816,1813; 3356; 1812; 3350; 1814; 1815; 1816,17723;18587;19563;23111;28069;29557;46340,phase2_3_registry_match,broader_narrower_depressive_spectrum,NCT02374567,PHASE3,,,,1,7.119
96881d08e0b9193babeb,automatic_phase2_3,psychiatric_mood,162,Depressive Disorder,D003866,506,pindolol,DB00960,HTR2A; ADRB1; HTR1A; HTR1B,3356; 153; 3350; 3351,372;10041;23070;29524,phase2_3_registry_match,broader_narrower_depressive_spectrum,NCT00931775,PHASE2,,,,1,8.885
d9d8cb8495ce8adffb4e,automatic_phase2_3,psychiatric_mood,162,Depressive Disorder,D003866,617,pioglitazone,DB01132,MAOB,4129,41040,phase2_3_registry_match,broader_narrower_depressive_spectrum,NCT00671515,PHASE2,,,,1,25.729
947d5d46ae3d71d3cdf9,automatic_phase2_3,psychiatric_mood,162,Depressive Disorder,D003866,1225,pipamperone,DB09286,DRD2; HTR2A; DRD1; HTR1A; ADRA2A; DRD3; HTR1B,1813; 3356; 1812; 3350; 150; 1814; 3351,10156;17863;19270;23614;28207;29823;32715,phase2_3_registry_match,broader_narrower_depressive_spectrum,NCT01312922;NCT02374567,PHASE3,,,,2,8.907
748dec4bf8acbeb99485,automatic_phase2_3,psychiatric_mood,162,Depressive Disorder,D003866,174,pramipexole,DB00413,HTR2A; HTR1A; ADRA2A; DRD1; HTR2C; HTR1B; HTR1D; DRD4,3356; 3350; 150; 1812; 3358; 3351; 3352; 1815,5047;9940;19468;22724;27887;29385;29928;32392,phase2_3_registry_match,broader_narrower_depressive_spectrum,NCT00086307;NCT05355337;NCT05825235,PHASE2;PHASE3,,,,3,9.264
83ed50195d3806a0af6a,automatic_phase2_3,psychiatric_mood,162,Depressive Disorder,D003866,62,pregabalin,DB00230,CACNA1C,775,720,phase2_3_registry_match,broader_narrower_depressive_spectrum,NCT02374567,PHASE3,,,,1,22.16
fdfd1f0c2d845a0ca7df,automatic_phase2_3,psychiatric_mood,162,Depressive Disorder,D003866,163,progesterone,DB00396,ESR1; AR; NR3C1; OPRK1; 4306,2099; 367; 2908; 4986; 4306,1389;2784;5414;16012;44846,phase2_3_registry_match,broader_narrower_depressive_spectrum,NCT00001481,PHASE2,,,,1,8.722
4848bc30fa825d22132a,automatic_phase2_3,psychiatric_mood,162,Depressive Disorder,D003866,579,promethazine,DB01069,DRD2; HTR2A; CHRM2,1813; 3356; 1129,18569;23098;35747,phase2_3_registry_match,broader_narrower_depressive_spectrum,NCT02374567,PHASE3,,,,1,7.009
b0a3d2a7f99e955e3971,automatic_phase2_3,psychiatric_mood,162,Depressive Disorder,D003866,1091,propofol,DB00818,GABRA3,2556,38042,phase2_3_registry_match,broader_narrower_depressive_spectrum,NCT03684447;NCT06867549;NCT07479550,PHASE2;PHASE2|PHASE3,,,,3,18.478
0704f6615607ee771a96,automatic_phase2_3,psychiatric_mood,162,Depressive Disorder,D003866,677,quetiapine,DB01224,HTR2A; DRD2; CHRM2; HTR1A; HTR2C; ADRA2A; DRD1; SLC6A2; HTR1D; HTR7; DRD4; HTR3A,3356; 1813; 1129; 3350; 3358; 150; 1812; 6530; 3352; 3363; 1815; 3359,5241;18676;19587;23190;28096;29607;30004;32599;35786;38609;38991;43228,phase2_3_registry_match,broader_narrower_depressive_spectrum,NCT00174603;NCT00351910;NCT00388973;NCT00681668;NCT00751504;NCT00953108;NCT02374567;NCT02720198;NCT04521478;NCT05603104;NCT05973786,PHASE2;PHASE3,,,,11,7.573
b9901165d43596ec37fe,automatic_phase2_3,psychiatric_mood,162,Depressive Disorder,D003866,367,risperidone,DB00734,DRD2; HTR2A; HTR1A; HTR2C; ADRA2A; DRD3; HTR1B; HTR7; HTR1D,1813; 3356; 3350; 3358; 150; 1814; 3351; 3363; 3352,5155;9995;17695;18392;22952;29492;29961;32492;38570,phase2_3_registry_match,broader_narrower_depressive_spectrum,NCT00044681;NCT00095134;NCT00174577;NCT00174590;NCT00206765;NCT00640562;NCT01282632;NCT02374567,PHASE1|PHASE2;PHASE2;PHASE3,,,,8,7.006
e45428fcdb0c44157f10,automatic_phase2_3,psychiatric_mood,162,Depressive Disorder,D003866,771,roflumilast,DB01656,PDE4B,5142,36613,phase2_3_registry_match,broader_narrower_depressive_spectrum,NCT06860958,PHASE3,,,,1,32.892
4ace4c433a1f081caad3,automatic_phase2_3,psychiatric_mood,162,Depressive Disorder,D003866,376,scopolamine,DB00747,CHRM2; CHRNA4,1129; 1137,33054;35672,phase2_3_registry_match,broader_narrower_depressive_spectrum,NCT00369915;NCT01312844;NCT04211961,PHASE2,,,,3,10.64
16ac5f968d32b915dee5,automatic_phase2_3,psychiatric_mood,162,Depressive Disorder,D003866,1244,taurine,DB01956,GABRA3; GABRB3; GABRA6,2556; 2562; 2559,24925;38058;38196,phase2_3_registry_match,broader_narrower_depressive_spectrum,NCT00217165,PHASE2,,,,1,19.027
3dc03113ae63cbdc9170,automatic_phase2_3,psychiatric_mood,162,Depressive Disorder,D003866,297,testosterone,DB00624,ESR1; AR; 4306,2099; 367; 4306,1491;5476;44891,phase2_3_registry_match,broader_narrower_depressive_spectrum,NCT01121211,PHASE2,,,,1,11.229
7f249cec43f1b727afad,automatic_phase2_3,psychiatric_mood,162,Depressive Disorder,D003866,86,topiramate,DB00273,GABRA3; GABRA6; GABRB3; GRIA1,2556; 2559; 2562; 2890,7818;24607;37726;38088,phase2_3_registry_match,broader_narrower_depressive_spectrum,NCT02374567,PHASE3,,,,1,9.262
32dd4e72a8df57e0b3b0,automatic_phase2_3,psychiatric_mood,162,Depressive Disorder,D003866,380,tranylcypromine,DB00752,MAOB; MAOA,4129; 4128,37174;40999,phase2_3_registry_match,broader_narrower_depressive_spectrum,NCT02374567,PHASE3,,,,1,26.881
3ecfa239e9890398055e,automatic_phase2_3,psychiatric_mood,162,Depressive Disorder,D003866,319,trazodone,DB00656,HTR2A; HTR1A; SLC6A4; ADRA2A; HTR2C,3356; 3350; 6532; 150; 3358,5124;22888;29450;30278;32452,phase2_3_registry_match,broader_narrower_depressive_spectrum,NCT01524497;NCT02086929;NCT02374567;NCT04082806,PHASE2;PHASE2|PHASE3;PHASE3,,,,4,10.086
f8c1efcd34160ef90282,automatic_phase2_3,psychiatric_mood,162,Depressive Disorder,D003866,95,venlafaxine,DB00285,SLC6A4; SLC6A3; SLC6A2,6532; 6531; 6530,23893;30127;38789,phase2_3_registry_match,broader_narrower_depressive_spectrum,NCT00018902;NCT00043550;NCT00080158;NCT00086190;NCT00131456;NCT00351910;NCT00435279;NCT00448058;NCT00584974;NCT01557712;NCT02086929;NCT02263248;NCT02374567;NCT05104918;NCT05603104;NCT05724849;NCT05973786,PHASE1|PHASE2;PHASE2;PHASE2|PHASE3;PHASE3,,,,17,14.824
0877027158f83972c972,automatic_phase2_3,psychiatric_mood,162,Depressive Disorder,D003866,849,vilazodone,DB06684,DRD2; HTR1A; SLC6A4; DRD3,1813; 3350; 6532; 1814,17812;18961;29701;30483,phase2_3_registry_match,broader_narrower_depressive_spectrum,NCT00285376;NCT00290914;NCT00644358;NCT00683592;NCT01742832;NCT01878292;NCT02015546;NCT02372799;NCT02436239,PHASE2;PHASE3,,,,9,9.826
a8c0d8b828a54d83550d,automatic_phase2_3,psychiatric_mood,162,Depressive Disorder,D003866,922,vortioxetine,DB09068,HTR2A; HTR1A; ADRB1; HTR2C; SLC6A4; HTR1B; HTR7,3356; 3350; 153; 3358; 6532; 3351; 3363,600;5307;10108;23428;29723;30534;38645,phase2_3_registry_match,broader_narrower_depressive_spectrum,NCT00672620;NCT00672958;NCT00707980;NCT00735709;NCT01152996;NCT01153009;NCT01163266;NCT01179516;NCT01255787;NCT01355081;NCT01491035;NCT02389816;NCT02845349;NCT02871297;NCT03053362;NCT03108625;NCT03485274;NCT03598868;NCT03855865;NCT04498897;NCT05014919;NCT05104918;NCT05814640,PHASE1|PHASE2;PHASE2;PHASE2|PHASE3;PHASE3,,,,23,10.381
483fdd3482ac687bf8a2,automatic_phase2_3,psychiatric_mood,162,Depressive Disorder,D003866,74,ziprasidone,DB00246,HTR2A; CHRM2; DRD2; HTR1A; SLC6A4; HTR2C; DRD1; ADRA2A; DRD3; HTR1B; HTR7; HTR1D; 1816; HTR3A,3356; 1129; 1813; 3350; 6532; 3358; 1812; 150; 1814; 3351; 3363; 3352; 1816; 3359,4993;9873;17583;17927;22625;27822;29323;29888;30119;32332;35499;38484;43138;46258,phase2_3_registry_match,broader_narrower_depressive_spectrum,NCT00421954;NCT00483548;NCT00555997;NCT00633399;NCT02374567,PHASE2;PHASE3,,,,5,8.35
aa6d589e4c9a1acb261e,automatic_phase2_3,psychiatric_mood,162,Depressive Disorder,D003866,184,zolpidem,DB00425,GABRA3; GABRB3,2556; 2562,24668;37789,phase2_3_registry_match,broader_narrower_depressive_spectrum,NCT02374567,PHASE3,,,,1,21.813
0ec90f25595ade9ce30c,automatic_phase2_3,psychiatric_mood,162,Depressive Disorder,D003866,1260,zuclopenthixol,DB01624,DRD2; HTR2A; ADRA2A; DRD1; 1816,1813; 3356; 150; 1812; 1816,19380;23681;28258;32726;46389,phase2_3_registry_match,broader_narrower_depressive_spectrum,NCT02374567,PHASE3,,,,1,8.054
0b6e90823e26241bd2b2,automatic_phase2_3,psychiatric_mood,161,"Depressive Disorder, Major",D003865,1018,Dehydroepiandrosterone,DB01708,ESR2,2100,6436,phase2_3_registry_match,broader_narrower_depressive_spectrum,NCT00001487,PHASE2,,,,1,17.294
ddf75a3c8844282064ac,automatic_phase2_3,psychiatric_mood,161,"Depressive Disorder, Major",D003865,159,SULPIRIDE,DB00391,DRD2; DRD3,1813; 1814,17623;18047,phase2_3_registry_match,broader_narrower_depressive_spectrum,NCT02374567,PHASE3,,,,1,5.328
7ccbfeae030b9887bc1e,automatic_phase2_3,psychiatric_mood,161,"Depressive Disorder, Major",D003865,814,Sertindole,DB06144,DRD2; HTR2A; HTR2C; ADRA1A,1813; 3356; 3358; 148,5280;18908;23340;44643,phase2_3_registry_match,broader_narrower_depressive_spectrum,NCT02374567,PHASE3,,,,1,4.592
d2373fcd04bb239946b6,automatic_phase2_3,psychiatric_mood,161,"Depressive Disorder, Major",D003865,1263,Thioridazine,DB00679,DRD2; HTR2A; ADRA1A,1813; 3356; 148,19396;23692;44722,phase2_3_registry_match,broader_narrower_depressive_spectrum,NCT02374567,PHASE3,,,,1,5.967
8f8fdd245fd932ed21a7,automatic_phase2_3,psychiatric_mood,161,"Depressive Disorder, Major",D003865,115,amitriptyline,DB00321,CHRM3; HTR2A; HTR1A; ADRA1A; SLC6A4; HTR2C; SLC6A2; HTR1B,1131; 3356; 3350; 148; 6532; 3358; 6530; 3351,5014;9911;21205;22662;29355;30148;38802;44423,phase2_3_registry_match,broader_narrower_depressive_spectrum,NCT00351910;NCT01049347;NCT02014363;NCT02374567,PHASE2;PHASE3,,,,4,6.063
83e9bec649a64111a392,automatic_phase2_3,psychiatric_mood,161,"Depressive Disorder, Major",D003865,152,amlodipine,DB00381,CACNA1C,775,748,phase2_3_registry_match,broader_narrower_depressive_spectrum,NCT01557153,PHASE3,,,,1,17.338
75591bacc1ced0262beb,automatic_phase2_3,psychiatric_mood,161,"Depressive Disorder, Major",D003865,686,aripiprazole,DB01238,DRD2; HTR2A; CHRM3; HTR1A; ADRA1A; DRD3; HTR2C; DRD4; HTR3A,1813; 3356; 1131; 3350; 148; 1814; 3358; 1815; 3359,5246;17759;18729;19600;21681;23201;29613;43237;44611,phase2_3_registry_match,broader_narrower_depressive_spectrum,NCT00276978;NCT00556140;NCT01111539;NCT01111552;NCT01111565;NCT01123707;NCT01386086;NCT01655706;NCT02374567;NCT05814640,PHASE1|PHASE2;PHASE3,,,,10,4.198
3ebfdadd5b5b8ddb0e8b,automatic_phase2_3,psychiatric_mood,161,"Depressive Disorder, Major",D003865,826,asenapine,DB06216,DRD2; HTR2A; HTR1A; ADRA1A; HTR2C; DRD3; HTR1B; DRD4,1813; 3356; 3350; 148; 3358; 1814; 3351; 1815,5294;10101;17806;18944;19628;23366;29694;44649,phase2_3_registry_match,broader_narrower_depressive_spectrum,NCT01807741,PHASE2,,,,1,4.474
0a218ada09aa42a2e904,automatic_phase2_3,psychiatric_mood,161,"Depressive Disorder, Major",D003865,496,aspirin,DB00945,PTGS2,5743,11697,phase2_3_registry_match,broader_narrower_depressive_spectrum,NCT01429272,PHASE3,,,,1,2.398
2086ba372427ed33d277,automatic_phase2_3,psychiatric_mood,161,"Depressive Disorder, Major",D003865,1180,benperidol,DB12867,DRD2,1813,19159,phase2_3_registry_match,broader_narrower_depressive_spectrum,NCT02374567,PHASE3,,,,1,6.683
d80493dfd40cbd5a2783,automatic_phase2_3,psychiatric_mood,161,"Depressive Disorder, Major",D003865,418,biperiden,DB00810,CHRM3,1131,21541,phase2_3_registry_match,broader_narrower_depressive_spectrum,NCT02374567,PHASE3,,,,1,7.954
b0b49e3e3ffed2ecccde,automatic_phase2_3,psychiatric_mood,161,"Depressive Disorder, Major",D003865,1183,bromperidol,DB12401,DRD2,1813,19196,phase2_3_registry_match,broader_narrower_depressive_spectrum,NCT02374567,PHASE3,,,,1,5.798
940209b2e904432d41e3,automatic_phase2_3,psychiatric_mood,161,"Depressive Disorder, Major",D003865,813,cariprazine,DB06016,DRD2; HTR2A; HTR1A; DRD3,1813; 3356; 3350; 1814,17792;18890;23327;29678,phase2_3_registry_match,broader_narrower_depressive_spectrum,NCT00852202;NCT01396447;NCT01469377;NCT01715805;NCT01838876;NCT02670538;NCT02670551;NCT03573297;NCT03738215;NCT03739203;NCT04777357,PHASE2;PHASE3,,,,11,6.26
0d652e245046d28305ff,automatic_phase2_3,psychiatric_mood,161,"Depressive Disorder, Major",D003865,218,celecoxib,DB00482,PTGS2,5743,10787,phase2_3_registry_match,broader_narrower_depressive_spectrum,NCT02703363;NCT02726659;NCT05644301,PHASE3,,,,3,6.16
65d9a4b80cfaae6639a8,automatic_phase2_3,psychiatric_mood,161,"Depressive Disorder, Major",D003865,687,chlorprothixene,DB01239,DRD2; HTR2A; CHRM3; DRD3; HTR2C,1813; 3356; 1131; 1814; 3358,5252;17764;18746;21691;23212,phase2_3_registry_match,broader_narrower_depressive_spectrum,NCT02374567,PHASE3,,,,1,4.829
659362fcc0493e1fb186,automatic_phase2_3,psychiatric_mood,161,"Depressive Disorder, Major",D003865,690,clomipramine,DB01242,HTR2A; SLC6A4; HTR2C; SLC6A2,3356; 6532; 3358; 6530,5258;23223;30429;38995,phase2_3_registry_match,broader_narrower_depressive_spectrum,NCT02374567,PHASE3,,,,1,5.652
410cf72b2b01e6cbba3b,automatic_phase2_3,psychiatric_mood,161,"Depressive Disorder, Major",D003865,141,clozapine,DB00363,DRD2; CHRM3; HTR2A; HTR1A; DRD3; HTR2C; ADRA1A; HTR1B; HTR3A,1813; 1131; 3356; 3350; 1814; 3358; 148; 3351; 3359,5026;9924;17609;18012;21236;22686;29369;43150;44428,phase2_3_registry_match,broader_narrower_depressive_spectrum,NCT02374567;NCT05603104,PHASE3,,,,2,4.728
318c83ff461d5047bc9c,automatic_phase2_3,psychiatric_mood,161,"Depressive Disorder, Major",D003865,241,cyclophosphamide,DB00531,CYP2D6; CYP2C19,1565; 1557,33159;40234,phase2_3_registry_match,broader_narrower_depressive_spectrum,NCT00424203,PHASE2,,,,1,31.125
48923d3731360105e864,automatic_phase2_3,psychiatric_mood,161,"Depressive Disorder, Major",D003865,628,desipramine,DB01151,DRD2; CHRM3; HTR2A; HTR1A; ADRA1A; SLC6A4; SLC6A2; HTR2C,1813; 1131; 3356; 3350; 148; 6532; 6530; 3358,5210;18621;21649;23149;29580;30399;38960;44590,phase2_3_registry_match,broader_narrower_depressive_spectrum,NCT00329147;NCT00338962;NCT00366652,PHASE3,,,,3,3.798
88e78091b6402cffd9fa,automatic_phase2_3,psychiatric_mood,161,"Depressive Disorder, Major",D003865,274,diclofenac,DB00586,PTGS2,5743,11030,phase2_3_registry_match,broader_narrower_depressive_spectrum,NCT01413854,PHASE1|PHASE2,,,,1,4.398
8358fa67bc531dc3e5cd,automatic_phase2_3,psychiatric_mood,161,"Depressive Disorder, Major",D003865,437,donepezil,DB00843,HTR2A,3356,22989,phase2_3_registry_match,broader_narrower_depressive_spectrum,NCT02374567,PHASE3,,,,1,9.829
e118d5524e647081fe49,automatic_phase2_3,psychiatric_mood,161,"Depressive Disorder, Major",D003865,623,doxepin,DB01142,DRD2; HTR2A; CHRM3; HTR1A; SLC6A4; ADRA1A; SLC6A2; HTR2C,1813; 3356; 1131; 3350; 6532; 148; 6530; 3358,5197;18604;21639;23124;29565;30380;38949;44584,phase2_3_registry_match,broader_narrower_depressive_spectrum,NCT02374567,PHASE3,,,,1,3.983
86e04359aaeb3585e220,automatic_phase2_3,psychiatric_mood,161,"Depressive Disorder, Major",D003865,400,estradiol,DB00783,ESR2,2100,6338,phase2_3_registry_match,broader_narrower_depressive_spectrum,NCT00001481;NCT01126801;NCT01308814;NCT03689543,PHASE2;PHASE2|PHASE3,,,,4,18.25
cf94f7b17957a52c73b4,automatic_phase2_3,psychiatric_mood,161,"Depressive Disorder, Major",D003865,460,flupentixol,DB00875,DRD2; HTR2A; ADRA1A; DRD3,1813; 3356; 148; 1814,17699;18443;23016;44549,phase2_3_registry_match,broader_narrower_depressive_spectrum,NCT02374567,PHASE3,,,,1,5.654
8fc8fb9f6ee9183a27b8,automatic_phase2_3,psychiatric_mood,161,"Depressive Disorder, Major",D003865,296,fluphenazine,DB00623,DRD2; HTR2A; HTR2C,1813; 3356; 3358,5117;18299;22875,phase2_3_registry_match,broader_narrower_depressive_spectrum,NCT02374567,PHASE3,,,,1,4.211
873a9148104e0f54abf0,automatic_phase2_3,psychiatric_mood,161,"Depressive Disorder, Major",D003865,785,fluspirilene,DB04842,DRD2; HTR2A; HTR1A,1813; 3356; 3350,18835;23288;29653,phase2_3_registry_match,broader_narrower_depressive_spectrum,NCT02374567,PHASE3,,,,1,6.112
96e4541599e2ee4f24ef,automatic_phase2_3,psychiatric_mood,161,"Depressive Disorder, Major",D003865,27,fluvoxamine,DB00176,SLC6A4,6532,30065,phase2_3_registry_match,broader_narrower_depressive_spectrum,NCT02374567;NCT04160377,PHASE2;PHASE3,,,,2,11.43
cfb79e0d10977fc3f5cd,automatic_phase2_3,psychiatric_mood,161,"Depressive Disorder, Major",D003865,535,gabapentin,DB00996,CACNA1C,775,840,phase2_3_registry_match,broader_narrower_depressive_spectrum,NCT00654953;NCT02374567,PHASE2;PHASE3,,,,2,13.921
daca720e1fbeb0dc0d8b,automatic_phase2_3,psychiatric_mood,161,"Depressive Disorder, Major",D003865,229,haloperidol,DB00502,DRD2; HTR2A; HTR1A; DRD3; DRD4,1813; 3356; 3350; 1814; 1815,17665;18171;19495;22798;29409,phase2_3_registry_match,broader_narrower_depressive_spectrum,NCT02374567,PHASE3,,,,1,3.71
eb518afb4121806f60fe,automatic_phase2_3,psychiatric_mood,161,"Depressive Disorder, Major",D003865,567,ibuprofen,DB01050,PTGS2,5743,12063,phase2_3_registry_match,broader_narrower_depressive_spectrum,NCT02507219,PHASE2|PHASE3,,,,1,3.986
4a4f55c3bc484557b75f,automatic_phase2_3,psychiatric_mood,161,"Depressive Disorder, Major",D003865,204,imipramine,DB00458,DRD2; CHRM3; HTR2A; HTR1A; ADRA1A; SLC6A4; SLC6A2; HTR2C,1813; 1131; 3356; 3350; 148; 6532; 6530; 3358,5069;18136;21334;22762;29393;30209;38839;44455,phase2_3_registry_match,broader_narrower_depressive_spectrum,NCT00296725;NCT02374567,PHASE1|PHASE2;PHASE3,,,,2,3.429
09a61f9c1cfe10648733,automatic_phase2_3,psychiatric_mood,161,"Depressive Disorder, Major",D003865,259,lamotrigine,DB00555,DRD2; HTR2A; ADRA1A,1813; 3356; 148,18244;22837;44470,phase2_3_registry_match,broader_narrower_depressive_spectrum,NCT00224510;NCT00475137;NCT00652171;NCT01042496;NCT02374567,PHASE2;PHASE3,,,,5,3.126
67b5982831623a34f977,automatic_phase2_3,psychiatric_mood,161,"Depressive Disorder, Major",D003865,1214,levomepromazine,DB01403,DRD2; HTR2A; CHRM3; HTR2C; ADRA1A; DRD3; DRD4,1813; 3356; 1131; 3358; 148; 1814; 1815,5369;17856;19252;19656;21865;23601;44708,phase2_3_registry_match,broader_narrower_depressive_spectrum,NCT02374567,PHASE3,,,,1,3.871
7a0221a906093ebce243,automatic_phase2_3,psychiatric_mood,161,"Depressive Disorder, Major",D003865,876,lurasidone,DB08815,DRD2; HTR2A; HTR1A,1813; 3356; 3350,18979;23391;29709,phase2_3_registry_match,broader_narrower_depressive_spectrum,NCT00868699;NCT00868959;NCT01284517;NCT01421134;NCT01423253;NCT02046369,PHASE3,,,,6,4.101
3d07ac8eeeabb2c0ccb4,automatic_phase2_3,psychiatric_mood,161,"Depressive Disorder, Major",D003865,490,maprotiline,DB00934,DRD2; HTR2A; CHRM3; ADRA1A; HTR2C; SLC6A2,1813; 3356; 1131; 148; 3358; 6530,5174;18496;21563;23056;38915;44560,phase2_3_registry_match,broader_narrower_depressive_spectrum,NCT02374567,PHASE3,,,,1,3.432
0e5473be480f07bb6f98,automatic_phase2_3,psychiatric_mood,161,"Depressive Disorder, Major",D003865,1061,memantine,DB01043,DRD2; HTR3A,1813; 3359,19047;43263,phase2_3_registry_match,broader_narrower_depressive_spectrum,NCT01876823;NCT02374567,PHASE2|PHASE3;PHASE3,,,,2,6.532
e14b783b64d36df5b0a2,automatic_phase2_3,psychiatric_mood,161,"Depressive Disorder, Major",D003865,181,methylphenidate,DB00422,SLC6A4; SLC6A2,6532; 6530,30187;38825,phase2_3_registry_match,broader_narrower_depressive_spectrum,NCT00246233;NCT01497548;NCT05474846,PHASE2|PHASE3;PHASE3,,,,3,12.615
b635fb093604c761c4f5,automatic_phase2_3,psychiatric_mood,161,"Depressive Disorder, Major",D003865,430,mifepristone,DB00834,NR3C1,2908,2963,phase2_3_registry_match,broader_narrower_depressive_spectrum,NCT00128479;NCT00128505;NCT00130676;NCT00146523;NCT00208156;NCT00637494;NCT00725270;NCT05217758,PHASE2;PHASE2|PHASE3;PHASE3,,,,8,9.326
78bbadaf1947b489d29d,automatic_phase2_3,psychiatric_mood,161,"Depressive Disorder, Major",D003865,797,milnacipran,DB04896,SLC6A4; SLC6A2,6532; 6530,30451;39030,phase2_3_registry_match,broader_narrower_depressive_spectrum,NCT00225511;NCT02783430,PHASE2|PHASE3;PHASE3,,,,2,12.346
b332e9a99eeff43c7a5b,automatic_phase2_3,psychiatric_mood,161,"Depressive Disorder, Major",D003865,547,minocycline,DB01017,VEGFA,7422,22114,phase2_3_registry_match,broader_narrower_depressive_spectrum,NCT01403662;NCT01429272;NCT01809340;NCT02456948;NCT02703363;NCT03947827;NCT06207760,PHASE2;PHASE3,,,,7,46.422
f1cb5a928102e530f5c6,automatic_phase2_3,psychiatric_mood,161,"Depressive Disorder, Major",D003865,638,moclobemide,DB01171,MAOB; MAOA,4129; 4128,37230;41069,phase2_3_registry_match,broader_narrower_depressive_spectrum,NCT02374567,PHASE3,,,,1,18.092
f6dc800836086cec4df8,automatic_phase2_3,psychiatric_mood,161,"Depressive Disorder, Major",D003865,1071,nicergoline,DB00699,ADRA1A,148,44688,phase2_3_registry_match,broader_narrower_depressive_spectrum,NCT02374567,PHASE3,,,,1,10.905
bcff103b4df786da6db1,automatic_phase2_3,psychiatric_mood,161,"Depressive Disorder, Major",D003865,245,nortriptyline,DB00540,DRD2; CHRM3; HTR2A; HTR1A; SLC6A4; SLC6A2; ADRA1A; HTR2C; ADRB3,1813; 1131; 3356; 3350; 6532; 6530; 148; 3358; 155,5095;18208;21378;22811;27188;29417;30247;38858;44462,phase2_3_registry_match,broader_narrower_depressive_spectrum,NCT00062738;NCT02374567;NCT03652870,PHASE2;PHASE3,,,,3,3.858
f447047db01b3a25da73,automatic_phase2_3,psychiatric_mood,161,"Depressive Disorder, Major",D003865,707,paliperidone,DB01267,DRD2; HTR2A; HTR1A; ADRA1A; DRD3; HTR2C; DRD4; CYP2D6,1813; 3356; 3350; 148; 1814; 3358; 1815; 1565,5266;17770;18763;19606;23236;29620;40254;44617,phase2_3_registry_match,broader_narrower_depressive_spectrum,NCT02374567,PHASE3,,,,1,3.874
67eb15d34fa22a4a2009,automatic_phase2_3,psychiatric_mood,161,"Depressive Disorder, Major",D003865,111,paracetamol,DB00316,PTGS2,5743,10482,phase2_3_registry_match,broader_narrower_depressive_spectrum,NCT04028596,PHASE2,,,,1,5.249
06e9060af6e0cff9b5a0,automatic_phase2_3,psychiatric_mood,161,"Depressive Disorder, Major",D003865,415,pentoxifylline,DB00806,TNF,7124,13894,phase2_3_registry_match,broader_narrower_depressive_spectrum,NCT01625845;NCT05324735,PHASE1|PHASE2;PHASE2,,,,2,5.778
2c6b4045475473a18bff,automatic_phase2_3,psychiatric_mood,161,"Depressive Disorder, Major",D003865,442,perphenazine,DB00850,DRD2; HTR2A; HTR2C,1813; 3356; 3358,5167;18425;23003,phase2_3_registry_match,broader_narrower_depressive_spectrum,NCT02374567,PHASE3,,,,1,4.17
093bcf7bdcf4cd7dcbcd,automatic_phase2_3,psychiatric_mood,161,"Depressive Disorder, Major",D003865,595,pimozide,DB01100,DRD2; HTR2A; HTR1A; DRD3,1813; 3356; 3350; 1814,17722;18586;23110;29556,phase2_3_registry_match,broader_narrower_depressive_spectrum,NCT02374567,PHASE3,,,,1,6.691
4a267c12052c7a16d5bb,automatic_phase2_3,psychiatric_mood,161,"Depressive Disorder, Major",D003865,506,pindolol,DB00960,HTR2A; HTR1A; HTR1B; ADRB3,3356; 3350; 3351; 155,10040;23069;27217;29523,phase2_3_registry_match,broader_narrower_depressive_spectrum,NCT00931775,PHASE2,,,,1,6.155
077db9e6fdc18b2ec2e0,automatic_phase2_3,psychiatric_mood,161,"Depressive Disorder, Major",D003865,617,pioglitazone,DB01132,MAOB,4129,41039,phase2_3_registry_match,broader_narrower_depressive_spectrum,NCT00671515,PHASE2,,,,1,18.711
c7abb247b3149a307887,automatic_phase2_3,psychiatric_mood,161,"Depressive Disorder, Major",D003865,1225,pipamperone,DB09286,DRD2; HTR2A; ADRA1A; HTR1A; DRD3,1813; 3356; 148; 3350; 1814,17862;19269;23613;29822;44710,phase2_3_registry_match,broader_narrower_depressive_spectrum,NCT01312922;NCT02374567,PHASE3,,,,2,5.131
0adc31c77a98c8e6ab55,automatic_phase2_3,psychiatric_mood,161,"Depressive Disorder, Major",D003865,174,pramipexole,DB00413,DRD2; HTR2A; HTR1A; HTR2C; DRD3; HTR1B; DRD4,1813; 3356; 3350; 3358; 1814; 3351; 1815,5046;9939;17636;18081;19467;22723;29384,phase2_3_registry_match,broader_narrower_depressive_spectrum,NCT00086307;NCT05355337;NCT05825235,PHASE2;PHASE3,,,,3,6.059
18569199381a51cc1f5c,automatic_phase2_3,psychiatric_mood,161,"Depressive Disorder, Major",D003865,62,pregabalin,DB00230,CACNA1C,775,719,phase2_3_registry_match,broader_narrower_depressive_spectrum,NCT02374567,PHASE3,,,,1,16.63
5f7141be46b072a5d3de,automatic_phase2_3,psychiatric_mood,161,"Depressive Disorder, Major",D003865,163,progesterone,DB00396,NR3C1; 4306,2908; 4306,2783;44845,phase2_3_registry_match,broader_narrower_depressive_spectrum,NCT00001481,PHASE2,,,,1,8.508
689eb24922280923d143,automatic_phase2_3,psychiatric_mood,161,"Depressive Disorder, Major",D003865,579,promethazine,DB01069,DRD2; HTR2A; CHRM3; ADRA1A,1813; 3356; 1131; 148,18568;21618;23097;44576,phase2_3_registry_match,broader_narrower_depressive_spectrum,NCT02374567,PHASE3,,,,1,4.569
a0582e56872aa1f4641e,automatic_phase2_3,psychiatric_mood,161,"Depressive Disorder, Major",D003865,677,quetiapine,DB01224,DRD2; CHRM3; HTR2A; HTR1A; ADRA1A; DRD3; HTR2C; SLC6A2; HTR1B; HTR3A,1813; 1131; 3356; 3350; 148; 1814; 3358; 6530; 3351; 3359,5240;10080;17745;18675;21660;23189;29606;38990;43227;44609,phase2_3_registry_match,broader_narrower_depressive_spectrum,NCT00174603;NCT00351910;NCT00388973;NCT00681668;NCT00751504;NCT00953108;NCT02374567;NCT02720198;NCT04521478;NCT05603104;NCT05973786,PHASE2;PHASE3,,,,11,4.037
1723aa8aa9ec8630a280,automatic_phase2_3,psychiatric_mood,161,"Depressive Disorder, Major",D003865,367,risperidone,DB00734,DRD2; HTR2A; HTR1A; ADRA1A; DRD3; HTR2C; HTR1B; DRD4,1813; 3356; 3350; 148; 1814; 3358; 3351; 1815,5154;9994;17694;18391;19525;22951;29491;44520,phase2_3_registry_match,broader_narrower_depressive_spectrum,NCT00044681;NCT00095134;NCT00174577;NCT00174590;NCT00206765;NCT00640562;NCT01282632;NCT02374567,PHASE1|PHASE2;PHASE2;PHASE3,,,,8,3.523
33cedda08025b1c432ba,automatic_phase2_3,psychiatric_mood,161,"Depressive Disorder, Major",D003865,376,scopolamine,DB00747,CHRM3,1131,21486,phase2_3_registry_match,broader_narrower_depressive_spectrum,NCT00369915;NCT01312844;NCT04211961,PHASE2,,,,3,4.649
32ab891c0733fb41dd2d,automatic_phase2_3,psychiatric_mood,161,"Depressive Disorder, Major",D003865,597,sertraline,DB01104,SLC6A4,6532,30348,phase2_3_registry_match,broader_narrower_depressive_spectrum,NCT00026637;NCT00043550;NCT00056472;NCT00078286;NCT00080158;NCT00143091;NCT00158990;NCT00179283;NCT00232167;NCT00232284;NCT00233103;NCT00275197;NCT00276900;NCT00276965;NCT00302068;NCT00351910;NCT00602355;NCT00636246;NCT00654953;NCT00857584;NCT00946998;NCT01033084;NCT01098318;NCT01360866;NCT01407094;NCT01703039;NCT02122393;NCT02374567;NCT02469545;NCT02565316;NCT02917122;NCT03414931;NCT03852160;NCT04476030;NCT04637620;NCT05603104;NCT05814640;NCT05950061;NCT05973786;NCT06408246;NCT06827431;NCT07645157,PHASE1|PHASE2;PHASE2;PHASE2|PHASE3;PHASE3,,,,42,10.106
4cf2b7f5dffa7afb292c,automatic_phase2_3,psychiatric_mood,161,"Depressive Disorder, Major",D003865,297,testosterone,DB00624,4306,4306,44890,phase2_3_registry_match,broader_narrower_depressive_spectrum,NCT01121211,PHASE2,,,,1,18.216
d95bb8185f724e0d1662,automatic_phase2_3,psychiatric_mood,161,"Depressive Disorder, Major",D003865,363,trimipramine,DB00726,DRD2; CHRM3; HTR2A; SLC6A4; HTR1A; ADRA1A; SLC6A2; HTR2C; HTR3A,1813; 1131; 3356; 6532; 3350; 148; 6530; 3358; 3359,5147;18373;21475;22938;29483;30307;38889;43186;44516,phase2_3_registry_match,broader_narrower_depressive_spectrum,NCT02374567,PHASE3,,,,1,4.636
49c1f8df53dbc30392f3,automatic_phase2_3,psychiatric_mood,161,"Depressive Disorder, Major",D003865,74,ziprasidone,DB00246,DRD2; HTR2A; CHRM3; HTR1A; SLC6A4; DRD3; HTR2C; HTR1B; ADRA1A; DRD4; HTR3A,1813; 3356; 1131; 3350; 6532; 1814; 3358; 3351; 148; 1815; 3359,4992;9872;17582;17926;19427;21184;22624;29322;30118;43137;44417,phase2_3_registry_match,broader_narrower_depressive_spectrum,NCT00421954;NCT00483548;NCT00555997;NCT00633399;NCT02374567,PHASE2;PHASE3,,,,5,4.182
627c40fef3f6ebe7262d,automatic_phase2_3,psychiatric_mood,161,"Depressive Disorder, Major",D003865,1260,zuclopenthixol,DB01624,DRD2; HTR2A; ADRA1A,1813; 3356; 148,19379;23680;44720,phase2_3_registry_match,broader_narrower_depressive_spectrum,NCT02374567,PHASE3,,,,1,4.124
8ccd5637da8187b566b5,manual_review,breast_oncology,6,Breast Neoplasms,D001943,1213,lasofoxifene,DB06202,ESR1,2099,2296,strong,broader_category,NCT01042379;NCT03781063,PHASE2,RECRUITING;COMPLETED,https://clinicaltrials.gov/study/NCT01042379;https://clinicaltrials.gov/study/NCT03781063,"Lasofoxifene is an active Phase II intervention in breast-cancer studies; the completed study concerns the narrower ER-positive, HER2-negative, ESR1-mutant subtype.",,7.568944844124701
e3206cb5a700c2f9e1c3,manual_review,neurological_seizure,112,Seizures,D012640,427,diazepam,DB00829,GABRA1; 2566; GABRB3; GABRA5; GABRD,2554; 2566; 2562; 2558; 2563,8350;24756;33823;43018;45254,strong,broader_category,NCT00004297;NCT00326612;NCT02904265,PHASE3;PHASE2;PHASE2|PHASE3,COMPLETED;TERMINATED,https://clinicaltrials.gov/study/NCT00004297;https://clinicaltrials.gov/study/NCT00326612;https://clinicaltrials.gov/study/NCT02904265,Diazepam is an active comparator or treatment in Phase II/III seizure-spectrum trials; status epilepticus and epilepsy are narrower seizure-spectrum conditions.,,8.573141486810552
a202c2e53faa42c33557,manual_review,prostate_oncology,2,Prostatic Neoplasms,D011471,267,propranolol,DB00571,ADRB2,154,26436,strong,exact_or_named_subtype,NCT05679193,PHASE2,COMPLETED,https://clinicaltrials.gov/study/NCT05679193,Propranolol is the active perioperative intervention in a Phase II prostate-cancer recurrence study that began in 2023.,,2.72674717368962
b5a4dc62ed1a9e89e2ad,manual_review,psychiatric_mood,162,Depressive Disorder,D003866,813,cariprazine,DB06016,DRD2; HTR2A; HTR1A; DRD3,1813; 3356; 3350; 1814,17793;18891;23328;29679,strong,broader_category,NCT01469377;NCT01715805;NCT03738215;NCT03739203,PHASE2;PHASE3,COMPLETED,https://clinicaltrials.gov/study/NCT01469377;https://clinicaltrials.gov/study/NCT01715805;https://clinicaltrials.gov/study/NCT03738215;https://clinicaltrials.gov/study/NCT03739203,MDD is a clinically narrower diagnosis within the broader MS Depressive Disorder node; cariprazine is the active adjunctive intervention in Phase II/III efficacy studies.,,9.92848578280233
