validation_pair_id,condition_group,drug_name,disease_label,method,candidate_count,best_candidate_index,best_gene_symbol,best_gene_entrez_id,selection_rule,median_rank_percentile,mean_rank_percentile,q1_rank_percentile,q3_rank_percentile,min_rank_percentile,max_rank_percentile,seed_0_rank_percentile,seed_10_rank_percentile,seed_20_rank_percentile,seed_30_rank_percentile,seed_40_rank_percentile,seed_50_rank_percentile,seed_60_rank_percentile,seed_70_rank_percentile,seed_80_rank_percentile,seed_90_rank_percentile
01604954dcf078d34dca,prostate_oncology,meloxicam,Prostatic Neoplasms,HANAMI,1,11438,PTGS2,5743,lowest ten-seed median rank percentile; ties by mean then index,5.238309352517986,6.670948955121617,1.9168593696471394,8.403991092840013,0.4539225762247345,19.084018499486124,19.084018499486124,8.483213429256594,8.16632408359027,1.672233641658102,2.6507365536142515,0.4539225762247345,1.1262418636519356,3.8883179170948954,14.596180198698184,6.588300787941075
01604954dcf078d34dca,prostate_oncology,meloxicam,Prostatic Neoplasms,TriMoGCL,1,11438,PTGS2,5743,lowest ten-seed median rank percentile; ties by mean then index,14.719295991778006,20.826267557382664,4.735675745118192,37.2066632408359,1.2204522096608428,49.45829051044878,24.301986981843097,3.7041795135320315,41.5082219938335,7.83016443987667,14.347807468311066,1.2204522096608428,49.45829051044878,2.907673860911271,47.89311408016444,15.090784515244946
01604954dcf078d34dca,prostate_oncology,meloxicam,Prostatic Neoplasms,TriNet,1,11438,PTGS2,5743,lowest ten-seed median rank percentile; ties by mean then index,52.44839842411785,44.502398081534764,24.0172147995889,58.819373072970194,14.028776978417266,71.22088043850634,32.43833504624872,48.42411784857828,59.02064063035286,58.2155704008222,20.041109969167522,14.028776978417266,56.47267899965742,71.22088043850634,63.95169578622816,21.21017471736896
01604954dcf078d34dca,prostate_oncology,meloxicam,Prostatic Neoplasms,N2V-MLP,1,11438,PTGS2,5743,lowest ten-seed median rank percentile; ties by mean then index,38.84785029119561,42.25419664268585,34.725612367249056,50.56900907845153,31.770298047276466,58.78939705378554,35.5686879068174,53.879753340185,55.85817060637204,33.89859540938678,38.51276121959575,31.770298047276466,34.44458718739294,39.18293936279548,58.78939705378554,40.63677629325111
01604954dcf078d34dca,prostate_oncology,meloxicam,Prostatic Neoplasms,RF,1,11438,PTGS2,5743,lowest ten-seed median rank percentile; ties by mean then index,44.12523552586502,41.43328194587187,30.892696557040082,52.56402021240151,14.37671291538198,72.71754025351147,45.395469338814664,32.92330421377184,47.316075710859884,56.61292394655704,30.215827338129497,14.37671291538198,54.31333504624872,42.85500171291538,72.71754025351147,17.606628982528264
01c197fb7e9ff00f43f8,cardiovascular_hypertensive,fluoxetine,Hypertension,HANAMI,1,39165,HTR2B,3357,lowest ten-seed median rank percentile; ties by mean then index,13.838215142171977,16.320443645083934,11.843739294278862,17.79933196300103,2.0726276121959577,37.80618362452895,11.532202809181227,12.778348749571771,17.94492977046934,17.362538540596095,24.665981500513876,14.59832134292566,2.0726276121959577,37.80618362452895,11.365193559438163,13.078108941418295
01c197fb7e9ff00f43f8,cardiovascular_hypertensive,fluoxetine,Hypertension,TriMoGCL,1,39165,HTR2B,3357,lowest ten-seed median rank percentile; ties by mean then index,10.336373758136348,12.490364850976361,3.081641829393628,13.470473621103118,0.7601062007536827,36.08042137718397,3.738437821171634,9.311836245289483,0.7601062007536827,11.360911270983214,32.53896882494005,13.17660157588215,2.8627098321342928,36.08042137718397,1.5052243919150394,13.568430969510107
01c197fb7e9ff00f43f8,cardiovascular_hypertensive,fluoxetine,Hypertension,TriNet,1,39165,HTR2B,3357,lowest ten-seed median rank percentile; ties by mean then index,1.734326824254882,2.214157245632066,0.47265758821514214,3.1699640287769784,0.02355258650222679,6.237153134635149,3.1731757451181912,0.19912641315519014,1.7557382665296335,4.440733127783488,3.16032887975334,1.2932511133949982,1.7129153819801302,0.14559780746831105,0.02355258650222679,6.237153134635149
01c197fb7e9ff00f43f8,cardiovascular_hypertensive,fluoxetine,Hypertension,N2V-MLP,1,39165,HTR2B,3357,lowest ten-seed median rank percentile; ties by mean then index,2.435551558752998,5.621574169236039,0.9843910585817062,9.599284857828023,0.13060979787598492,18.471651250428227,1.5287769784172662,11.435851318944843,1.8114080164439876,14.25787941075711,0.13060979787598492,18.471651250428227,4.089585474477561,3.0596951010620077,0.8029290853031861,0.6273552586502227
01c197fb7e9ff00f43f8,cardiovascular_hypertensive,fluoxetine,Hypertension,RF,1,39165,HTR2B,3357,lowest ten-seed median rank percentile; ties by mean then index,29.27961202466598,33.86348064405619,23.901860654333674,39.1722336416581,10.474477560808497,76.22152278177458,23.60504453579993,30.84746488523467,39.63900308324769,76.22152278177458,37.771925316889345,24.792309009934907,27.711759164097295,47.707905104487836,10.474477560808497,19.863394998287085
025341e0ca9d9a9b5b47,cardiovascular_hypertensive,testosterone,Heart Failure,HANAMI,1,44887,NR3C2,4306,lowest ten-seed median rank percentile; ties by mean then index,18.22327852004111,18.12414354230901,13.073291366906474,25.06316375471052,3.132494004796163,28.269527235354573,27.04479273723878,26.9484412470024,19.407331277834874,28.269527235354573,11.962572798903734,16.405447070914697,3.132494004796163,17.358256252141143,19.088300787941076,11.624272010962658
025341e0ca9d9a9b5b47,cardiovascular_hypertensive,testosterone,Heart Failure,TriMoGCL,1,44887,NR3C2,4306,lowest ten-seed median rank percentile; ties by mean then index,18.851704350805072,22.530190133607398,14.658808667351833,23.923004453579992,9.656560465912984,56.481243576567316,32.75094210346009,17.827166837958206,9.793593696471394,23.38343610825625,13.60268927714971,24.102860568687905,18.216855087358685,9.656560465912984,56.481243576567316,19.486553614251456
025341e0ca9d9a9b5b47,cardiovascular_hypertensive,testosterone,Heart Failure,TriNet,1,44887,NR3C2,4306,lowest ten-seed median rank percentile; ties by mean then index,10.580464200068516,16.62577081192189,9.125021411442274,23.36309523809524,2.539397053785543,44.43516615279205,25.76224734498116,6.646111682082905,9.048475505310037,11.692788626241864,44.43516615279205,16.16563891743748,9.354659129838986,2.539397053785543,31.145083932853716,9.46813977389517
025341e0ca9d9a9b5b47,cardiovascular_hypertensive,testosterone,Heart Failure,N2V-MLP,1,44887,NR3C2,4306,lowest ten-seed median rank percentile; ties by mean then index,8.79046762589928,14.510106200753683,5.812671291538198,22.101961288112367,2.4173518328194588,43.56586159643714,43.56586159643714,5.704008221993833,2.4173518328194588,13.664782459746489,6.990835902706406,10.590099349092155,28.635662898252825,6.138660500171292,24.914354230900994,2.4794450154162386
025341e0ca9d9a9b5b47,cardiovascular_hypertensive,testosterone,Heart Failure,RF,1,44887,NR3C2,4306,lowest ten-seed median rank percentile; ties by mean then index,10.25179856115108,9.829136690647484,3.183078537170264,17.089275008564577,0.9827852004110997,18.531603288797534,18.439534087016103,10.029119561493662,2.810251798561151,18.531603288797534,13.044921205892429,18.437392942788627,1.2397225077081193,0.9827852004110997,10.474477560808497,4.301558752997602
02a6c147d3b7c37272a2,cardiovascular_hypertensive,atorvastatin,Atherosclerosis,HANAMI,1,20217,AHR,196,lowest ten-seed median rank percentile; ties by mean then index,54.8882322713258,53.35410243233984,41.83635234669408,64.16420435080508,21.871788283658788,85.1468824940048,64.18508050702296,64.10157588215142,45.859027064063035,40.495460774237756,66.21916752312436,46.38360739979445,85.1468824940048,21.871788283658788,63.392857142857146,35.88557725248373
02a6c147d3b7c37272a2,cardiovascular_hypertensive,atorvastatin,Atherosclerosis,TriMoGCL,1,20217,AHR,196,lowest ten-seed median rank percentile; ties by mean then index,66.11425145597808,68.3322627612196,57.8210645769099,80.02258907159985,44.63215142171977,89.46985268927715,56.94587187392943,62.03108941418294,44.63215142171977,89.46985268927715,60.446642685851316,75.44107571085988,86.86836245289483,55.74040767386091,70.19741349777321,81.54976019184652
02a6c147d3b7c37272a2,cardiovascular_hypertensive,atorvastatin,Atherosclerosis,TriNet,1,20217,AHR,196,lowest ten-seed median rank percentile; ties by mean then index,47.509849263446384,48.87953922576225,31.611318088386433,61.356628982528264,8.412555669749914,91.62812607057211,47.78177458033573,47.23792394655704,57.997173689619736,27.502997601918466,91.62812607057211,28.766272696128812,8.412555669749914,62.47644741349777,76.8456663240836,40.1464542651593
02a6c147d3b7c37272a2,cardiovascular_hypertensive,atorvastatin,Atherosclerosis,N2V-MLP,1,20217,AHR,196,lowest ten-seed median rank percentile; ties by mean then index,56.94908359027065,53.12692702980473,42.32078622816033,68.10979787598492,16.97070914696814,83.08496060294621,42.69655704008222,42.19552929085303,57.09146968139774,16.97070914696814,73.74528948269956,66.77372387804043,83.08496060294621,68.55515587529976,56.806697499143546,23.34917780061665
02a6c147d3b7c37272a2,cardiovascular_hypertensive,atorvastatin,Atherosclerosis,RF,1,20217,AHR,196,lowest ten-seed median rank percentile; ties by mean then index,23.280661185337443,30.117334703665637,5.740407673860911,46.99222764645427,0.5770383693045563,95.5217968482357,23.60504453579993,51.26113394998287,0.5770383693045563,22.956277834874957,95.5217968482357,12.491435423090099,40.87230215827338,3.4900650907845154,49.03220280918123,1.3660500171291539
03247f376df5f8ae52f5,psychiatric_mood,Midazolam,Bipolar Disorder,HANAMI,6,33775,GABRA1,2554,lowest ten-seed median rank percentile; ties by mean then index,6.441632408359027,12.887975334018497,5.204051044878383,10.403819801301816,3.35089071599863,65.23638232271325,3.35089071599863,4.571342925659472,6.3463514902363825,5.945957519698527,65.23638232271325,4.956748886605002,11.281688934566633,6.536913326481672,10.172576224734499,10.480900993490922
03247f376df5f8ae52f5,psychiatric_mood,Midazolam,Bipolar Disorder,TriMoGCL,6,33775,GABRA1,2554,lowest ten-seed median rank percentile; ties by mean then index,12.806183624528948,17.86121103117506,4.288711887632751,28.401742891401167,0.9185508735868448,56.25,19.75419664268585,3.843353888317917,8.08281945871874,2.104744775608085,33.21985268927715,5.624785885577253,31.284258307639604,56.25,17.52954779033916,0.9185508735868448
03247f376df5f8ae52f5,psychiatric_mood,Midazolam,Bipolar Disorder,TriNet,6,33775,GABRA1,2554,lowest ten-seed median rank percentile; ties by mean then index,20.2198955121617,22.752226789996573,18.897738951695786,27.515844467283316,5.307896539910929,47.26575882151422,32.36553614251456,21.154504967454606,19.14825282631038,47.26575882151422,23.205721137375814,12.022524837273039,19.28528605686879,18.814234326824256,5.307896539910929,28.95255224391915
03247f376df5f8ae52f5,psychiatric_mood,Midazolam,Bipolar Disorder,N2V-MLP,6,33775,GABRA1,2554,lowest ten-seed median rank percentile; ties by mean then index,17.389302843439534,23.07810894141829,10.189705378554299,30.212080335731414,2.36382322713258,61.975419664268586,8.748715313463515,8.765844467283316,18.193302500856458,33.75942103460089,46.35791366906475,14.46128811236725,61.975419664268586,19.570058239122986,16.58530318602261,2.36382322713258
03247f376df5f8ae52f5,psychiatric_mood,Midazolam,Bipolar Disorder,RF,6,33775,GABRA1,2554,lowest ten-seed median rank percentile; ties by mean then index,22.99910071942446,25.706042309009934,15.748383436108256,32.56439491264132,6.71034600890716,57.477946214457006,6.71034600890716,14.211844809866392,22.033444672833163,24.608170606372045,57.477946214457006,14.37671291538198,23.96475676601576,35.21646968139774,38.59733641658102,19.863394998287085
032e4d4fcc7222cc0076,gynecologic_reproductive,pioglitazone,Endometriosis,HANAMI,1,41033,MAOB,4129,lowest ten-seed median rank percentile; ties by mean then index,34.95739122987324,32.837016101404586,28.95844039054471,38.24672404933196,9.622302158273381,49.625299760191844,39.007365536142515,24.387632750942103,38.491349777321,28.012589928057555,31.795991778006165,37.407930798218565,9.622302158273381,32.50685166152792,49.625299760191844,37.51284686536485
032e4d4fcc7222cc0076,gynecologic_reproductive,pioglitazone,Endometriosis,TriMoGCL,1,41033,MAOB,4129,lowest ten-seed median rank percentile; ties by mean then index,16.77479445015416,20.263360739979447,13.51329650565262,23.07404076738609,2.5329736211031175,46.19946899623159,13.272953066118534,14.234326824254882,2.5329736211031175,18.452380952380953,12.43362452894827,37.125299760191844,46.19946899623159,24.505395683453237,18.77997601918465,15.097207947927373
032e4d4fcc7222cc0076,gynecologic_reproductive,pioglitazone,Endometriosis,TriNet,1,41033,MAOB,4129,lowest ten-seed median rank percentile; ties by mean then index,38.46458547447756,40.98514045906132,29.88341469681398,51.617634463857485,7.2199383350462485,76.7064919492977,7.2199383350462485,55.04667694415896,23.325625214114424,41.330507022953064,76.7064919492977,35.92625899280576,65.49760191846522,27.869133264816718,37.32228502911956,39.60688591983556
032e4d4fcc7222cc0076,gynecologic_reproductive,pioglitazone,Endometriosis,N2V-MLP,1,41033,MAOB,4129,lowest ten-seed median rank percentile; ties by mean then index,49.03327338129496,42.40728845495032,30.881723192874272,51.143371017471736,8.36545049674546,70.49931483384721,50.09635149023638,38.75685166152792,11.900479616306955,49.80301473107229,8.36545049674546,48.26353203151764,70.49931483384721,28.256680369989724,66.63883179170949,51.492377526550186
032e4d4fcc7222cc0076,gynecologic_reproductive,pioglitazone,Endometriosis,RF,1,41033,MAOB,4129,lowest ten-seed median rank percentile; ties by mean then index,40.35628639945187,36.766551044878376,26.23249614594039,45.96715484755053,15.888360739979445,52.638960260363135,45.395469338814664,15.888360739979445,24.060037684138404,22.956277834874957,32.74987153134635,46.15771668379582,42.91388317917095,37.798689619732784,47.106243576567316,52.638960260363135
04d2c0fe8021c80b5464,breast_oncology,melatonin,Breast Neoplasms,HANAMI,1,1712,ESR1,2099,lowest ten-seed median rank percentile; ties by mean then index,4.480344295991777,7.532331277834875,2.508350462487153,11.297212230215827,0.4239465570400822,20.351575882151423,13.112367249057897,5.85174717368962,20.186707776635835,3.9761048304213773,0.4239465570400822,2.0190990065090784,0.4410757108598835,4.08102089756766,4.879667694415896,20.351575882151423
04d2c0fe8021c80b5464,breast_oncology,melatonin,Breast Neoplasms,TriMoGCL,1,1712,ESR1,2099,lowest ten-seed median rank percentile; ties by mean then index,3.1003768413840356,3.751498800959233,1.0646839671120247,4.751199040767386,0.10491606714628297,11.05686879068174,3.695614936622131,2.5051387461459402,11.05686879068174,4.712658444672833,0.10491606714628297,4.764045906132237,0.9763617677286742,1.329650565262076,0.4646282973621103,7.905104487838301
04d2c0fe8021c80b5464,breast_oncology,melatonin,Breast Neoplasms,TriNet,1,1712,ESR1,2099,lowest ten-seed median rank percentile; ties by mean then index,37.89289996574169,44.49190647482014,24.01775008564577,59.15339157245632,16.092840013703324,84.99272010962659,30.20512161699212,60.93268242548818,21.978845495032544,53.81551901336074,16.092840013703324,83.01430284343954,84.99272010962659,24.42403220280918,23.882322713257967,45.580678314491266
04d2c0fe8021c80b5464,breast_oncology,melatonin,Breast Neoplasms,N2V-MLP,1,1712,ESR1,2099,lowest ten-seed median rank percentile; ties by mean then index,12.171334361082561,19.30712572798904,3.378190304898938,28.503447242206235,0.9121274409044193,63.4999143542309,2.8969681397738953,27.9654847550531,14.940904419321685,9.40176430284344,0.9121274409044193,63.4999143542309,38.14876670092497,4.821856800274066,1.8007022953066119,28.68276807125728
04d2c0fe8021c80b5464,breast_oncology,melatonin,Breast Neoplasms,RF,1,1712,ESR1,2099,lowest ten-seed median rank percentile; ties by mean then index,18.932532545392256,20.639345666324083,13.566289825282631,26.99956106543337,2.279248030147311,48.21749743062693,2.279248030147311,19.490835902706408,18.374229188078107,10.537641315519013,19.50261219595752,48.21749743062693,12.895041109969167,30.017771497088045,15.58003597122302,29.498544021925316
05898591b40adaeac491,psychiatric_mood,SULPIRIDE,Depressive Disorder,HANAMI,2,18048,DRD2,1813,lowest ten-seed median rank percentile; ties by mean then index,8.225205549845839,7.993747858855772,5.511305241521069,10.124400479616307,1.0834189791024322,13.200154162384377,12.213086673518328,8.568859198355602,13.200154162384377,1.0834189791024322,10.144741349777322,5.258650222679,6.262846865364851,10.063377869133264,5.260791366906475,7.881551901336074
05898591b40adaeac491,psychiatric_mood,SULPIRIDE,Depressive Disorder,TriMoGCL,2,18048,DRD2,1813,lowest ten-seed median rank percentile; ties by mean then index,13.537384378211716,17.399152106885918,5.902599349092155,16.128704179513534,2.9098150051387464,59.647995889003084,36.12538540596095,13.478502911956149,16.679513532031518,7.648167180541281,59.647995889003084,5.320743405275779,13.596265844467283,14.476276121959575,2.9098150051387464,4.108855772524837
05898591b40adaeac491,psychiatric_mood,SULPIRIDE,Depressive Disorder,TriNet,2,18048,DRD2,1813,lowest ten-seed median rank percentile; ties by mean then index,23.931569030489893,23.641658102089753,18.38707605344296,31.168636519355942,1.6743747858855773,42.85286056868791,42.85286056868791,27.17326139088729,36.018328194587184,1.6743747858855773,23.203579993148338,10.718568002740664,32.50042822884549,24.659558067831448,19.649280575539567,17.96634121274409
05898591b40adaeac491,psychiatric_mood,SULPIRIDE,Depressive Disorder,N2V-MLP,2,18048,DRD2,1813,lowest ten-seed median rank percentile; ties by mean then index,11.758093525179856,23.350462487153134,6.475355429941761,41.03824083590271,0.8693045563549161,67.3796676944159,67.3796676944159,53.02971908187735,46.98741007194245,0.8693045563549161,6.365621788283659,5.361425145597807,6.804556354916067,7.2370674888660504,23.19073312778349,16.279119561493662
05898591b40adaeac491,psychiatric_mood,SULPIRIDE,Depressive Disorder,RF,2,18048,DRD2,1813,lowest ten-seed median rank percentile; ties by mean then index,10.150094210346008,18.811557896539917,4.719884806440562,21.25272995889003,0.2997601918465228,80.87529976019185,80.87529976019185,23.166109969167522,34.978802672148,2.4023638232271325,0.2997601918465228,6.4309266872216515,6.957648167180541,13.342540253511476,4.149537512846865,15.512589928057555
05a031aefc5f76c125bc,breast_oncology,pemetrexed,Breast Neoplasms,HANAMI,2,36893,TYMS,7298,lowest ten-seed median rank percentile; ties by mean then index,15.433367591640973,21.40523295649195,11.562714114422747,35.615793079821856,0.907845152449469,47.7068345323741,16.882922233641658,24.246317231928742,47.7068345323741,39.89379924631723,13.983812949640289,13.337187392942788,0.907845152449469,6.7167694415895856,10.971223021582734,39.40561836245289
05a031aefc5f76c125bc,breast_oncology,pemetrexed,Breast Neoplasms,TriMoGCL,2,36893,TYMS,7298,lowest ten-seed median rank percentile; ties by mean then index,11.351276121959575,16.55511305241521,5.125899280575539,20.62189534087016,0.1670092497430627,49.29556354916067,13.161613566289825,9.089157245632066,19.647139431312095,49.29556354916067,20.946813977389517,0.1670092497430627,9.540938677629326,1.1669236039739637,3.804813292223364,38.73115793079822
05a031aefc5f76c125bc,breast_oncology,pemetrexed,Breast Neoplasms,TriNet,2,36893,TYMS,7298,lowest ten-seed median rank percentile; ties by mean then index,48.926216169921204,53.13613394998288,38.51436707776636,71.05654761904762,18.7585645769099,90.03297362110311,39.98372730387119,38.024580335731414,53.888317917094895,34.29042480301473,65.63677629325112,18.7585645769099,43.964114422747514,90.03297362110311,73.91872216512505,72.8631380609798
05a031aefc5f76c125bc,breast_oncology,pemetrexed,Breast Neoplasms,N2V-MLP,2,36893,TYMS,7298,lowest ten-seed median rank percentile; ties by mean then index,19.342026378896882,27.15870161014046,12.21629838985954,36.97756080849606,6.434138403562864,79.34866392600206,15.439791024323398,46.405018842069204,39.58761562178828,23.244261733470367,13.684052757793765,6.569030489893799,6.434138403562864,79.34866392600206,11.727046933881466,29.14739636861939
05a031aefc5f76c125bc,breast_oncology,pemetrexed,Breast Neoplasms,RF,2,36893,TYMS,7298,lowest ten-seed median rank percentile; ties by mean then index,28.937028948269955,32.305584104145254,17.720912555669752,47.385395255224395,10.699297704693388,58.021796848235695,58.021796848235695,34.927415210688594,54.58418979102432,15.7930798218568,37.771925316889345,10.699297704693388,16.58102089756766,22.94664268585132,21.14058752997602,50.58988523466941
05d07bfd1866c1576ed5,breast_oncology,imatinib,Breast Neoplasms,HANAMI,2,15304,KIT,3815,lowest ten-seed median rank percentile; ties by mean then index,15.409815005138746,20.083076396026037,6.5652834874957176,27.322606200753683,0.3211716341212744,64.62829736211032,13.452809181226447,14.688249400479616,64.62829736211032,28.025436793422404,25.214114422747517,3.5757108598835217,0.3211716341212744,4.269441589585474,16.131380609797876,30.52415210688592
05d07bfd1866c1576ed5,breast_oncology,imatinib,Breast Neoplasms,TriMoGCL,2,15304,KIT,3815,lowest ten-seed median rank percentile; ties by mean then index,9.440304898937992,15.172790339157245,6.273017300445358,22.4375856457691,1.449554642000685,45.10748544021925,8.28622816032888,2.5222678999657417,24.595323741007196,30.46205892428914,6.5733127783487495,1.449554642000685,10.594381637547105,15.964371360054812,6.172918807810894,45.10748544021925
05d07bfd1866c1576ed5,breast_oncology,imatinib,Breast Neoplasms,TriNet,2,15304,KIT,3815,lowest ten-seed median rank percentile; ties by mean then index,19.895512161699212,22.79355087358684,13.942595923261392,31.1573955121617,9.759335388831792,40.58538883179171,14.255738266529633,22.08376156217883,10.238951695786229,17.707262761219596,26.87778348749572,40.58538883179171,9.759335388831792,40.00513874614594,32.58393285371702,13.838215142171977
05d07bfd1866c1576ed5,breast_oncology,imatinib,Breast Neoplasms,N2V-MLP,2,15304,KIT,3815,lowest ten-seed median rank percentile; ties by mean then index,6.759592326139089,9.280361425145596,5.014559780746831,11.739893799246317,0.44964028776978415,28.856200753682767,4.609883521754026,12.874700239808153,28.856200753682767,9.85782802329565,5.374272010962659,5.8089242891401165,7.710260363138061,12.36724905789654,0.44964028776978415,4.894655704008222
05d07bfd1866c1576ed5,breast_oncology,imatinib,Breast Neoplasms,RF,2,15304,KIT,3815,lowest ten-seed median rank percentile; ties by mean then index,7.443152620760534,11.152577937649879,4.5740193559438165,18.009699383350465,0.6819544364508393,31.8880609797876,13.53096094552929,0.85431654676259,5.234027064063035,5.911699212058925,19.50261219595752,20.593525179856115,0.6819544364508393,4.354016786570743,8.974606029462144,31.8880609797876
05d39b7e6d6a9862b768,breast_oncology,posaconazole,Breast Neoplasms,HANAMI,1,34737,CYP3A4,1576,lowest ten-seed median rank percentile; ties by mean then index,12.692702980472765,16.846094552929088,7.7996531346351485,18.389217197670437,1.222593353888318,42.959917780061666,15.77166837958205,14.519099006509078,42.959917780061666,19.261733470366565,10.866306954436451,7.70597807468311,1.222593353888318,8.080678314491264,7.667437478588558,40.405532716683794
05d39b7e6d6a9862b768,breast_oncology,posaconazole,Breast Neoplasms,TriMoGCL,1,34737,CYP3A4,1576,lowest ten-seed median rank percentile; ties by mean then index,15.72670435080507,19.429385063377868,11.240471908187736,25.993490921548474,3.121788283658787,50.16486810551559,11.425145597807468,5.014559780746831,50.16486810551559,17.675145597807468,11.178914011647825,3.121788283658787,27.342411784857827,13.778263103802672,21.946728331620417,32.646026036313806
05d39b7e6d6a9862b768,breast_oncology,posaconazole,Breast Neoplasms,TriNet,1,34737,CYP3A4,1576,lowest ten-seed median rank percentile; ties by mean then index,43.563720452209665,48.839713943131216,29.875920692017814,79.46053871188764,4.455721137375813,84.39105858170606,4.455721137375813,83.15347721822542,39.00522439191504,78.75556697499144,4.980301473107229,79.69552929085303,84.39105858170606,26.83281945871874,45.49931483384721,41.628126070572115
05d39b7e6d6a9862b768,breast_oncology,posaconazole,Breast Neoplasms,N2V-MLP,1,34737,CYP3A4,1576,lowest ten-seed median rank percentile; ties by mean then index,28.55108770126756,42.47452038369305,21.386819116135662,68.69486553614252,16.114251455978074,83.39328537170263,28.303785542994177,73.57613908872902,83.39328537170263,20.000428228845497,17.37752655018842,71.57202809181227,60.06337786913326,25.545991778006165,16.114251455978074,28.79838985954094
05d39b7e6d6a9862b768,breast_oncology,posaconazole,Breast Neoplasms,RF,1,34737,CYP3A4,1576,lowest ten-seed median rank percentile; ties by mean then index,59.22565519013361,58.62570657759507,47.75581320657759,69.93298218568003,35.79350805070229,87.52997601918466,35.79350805070229,47.89953751284686,87.52997601918466,67.0777663583419,65.81235011990408,70.88472079479274,72.31500513874614,47.707905104487836,38.59733641658102,52.638960260363135
06e9060af6e0cff9b5a0,psychiatric_mood,pentoxifylline,"Depressive Disorder, Major",HANAMI,1,13894,TNF,7124,lowest ten-seed median rank percentile; ties by mean then index,5.777877697841726,9.074597464885235,1.9264945186707776,11.740964371360056,0.1091983556012333,27.871274409044194,11.838386433710175,27.871274409044194,7.082905104487838,22.098749571771155,11.448698184309695,0.5331449126413155,0.1091983556012333,4.4728502911956145,4.083162041795135,1.2076053442959918
06e9060af6e0cff9b5a0,psychiatric_mood,pentoxifylline,"Depressive Disorder, Major",TriMoGCL,1,13894,TNF,7124,lowest ten-seed median rank percentile; ties by mean then index,6.941589585474478,8.049845837615623,2.925338300787941,11.224413326481672,1.6936450839328536,20.546420006851662,14.21719767043508,3.9932339842411784,11.806269270298047,20.546420006851662,5.479188078108941,1.6936450839328536,2.5693730729701953,9.478845495032546,2.3102946214457005,8.403991092840014
06e9060af6e0cff9b5a0,psychiatric_mood,pentoxifylline,"Depressive Disorder, Major",TriNet,1,13894,TNF,7124,lowest ten-seed median rank percentile; ties by mean then index,27.809181226447414,36.293251113395,15.511519355943816,62.00057810894142,5.408530318602261,77.55010277492292,15.938677629325111,68.81637547105173,77.55010277492292,41.55318602261048,15.369133264816718,21.071000342583076,13.615536142514559,34.54736211031175,69.06260705721138,5.408530318602261
06e9060af6e0cff9b5a0,psychiatric_mood,pentoxifylline,"Depressive Disorder, Major",N2V-MLP,1,13894,TNF,7124,lowest ten-seed median rank percentile; ties by mean then index,4.2972764645426516,5.157588215142172,0.9201567317574512,8.425402535114767,0.3447242206235012,14.157245632065775,0.3447242206235012,10.26036313806098,9.054898937992464,14.157245632065775,4.192360397396369,4.402192531688935,0.7322713257965057,6.536913326481672,1.002055498458376,0.8928571428571429
06e9060af6e0cff9b5a0,psychiatric_mood,pentoxifylline,"Depressive Disorder, Major",RF,1,13894,TNF,7124,lowest ten-seed median rank percentile; ties by mean then index,20.921120246659815,22.27261048304214,7.419332391229873,38.67896754025351,0.7579650565262076,45.07001541623844,10.651121959575198,44.23068687906817,24.060037684138404,43.55194415895855,23.404847550531002,18.437392942788627,45.07001541623844,6.342069201781432,6.2200239808153475,0.7579650565262076
0704f6615607ee771a96,psychiatric_mood,quetiapine,Depressive Disorder,HANAMI,12,23190,HTR2A,3356,lowest ten-seed median rank percentile; ties by mean then index,7.5732271325796505,9.545435080507023,5.509164097293594,12.835624357656732,2.6764302843439536,18.4052757793765,5.849606029462144,7.973621103117506,7.172833162041795,2.6764302843439536,12.870417951353204,18.4052757793765,5.378554299417609,17.000685166152792,5.39568345323741,12.731243576567318
0704f6615607ee771a96,psychiatric_mood,quetiapine,Depressive Disorder,TriMoGCL,12,18676,DRD2,1813,lowest ten-seed median rank percentile; ties by mean then index,12.420777663583419,14.737067488866051,2.393263960260363,19.505288626241864,1.5095066803699897,48.64251455978075,1.9420178143199727,26.19047619047619,1.723621103117506,18.137632750942103,48.64251455978075,19.150393970537856,1.5095066803699897,6.703922576224734,3.7470023980815346,19.623586844809868
0704f6615607ee771a96,psychiatric_mood,quetiapine,Depressive Disorder,TriNet,12,18676,DRD2,1813,lowest ten-seed median rank percentile; ties by mean then index,8.64915210688592,11.087701267557383,6.045520726276122,16.742677286742033,1.2632750942103461,22.404933196300103,5.348578280232957,7.159986296676944,22.404933196300103,1.2632750942103461,8.044278862624186,5.674032202809181,10.611510791366907,18.786399451867076,9.254025351147654,22.32999314833847
0704f6615607ee771a96,psychiatric_mood,quetiapine,Depressive Disorder,N2V-MLP,12,18676,DRD2,1813,lowest ten-seed median rank percentile; ties by mean then index,8.14919492977047,10.845751969852689,4.938549160671463,13.962401507365536,0.92069201781432,36.83196300102775,14.746060294621445,36.83196300102775,14.788883179170949,0.92069201781432,4.502826310380267,9.902792052072627,6.395597807468311,6.2457177115450495,2.511562178828366,11.611425145597808
0704f6615607ee771a96,psychiatric_mood,quetiapine,Depressive Disorder,RF,12,23190,HTR2A,3356,lowest ten-seed median rank percentile; ties by mean then index,3.529140972935937,14.599820143884893,1.746638403562864,16.347903819801303,0.4239465570400822,81.87842583076396,20.154590613223707,0.4239465570400822,2.23963686193902,4.058538883179171,1.2793336759164098,14.37671291538198,2.999743062692703,17.004967454607744,1.5823055841041453,81.87842583076396
07526bb1ee8b2a272676,breast_oncology,thiotepa,Breast Neoplasms,HANAMI,1,34751,CYP3A4,1576,lowest ten-seed median rank percentile; ties by mean then index,11.145726276121959,13.7026807125728,8.098342754367934,17.061707776635835,0.7986467968482357,36.73347036656389,16.24914354230901,12.283744433025008,19.398766700924973,17.332562521411443,10.007708119218911,6.997259335388832,0.7986467968482357,7.583932853717027,9.641572456320658,36.73347036656389
07526bb1ee8b2a272676,breast_oncology,thiotepa,Breast Neoplasms,TriMoGCL,1,34751,CYP3A4,1576,lowest ten-seed median rank percentile; ties by mean then index,14.185080507022953,14.293636519355942,3.8315775950668036,19.128447242206235,0.9399623158615964,32.868705035971225,2.924803014731072,3.7148852346694072,11.082562521411443,17.287598492634462,4.181654676258993,0.9399623158615964,32.06577595066803,19.321685508735868,18.548732442617336,32.868705035971225
07526bb1ee8b2a272676,breast_oncology,thiotepa,Breast Neoplasms,TriNet,1,34751,CYP3A4,1576,lowest ten-seed median rank percentile; ties by mean then index,41.68914868105516,49.39063035286056,16.747494861253855,86.18747858855772,0.18199725933538882,93.88917437478588,0.18199725933538882,86.69064748201438,35.097636176772866,84.67797190818773,12.369390202124015,93.2489722507708,93.88917437478588,29.88180883864337,48.28066118533744,9.58804385063378
07526bb1ee8b2a272676,breast_oncology,thiotepa,Breast Neoplasms,N2V-MLP,1,34751,CYP3A4,1576,lowest ten-seed median rank percentile; ties by mean then index,24.798732442617336,33.81915895854745,21.935487324426173,49.07395512161699,9.590184994861254,69.14182939362796,17.67086330935252,55.52201096265844,62.157416923603975,24.862966769441588,9.590184994861254,69.14182939362796,24.73449811579308,29.729787598492635,23.302072627612198,21.479958890030833
07526bb1ee8b2a272676,breast_oncology,thiotepa,Breast Neoplasms,RF,1,34751,CYP3A4,1576,lowest ten-seed median rank percentile; ties by mean then index,70.03040424803015,66.95411527920521,60.85774237752655,73.64706449126413,50.58988523466941,81.38060979787599,70.55284343953409,60.796719767043506,52.219295991778004,70.97571942446044,74.53751284686537,81.38060979787599,61.04081020897568,77.9397910243234,69.5079650565262,50.58988523466941
075d6d644d867f1d0455,neurological_seizure,aspirin,Seizures,HANAMI,1,11693,PTGS2,5743,lowest ten-seed median rank percentile; ties by mean then index,2.5586673518328196,7.371959575196986,0.8650222678999657,7.772353545734841,0.0021411442274751626,42.1120246659815,1.2183110654333675,9.386776293251113,8.249828708461802,0.5459917780061665,0.0021411442274751626,0.7472593353888318,42.1120246659815,3.7041795135320315,6.339928057553957,1.4131551901336075
075d6d644d867f1d0455,neurological_seizure,aspirin,Seizures,TriMoGCL,1,11693,PTGS2,5743,lowest ten-seed median rank percentile; ties by mean then index,4.46642685851319,5.916195614936622,2.6914182939362794,6.805091640972936,0.20983213429256595,22.430626927029806,6.855943816375471,2.6400308324768758,3.6485097636176773,8.127783487495718,6.652535114765331,0.4667694415895855,22.430626927029806,0.20983213429256595,2.8455806783144912,5.284343953408702
075d6d644d867f1d0455,neurological_seizure,aspirin,Seizures,TriNet,1,11693,PTGS2,5743,lowest ten-seed median rank percentile; ties by mean then index,38.206577595066804,35.98514045906133,15.792009249743062,54.79616306954436,3.3166324083590273,72.56980130181569,3.8347893114080165,19.707091469681398,54.81757451181912,59.97344981157931,25.56740322028092,14.48698184309695,50.84575196985269,72.56980130181569,54.73192874272011,3.3166324083590273
075d6d644d867f1d0455,neurological_seizure,aspirin,Seizures,N2V-MLP,1,11693,PTGS2,5743,lowest ten-seed median rank percentile; ties by mean then index,13.272953066118532,14.443302500856458,5.407995032545392,18.515009421034602,1.9291709489551216,36.93902021240151,2.460174717368962,28.597122302158272,18.94056183624529,14.41204179513532,17.238352175402536,4.924631723192874,36.93902021240151,12.133864337101747,6.858084960602946,1.9291709489551216
075d6d644d867f1d0455,neurological_seizure,aspirin,Seizures,RF,1,11693,PTGS2,5743,lowest ten-seed median rank percentile; ties by mean then index,11.259742206235012,13.978995375128472,5.788851062007536,16.54060680027407,3.304856115107914,34.23689619732785,5.604445015416238,11.355558410414526,32.72417780061665,13.05348578280233,17.702980472764647,3.304856115107914,11.163926002055499,6.342069201781432,34.23689619732785,4.301558752997602
077db9e6fdc18b2ec2e0,psychiatric_mood,pioglitazone,"Depressive Disorder, Major",HANAMI,1,41039,MAOB,4129,lowest ten-seed median rank percentile; ties by mean then index,18.711459403905447,19.679042480301472,15.878725590955806,21.360054813292223,3.592840013703323,42.81646111682083,21.76044878383008,17.777920520726276,16.11639260020555,25.661613566289827,42.81646111682083,15.799503254539225,3.592840013703323,13.461373758136348,19.64499828708462,20.158872901678656
077db9e6fdc18b2ec2e0,psychiatric_mood,pioglitazone,"Depressive Disorder, Major",TriMoGCL,1,41039,MAOB,4129,lowest ten-seed median rank percentile; ties by mean then index,14.174374785885577,14.48698184309695,9.440840184994862,19.9849049331963,3.2181397738951696,27.896968139773897,15.93011305241521,5.562692702980473,3.2181397738951696,14.761048304213771,22.22935936964714,21.336502226789996,27.896968139773897,8.708033573141487,13.587701267557383,11.639260020554985
077db9e6fdc18b2ec2e0,psychiatric_mood,pioglitazone,"Depressive Disorder, Major",TriNet,1,41039,MAOB,4129,lowest ten-seed median rank percentile; ties by mean then index,18.548732442617336,21.74032202809181,15.993812093182596,29.96103117505995,1.749314833847208,50.92925659472422,1.749314833847208,17.996317231928742,19.101147653305926,15.893713600548132,50.92925659472422,16.294107571085988,31.230729701952722,26.151935594381637,32.35268927714971,5.704008221993833
077db9e6fdc18b2ec2e0,psychiatric_mood,pioglitazone,"Depressive Disorder, Major",N2V-MLP,1,41039,MAOB,4129,lowest ten-seed median rank percentile; ties by mean then index,11.173561151079138,14.495332305584103,6.176130524152106,23.838429256594722,2.325282631038027,34.245460774237756,27.11545049674546,5.286485097636176,3.3851490236382324,34.245460774237756,2.325282631038027,10.688591983556012,27.395940390544705,8.845066803699897,11.658530318602262,14.007365536142515
077db9e6fdc18b2ec2e0,psychiatric_mood,pioglitazone,"Depressive Disorder, Major",RF,1,41039,MAOB,4129,lowest ten-seed median rank percentile; ties by mean then index,28.311279547790342,26.617741521068858,19.631883778691332,33.05471694073313,8.736939020212402,45.395469338814664,45.395469338814664,8.736939020212402,18.374229188078107,13.05348578280233,23.404847550531002,29.10457348406989,29.508179170948956,27.51798561151079,34.23689619732785,36.8448098663926
0805ce0b4527c9dd65c9,psychiatric_mood,benperidol,Depressive Disorder,HANAMI,1,19160,DRD2,1813,lowest ten-seed median rank percentile; ties by mean then index,11.870503597122301,11.684652278177458,8.084960602946214,15.446214457005825,1.4452723535457348,23.638232271325798,3.1817403220280918,14.893799246317231,15.630352860568689,1.4452723535457348,17.773638232271328,11.037598492634464,7.898681055155875,12.70340870161014,23.638232271325798,8.643799246317231
0805ce0b4527c9dd65c9,psychiatric_mood,benperidol,Depressive Disorder,TriMoGCL,1,19160,DRD2,1813,lowest ten-seed median rank percentile; ties by mean then index,18.487709832134293,20.884720794792734,13.906196471394313,27.595602089756767,4.132408359027064,43.02201096265844,18.176173347036656,29.954607742377526,35.07408359027064,8.511048304213771,43.02201096265844,18.582990750256936,18.39242891401165,12.482870846180198,20.518585131894483,4.132408359027064
0805ce0b4527c9dd65c9,psychiatric_mood,benperidol,Depressive Disorder,TriNet,1,19160,DRD2,1813,lowest ten-seed median rank percentile; ties by mean then index,18.00702295306612,18.247687564234326,11.987731243576567,23.474434737923946,0.5566974991435423,38.96882494004796,13.579136690647482,23.674631723192874,27.387375813634808,0.5566974991435423,38.96882494004796,7.965056526207605,11.457262761219596,19.24032202809181,16.773723878040425,22.873843782117163
0805ce0b4527c9dd65c9,psychiatric_mood,benperidol,Depressive Disorder,N2V-MLP,1,19160,DRD2,1813,lowest ten-seed median rank percentile; ties by mean then index,11.693859198355602,18.589842411784858,9.06025179856115,26.196899623158615,3.5328879753340185,59.65441932168551,9.423175745118192,59.65441932168551,31.823826652963344,3.5328879753340185,12.403648509763618,8.939277149708804,4.9182082905104485,13.934566632408359,30.2843439534087,10.984069886947585
0805ce0b4527c9dd65c9,psychiatric_mood,benperidol,Depressive Disorder,RF,1,19160,DRD2,1813,lowest ten-seed median rank percentile; ties by mean then index,6.694822713257965,11.43949126413155,2.031678228845495,13.299985011990408,0.8885748544021925,49.810508735868446,0.8885748544021925,8.736939020212402,49.810508735868446,1.1851233299075026,19.50261219595752,1.9805584104145255,4.652706406303529,2.1850376841384036,13.873544021925317,11.57930798218568
081015c1b637378a2852,psychiatric_mood,mianserin,Depressive Disorder,HANAMI,13,18926,DRD2,1813,lowest ten-seed median rank percentile; ties by mean then index,9.039910928400136,10.661827680712573,5.186386605001713,12.338343610825625,1.276121959575197,30.23509763617677,4.003939705378555,8.75085645769099,16.354059609455295,1.276121959575197,30.23509763617677,11.667094895512161,3.7063206577595067,12.56209318259678,9.328965399109284,8.73372730387119
081015c1b637378a2852,psychiatric_mood,mianserin,Depressive Disorder,TriMoGCL,13,18926,DRD2,1813,lowest ten-seed median rank percentile; ties by mean then index,8.45430798218568,12.578365878725592,1.7808967112024665,14.667908530318602,1.2525693730729701,47.7068345323741,1.4324254881808838,25.158444672833163,1.2525693730729701,14.427029804727647,47.7068345323741,14.748201438848922,1.3232271325796505,3.1496231586159644,2.826310380267215,13.758992805755396
081015c1b637378a2852,psychiatric_mood,mianserin,Depressive Disorder,TriNet,13,18926,DRD2,1813,lowest ten-seed median rank percentile; ties by mean then index,18.23184309695101,19.59660842754368,9.72079479273724,25.918550873586845,0.7601062007536827,49.571771154504965,7.930798218568003,7.988609112709832,19.81628982528263,0.7601062007536827,30.564833847207947,17.04564919492977,49.571771154504965,19.41803699897225,14.917351832819458,27.952637889688248
081015c1b637378a2852,psychiatric_mood,mianserin,Depressive Disorder,N2V-MLP,13,18926,DRD2,1813,lowest ten-seed median rank percentile; ties by mean then index,19.510106200753683,18.891743747858857,11.169814148681056,26.326974134977732,0.44964028776978415,41.822970195272354,11.014045906132237,41.822970195272354,27.404504967454606,0.44964028776978415,28.374443302500858,23.094381637547105,20.021839671120247,11.63711887632751,18.998372730387118,6.100119904076738
081015c1b637378a2852,psychiatric_mood,mianserin,Depressive Disorder,RF,13,18926,DRD2,1813,lowest ten-seed median rank percentile; ties by mean then index,3.8422833162041794,8.250042822884549,1.6733042137718397,16.347903819801303,0.38219424460431656,20.125685166152792,0.38219424460431656,2.8552158273381294,4.316546762589928,1.1851233299075026,1.2793336759164098,14.37671291538198,20.125685166152792,17.004967454607744,3.368019869818431,17.606628982528264
0877027158f83972c972,psychiatric_mood,vilazodone,Depressive Disorder,HANAMI,4,18961,DRD2,1813,lowest ten-seed median rank percentile; ties by mean then index,9.825710859883522,9.215270640630354,7.461352346694074,11.91546762589928,1.7000685166152791,14.33281945871874,4.173090099349092,10.352432339842412,14.33281945871874,1.7000685166152791,11.298818088386433,8.35260363138061,7.164268585131895,13.35859883521754,12.121017471736897,9.298989379924631
0877027158f83972c972,psychiatric_mood,vilazodone,Depressive Disorder,TriMoGCL,4,18961,DRD2,1813,lowest ten-seed median rank percentile; ties by mean then index,7.028305926687222,10.837187392942788,5.35607228502912,7.614444158958547,3.449383350462487,42.14842411784858,4.896796848235697,17.876413155190132,7.211373758136348,7.059352517985611,42.14842411784858,7.7488009592326135,6.733898595409387,3.449383350462487,6.997259335388832,4.250171291538198
0877027158f83972c972,psychiatric_mood,vilazodone,Depressive Disorder,TriNet,4,29701,HTR1A,3350,lowest ten-seed median rank percentile; ties by mean then index,11.64996574169236,19.221265844467283,9.527556526207606,29.702488009592326,5.151593011305241,48.32990750256937,9.112709832134293,48.32990750256937,32.96077423775265,11.337358684480987,5.151593011305241,6.922319287427201,11.962572798903734,31.57331277834875,24.090013703323056,10.772096608427544
0877027158f83972c972,psychiatric_mood,vilazodone,Depressive Disorder,N2V-MLP,4,18961,DRD2,1813,lowest ten-seed median rank percentile; ties by mean then index,10.850248372730388,14.024922918807812,6.53316632408359,18.51072713257965,0.8243405275779376,35.07622473449812,19.212487153134635,35.07622473449812,27.291024323398425,0.8243405275779376,4.766187050359712,9.393199725933538,5.579821856800274,16.405447070914697,11.324511819116136,10.375984926344639
0877027158f83972c972,psychiatric_mood,vilazodone,Depressive Disorder,RF,4,18961,DRD2,1813,lowest ten-seed median rank percentile; ties by mean then index,3.316632408359027,7.622687564234328,0.9265801644398767,10.290874443302501,0.4357228502911956,26.19154676258993,2.279248030147311,6.239294278862624,26.19154676258993,0.7461887632750942,11.64140116478246,0.4357228502911956,1.2397225077081193,4.354016786570743,0.8221993833504625,22.27753511476533
08e59f1dc1be3c4c409b,cardiovascular_hypertensive,brimonidine,Hypertension,HANAMI,1,32411,ADRA2A,150,lowest ten-seed median rank percentile; ties by mean then index,19.14932339842412,24.324468996231584,13.457091469681398,25.828622816032887,9.896368619390202,53.51789996574169,9.896368619390202,12.737667009249742,25.86288112367249,18.32177115450497,50.39825282631038,19.97687564234327,15.615364850976361,53.51789996574169,25.72584789311408,11.191760877012676
08e59f1dc1be3c4c409b,cardiovascular_hypertensive,brimonidine,Hypertension,TriMoGCL,1,32411,ADRA2A,150,lowest ten-seed median rank percentile; ties by mean then index,28.636733470366565,33.53845495032546,10.053742720109627,53.94131123672491,4.8925145597807465,76.50094210346009,32.38480644056184,35.96051730044536,8.329051044878383,12.696985268927715,76.50094210346009,59.93490921548476,24.88866050017129,70.62350119904077,4.8925145597807465,9.172661870503598
08e59f1dc1be3c4c409b,cardiovascular_hypertensive,brimonidine,Hypertension,TriNet,1,32411,ADRA2A,150,lowest ten-seed median rank percentile; ties by mean then index,47.302158273381295,50.51580164439876,40.29633436108256,55.380160157588215,34.956320657759505,85.04838985954093,48.396282973621105,45.71128811236725,46.208033573141485,34.956320657759505,85.04838985954093,38.491349777321,62.59849263446386,51.954864679684825,35.27106885919836,56.521925316889345
08e59f1dc1be3c4c409b,cardiovascular_hypertensive,brimonidine,Hypertension,N2V-MLP,1,32411,ADRA2A,150,lowest ten-seed median rank percentile; ties by mean then index,30.610868448098664,30.083932853717023,15.294728502911955,37.19916923603974,7.729530661185337,63.21300102774923,24.61459403905447,37.25162726961288,37.041795135320314,13.992377526550188,7.729530661185337,36.607142857142854,51.644398766700924,19.201781431997258,9.5430798218568,63.21300102774923
08e59f1dc1be3c4c409b,cardiovascular_hypertensive,brimonidine,Hypertension,RF,1,32411,ADRA2A,150,lowest ten-seed median rank percentile; ties by mean then index,48.70621360054813,44.1473963686194,35.27561879068174,55.67777920520726,13.873544021925317,58.905018842069204,33.47250770811922,57.65566118533744,44.77346694073313,56.61292394655704,52.87234498115793,35.45306611853375,58.905018842069204,35.21646968139774,13.873544021925317,52.638960260363135
093bcf7bdcf4cd7dcbcd,psychiatric_mood,pimozide,"Depressive Disorder, Major",HANAMI,4,18586,DRD2,1813,lowest ten-seed median rank percentile; ties by mean then index,6.6910757108598835,5.599306269270298,1.820507879410757,7.674931483384721,1.6015758821514217,12.568516615279206,7.012247344981158,7.76378896882494,12.568516615279206,1.9570058239122987,6.369904076738609,1.6015758821514217,1.7750085645769098,7.408359027064063,1.7343268242548817,7.802329564919493
093bcf7bdcf4cd7dcbcd,psychiatric_mood,pimozide,"Depressive Disorder, Major",TriMoGCL,4,18586,DRD2,1813,lowest ten-seed median rank percentile; ties by mean then index,4.461073997944501,6.794278862624187,3.1373115793079824,7.667972764645427,0.46034600890716,21.64910928400137,8.198441247002398,15.035114765330592,3.344467283316204,3.8369304556354917,21.64910928400137,5.085217540253511,1.1883350462487152,0.46034600890716,3.0682596779719082,6.076567317574511
093bcf7bdcf4cd7dcbcd,psychiatric_mood,pimozide,"Depressive Disorder, Major",TriNet,4,18586,DRD2,1813,lowest ten-seed median rank percentile; ties by mean then index,18.72002398081535,21.522567660157588,9.754517814319973,29.23571856800274,1.393884892086331,54.99743062692703,36.94116135662898,17.658016443987666,23.462658444672833,1.393884892086331,54.99743062692703,8.658787255909559,8.129924631723194,19.782031517643027,13.041709489551216,31.16007194244604
093bcf7bdcf4cd7dcbcd,psychiatric_mood,pimozide,"Depressive Disorder, Major",N2V-MLP,4,18586,DRD2,1813,lowest ten-seed median rank percentile; ties by mean then index,3.329479273723878,9.008436108256252,1.3697970195272353,14.444158958547447,0.7087187392942789,28.406560465912985,21.99383350462487,28.406560465912985,13.718311065433367,0.7087187392942789,14.68610825625214,2.597207947927372,1.1776293251113394,0.7879410757108599,1.946300102774923,4.0617505995203835
093bcf7bdcf4cd7dcbcd,psychiatric_mood,pimozide,"Depressive Disorder, Major",RF,4,18586,DRD2,1813,lowest ten-seed median rank percentile; ties by mean then index,7.085581534772182,9.10382408359027,6.0192917094895515,11.16954650565262,3.368019869818431,22.27753511476533,9.249743062692703,5.013489208633094,11.80948098663926,5.911699212058925,7.740236382322713,6.4309266872216515,12.895041109969167,6.342069201781432,3.368019869818431,22.27753511476533
095bde91264cb148d3d7,cardiovascular_hypertensive,benzbromarone,Hypertension,HANAMI,1,36783,ABCC1,4363,lowest ten-seed median rank percentile; ties by mean then index,50.18413840356286,48.607185680027406,32.939362795477905,59.33806526207606,21.629838985954095,77.55438506337786,45.19527235354573,77.55438506337786,59.577338129496404,55.17300445357999,21.629838985954095,31.256423432682425,33.8964542651593,32.62033230558411,70.54856115107914,58.620246659815
095bde91264cb148d3d7,cardiovascular_hypertensive,benzbromarone,Hypertension,TriMoGCL,1,36783,ABCC1,4363,lowest ten-seed median rank percentile; ties by mean then index,61.35020554984584,62.72267899965741,47.18867762932511,79.64200068516615,32.87726961288112,96.81611853374443,56.19433025008565,32.87726961288112,35.63934566632408,47.01524494689962,83.73158615964371,93.36459403905447,66.50608084960604,67.37324426173348,96.81611853374443,47.708975676601575
095bde91264cb148d3d7,cardiovascular_hypertensive,benzbromarone,Hypertension,TriNet,1,36783,ABCC1,4363,lowest ten-seed median rank percentile; ties by mean then index,23.631808838643373,35.23124357656731,12.496788283658788,44.549182082905105,4.1281260705721134,93.664354230901,84.99272010962659,12.10602946214457,15.40767386091127,38.5513018156903,93.664354230901,31.855943816375472,4.1281260705721134,11.38874614594039,46.54847550531004,13.66906474820144
095bde91264cb148d3d7,cardiovascular_hypertensive,benzbromarone,Hypertension,N2V-MLP,1,36783,ABCC1,4363,lowest ten-seed median rank percentile; ties by mean then index,51.69899794450154,56.49259164097293,44.185187564234326,72.46113823227132,24.35765673175745,89.28785542994176,53.706320657759505,43.296077423775266,49.69167523124358,58.70375128468654,77.04693388146626,86.83838643371017,46.85251798561151,35.14474134977732,89.28785542994176,24.35765673175745
095bde91264cb148d3d7,cardiovascular_hypertensive,benzbromarone,Hypertension,RF,1,36783,ABCC1,4363,lowest ten-seed median rank percentile; ties by mean then index,63.67441760877013,65.04442874272011,57.358845066803696,70.54053186022611,49.56534772182254,83.2583932853717,61.792351832819456,56.05087358684481,61.28275950668037,77.89696813977389,83.2583932853717,70.88472079479274,49.56534772182254,65.55648338472079,69.5079650565262,54.64842411784858
09a61f9c1cfe10648733,psychiatric_mood,lamotrigine,"Depressive Disorder, Major",HANAMI,3,18244,DRD2,1813,lowest ten-seed median rank percentile; ties by mean then index,3.1260705721137376,4.651421719767043,1.4682896539910928,7.4849049331963,0.0749400479616307,11.470109626584447,2.9633436108256253,6.744604316546763,11.470109626584447,1.5180712572798905,1.4131551901336075,3.28879753340185,1.4516957862281603,7.731671805412812,0.0749400479616307,9.85782802329565
09a61f9c1cfe10648733,psychiatric_mood,lamotrigine,"Depressive Disorder, Major",TriMoGCL,3,22837,HTR2A,3356,lowest ten-seed median rank percentile; ties by mean then index,3.771625556697499,5.512804042480301,2.5506380609797876,5.501670092497431,0.539568345323741,15.54470709146968,5.106628982528263,2.4665981500513876,4.333675916409729,13.96454265159301,5.6333504624871535,3.209575196985269,2.802757793764988,0.539568345323741,1.526635834189791,15.54470709146968
09a61f9c1cfe10648733,psychiatric_mood,lamotrigine,"Depressive Disorder, Major",TriNet,3,44470,ADRA1A,148,lowest ten-seed median rank percentile; ties by mean then index,4.7672576224734495,11.06200753682768,2.8118576567317572,21.62341555327167,1.526635834189791,28.303785542994177,4.984583761562178,3.6998972250770814,2.158273381294964,4.549931483384721,1.526635834189791,26.70435080507023,25.158444672833163,2.515844467283316,11.018328194587188,28.303785542994177
09a61f9c1cfe10648733,psychiatric_mood,lamotrigine,"Depressive Disorder, Major",N2V-MLP,3,18244,DRD2,1813,lowest ten-seed median rank percentile; ties by mean then index,1.8788540596094554,6.810123329907503,0.40895854744775606,7.274002226789997,0.28263103802672146,24.944330250085645,2.3723878040424804,7.579650565262076,24.944330250085645,0.28263103802672146,0.6658958547447756,1.3853203151764304,6.357057211373758,0.2911956149366221,0.32331277834874955,23.899451867077765
09a61f9c1cfe10648733,psychiatric_mood,lamotrigine,"Depressive Disorder, Major",RF,3,18244,DRD2,1813,lowest ten-seed median rank percentile; ties by mean then index,2.3006594724220624,17.338985954093868,0.9862645597807469,10.513285799931483,0.2580078794107571,96.76258992805755,0.8885748544021925,2.0308752997601918,96.76258992805755,0.2580078794107571,1.2793336759164098,2.570443645083933,12.895041109969167,0.6980130181569031,3.368019869818431,52.638960260363135
0a218ada09aa42a2e904,psychiatric_mood,aspirin,"Depressive Disorder, Major",HANAMI,1,11697,PTGS2,5743,lowest ten-seed median rank percentile; ties by mean then index,2.3980815347721824,3.12928228845495,1.815690304898938,3.8401421719767046,0.09635149023638233,9.79145255224392,2.443045563549161,9.79145255224392,2.8734155532716685,1.7407502569373072,2.04051044878383,0.22267899965741692,2.3531175059952036,4.1623843782117165,5.569116135662898,0.09635149023638233
0a218ada09aa42a2e904,psychiatric_mood,aspirin,"Depressive Disorder, Major",TriMoGCL,1,11697,PTGS2,5743,lowest ten-seed median rank percentile; ties by mean then index,6.501584446728332,8.60226104830421,4.123308496060295,11.370011133949983,0.4218054128126071,23.44552929085303,12.536399451867078,3.830507022953066,5.00171291538198,7.549674546077424,19.47584789311408,0.4218054128126071,23.44552929085303,0.4367934224049332,7.870846180198698,5.453494347379239
0a218ada09aa42a2e904,psychiatric_mood,aspirin,"Depressive Disorder, Major",TriNet,1,11697,PTGS2,5743,lowest ten-seed median rank percentile; ties by mean then index,27.74922918807811,29.15874443302501,5.35607228502912,49.15638917437479,1.552329564919493,67.89354230900993,2.318859198355601,14.467711545049674,51.92488866050017,35.91341212744091,19.585046248715315,1.552329564919493,40.85089071599863,67.89354230900993,55.361425145597806,1.7193388146625557
0a218ada09aa42a2e904,psychiatric_mood,aspirin,"Depressive Disorder, Major",N2V-MLP,1,11697,PTGS2,5743,lowest ten-seed median rank percentile; ties by mean then index,8.527106885919835,9.792737238780402,2.769034772182254,15.145383693045563,0.790082219938335,26.52663583418979,2.4773038711887634,16.4739636861939,26.52663583418979,11.091127098321342,18.516615279205208,0.790082219938335,11.159643713600548,5.963086673518328,3.644227475162727,1.2846865364850977
0a218ada09aa42a2e904,psychiatric_mood,aspirin,"Depressive Disorder, Major",RF,1,11697,PTGS2,5743,lowest ten-seed median rank percentile; ties by mean then index,8.776550188420693,13.351961288112369,3.5912341555327165,14.607688848920864,0.38219424460431656,39.63900308324769,0.38219424460431656,14.211844809866392,39.63900308324769,5.911699212058925,11.64140116478246,0.7055070229530661,14.73963686193902,4.354016786570743,38.59733641658102,3.336973278520041
0a55395e8cfc1376532c,psychiatric_mood,clomipramine,Depressive Disorder,HANAMI,5,23224,HTR2A,3356,lowest ten-seed median rank percentile; ties by mean then index,9.38891743747859,9.926986981843097,7.311472250770812,13.17338985954094,2.318859198355601,15.202124015073656,5.85174717368962,9.236896197327852,6.669664268585132,2.318859198355601,15.202124015073656,13.332905104487839,9.243319630010278,15.184994861253854,12.69484412470024,9.534515244946899
0a55395e8cfc1376532c,psychiatric_mood,clomipramine,Depressive Disorder,TriMoGCL,5,23224,HTR2A,3356,lowest ten-seed median rank percentile; ties by mean then index,9.133050702295307,12.738309352517986,8.45002569373073,13.065797362110311,6.1022610483042135,28.85191846522782,12.412213086673518,8.81294964028777,7.575368276807126,8.956406303528606,28.85191846522782,23.749571771154503,13.28365878725591,8.329051044878383,9.309695101062008,6.1022610483042135
0a55395e8cfc1376532c,psychiatric_mood,clomipramine,Depressive Disorder,TriNet,5,24255,SLC6A3,6531,lowest ten-seed median rank percentile; ties by mean then index,16.25770811921891,24.975698013018157,8.893510191846524,39.84615878725591,3.040424803014731,67.17197670435081,9.967026378896882,5.098064405618363,67.17197670435081,29.52852004110997,16.628126070572115,8.535671462829736,3.040424803014731,43.28537170263789,50.61450839328537,15.887290167865707
0a55395e8cfc1376532c,psychiatric_mood,clomipramine,Depressive Disorder,N2V-MLP,5,24255,SLC6A3,6531,lowest ten-seed median rank percentile; ties by mean then index,15.547918807810895,20.073441247002396,2.5094210346008907,35.17471736896197,0.5481329222336416,48.76241863651936,35.517300445357996,1.6486810551558753,43.589414182939365,48.76241863651936,2.30601233299075,3.119647139431312,3.8583418979102433,34.1469681397739,27.237495717711546,0.5481329222336416
0a55395e8cfc1376532c,psychiatric_mood,clomipramine,Depressive Disorder,RF,5,23224,HTR2A,3356,lowest ten-seed median rank percentile; ties by mean then index,0.836116820829051,7.137504282288456,0.2566696642685851,7.349477560808497,0.06530489893799246,29.498544021925316,0.06530489893799246,8.736939020212402,0.25372559095580677,3.18709318259678,0.8500342583076396,0.26550188420692017,0.1777149708804385,27.51798561151079,0.8221993833504625,29.498544021925316
0a893b8a6984b3bd9669,neurological_seizure,Midazolam,Seizures,HANAMI,5,33773,GABRA1,2554,lowest ten-seed median rank percentile; ties by mean then index,10.790296334361082,13.808667351832819,8.946235868448099,16.870075368276808,4.654847550531004,31.853802672147996,4.654847550531004,8.583847207947928,25.381123672490578,5.770383693045564,10.033401849948612,11.602860568687907,31.853802672147996,10.283915724563206,18.62581363480644,11.296676944158959
0a893b8a6984b3bd9669,neurological_seizure,Midazolam,Seizures,TriMoGCL,5,33773,GABRA1,2554,lowest ten-seed median rank percentile; ties by mean then index,13.567360397396369,18.728802672148,8.439855258650223,21.13309352517986,6.080849606029462,47.55053100376841,15.170006851661528,6.571171634121274,11.96471394313121,11.727046933881466,22.61904761904762,7.344124700239808,47.55053100376841,41.585303186022614,16.67523124357657,6.080849606029462
0a893b8a6984b3bd9669,neurological_seizure,Midazolam,Seizures,TriNet,5,33773,GABRA1,2554,lowest ten-seed median rank percentile; ties by mean then index,29.98993662213087,31.52406646111682,23.119540082219938,33.098342754367934,4.295135320315176,67.93422404933196,33.38043850633779,28.82836587872559,21.216598150051386,67.93422404933196,30.898852346694074,47.22935936964714,29.08102089756766,20.124614594039056,4.295135320315176,32.252055498458375
0a893b8a6984b3bd9669,neurological_seizure,Midazolam,Seizures,N2V-MLP,5,33773,GABRA1,2554,lowest ten-seed median rank percentile; ties by mean then index,17.029590613223707,27.889045906132235,8.986917608770128,46.50190561836246,4.378639945186708,77.03408701610141,5.496317231928742,11.05686879068174,12.324426173347037,52.49657416923604,49.967882836587876,36.103973963686194,77.03408701610141,21.734755053100375,8.296933881466256,4.378639945186708
0a893b8a6984b3bd9669,neurological_seizure,Midazolam,Seizures,RF,5,33773,GABRA1,2554,lowest ten-seed median rank percentile; ties by mean then index,18.548732442617336,22.81635405960946,16.609926344638577,26.00954950325454,5.604445015416238,57.477946214457006,5.604445015416238,19.490835902706408,16.69664268585132,9.298989379924631,57.477946214457006,26.923818088386433,16.58102089756766,35.21646968139774,23.266743747858857,17.606628982528264
0adc31c77a98c8e6ab55,psychiatric_mood,pramipexole,"Depressive Disorder, Major",HANAMI,7,18081,DRD2,1813,lowest ten-seed median rank percentile; ties by mean then index,6.059438163754711,6.102903391572456,3.1035885577252484,8.625064234326825,0.749400479616307,13.238694758478932,4.701952723535458,8.667351832819458,13.238694758478932,3.4279719081877356,9.28186022610483,2.9954607742377526,2.0512161699212057,7.416923603973964,0.749400479616307,8.498201438848922
0adc31c77a98c8e6ab55,psychiatric_mood,pramipexole,"Depressive Disorder, Major",TriMoGCL,7,18081,DRD2,1813,lowest ten-seed median rank percentile; ties by mean then index,5.704008221993833,6.505010277492292,3.1619347379239464,7.419064748201439,0.22267899965741692,15.439791024323398,3.8604830421377185,15.234241178485783,7.258478931140802,4.299417608770127,15.439791024323398,7.10859883521754,1.224734498115793,0.22267899965741692,2.9290853031860227,7.472593353888318
0adc31c77a98c8e6ab55,psychiatric_mood,pramipexole,"Depressive Disorder, Major",TriNet,7,17636,DRD3,1814,lowest ten-seed median rank percentile; ties by mean then index,17.442831449126412,30.661399451867076,6.894484412470025,56.96193045563549,0.6145083932853717,84.45743405275779,8.16632408359027,76.38532031517643,0.6145083932853717,21.21017471736896,84.45743405275779,67.72653305926687,3.239551216169921,13.675488180883864,6.470537855429942,24.66812264474135
0adc31c77a98c8e6ab55,psychiatric_mood,pramipexole,"Depressive Disorder, Major",N2V-MLP,7,18081,DRD2,1813,lowest ten-seed median rank percentile; ties by mean then index,8.881466255566975,14.323398424117846,1.4650779376498801,22.29038198013018,0.6209318259677972,40.182853717026376,2.2995889003083247,40.182853717026376,15.463343610825625,1.2397225077081193,23.439105858170606,2.141144227475163,38.335046248715315,0.6209318259677972,0.6680369989722508,18.844210346008907
0adc31c77a98c8e6ab55,psychiatric_mood,pramipexole,"Depressive Disorder, Major",RF,7,18081,DRD2,1813,lowest ten-seed median rank percentile; ties by mean then index,10.927329564919493,17.453644227475163,5.349113566289825,31.80857100034258,1.1390887290167866,42.19338814662556,5.604445015416238,21.366478245974648,42.19338814662556,4.963172319287427,35.28926858513189,5.264003083247688,36.861939020212404,6.342069201781432,1.1390887290167866,15.512589928057555
0ae39bd475701b526e58,neurological_seizure,Phenobarbital,Status Epilepticus,HANAMI,2,33908,GABRA1,2554,lowest ten-seed median rank percentile; ties by mean then index,19.50796505652621,17.67921377183967,12.567446043165468,21.93174032202809,5.849606029462144,25.70871873929428,22.297875984926346,20.833333333333332,18.831363480644058,16.097122302158272,24.44116135662898,25.70871873929428,11.390887290167866,20.18456663240836,5.849606029462144,11.157502569373072
0ae39bd475701b526e58,neurological_seizure,Phenobarbital,Status Epilepticus,TriMoGCL,2,33908,GABRA1,2554,lowest ten-seed median rank percentile; ties by mean then index,27.555455635491604,26.330935251798564,16.180626927029806,31.73389859540939,8.61810551558753,52.89482699554642,8.61810551558753,34.48741007194245,27.822028091812264,28.226704350805072,52.89482699554642,27.28888317917095,32.90296334361083,13.123072970195272,12.592069201781433,25.353288797533402
0ae39bd475701b526e58,neurological_seizure,Phenobarbital,Status Epilepticus,TriNet,2,33908,GABRA1,2554,lowest ten-seed median rank percentile; ties by mean then index,15.419450154162384,24.042052072627616,6.949618876327509,33.15347721822542,1.1990407673860912,65.51044878383009,15.002997601918466,8.41897910243234,37.67129153819801,64.8531175059952,6.459832134292566,15.835902706406303,65.51044878383009,19.60003425830764,1.1990407673860912,5.868876327509421
0ae39bd475701b526e58,neurological_seizure,Phenobarbital,Status Epilepticus,N2V-MLP,2,33908,GABRA1,2554,lowest ten-seed median rank percentile; ties by mean then index,21.536699212058924,19.967026378896882,8.751927029804726,30.85067660157588,1.7257622473449812,40.57040082219938,8.695186707776635,19.171805412812606,33.34189791024323,32.67600205549846,40.57040082219938,23.90159301130524,25.374700239808153,8.922147995889002,5.290767386091127,1.7257622473449812
0ae39bd475701b526e58,neurological_seizure,Phenobarbital,Status Epilepticus,RF,2,33908,GABRA1,2554,lowest ten-seed median rank percentile; ties by mean then index,2.5153091812264474,8.673347036656391,0.6998865193559438,11.105312178828365,0.1434566632408359,37.771925316889345,0.1434566632408359,2.0308752997601918,22.033444672833163,6.946942446043166,37.771925316889345,12.491435423090099,2.999743062692703,1.7011390887290168,0.24837273038711888,0.36613566289825283
0b6e90823e26241bd2b2,psychiatric_mood,Dehydroepiandrosterone,"Depressive Disorder, Major",HANAMI,1,6436,ESR2,2100,lowest ten-seed median rank percentile; ties by mean then index,17.29402192531689,18.077894826995546,16.184909215484755,21.019077595066804,0.4624871531346352,30.36784857828023,20.227389516957864,17.56808838643371,16.396882494004796,28.965399109284,30.36784857828023,16.114251455978074,0.4624871531346352,12.373672490578965,17.01995546420007,21.282973621103118
0b6e90823e26241bd2b2,psychiatric_mood,Dehydroepiandrosterone,"Depressive Disorder, Major",TriMoGCL,1,6436,ESR2,2100,lowest ten-seed median rank percentile; ties by mean then index,31.791709489551216,35.31967283316204,21.07367677286742,39.10318174032203,11.10183281945872,91.55104487838301,36.25599520383693,27.273895169578623,91.55104487838301,33.81723192874272,19.00693730729702,11.10183281945872,15.711716341212744,48.659643713600545,40.05224391915039,29.76618705035971
0b6e90823e26241bd2b2,psychiatric_mood,Dehydroepiandrosterone,"Depressive Disorder, Major",TriNet,1,6436,ESR2,2100,lowest ten-seed median rank percentile; ties by mean then index,51.09519527235355,54.337101747173676,39.8343824940048,72.55213686193902,17.503854059609456,91.91503939705379,34.00993490921549,44.0433367591641,59.49811579307982,78.87547105173005,50.55883864337102,17.503854059609456,76.90347721822542,38.431397738951695,91.91503939705379,51.631551901336074
0b6e90823e26241bd2b2,psychiatric_mood,Dehydroepiandrosterone,"Depressive Disorder, Major",N2V-MLP,1,6436,ESR2,2100,lowest ten-seed median rank percentile; ties by mean then index,28.64208633093525,36.88099520383693,23.523681055155876,51.615493319630005,14.052329564919493,71.7583076396026,15.945101062007536,30.522010962658445,26.762161699212058,57.10645769099006,23.239979445015415,24.374785885577253,14.052329564919493,35.14260020554985,71.7583076396026,69.90621788283659
0b6e90823e26241bd2b2,psychiatric_mood,Dehydroepiandrosterone,"Depressive Disorder, Major",RF,1,6436,ESR2,2100,lowest ten-seed median rank percentile; ties by mean then index,73.49370503597122,74.98351318944844,71.06082990750257,79.84888874614595,58.33868619390202,93.57014388489209,70.55284343953409,68.04877526550189,79.956748886605,79.52530832476876,72.83423261390887,72.58478931140802,80.27042651593011,58.33868619390202,93.57014388489209,74.15317745803357
0c948b722f0b90584160,psychiatric_mood,modafinil,Bipolar Disorder,HANAMI,1,24053,SLC6A3,6531,lowest ten-seed median rank percentile; ties by mean then index,12.042865707434053,15.107485440219254,9.90600376841384,18.22702552243919,6.3720452209660845,36.72062350119904,9.47670435080507,6.3720452209660845,20.89542651593011,12.613480644056184,36.72062350119904,11.19390202124015,18.94484412470024,7.3120075368276805,11.472250770811922,16.073569715656046
0c948b722f0b90584160,psychiatric_mood,modafinil,Bipolar Disorder,TriMoGCL,1,24053,SLC6A3,6531,lowest ten-seed median rank percentile; ties by mean then index,8.621317231928742,11.829821856800274,5.628532887975334,16.513039568345324,2.5822199383350464,30.98449811579308,17.51884206920178,5.626927029804728,30.98449811579308,5.6333504624871535,7.519698526892771,2.5822199383350464,21.083847207947926,13.49563206577595,9.722935936964713,4.130267214799589
0c948b722f0b90584160,psychiatric_mood,modafinil,Bipolar Disorder,TriNet,1,24053,SLC6A3,6531,lowest ten-seed median rank percentile; ties by mean then index,25.904633436108256,30.6123672490579,16.10782802329565,39.243961973278516,5.361425145597807,76.01276121959575,33.53674203494347,12.82331277834875,76.01276121959575,29.40861596437136,17.296163069544363,15.711716341212744,5.361425145597807,41.1463686193902,52.42591640972936,22.40065090784515
0c948b722f0b90584160,psychiatric_mood,modafinil,Bipolar Disorder,N2V-MLP,1,24053,SLC6A3,6531,lowest ten-seed median rank percentile; ties by mean then index,11.958290510448784,17.965056526207608,2.3183239122987325,30.724349092154846,0.7322713257965057,51.942017814319975,31.38275094210346,1.1283830078794108,28.74914354230901,51.942017814319975,0.9806440561836245,5.888146625556698,9.146968139773895,34.930626927029806,14.769612881123672,0.7322713257965057
0c948b722f0b90584160,psychiatric_mood,modafinil,Bipolar Disorder,RF,1,24053,SLC6A3,6531,lowest ten-seed median rank percentile; ties by mean then index,32.03472935936965,34.192467454607744,22.14585474477561,41.04760834189791,16.58102089756766,63.64658273381295,63.64658273381295,28.780190133607398,42.19338814662556,51.65831620417951,35.28926858513189,37.61026892771497,16.58102089756766,25.161656389174375,21.14058752997602,19.863394998287085
0d3b6a38a830e383eba9,neurological_seizure,fluoxetine,Epilepsy,HANAMI,1,46475,CHRNA2,1135,lowest ten-seed median rank percentile; ties by mean then index,38.393927714970886,37.760149023638235,20.468803528605687,54.480879582048644,11.660671462829736,72.40065090784515,21.681226447413497,58.344039054470706,60.547276464542655,72.40065090784515,13.223706748886604,34.74220623501199,11.660671462829736,42.04564919492977,20.06466255566975,42.89140116478246
0d3b6a38a830e383eba9,neurological_seizure,fluoxetine,Epilepsy,TriMoGCL,1,46475,CHRNA2,1135,lowest ten-seed median rank percentile; ties by mean then index,22.4220623501199,30.730558410414524,19.347914525522437,32.93133350462487,14.197927372387804,73.85234669407332,22.040938677629324,22.803186022610483,29.92677286742035,73.85234669407332,18.610825625214115,14.197927372387804,19.741349777321002,33.932853717026376,19.216769441589584,52.9826139088729
0d3b6a38a830e383eba9,neurological_seizure,fluoxetine,Epilepsy,TriNet,1,46475,CHRNA2,1135,lowest ten-seed median rank percentile; ties by mean then index,43.07232785200411,38.761990407673856,26.611746317231926,49.798732442617336,9.465998629667695,59.900650907845154,18.976961288112367,39.89379924631723,46.25085645769099,48.01301815690305,9.465998629667695,30.44492977046934,25.334018499486124,58.94570058239123,50.39397053785543,59.900650907845154
0d3b6a38a830e383eba9,neurological_seizure,fluoxetine,Epilepsy,N2V-MLP,1,46475,CHRNA2,1135,lowest ten-seed median rank percentile; ties by mean then index,40.79736211031175,33.51875642343268,24.848514045906132,41.95893285371702,5.943816375471052,50.37684138403563,46.00890715998629,42.27903391572456,40.74811579307982,40.84660842754368,13.709746488523466,40.998629667694416,31.716769441589584,50.37684138403563,5.943816375471052,22.559095580678314
0d3b6a38a830e383eba9,neurological_seizure,fluoxetine,Epilepsy,RF,1,46475,CHRNA2,1135,lowest ten-seed median rank percentile; ties by mean then index,14.897546248715313,16.219702809181225,10.842754367934223,22.06743533744433,4.301558752997602,27.79419321685509,16.741606714628297,26.83603117505995,20.15244946899623,13.05348578280233,27.79419321685509,22.705763960260363,12.895041109969167,10.15865878725591,7.558239122987325,4.301558752997602
0d481fea8d465a55eb88,breast_oncology,deferasirox,Breast Neoplasms,HANAMI,1,34746,CYP3A4,1576,lowest ten-seed median rank percentile; ties by mean then index,15.500813634806441,21.08042137718397,10.524794450154163,19.592540253511476,1.273980815347722,67.0777663583419,15.885149023638233,17.264045906132235,67.0777663583419,20.368705035971225,15.11647824597465,8.534600890715998,1.273980815347722,9.425316889345666,13.823227132579651,42.034943473792396
0d481fea8d465a55eb88,breast_oncology,deferasirox,Breast Neoplasms,TriMoGCL,1,34746,CYP3A4,1576,lowest ten-seed median rank percentile; ties by mean then index,16.952509421034602,20.23959403905447,8.38793251113395,30.846394313120932,4.492120589242892,48.58042137718397,7.988609112709832,5.365707434052758,32.97576224734498,20.580678314491266,9.585902706406303,4.492120589242892,24.458290510448784,13.324340527577938,48.58042137718397,35.04410757108599
0d481fea8d465a55eb88,breast_oncology,deferasirox,Breast Neoplasms,TriNet,1,34746,CYP3A4,1576,lowest ten-seed median rank percentile; ties by mean then index,40.73741007194245,42.975976361767735,25.165403391572458,65.38090955806783,5.256509078451525,79.33367591640973,6.303528605686879,65.81663240835903,40.844467283316206,64.07374100719424,5.256509078451525,79.33367591640973,73.3106372045221,23.235697156560466,40.630352860568685,30.95452209660843
0d481fea8d465a55eb88,breast_oncology,deferasirox,Breast Neoplasms,N2V-MLP,1,34746,CYP3A4,1576,lowest ten-seed median rank percentile; ties by mean then index,25.316889345666326,39.61973278520041,21.85358855772525,59.953644227475166,12.09318259677972,80.13874614594039,24.700239808153476,77.06620417951353,80.13874614594039,15.801644398766701,12.09318259677972,52.937649880095925,62.29230900993491,25.93353888317917,21.090270640630354,24.143542309009934
0d481fea8d465a55eb88,breast_oncology,deferasirox,Breast Neoplasms,RF,1,34746,CYP3A4,1576,lowest ten-seed median rank percentile; ties by mean then index,54.38238694758479,56.64643285371702,49.33945700582391,61.63899237752655,45.36335217540253,73.63716169921206,45.395469338814664,62.2719681397739,73.63716169921206,54.2330421377184,59.74006509078451,70.88472079479274,51.9313120931826,45.36335217540253,54.53173175745118,48.47550531003768
0d652e245046d28305ff,psychiatric_mood,celecoxib,"Depressive Disorder, Major",HANAMI,1,10787,PTGS2,5743,lowest ten-seed median rank percentile; ties by mean then index,6.160071942446043,9.682896539910928,3.9252526550188422,11.779504967454608,0.34686536485097635,39.34994861253854,4.903220280918123,12.96034600890716,3.5992634463857485,7.014388489208633,39.34994861253854,0.5802500856457691,12.174546077423775,5.305755395683454,10.594381637547105,0.34686536485097635
0d652e245046d28305ff,psychiatric_mood,celecoxib,"Depressive Disorder, Major",TriMoGCL,1,10787,PTGS2,5743,lowest ten-seed median rank percentile; ties by mean then index,9.772182254196643,19.63086673518328,5.914375642343268,23.825047105173002,1.4431312093182598,87.82973621103118,30.33359027064063,6.526207605344296,3.2866563891743747,7.457605344295992,87.82973621103118,1.4431312093182598,26.83281945871874,14.8017300445358,12.086759164097293,5.710431654676259
0d652e245046d28305ff,psychiatric_mood,celecoxib,"Depressive Disorder, Major",TriNet,1,10787,PTGS2,5743,lowest ten-seed median rank percentile; ties by mean then index,29.12063206577595,30.22535542994176,16.54810080507023,42.342197670435084,0.3383007879410757,66.4311408016444,24.08359027064063,14.036270983213429,43.52946214457006,29.53708461801987,38.780404248030145,2.3102946214457005,28.704179513532033,66.4311408016444,54.502826310380264,0.3383007879410757
0d652e245046d28305ff,psychiatric_mood,celecoxib,"Depressive Disorder, Major",N2V-MLP,1,10787,PTGS2,5743,lowest ten-seed median rank percentile; ties by mean then index,10.14474134977732,16.08812949640288,5.36891915039397,13.919578622816033,0.5888146625556697,77.04479273723878,13.797533401849948,7.297019527235355,4.86896197327852,13.960260363138062,77.04479273723878,0.5888146625556697,12.992463172319287,18.93627954779034,5.040253511476533,6.3549160671462825
0d652e245046d28305ff,psychiatric_mood,celecoxib,"Depressive Disorder, Major",RF,1,10787,PTGS2,5743,lowest ten-seed median rank percentile; ties by mean then index,12.44325967797191,18.89698955121617,7.04222336416581,24.695154590613225,0.20340870161014046,59.74006509078451,13.53096094552929,11.355558410414526,7.328066118533744,6.946942446043166,59.74006509078451,2.570443645083933,25.880010277492293,40.27385234669407,21.14058752997602,0.20340870161014046
0e25ace558039a3063c9,cardiovascular_hypertensive,aspirin,Coronary Artery Disease,HANAMI,1,11713,PTGS2,5743,lowest ten-seed median rank percentile; ties by mean then index,10.404890373415553,10.905275779376499,8.6357699554642,12.764431312093183,0.5160157588215142,23.59755053100377,11.38874614594039,23.59755053100377,8.560294621445701,13.193730729701953,11.476533059266872,3.128211716341213,9.421034600890716,8.862195957519699,18.908444672833163,0.5160157588215142
0e25ace558039a3063c9,cardiovascular_hypertensive,aspirin,Coronary Artery Disease,TriMoGCL,1,11713,PTGS2,5743,lowest ten-seed median rank percentile; ties by mean then index,20.33872901678657,18.50676601575882,9.045263788968825,22.20205978074683,4.265159301130524,36.75274066461117,18.97482014388489,14.546933881466256,22.212230215827336,22.17154847550531,30.07237067488866,7.211373758136348,36.75274066461117,4.265159301130524,7.157845152449469,21.702637889688248
0e25ace558039a3063c9,cardiovascular_hypertensive,aspirin,Coronary Artery Disease,TriNet,1,11713,PTGS2,5743,lowest ten-seed median rank percentile; ties by mean then index,30.278991092840016,28.908444672833163,7.475269784172662,47.37013960260363,1.0341726618705036,66.4825282631038,6.948013018156903,9.057040082219938,49.34266872216512,33.73372730387119,26.824254881808837,1.0341726618705036,41.45255224391915,66.4825282631038,53.11536485097636,1.0941247002398082
0e25ace558039a3063c9,cardiovascular_hypertensive,aspirin,Coronary Artery Disease,N2V-MLP,1,11713,PTGS2,5743,lowest ten-seed median rank percentile; ties by mean then index,19.067959917780062,22.563806097978762,14.542651593011305,20.135855601233303,7.678143199725934,68.24468996231586,13.76541623843782,18.319630010277493,68.24468996231586,16.874357656731757,33.01858513189448,7.678143199725934,20.18884892086331,19.97687564234327,19.81628982528263,7.755224391915039
0e25ace558039a3063c9,cardiovascular_hypertensive,aspirin,Coronary Artery Disease,RF,1,11713,PTGS2,5743,lowest ten-seed median rank percentile; ties by mean then index,7.8419407331277835,11.166602432339843,4.088247259335389,12.184181226447414,0.4357228502911956,37.267685851318944,0.5813206577595067,8.736939020212402,37.267685851318944,6.946942446043166,13.044921205892429,0.4357228502911956,9.601961288112367,6.342069201781432,25.37148852346694,3.336973278520041
0e5473be480f07bb6f98,psychiatric_mood,memantine,"Depressive Disorder, Major",HANAMI,2,19047,DRD2,1813,lowest ten-seed median rank percentile; ties by mean then index,6.531560465912984,7.1484241178485775,3.409772182254197,8.483748715313464,2.7535114765330593,14.99657416923604,5.477046933881466,8.558153477218225,13.626241863651936,3.35089071599863,14.99657416923604,2.7535114765330593,3.28879753340185,7.586073997944501,3.5864165810208974,8.260534429599177
0e5473be480f07bb6f98,psychiatric_mood,memantine,"Depressive Disorder, Major",TriMoGCL,2,19047,DRD2,1813,lowest ten-seed median rank percentile; ties by mean then index,5.510234669407332,12.017386091127097,3.9964457005823912,19.709232613908874,0.6509078451524495,37.829736211031175,22.589071599862965,5.530575539568345,37.829736211031175,4.67411784857828,21.456406303528606,3.7705549845837614,14.467711545049674,0.6509078451524495,5.4898937992463175,3.7148852346694072
0e5473be480f07bb6f98,psychiatric_mood,memantine,"Depressive Disorder, Major",TriNet,2,19047,DRD2,1813,lowest ten-seed median rank percentile; ties by mean then index,23.828794107571085,29.959318259677975,18.99676687221651,34.68011305241521,2.0597807468311067,77.11330935251799,24.599606029462144,7.6824254881808836,36.527920520726276,2.0597807468311067,77.11330935251799,19.698526892771497,29.136690647482013,18.76284686536485,23.05798218568003,60.954093867762936
0e5473be480f07bb6f98,psychiatric_mood,memantine,"Depressive Disorder, Major",N2V-MLP,2,19047,DRD2,1813,lowest ten-seed median rank percentile; ties by mean then index,11.329864679684825,18.11472250770812,2.0196342925659474,22.427415210688594,0.3275950668036999,72.70041109969168,5.288626241863652,18.28108941418294,72.70041109969168,0.3275950668036999,37.96462829736211,1.7942788626241863,23.80952380952381,0.9142685851318945,2.69570058239123,17.371103117505996
0e5473be480f07bb6f98,psychiatric_mood,memantine,"Depressive Disorder, Major",RF,2,19047,DRD2,1813,lowest ten-seed median rank percentile; ties by mean then index,31.90037255909558,38.54552072627612,27.23241050017129,39.04644141829394,17.32078622816033,98.45944672833161,31.28961116820829,24.947541966426858,98.45944672833161,31.912684138403563,40.323098663926004,48.21749743062693,25.880010277492293,35.21646968139774,17.32078622816033,31.8880609797876
0ec90f25595ade9ce30c,psychiatric_mood,zuclopenthixol,Depressive Disorder,HANAMI,5,19380,DRD2,1813,lowest ten-seed median rank percentile; ties by mean then index,8.053914011647825,8.241906474820144,6.084596608427543,10.972293593696472,1.2868276807125727,14.923775265501884,4.119561493662213,9.337529976019185,14.923775265501884,1.2868276807125727,12.157416923603973,7.543251113394998,5.684737923946557,11.517214799588901,7.284172661870503,8.564576909900651
0ec90f25595ade9ce30c,psychiatric_mood,zuclopenthixol,Depressive Disorder,TriMoGCL,5,19380,DRD2,1813,lowest ten-seed median rank percentile; ties by mean then index,5.66118533744433,9.758693045563549,4.403263103802672,9.262589928057555,2.1261562178828366,41.251284686536486,8.947841726618705,12.868276807125728,4.256594724220624,6.357057211373758,41.251284686536486,9.367505995203837,2.603631380609798,2.1261562178828366,4.965313463514902,4.8432682425488185
0ec90f25595ade9ce30c,psychiatric_mood,zuclopenthixol,Depressive Disorder,TriNet,5,19380,DRD2,1813,lowest ten-seed median rank percentile; ties by mean then index,6.7156988694758475,8.418764988009594,4.057468311065433,13.353245974648852,0.32973621103117506,18.396711202466598,4.487838300787941,3.4022781774580335,15.606800274066462,0.32973621103117506,4.896796848235697,3.9140116478245974,8.534600890715998,18.396711202466598,10.221822541966427,14.397053785542994
0ec90f25595ade9ce30c,psychiatric_mood,zuclopenthixol,Depressive Disorder,N2V-MLP,5,19380,DRD2,1813,lowest ten-seed median rank percentile; ties by mean then index,6.343139773895169,10.734626584446726,3.7710902706406304,18.1119390202124,0.5609797875984927,27.59292565947242,21.48424117848578,27.59292565947242,26.286827680712573,0.5609797875984927,1.8606543336759165,5.776807125727989,6.284258307639603,7.995032545392258,6.402021240150736,3.102517985611511
0ec90f25595ade9ce30c,psychiatric_mood,zuclopenthixol,Depressive Disorder,RF,5,23681,HTR2A,3356,lowest ten-seed median rank percentile; ties by mean then index,1.826396026036314,4.060572970195272,0.9083804385063379,7.405414953751285,0.06530489893799246,11.70777663583419,7.899751627269612,0.85431654676259,0.06530489893799246,6.946942446043166,0.8500342583076396,1.0705721137375814,2.2867420349434737,11.70777663583419,7.558239122987325,1.3660500171291539
0ed0681428f3ea4d0859,breast_oncology,ranitidine,Breast Neoplasms,HANAMI,2,31404,ACHE,43,lowest ten-seed median rank percentile; ties by mean then index,15.446214457005825,21.93281089414183,7.490257793764988,23.6896197327852,1.0748544021925317,79.34652278177458,23.71103117505995,23.625385405960944,79.34652278177458,22.970195272353546,6.528348749571771,7.354830421377184,1.0748544021925317,7.8965399109284,7.922233641658102,38.89816718054128
0ed0681428f3ea4d0859,breast_oncology,ranitidine,Breast Neoplasms,TriMoGCL,2,32849,BCHE,590,lowest ten-seed median rank percentile; ties by mean then index,34.50239808153477,44.678614251455976,26.869754196642685,72.31607571085989,2.794193216855087,83.96711202466598,77.91623843782118,55.51558752997602,80.79179513532031,31.77243919150394,22.983042137718396,26.83281945871874,37.23235697156561,83.96711202466598,2.794193216855087,26.980558410414524
0ed0681428f3ea4d0859,breast_oncology,ranitidine,Breast Neoplasms,TriNet,2,32849,BCHE,590,lowest ten-seed median rank percentile; ties by mean then index,53.007237067488866,53.416195614936626,43.48610397396369,63.66157074340528,8.872901678657074,88.77183967112025,62.12315861596437,75.81577595066804,42.84857828023296,59.16623843782117,8.872901678657074,45.398681055155876,64.17437478588558,46.84823569715656,40.142171976704354,88.77183967112025
0ed0681428f3ea4d0859,breast_oncology,ranitidine,Breast Neoplasms,N2V-MLP,2,31404,ACHE,43,lowest ten-seed median rank percentile; ties by mean then index,52.67643028434395,54.14161527920521,44.47424203494347,72.50984926344638,20.745546420006853,82.28845495032546,51.80498458376156,53.54787598492634,73.06226447413498,70.8526036313806,22.846008907159987,74.89508393285372,43.26181911613566,82.28845495032546,20.745546420006853,48.111510791366904
0ed0681428f3ea4d0859,breast_oncology,ranitidine,Breast Neoplasms,RF,2,32849,BCHE,590,lowest ten-seed median rank percentile; ties by mean then index,66.56389174374786,64.10585817060637,54.09948826652963,72.67391443987668,34.001370332305584,86.59429599177801,73.85234669407332,68.04877526550189,52.219295991778004,34.001370332305584,59.74006509078451,69.13861767728675,65.07900822199383,86.59429599177801,49.03220280918123,83.3526036313806
0fade3cb0882464a8347,neurological_seizure,naloxone,Epilepsy,HANAMI,1,4090,OPRD1,4985,lowest ten-seed median rank percentile; ties by mean then index,23.404847550531002,26.36412298732443,17.641957862281604,30.51879924631723,2.0769099006509077,75.76224734498116,10.181140801644398,23.284943473792396,75.76224734498116,17.1120246659815,2.0769099006509077,19.231757451181913,34.254025351147654,23.524751627269612,26.28254539225762,31.9308838643371
0fade3cb0882464a8347,neurological_seizure,naloxone,Epilepsy,TriMoGCL,1,4090,OPRD1,4985,lowest ten-seed median rank percentile; ties by mean then index,17.628040424803014,21.114251455978074,13.666388317917095,25.206620417951353,4.203066118533744,58.29051044878383,26.56731757451182,15.311322370674889,29.427886262418635,19.944758478931142,8.076396026036313,4.203066118533744,14.962315861596437,13.234412470023981,58.29051044878383,21.124528948269955
0fade3cb0882464a8347,neurological_seizure,naloxone,Epilepsy,TriNet,1,4090,OPRD1,4985,lowest ten-seed median rank percentile; ties by mean then index,76.98698184309694,65.85645769099007,54.27265330592669,86.50436793422405,3.907588215142172,98.20572113737582,3.907588215142172,87.39080164439876,81.37632750942103,87.58350462487154,31.658958547447757,52.54582048646797,59.453151764302845,72.59763617677287,83.8450668036999,98.20572113737582
0fade3cb0882464a8347,neurological_seizure,naloxone,Epilepsy,N2V-MLP,1,4090,OPRD1,4985,lowest ten-seed median rank percentile; ties by mean then index,47.373886605001715,48.27402363823227,30.74415467625899,61.09326824254882,16.743747858855773,91.02004110996917,18.278948269955464,72.18225419664269,46.4564063035286,48.29136690647482,16.743747858855773,27.231072285029118,59.69295991778006,61.5600376841384,41.28340184994861,91.02004110996917
0fade3cb0882464a8347,neurological_seizure,naloxone,Epilepsy,RF,1,4090,OPRD1,4985,lowest ten-seed median rank percentile; ties by mean then index,72.60513018156902,70.77691418293935,66.51544835560122,78.64235397396368,35.79350805070229,96.37718396711202,35.79350805070229,69.6075282631038,65.48475505310037,88.4570914696814,50.43144056183625,70.88472079479274,77.32635320315177,74.32553956834532,79.08102089756765,96.37718396711202
116ded101614618db8fe,breast_oncology,nimesulide,Breast Neoplasms,HANAMI,2,12719,PTGS2,5743,lowest ten-seed median rank percentile; ties by mean then index,5.780018842069202,9.381209318259677,1.5940818773552587,10.971758307639604,0.5074511819116135,37.72053785542994,11.82339842411785,8.416837958204864,37.72053785542994,2.5094210346008907,0.7515416238437821,0.5074511819116135,1.288968824940048,4.031774580335731,19.233898595409386,7.528263103802672
116ded101614618db8fe,breast_oncology,nimesulide,Breast Neoplasms,TriMoGCL,2,12719,PTGS2,5743,lowest ten-seed median rank percentile; ties by mean then index,6.847379239465571,11.195614936622132,3.7935722850291196,13.156260705721138,2.7428057553956835,36.45512161699212,14.099434737923946,3.7405789653991093,36.45512161699212,3.9525522439191505,3.3080678314491263,2.7428057553956835,23.63609112709832,10.32673860911271,6.157930798218568,7.536827680712573
116ded101614618db8fe,breast_oncology,nimesulide,Breast Neoplasms,TriNet,2,12719,PTGS2,5743,lowest ten-seed median rank percentile; ties by mean then index,41.56710346008907,42.53789825282631,35.03821942446043,58.652363823227134,5.185851318944844,69.09686536485097,37.5599520383693,34.969167523124355,57.61819116135663,45.57425488180884,35.24537512846865,16.799417608770128,58.99708804385063,69.09686536485097,64.33281945871875,5.185851318944844
116ded101614618db8fe,breast_oncology,nimesulide,Breast Neoplasms,N2V-MLP,2,12719,PTGS2,5743,lowest ten-seed median rank percentile; ties by mean then index,29.53708461801987,32.86849092154848,19.565775950668037,44.18465227817745,14.60260363138061,59.05704008221994,20.77338129496403,44.24032202809181,59.05704008221994,18.794964028776977,44.01764302843439,14.60260363138061,48.96154504967455,37.99032202809181,19.163240835902705,21.083847207947926
116ded101614618db8fe,breast_oncology,nimesulide,Breast Neoplasms,RF,2,12719,PTGS2,5743,lowest ten-seed median rank percentile; ties by mean then index,42.98347036656389,39.21494946899624,32.18701824254882,47.68542309009935,10.699297704693388,62.83294792737239,23.60504453579993,40.603588557725246,47.316075710859884,48.9486981843097,47.80853888317917,10.699297704693388,33.08389003083248,45.36335217540253,62.83294792737239,31.8880609797876
1345daa53dc4e9e041c6,psychiatric_mood,donepezil,Depressive Disorder,HANAMI,1,22990,HTR2A,3356,lowest ten-seed median rank percentile; ties by mean then index,12.967840013703324,13.618747858855773,10.570293764988008,17.86088985954094,3.1239294278862624,23.019441589585476,8.75513874614594,11.11467968482357,11.288112367249058,3.1239294278862624,23.019441589585476,14.647567660157588,16.587444330250086,18.976961288112367,18.28537170263789,10.388831791709489
1345daa53dc4e9e041c6,psychiatric_mood,donepezil,Depressive Disorder,TriMoGCL,1,22990,HTR2A,3356,lowest ten-seed median rank percentile; ties by mean then index,19.853759849263447,20.142386091127097,11.259206920178142,25.773488352175402,4.492120589242892,44.60217540253512,26.325368276807126,14.397053785542994,21.21017471736896,10.213257965056526,44.60217540253512,24.11784857828023,6.104402192531689,31.464114422747517,18.49734498115793,4.492120589242892
1345daa53dc4e9e041c6,psychiatric_mood,donepezil,Depressive Disorder,TriNet,1,22990,HTR2A,3356,lowest ten-seed median rank percentile; ties by mean then index,36.973278520041106,28.031003768413843,8.917330421377184,42.88497773210004,1.644398766700925,47.848150051387464,41.446128811236726,6.3634806440561835,40.392685851318944,4.693388146625557,43.364594039054474,47.848150051387464,16.578879753340185,33.553871188763274,1.644398766700925,44.42446043165467
1345daa53dc4e9e041c6,psychiatric_mood,donepezil,Depressive Disorder,N2V-MLP,1,22990,HTR2A,3356,lowest ten-seed median rank percentile; ties by mean then index,18.47058067831449,26.56646111682083,7.29434309695101,38.08292651593011,5.545563549160671,69.15895854744775,36.31808838643371,6.8923432682425485,25.74297704693388,5.545563549160671,11.198184309695101,69.15895854744775,57.42548818088387,38.671205892428915,7.479016786570743,7.2327852004111
1345daa53dc4e9e041c6,psychiatric_mood,donepezil,Depressive Disorder,RF,1,22990,HTR2A,3356,lowest ten-seed median rank percentile; ties by mean then index,13.53631380609798,14.978481500513874,7.402470880438506,20.320796933881468,1.1851233299075026,30.017771497088045,12.049289140116478,8.736939020212402,15.023338472079478,1.1851233299075026,19.50261219595752,20.593525179856115,6.957648167180541,30.017771497088045,6.2200239808153475,29.498544021925316
1436b71c6b76d983f694,breast_oncology,cyclosporine,Breast Neoplasms,HANAMI,1,43287,SLCO1B1,10599,lowest ten-seed median rank percentile; ties by mean then index,23.217497430626928,27.100248372730384,14.634185508735868,37.21790424803015,9.699383350462487,57.24563206577595,19.730644056183625,38.61125385405961,57.24563206577595,33.037855429941764,13.127355258650223,19.154676258992804,26.70435080507023,10.547276464542652,9.699383350462487,43.14405618362453
1436b71c6b76d983f694,breast_oncology,cyclosporine,Breast Neoplasms,TriMoGCL,1,43287,SLCO1B1,10599,lowest ten-seed median rank percentile; ties by mean then index,26.916324083590272,30.19719938335046,23.25657331277835,41.36958290510449,12.844724220623501,46.6812264474135,44.33453237410072,28.2502569373073,25.582391229873245,46.6812264474135,12.844724220623501,32.474734498115794,18.934138403562866,22.972336416581022,24.109284001370334,45.788369304556355
1436b71c6b76d983f694,breast_oncology,cyclosporine,Breast Neoplasms,TriNet,1,43287,SLCO1B1,10599,lowest ten-seed median rank percentile; ties by mean then index,74.24310551558753,63.44017643028435,43.13656217882836,79.9139260020555,23.683196300102775,87.84044193216855,77.09403905447071,61.29239465570401,31.819544364508392,76.57159986296676,86.24743062692703,87.84044193216855,71.9146111682083,23.683196300102775,37.084618019869815,80.8538883179171
1436b71c6b76d983f694,breast_oncology,cyclosporine,Breast Neoplasms,N2V-MLP,1,43287,SLCO1B1,10599,lowest ten-seed median rank percentile; ties by mean then index,53.50612367249058,52.711116820829055,49.652599349092156,55.19869818430969,29.215912983898594,81.28854059609455,55.402106885919835,63.4999143542309,52.79847550531004,53.6035457348407,34.70152449468996,81.28854059609455,54.588472079479274,53.40870161014046,48.603973963686194,29.215912983898594
1436b71c6b76d983f694,breast_oncology,cyclosporine,Breast Neoplasms,RF,1,43287,SLCO1B1,10599,lowest ten-seed median rank percentile; ties by mean then index,64.79370075368277,64.49768756423433,60.88825368276807,70.34568773552587,48.9486981843097,75.7119304556355,65.46120246659815,60.796719767043506,54.58418979102432,48.9486981843097,69.48013018156902,75.7119304556355,74.07074340527578,70.63420692017814,61.162855429941764,64.12619904076739
14414f5bfcafe71aa7e0,psychiatric_mood,Temazepam,Depressive Disorder,HANAMI,3,37703,GABRA3,2556,lowest ten-seed median rank percentile; ties by mean then index,19.57862281603289,23.563934566632405,11.311129667694416,26.878318773552586,8.207005823912299,62.36296676944159,12.369390202124015,10.958376156217883,10.662898252826311,8.207005823912299,62.36296676944159,20.227389516957864,25.421805412812606,18.929856115107913,39.13583418979103,27.36382322713258
14414f5bfcafe71aa7e0,psychiatric_mood,Temazepam,Depressive Disorder,TriMoGCL,3,37703,GABRA3,2556,lowest ten-seed median rank percentile; ties by mean then index,33.819373072970194,37.622687564234326,20.8081748886605,40.2133650222679,8.708033573141487,89.17865707434052,35.42737238780404,25.486039739636862,19.24888660500171,18.129068174032202,89.17865707434052,32.21137375813635,40.58538883179171,68.1547619047619,39.09729359369647,8.708033573141487
14414f5bfcafe71aa7e0,psychiatric_mood,Temazepam,Depressive Disorder,TriNet,3,24580,GABRB3,2562,lowest ten-seed median rank percentile; ties by mean then index,12.140287769784173,24.139474134977732,6.327081192189105,40.63302929085303,3.2952209660842753,73.77312435765673,7.9843268242548815,33.247687564234326,5.7746659815005135,12.131723192874272,12.148852346694074,45.59566632408359,3.2952209660842753,43.0948098663926,73.77312435765673,4.348663926002056
14414f5bfcafe71aa7e0,psychiatric_mood,Temazepam,Depressive Disorder,N2V-MLP,3,24580,GABRB3,2562,lowest ten-seed median rank percentile; ties by mean then index,27.71818259677972,30.871659815005142,9.416752312435765,45.37352261048304,1.8221137375813634,69.34095580678314,30.948098663926,65.01156217882837,5.605515587529976,46.642685851318944,20.850462487153134,69.34095580678314,2.4409044193216856,41.56603288797533,24.488266529633435,1.8221137375813634
14414f5bfcafe71aa7e0,psychiatric_mood,Temazepam,Depressive Disorder,RF,3,24580,GABRB3,2562,lowest ten-seed median rank percentile; ties by mean then index,48.651614422747514,42.65212829736211,35.67815390544707,58.192285457348405,0.46891058581706063,65.55648338472079,47.64902363823227,49.65420520726276,11.80948098663926,54.2330421377184,35.28926858513189,65.50402535114765,0.46891058581706063,65.55648338472079,59.51203323055841,36.8448098663926
14896a81570728205e9b,gynecologic_reproductive,letrozole,Endometriosis,HANAMI,1,43453,CYP19A1,1588,lowest ten-seed median rank percentile; ties by mean then index,32.0561408016444,32.83037855429942,21.500835046248714,39.548539739636865,11.25599520383693,56.49837273038712,17.792908530318602,37.086759164097295,27.025522439191505,39.67326139088729,20.94467283316204,39.174374785885576,11.25599520383693,23.169321685508734,55.682596779719084,56.49837273038712
14896a81570728205e9b,gynecologic_reproductive,letrozole,Endometriosis,TriMoGCL,1,43453,CYP19A1,1588,lowest ten-seed median rank percentile; ties by mean then index,35.49803014731072,37.94578622816032,27.538326481671806,42.28599263446386,5.943816375471052,82.69741349777321,15.349862966769441,35.69073312778349,35.305327166837955,25.126327509421035,5.943816375471052,34.774323398424116,37.18739294278863,63.39713943131209,43.98552586502227,82.69741349777321
14896a81570728205e9b,gynecologic_reproductive,letrozole,Endometriosis,TriNet,1,43453,CYP19A1,1588,lowest ten-seed median rank percentile; ties by mean then index,38.72366392600206,43.42411784857828,36.31701781431997,56.17024237752655,22.10089071599863,63.024580335731414,26.378896882494004,63.024580335731414,35.91769441589585,38.54059609455293,38.90673175745118,60.56654676258993,37.51498800959233,56.69535799931484,22.10089071599863,54.5948955121617
14896a81570728205e9b,gynecologic_reproductive,letrozole,Endometriosis,N2V-MLP,1,43453,CYP19A1,1588,lowest ten-seed median rank percentile; ties by mean then index,47.39101575882151,51.08962829736211,40.62607057211373,64.52980472764645,34.08701610140459,70.8012161699212,43.548732442617336,69.21891058581706,44.137547105173006,39.651849948612536,34.08701610140459,68.1290681740322,50.64448441247002,70.8012161699212,36.945443645083934,53.73201438848921
14896a81570728205e9b,gynecologic_reproductive,letrozole,Endometriosis,RF,1,43453,CYP19A1,1588,lowest ten-seed median rank percentile; ties by mean then index,60.809566632408355,49.95385834189791,26.24293422404933,69.37066418293935,12.049289140116478,81.38060979787599,12.049289140116478,21.366478245974648,71.57631038026722,69.04226618705036,69.48013018156902,81.38060979787599,40.87230215827338,68.98017300445358,12.152064063035287,52.638960260363135
14c6e9937548772f04d4,psychiatric_mood,tamoxifen,Bipolar Disorder,HANAMI,1,1570,ESR1,2099,lowest ten-seed median rank percentile; ties by mean then index,5.837829736211031,8.169535799931484,4.934266872216512,10.810101918465229,4.286570743405276,16.223449811579307,5.275779376498801,4.447156560465913,4.286570743405276,7.282031517643029,15.760962658444672,4.851832819458719,6.399880095923262,5.181569030489894,11.98612538540596,16.223449811579307
14c6e9937548772f04d4,psychiatric_mood,tamoxifen,Bipolar Disorder,TriMoGCL,1,1570,ESR1,2099,lowest ten-seed median rank percentile; ties by mean then index,2.324212058924289,5.4697670435080505,1.536806269270298,9.539868105515588,0.26550188420692017,17.74580335731415,2.016957862281603,1.3767557382665296,0.5481329222336416,3.6784857828023294,2.338129496402878,17.74580335731415,0.26550188420692017,12.923946557040082,11.493662213086674,2.3102946214457005
14c6e9937548772f04d4,psychiatric_mood,tamoxifen,Bipolar Disorder,TriNet,1,1570,ESR1,2099,lowest ten-seed median rank percentile; ties by mean then index,18.265030832476874,18.70353717026379,12.300338300787942,25.657866563891744,4.841127098321343,31.207177115450495,18.535885577252483,17.994176087701266,4.841127098321343,27.54153819801302,13.499914354230901,29.96103117505995,20.00685166152792,11.900479616306955,11.547190818773553,31.207177115450495
14c6e9937548772f04d4,psychiatric_mood,tamoxifen,Bipolar Disorder,N2V-MLP,1,1570,ESR1,2099,lowest ten-seed median rank percentile; ties by mean then index,4.759763617677287,8.506551901336074,2.2027021240150737,11.537555669749914,1.1669236039739637,28.196728331620417,1.224734498115793,8.855772524837272,1.9848406988694758,3.4964885234669407,1.1669236039739637,28.196728331620417,12.431483384720794,2.856286399451867,18.82922233641658,6.023038711887633
14c6e9937548772f04d4,psychiatric_mood,tamoxifen,Bipolar Disorder,RF,1,1570,ESR1,2099,lowest ten-seed median rank percentile; ties by mean then index,12.602774922918808,14.325218396711202,3.689191503939705,25.065572541966425,0.40467625899280574,31.8880609797876,0.5813206577595067,19.490835902706408,0.40467625899280574,13.05348578280233,3.0083076396026036,26.923818088386433,5.73184309695101,30.017771497088045,12.152064063035287,31.8880609797876
14e631cfb0c348b2462c,breast_oncology,mifepristone,Breast Neoplasms,HANAMI,2,5565,AR,367,lowest ten-seed median rank percentile; ties by mean then index,5.618362452894827,9.71736896197328,4.047833162041795,11.987731243576569,0.21625556697499143,36.86836245289483,13.257965056526208,6.50693730729702,36.86836245289483,8.177029804727647,4.729787598492634,2.5586673518328196,0.21625556697499143,4.577766358341898,3.8711887632750943,16.409729359369646
14e631cfb0c348b2462c,breast_oncology,mifepristone,Breast Neoplasms,TriMoGCL,2,7102,PGR,5241,lowest ten-seed median rank percentile; ties by mean then index,0.598449811579308,2.8145340870161015,0.38219424460431656,5.128575710859884,0.07279890373415553,11.343782117163412,0.49460431654676257,0.552415210688592,0.644484412470024,6.5733127783487495,0.1263275094210346,1.7321856800274067,0.07279890373415553,0.3447242206235012,6.260705721137376,11.343782117163412
14e631cfb0c348b2462c,breast_oncology,mifepristone,Breast Neoplasms,TriNet,2,7102,PGR,5241,lowest ten-seed median rank percentile; ties by mean then index,17.951353203151765,20.043036998972248,7.264367077766358,26.489165810208974,0.4646282973621103,51.45169578622816,6.753168893456663,8.797961630695443,2.2717540253511475,19.062607057211373,16.840099349092156,24.61031175059952,43.06269270298047,0.4646282973621103,27.11545049674546,51.45169578622816
14e631cfb0c348b2462c,breast_oncology,mifepristone,Breast Neoplasms,N2V-MLP,2,5565,AR,367,lowest ten-seed median rank percentile; ties by mean then index,9.280789653991093,10.392043508050701,2.79312264474135,10.487859712230216,0.17557382665296334,37.44218910585817,0.17557382665296334,2.23963686193902,9.048475505310037,2.5351147653305928,10.58367591640973,18.615107913669064,37.44218910585817,3.567146282973621,10.200411099691674,9.513103802672148
14e631cfb0c348b2462c,breast_oncology,mifepristone,Breast Neoplasms,RF,2,5565,AR,367,lowest ten-seed median rank percentile; ties by mean then index,21.38467797190819,20.781196471394317,13.62650950668037,27.369443730729703,6.71034600890716,31.8880609797876,6.71034600890716,14.211844809866392,13.431397738951695,13.05348578280233,19.50261219595752,26.923818088386433,31.305669749914355,27.51798561151079,23.266743747858857,31.8880609797876
164b49899669e989f1a8,psychiatric_mood,milnacipran,Depressive Disorder,HANAMI,2,30452,SLC6A4,6532,lowest ten-seed median rank percentile; ties by mean then index,15.85517300445358,17.943859198355604,14.158851490236382,21.240686022610483,7.382665296334361,32.04650565262076,11.943302500856458,14.786742034943474,20.882579650565262,7.382665296334361,32.04650565262076,16.4397053785543,21.360054813292223,15.27064063035286,25.37684138403563,13.949554642000685
164b49899669e989f1a8,psychiatric_mood,milnacipran,Depressive Disorder,TriMoGCL,2,30452,SLC6A4,6532,lowest ten-seed median rank percentile; ties by mean then index,10.29997430626927,13.951909900650907,8.101554470709146,19.79059609455293,4.971736896197328,32.82374100719424,32.82374100719424,9.292565947242206,23.908016443987666,11.307382665296334,11.568602261048305,9.037769784172662,22.531260705721138,6.288540596094553,4.971736896197328,7.789482699554642
164b49899669e989f1a8,psychiatric_mood,milnacipran,Depressive Disorder,TriNet,2,39031,SLC6A2,6530,lowest ten-seed median rank percentile; ties by mean then index,39.497687564234326,38.21728331620418,11.748458376156218,52.23374871531347,6.6653819801301815,84.35251798561151,71.12238780404248,52.88412127440905,50.28263103802672,39.77389516957862,7.611767728674203,21.891058581706062,84.35251798561151,6.6653819801301815,39.22147995889003,8.367591640972936
164b49899669e989f1a8,psychiatric_mood,milnacipran,Depressive Disorder,N2V-MLP,2,39031,SLC6A2,6530,lowest ten-seed median rank percentile; ties by mean then index,22.189748201438846,35.65411956149366,14.278755566974992,62.52141144227475,1.6079993148338472,90.83804385063378,69.17822884549503,73.0686879068174,42.550959232613906,18.516615279205208,12.866135662898253,24.11784857828023,90.83804385063378,3.535029119561494,20.261647824597464,1.6079993148338472
164b49899669e989f1a8,psychiatric_mood,milnacipran,Depressive Disorder,RF,2,39031,SLC6A2,6530,lowest ten-seed median rank percentile; ties by mean then index,35.80581963001028,38.2482228502912,16.773723878040425,53.393178314491266,3.748072970195272,76.08556012332991,49.82014388489208,76.08556012332991,54.58418979102432,34.001370332305584,3.748072970195272,37.61026892771497,74.07074340527578,13.342540253511476,12.152064063035287,27.06727475162727
165251de20d8b6a1f4d3,psychiatric_mood,estradiol,Depressive Disorder,HANAMI,2,1593,ESR1,2099,lowest ten-seed median rank percentile; ties by mean then index,11.36198184309695,11.994689962315862,8.111189619732786,16.12121017471737,5.258650222679,18.135491606714627,8.82579650565262,7.872987324426173,5.258650222679,7.667437478588558,16.133521754025352,12.067488866050017,16.084275436793423,10.656474820143885,17.24477560808496,18.135491606714627
165251de20d8b6a1f4d3,psychiatric_mood,estradiol,Depressive Disorder,TriMoGCL,2,1593,ESR1,2099,lowest ten-seed median rank percentile; ties by mean then index,10.404890373415554,14.752697841726619,4.764581192189105,11.271518499486126,0.9613737581363481,74.23561151079137,4.177372387804042,2.4773038711887634,10.868448098663926,10.399537512846866,11.405875299760192,74.23561151079137,0.9613737581363481,10.410243233984241,16.065005138746145,6.526207605344296
165251de20d8b6a1f4d3,psychiatric_mood,estradiol,Depressive Disorder,TriNet,2,1593,ESR1,2099,lowest ten-seed median rank percentile; ties by mean then index,13.647653305926688,16.972850291195616,11.446557040082219,18.260748544021926,6.560465912983899,45.34301130524152,13.452809181226447,11.465827338129497,6.560465912983899,18.99409044193217,22.210089071599864,45.34301130524152,13.842497430626928,10.358855772524837,16.060722850291196,11.440133607399794
165251de20d8b6a1f4d3,psychiatric_mood,estradiol,Depressive Disorder,N2V-MLP,2,1593,ESR1,2099,lowest ten-seed median rank percentile; ties by mean then index,7.638532031517643,12.686707776635835,5.837294450154163,18.815304898937992,1.8478074683110655,38.7761219595752,10.660757108598835,6.763874614594039,5.52843439534087,7.401935594381637,1.8478074683110655,38.7761219595752,22.199383350462487,7.8751284686536485,21.53348749571771,4.2801473107228505
165251de20d8b6a1f4d3,psychiatric_mood,estradiol,Depressive Disorder,RF,2,1593,ESR1,2099,lowest ten-seed median rank percentile; ties by mean then index,5.727025522439192,7.110418807810895,2.7671612709832134,8.943559438163755,1.3082391229873245,20.593525179856115,1.3082391229873245,3.861553614251456,5.234027064063035,2.4023638232271325,13.044921205892429,20.593525179856115,2.2867420349434737,6.342069201781432,6.2200239808153475,9.810722850291196
16ac5f968d32b915dee5,psychiatric_mood,taurine,Depressive Disorder,HANAMI,3,38058,GABRA3,2556,lowest ten-seed median rank percentile; ties by mean then index,19.027278177458033,24.5214542651593,10.501241863651936,22.655447070914697,7.7488009592326135,77.40236382322713,12.701267557382666,9.767899965741693,9.72079479273724,7.7488009592326135,77.40236382322713,21.775436793422404,21.501370332305584,16.553186022610483,45.0946385748544,22.948783830078796
16ac5f968d32b915dee5,psychiatric_mood,taurine,Depressive Disorder,TriMoGCL,3,38058,GABRA3,2556,lowest ten-seed median rank percentile; ties by mean then index,24.687392942788627,31.43049845837616,18.05466341212744,35.31282117163412,9.81286399451867,89.93662213086674,19.45015416238438,19.89979445015416,11.643542309009934,17.589499828708462,89.93662213086674,30.948098663926,36.7677286742035,48.78168893456663,29.47499143542309,9.81286399451867
16ac5f968d32b915dee5,psychiatric_mood,taurine,Depressive Disorder,TriNet,3,24925,GABRB3,2562,lowest ten-seed median rank percentile; ties by mean then index,22.189748201438846,26.073783830078792,9.070422233641658,33.23323484069887,5.170863309352518,78.16675231243576,5.170863309352518,20.801216169921204,23.61896197327852,23.57828023295649,5.327166837958205,36.43799246317232,8.322627612195957,48.0001712915382,78.16675231243576,11.31380609797876
16ac5f968d32b915dee5,psychiatric_mood,taurine,Depressive Disorder,N2V-MLP,3,24925,GABRB3,2562,lowest ten-seed median rank percentile; ties by mean then index,35.67360397396369,31.06564748201439,7.9837915381980125,51.10001284686536,0.13060979787598492,60.181140801644396,42.16555327166838,17.932082905104487,29.181654676258994,45.24023638232271,1.316803699897225,60.181140801644396,0.13060979787598492,53.05327166837958,56.787427201096264,4.667694415895855
16ac5f968d32b915dee5,psychiatric_mood,taurine,Depressive Disorder,RF,3,24925,GABRB3,2562,lowest ten-seed median rank percentile; ties by mean then index,53.1506937307297,51.65221394313121,43.37904676258993,63.68860268927715,17.606628982528264,70.97571942446044,54.082091469681394,40.603588557725246,52.219295991778004,70.97571942446044,42.81539054470709,58.08496060294622,45.07001541623844,65.55648338472079,69.5079650565262,17.606628982528264
1723aa8aa9ec8630a280,psychiatric_mood,risperidone,"Depressive Disorder, Major",HANAMI,8,18391,DRD2,1813,lowest ten-seed median rank percentile; ties by mean then index,3.5232528263103804,4.877098321342926,2.22197242206235,7.385341726618705,0.9356800274066461,10.211116820829051,4.016786570743405,7.43191161356629,9.986296676944159,2.6635834189791026,1.1754881808838644,3.029719081877355,2.0747687564234325,7.2456320657759505,0.9356800274066461,10.211116820829051
1723aa8aa9ec8630a280,psychiatric_mood,risperidone,"Depressive Disorder, Major",TriMoGCL,8,18391,DRD2,1813,lowest ten-seed median rank percentile; ties by mean then index,3.485782802329565,5.681954436450839,1.4104787598492634,7.793229701952724,0.20769099006509079,17.947070914696813,1.3703323055841041,17.947070914696813,1.8927714970880438,5.078794107571086,12.339414182939363,7.297019527235355,1.196899623158616,0.20769099006509079,1.5309181226447413,7.9586330935251794
1723aa8aa9ec8630a280,psychiatric_mood,risperidone,"Depressive Disorder, Major",TriNet,8,18391,DRD2,1813,lowest ten-seed median rank percentile; ties by mean then index,17.90424803014731,18.692189105858173,15.031367762932511,23.573997944501542,0.5160157588215142,39.33924289140116,14.683967112024666,24.985011990407674,30.624785885577253,0.5160157588215142,18.204008221993835,5.549845837615622,19.340955806783146,16.073569715656046,17.604487838300788,39.33924289140116
1723aa8aa9ec8630a280,psychiatric_mood,risperidone,"Depressive Disorder, Major",N2V-MLP,8,18391,DRD2,1813,lowest ten-seed median rank percentile; ties by mean then index,1.989122987324426,4.642214799588901,0.5583033573141487,4.211095409386776,0.17985611510791366,21.499229188078107,1.1091127098321343,11.151079136690647,4.47927372387804,0.17985611510791366,1.7407502569373072,0.3747002398081535,3.406560465912984,0.24409044193216856,2.237495717711545,21.499229188078107
1723aa8aa9ec8630a280,psychiatric_mood,risperidone,"Depressive Disorder, Major",RF,8,18391,DRD2,1813,lowest ten-seed median rank percentile; ties by mean then index,3.402278177458034,5.791581020897568,1.518606543336759,6.589906646111682,0.36613566289825283,20.15244946899623,2.9430027406646113,3.861553614251456,20.15244946899623,1.1851233299075026,6.642899965741693,6.4309266872216515,12.895041109969167,1.3178742720109626,2.1208033573141485,0.36613566289825283
178bf46fc06f5f42913f,prostate_oncology,hydrocortisone,Prostatic Neoplasms,HANAMI,1,2929,NR3C1,2908,lowest ten-seed median rank percentile; ties by mean then index,1.6272696128811237,9.416109969167524,0.7884763617677287,9.56984412470024,0.012846865364850977,61.64996574169236,12.243062692702981,3.5093353888317917,0.9378211716341213,1.3960260363138062,0.7386947584789312,1.8585131894484412,0.012846865364850977,0.22482014388489208,61.64996574169236,11.590013703323056
178bf46fc06f5f42913f,prostate_oncology,hydrocortisone,Prostatic Neoplasms,TriMoGCL,1,2929,NR3C1,2908,lowest ten-seed median rank percentile; ties by mean then index,15.28455806783145,34.13562007536828,7.399259164097294,59.73899451867078,3.2031517643028433,97.63403562863995,75.31260705721138,8.374015073655361,7.074340527577938,52.053357314148684,3.2031517643028433,21.779719081877357,8.789397053785542,4.8347036656389175,97.63403562863995,62.30087358684481
178bf46fc06f5f42913f,prostate_oncology,hydrocortisone,Prostatic Neoplasms,TriNet,1,2929,NR3C1,2908,lowest ten-seed median rank percentile; ties by mean then index,53.93756423432682,49.901293251113394,38.010662898252825,65.9440304898938,1.8071257279890374,84.138403562864,21.000342583076396,73.64465570400822,67.7158273381295,34.91992120589243,1.8071257279890374,47.28288797533402,55.92882836587872,51.94630010277492,84.138403562864,60.628639945186706
178bf46fc06f5f42913f,prostate_oncology,hydrocortisone,Prostatic Neoplasms,N2V-MLP,1,2929,NR3C1,2908,lowest ten-seed median rank percentile; ties by mean then index,16.89148681055156,27.608984241178483,6.40041538198013,49.53055412812607,1.224734498115793,78.08110654333676,34.09986296676944,54.67411784857828,7.076481671805412,10.236810551558753,1.462401507365536,1.224734498115793,6.175059952038369,23.546163069544363,78.08110654333676,59.51310380267215
178bf46fc06f5f42913f,prostate_oncology,hydrocortisone,Prostatic Neoplasms,RF,1,2929,NR3C1,2908,lowest ten-seed median rank percentile; ties by mean then index,50.07440476190476,51.63219424460432,34.323344895512164,65.04555284343954,17.004967454607744,96.55918122644741,72.21758307639602,63.727946214457006,65.48475505310037,34.001370332305584,35.28926858513189,48.21749743062693,51.9313120931826,17.004967454607744,96.55918122644741,31.8880609797876
18569199381a51cc1f5c,psychiatric_mood,pregabalin,"Depressive Disorder, Major",HANAMI,1,719,CACNA1C,775,lowest ten-seed median rank percentile; ties by mean then index,16.630267214799588,15.493961973278521,12.27464457005824,19.841448269955464,1.6465399109284002,22.657588215142173,20.368705035971225,18.25967797190819,16.870075368276808,21.878211716341212,11.146796848235697,16.39045906132237,1.6465399109284002,14.033059266872216,11.688506337786913,22.657588215142173
18569199381a51cc1f5c,psychiatric_mood,pregabalin,"Depressive Disorder, Major",TriMoGCL,1,719,CACNA1C,775,lowest ten-seed median rank percentile; ties by mean then index,18.70931825967797,17.56980130181569,5.593204008221994,23.214285714285715,2.0704864679684825,41.20417951353203,23.259249743062693,41.20417951353203,9.75077081192189,17.29830421377184,23.07939362795478,4.207348406988695,2.0704864679684825,2.2439191503939706,32.46402877697842,20.120332305584103
18569199381a51cc1f5c,psychiatric_mood,pregabalin,"Depressive Disorder, Major",TriNet,1,719,CACNA1C,775,lowest ten-seed median rank percentile; ties by mean then index,26.57588215142172,27.414568345323744,10.434331106543336,38.454415039397055,5.549845837615622,60.78708461801987,5.549845837615622,60.78708461801987,26.396026036313806,22.139431312093183,45.229530661185336,26.755738266529633,6.532631038026722,39.58547447756081,35.06123672490579,6.108684480986639
18569199381a51cc1f5c,psychiatric_mood,pregabalin,"Depressive Disorder, Major",N2V-MLP,1,719,CACNA1C,775,lowest ten-seed median rank percentile; ties by mean then index,18.543379582048647,20.322028091812264,6.129025351147654,28.44724220623501,1.1005481329222337,51.014902363823225,4.828280232956492,29.9310551558753,21.700496745460775,15.38626241863652,51.014902363823225,23.99580335731415,3.0939534087016103,1.1005481329222337,42.1377183967112,10.031260705721138
18569199381a51cc1f5c,psychiatric_mood,pregabalin,"Depressive Disorder, Major",RF,1,719,CACNA1C,775,lowest ten-seed median rank percentile; ties by mean then index,53.805883864337105,55.621681226447414,38.625974220623505,67.48137204522097,26.19154676258993,94.43730729701953,59.90386262418637,69.6075282631038,26.19154676258993,61.102903391572454,81.50693730729702,43.969467283316206,34.944544364508396,47.707905104487836,94.43730729701953,36.8448098663926
195f70d70dd699b196eb,psychiatric_mood,Fentanyl,Depressive Disorder,HANAMI,1,28819,OPRM1,4988,lowest ten-seed median rank percentile; ties by mean then index,20.655618362452895,24.93041281260706,17.631787427201097,27.219295991778004,12.911099691675231,56.76601575882152,12.911099691675231,18.16118533744433,13.973107228502911,23.15005138746146,17.66229873244262,27.335988352175402,34.8535457348407,17.62161699212059,56.76601575882152,26.86921891058582
195f70d70dd699b196eb,psychiatric_mood,Fentanyl,Depressive Disorder,TriMoGCL,1,28819,OPRM1,4988,lowest ten-seed median rank percentile; ties by mean then index,21.771154504967456,27.442403220280916,16.582626755738268,27.777599349092156,11.080421377183967,74.27415210688592,28.091812264474136,20.685594381637546,26.834960602946214,19.266015758821514,22.85671462829736,15.688163754710517,15.647482014388489,39.998715313463514,74.27415210688592,11.080421377183967
195f70d70dd699b196eb,psychiatric_mood,Fentanyl,Depressive Disorder,TriNet,1,28819,OPRM1,4988,lowest ten-seed median rank percentile; ties by mean then index,48.92193388146626,47.11716341212744,34.748629667694416,58.24233470366564,11.348064405618363,79.17094895512162,58.8279376498801,73.45409386776294,11.348064405618363,45.20169578622816,79.17094895512162,31.97584789311408,18.998372730387118,52.642171976704354,56.48552586502227,43.06697499143542
195f70d70dd699b196eb,psychiatric_mood,Fentanyl,Depressive Disorder,N2V-MLP,1,28819,OPRM1,4988,lowest ten-seed median rank percentile; ties by mean then index,46.462829736211035,43.33204864679685,27.64270726276122,58.20914696813978,8.309780746831107,69.14825282631038,41.94287427201096,64.19364508393285,8.309780746831107,50.9827852004111,32.16640972935937,58.821514217197674,26.134806440561835,69.14825282631038,56.372045220966086,25.248372730387118
195f70d70dd699b196eb,psychiatric_mood,Fentanyl,Depressive Disorder,RF,1,28819,OPRM1,4988,lowest ten-seed median rank percentile; ties by mean then index,37.70447927372388,38.7071771154505,28.730676173347035,44.86018328194587,22.023809523809526,66.58530318602261,27.39808153477218,66.58530318602261,28.330549845837616,29.9310551558753,50.43144056183625,37.61026892771497,22.023809523809526,37.798689619732784,40.72349263446386,46.239080164439876
19bc8662791536f5116d,neurological_seizure,Nitrazepam,Epilepsy,HANAMI,3,24827,GABRB3,2562,lowest ten-seed median rank percentile; ties by mean then index,18.623672490578965,19.84647995889003,12.861853374443303,21.60146882494005,1.1026892771497088,47.428485782802326,13.94741349777321,12.5,47.428485782802326,9.215484755053101,1.1026892771497088,19.266015758821514,34.2668722165125,17.981329222336417,21.824683110654334,20.93182596779719
19bc8662791536f5116d,neurological_seizure,Nitrazepam,Epilepsy,TriMoGCL,3,31777,SCN1A,6323,lowest ten-seed median rank percentile; ties by mean then index,22.71111682082905,19.5173860911271,8.871295820486468,26.59836416581021,4.54564919492977,34.844981157930796,12.16812264474135,7.77235354573484,27.50085645769099,22.23364165810209,23.890887290167864,4.54564919492977,34.844981157930796,33.189876670092495,5.838900308324769,23.188591983556012
19bc8662791536f5116d,neurological_seizure,Nitrazepam,Epilepsy,TriNet,3,24827,GABRB3,2562,lowest ten-seed median rank percentile; ties by mean then index,7.521839671120247,18.70696300102775,4.055327166837958,30.39086587872559,2.9098150051387464,65.02655018842069,3.511476533059267,14.683967112024666,4.038198013018157,9.035628639945188,4.106714628297362,35.62649880095923,2.9098150051387464,42.12273038711888,65.02655018842069,6.008050702295306
19bc8662791536f5116d,neurological_seizure,Nitrazepam,Epilepsy,N2V-MLP,3,31777,SCN1A,6323,lowest ten-seed median rank percentile; ties by mean then index,10.724991435423089,15.601019184652278,8.025543850633778,20.069480130181567,0.3318773552586502,43.17189105858171,7.96291538198013,43.17189105858171,20.105344295991777,3.207434052757794,8.213429256594724,31.605429941760878,19.96188763275094,9.037769784172662,12.412213086673518,0.3318773552586502
19bc8662791536f5116d,neurological_seizure,Nitrazepam,Epilepsy,RF,3,31777,SCN1A,6323,lowest ten-seed median rank percentile; ties by mean then index,4.705699725933538,8.198013018156903,2.6526100548132923,6.878961116820829,0.8500342583076396,39.830635491606714,2.279248030147311,10.029119561493662,4.316546762589928,6.946942446043166,0.8500342583076396,39.830635491606714,3.7726961288112366,2.1850376841384036,5.0948526892771495,6.67501712915382
19ea2c899701e5af8461,psychiatric_mood,olanzapine,Depressive Disorder,HANAMI,14,35524,CHRM2,1129,lowest ten-seed median rank percentile; ties by mean then index,7.549674546077423,14.174374785885576,5.37373672490579,26.48327766358342,3.3487495717711546,29.701952723535456,3.3487495717711546,5.340013703323056,3.961116820829051,6.1536485097636175,27.869133264816718,29.701952723535456,8.945700582391229,22.32571085988352,5.474905789653991,28.622816032887975
19ea2c899701e5af8461,psychiatric_mood,olanzapine,Depressive Disorder,TriMoGCL,14,22675,HTR2A,3356,lowest ten-seed median rank percentile; ties by mean then index,12.780489893799245,14.963600548132922,3.7887547105173005,19.339349948612536,2.817745803357314,42.79933196300103,2.9654847550531005,9.02920520726276,2.817745803357314,29.284429599177802,42.79933196300103,16.531774580335732,5.519869818430969,17.535971223021583,3.2117163412127443,19.94047619047619
19ea2c899701e5af8461,psychiatric_mood,olanzapine,Depressive Disorder,TriNet,14,24625,GABRB3,2562,lowest ten-seed median rank percentile; ties by mean then index,9.884592326139089,21.39024494689962,4.266765159301131,39.845623501199036,1.5330592668722165,64.96231586159644,1.5330592668722165,26.179770469338816,3.4536656389174376,10.294621445700582,9.474563206577596,44.400907845152446,6.706063720452209,44.62144570058239,64.96231586159644,2.276036313806098
19ea2c899701e5af8461,psychiatric_mood,olanzapine,Depressive Disorder,N2V-MLP,14,22675,HTR2A,3356,lowest ten-seed median rank percentile; ties by mean then index,6.969424460431655,17.37581363480644,1.966105686879068,20.530896711202466,0.34900650907845154,72.73895169578623,23.409129838985955,1.8649366221308668,10.598663926002056,2.0512161699212057,3.3401849948612536,72.73895169578623,45.57211373758136,11.896197327852004,0.34900650907845154,1.9377355258650222
19ea2c899701e5af8461,psychiatric_mood,olanzapine,Depressive Disorder,RF,14,22675,HTR2A,3356,lowest ten-seed median rank percentile; ties by mean then index,7.208697327852004,8.492420349434738,3.689191503939705,12.613213001027749,1.1390887290167866,20.593525179856115,2.9430027406646113,7.470452209660842,13.431397738951695,6.946942446043166,3.0083076396026036,20.593525179856115,5.73184309695101,10.15865878725591,1.1390887290167866,13.500984926344639
1ac4ff9c637a360a42a6,psychiatric_mood,Dehydroepiandrosterone,Depressive Disorder,HANAMI,5,2121,ESR1,2099,lowest ten-seed median rank percentile; ties by mean then index,9.194073312778348,10.417523124357658,7.75950668036999,12.171334361082563,6.4812435765673175,16.670948955121617,7.740236382322713,7.8173175745118195,6.4812435765673175,8.877183967112025,11.904761904761905,12.260191846522781,7.523980815347722,9.510962658444672,15.388403562863994,16.670948955121617
1ac4ff9c637a360a42a6,psychiatric_mood,Dehydroepiandrosterone,Depressive Disorder,TriMoGCL,5,2121,ESR1,2099,lowest ten-seed median rank percentile; ties by mean then index,10.804213771839672,12.802329564919493,5.068088386433709,18.46790424803015,0.6894484412470024,34.491692360397394,7.624614594039055,4.183795820486468,7.052929085303186,21.54419321685509,4.406474820143885,34.491692360397394,0.6894484412470024,19.912641315519014,13.983812949640289,14.133693045563549
1ac4ff9c637a360a42a6,psychiatric_mood,Dehydroepiandrosterone,Depressive Disorder,TriNet,5,24867,GABRB3,2562,lowest ten-seed median rank percentile; ties by mean then index,7.902963343610825,16.959146968139773,3.428507194244604,23.29136690647482,1.3210859883521755,70.91897910243235,2.9697670435080505,15.833761562178829,4.804727646454265,7.389088729016787,8.416837958204864,25.777235354573484,1.9120417951353204,30.247944501541625,70.91897910243235,1.3210859883521755
1ac4ff9c637a360a42a6,psychiatric_mood,Dehydroepiandrosterone,Depressive Disorder,N2V-MLP,5,2121,ESR1,2099,lowest ten-seed median rank percentile; ties by mean then index,5.433153477218226,15.289054470709146,3.7528905447070917,11.476533059266872,2.5886433710174717,71.59986296676944,2.6378896882494005,12.62846865364851,3.757708119218911,6.860226104830422,2.5886433710174717,71.59986296676944,8.020726276121959,4.00608084960603,37.03965399109284,3.751284686536485
1ac4ff9c637a360a42a6,psychiatric_mood,Dehydroepiandrosterone,Depressive Disorder,RF,5,2121,ESR1,2099,lowest ten-seed median rank percentile; ties by mean then index,6.63487067488866,9.142150565262076,3.090474049331963,12.331652535114765,0.4239465570400822,24.792309009934907,4.582048646796848,0.4239465570400822,8.687692702980472,9.298989379924631,3.0083076396026036,24.792309009934907,0.6819544364508393,13.342540253511476,23.266743747858857,3.336973278520041
1ad6e0085a72658108ed,cardiovascular_hypertensive,mirabegron,Hypertension,HANAMI,1,586,ADRB1,153,lowest ten-seed median rank percentile; ties by mean then index,14.143328194587188,17.62611339499829,10.010919835560124,19.920135320315175,7.96291538198013,48.0686879068174,9.770041109969167,7.96291538198013,20.818345323741006,17.225505310037683,23.848064405618363,9.881380609797876,13.418550873586845,48.0686879068174,14.86810551558753,10.399537512846866
1ad6e0085a72658108ed,cardiovascular_hypertensive,mirabegron,Hypertension,TriMoGCL,1,586,ADRB1,153,lowest ten-seed median rank percentile; ties by mean then index,28.9397053785543,32.427415210688594,17.77524409044193,39.97783915724563,13.249400479616307,68.48663926002055,25.9742206235012,22.738951695786227,31.905190133607398,15.587529976019185,55.31217882836588,32.393371017471736,42.50599520383693,68.48663926002055,13.249400479616307,16.1206748886605
1ad6e0085a72658108ed,cardiovascular_hypertensive,mirabegron,Hypertension,TriNet,1,586,ADRB1,153,lowest ten-seed median rank percentile; ties by mean then index,42.09596608427543,45.0089928057554,28.202081192189105,68.54659129838986,8.074254881808839,75.17129153819802,75.17129153819802,31.301387461459402,49.14782459746488,8.074254881808839,69.2317574511819,13.81466255566975,66.4910928400137,74.64457005823913,27.16897910243234,35.04410757108599
1ad6e0085a72658108ed,cardiovascular_hypertensive,mirabegron,Hypertension,N2V-MLP,1,586,ADRB1,153,lowest ten-seed median rank percentile; ties by mean then index,23.780618362452895,24.782031517643027,10.836330935251798,35.69073312778349,5.138746145940391,49.58890030832477,34.63086673518328,9.346094552929085,23.961545049674545,5.138746145940391,23.599691675231245,49.58890030832477,42.42034943473792,36.04402192531689,10.12761219595752,12.962487153134635
1ad6e0085a72658108ed,cardiovascular_hypertensive,mirabegron,Hypertension,RF,1,586,ADRB1,153,lowest ten-seed median rank percentile; ties by mean then index,54.84862110311751,51.41015758821514,43.691386176772866,62.99513960260363,16.348706748886606,74.32553956834532,63.64658273381295,68.04877526550189,52.219295991778004,31.912684138403563,57.477946214457006,16.348706748886606,61.04081020897568,74.32553956834532,42.84215484755053,46.239080164439876
1ce618e3cac763984dfc,cardiovascular_hypertensive,Nitroglycerin,Hypertension,HANAMI,1,7810,NPR1,4881,lowest ten-seed median rank percentile; ties by mean then index,48.84485268927715,49.983513189448445,40.659258307639604,59.60784943473792,16.41187050359712,97.22293593696472,44.58718739294279,97.22293593696472,39.34994861253854,59.018499486125386,16.41187050359712,62.703408701610144,47.749657416923604,49.9400479616307,23.04727646454265,59.80429941760877
1ce618e3cac763984dfc,cardiovascular_hypertensive,Nitroglycerin,Hypertension,TriMoGCL,1,7810,NPR1,4881,lowest ten-seed median rank percentile; ties by mean then index,32.05507022953066,39.745417951353204,10.785478759849262,55.599092154847554,1.524494689962316,98.92942788626242,12.714114422747516,97.94664268585132,43.4138403562864,44.00479616306954,1.524494689962316,98.92942788626242,10.142600205549845,59.46385748544022,8.61810551558753,20.696300102774924
1ce618e3cac763984dfc,cardiovascular_hypertensive,Nitroglycerin,Hypertension,TriNet,1,7810,NPR1,4881,lowest ten-seed median rank percentile; ties by mean then index,61.79021068859198,65.38262247344981,51.099477560808495,78.22135149023637,31.074426173347035,97.59335388831792,49.993576567317575,95.18670777663583,68.45666324083591,53.42154847550531,50.32545392257622,97.59335388831792,31.074426173347035,80.11733470366563,72.53340184994862,55.123758136348066
1ce618e3cac763984dfc,cardiovascular_hypertensive,Nitroglycerin,Hypertension,N2V-MLP,1,7810,NPR1,4881,lowest ten-seed median rank percentile; ties by mean then index,19.64606885919836,42.32892257622474,11.60607228502912,81.7130224391915,0.6487667009249743,97.62761219595752,23.06654676258993,97.62761219595752,13.086673518328194,69.52295306611853,11.112538540596095,97.21008907159987,0.6487667009249743,85.77637889688249,9.01207605344296,16.225590955806783
1ce618e3cac763984dfc,cardiovascular_hypertensive,Nitroglycerin,Hypertension,RF,1,7810,NPR1,4881,lowest ten-seed median rank percentile; ties by mean then index,15.441396882494004,35.05770383693046,6.441364765330593,71.45694158958547,4.652706406303529,78.60033401849948,15.08971394313121,72.76464542651593,67.53383007879411,15.7930798218568,5.596951010620075,78.60033401849948,4.652706406303529,76.15300616649537,8.974606029462144,5.418165467625899
1e92f0df565d62817721,prostate_oncology,testosterone,Prostatic Neoplasms,HANAMI,1,1480,ESR1,2099,lowest ten-seed median rank percentile; ties by mean then index,4.862538540596095,7.559952038369305,2.8830507022953067,9.829457862281604,0.4582048646796848,22.970195272353546,15.786656389174375,5.5733984241178485,7.097893114080165,4.15167865707434,2.380952380952381,2.5458204864679685,0.4582048646796848,3.894741349777321,10.739979445015416,22.970195272353546
1e92f0df565d62817721,prostate_oncology,testosterone,Prostatic Neoplasms,TriMoGCL,1,1480,ESR1,2099,lowest ten-seed median rank percentile; ties by mean then index,3.592840013703323,6.0500171291538205,1.2975334018499485,6.688399280575539,0.12846865364850976,19.507965056526206,2.04051044878383,0.4774751627269613,6.140801644398767,6.870931825967797,0.12846865364850976,5.145169578622816,1.7985611510791366,1.1305241521068858,19.507965056526206,17.259763617677287
1e92f0df565d62817721,prostate_oncology,testosterone,Prostatic Neoplasms,TriNet,1,1480,ESR1,2099,lowest ten-seed median rank percentile; ties by mean then index,27.414140116478244,27.84879239465571,11.605536998972251,37.3560080507023,4.783316204179513,64.72250770811922,8.80010277492292,32.24777321000342,9.660842754367934,39.05875299760192,17.4396197327852,64.72250770811922,24.18850633778691,4.783316204179513,30.63977389516958,46.94672833162042
1e92f0df565d62817721,prostate_oncology,testosterone,Prostatic Neoplasms,N2V-MLP,1,1480,ESR1,2099,lowest ten-seed median rank percentile; ties by mean then index,10.524794450154161,13.733084960602946,7.246702637889688,18.429898937992462,1.8242548818088387,34.67583076396026,6.753168893456663,8.727303871188763,8.75513874614594,12.294450154162384,1.8242548818088387,20.176002055498458,13.191589585474478,4.6334361082562525,26.299674546077423,34.67583076396026
1e92f0df565d62817721,prostate_oncology,testosterone,Prostatic Neoplasms,RF,1,1480,ESR1,2099,lowest ten-seed median rank percentile; ties by mean then index,3.664033059266872,4.328001884206921,1.1075068516615278,7.146604145255225,0.18627954779033915,11.57930798218568,1.3082391229873245,2.0308752997601918,1.0405960945529291,5.911699212058925,0.18627954779033915,7.685637204522097,0.6819544364508393,5.297190818773553,7.558239122987325,11.57930798218568
1f14884e650e01471a43,prostate_oncology,capecitabine,Prostatic Neoplasms,HANAMI,1,36924,TYMS,7298,lowest ten-seed median rank percentile; ties by mean then index,19.0861596437136,20.56290681740322,12.681997259335388,21.119176087701266,0.3383007879410757,47.12872559095581,17.383949982870845,20.01969852689277,20.306611853374445,42.34969167523124,11.11467968482357,18.15262076053443,0.3383007879410757,7.444758478931141,21.390030832476874,47.12872559095581
1f14884e650e01471a43,prostate_oncology,capecitabine,Prostatic Neoplasms,TriMoGCL,1,36924,TYMS,7298,lowest ten-seed median rank percentile; ties by mean then index,11.904761904761905,18.09052757793765,2.3820229530661186,23.43696471394313,0.1884206920178143,56.71248715313464,23.78168893456663,5.147310722850291,9.558067831449126,47.092326139088726,1.460260363138061,0.3104659129838986,14.251455978074683,0.1884206920178143,22.402792052072627,56.71248715313464
1f14884e650e01471a43,prostate_oncology,capecitabine,Prostatic Neoplasms,TriNet,1,36924,TYMS,7298,lowest ten-seed median rank percentile; ties by mean then index,36.99683110654334,44.26901336073998,27.655018842069204,64.78567146282974,9.089157245632066,88.77826310380267,25.837187392942788,39.54907502569373,43.76498800959233,34.44458718739294,26.556611853374445,9.089157245632066,30.950239808153476,88.77826310380267,71.79256594724221,71.92745803357315
1f14884e650e01471a43,prostate_oncology,capecitabine,Prostatic Neoplasms,N2V-MLP,1,36924,TYMS,7298,lowest ten-seed median rank percentile; ties by mean then index,13.39392771497088,19.339242891401167,4.844338814662556,23.93478074683111,2.2974477560808495,74.10500171291538,13.172319287427202,34.57305584104145,5.522010962658444,15.65176430284344,4.618448098663926,3.141058581706064,2.2974477560808495,74.10500171291538,13.615536142514559,26.69578622816033
1f14884e650e01471a43,prostate_oncology,capecitabine,Prostatic Neoplasms,RF,1,36924,TYMS,7298,lowest ten-seed median rank percentile; ties by mean then index,7.946321514217198,9.187221651250429,2.8003490065090784,13.196139516957864,0.5770383693045563,24.947541966426858,9.249743062692703,24.947541966426858,0.5770383693045563,1.7503854059609456,6.642899965741693,2.570443645083933,11.163926002055499,3.4900650907845154,13.873544021925317,17.606628982528264
2086ba372427ed33d277,psychiatric_mood,benperidol,"Depressive Disorder, Major",HANAMI,1,19159,DRD2,1813,lowest ten-seed median rank percentile; ties by mean then index,6.682511133949983,7.322285029119561,3.9712872559095582,9.380352860568689,3.631380609797876,14.182939362795478,3.9375642343268242,14.182939362795478,11.855515587529975,3.794107571085988,5.819630010277493,4.07245632065776,3.631380609797876,8.815090784515245,7.545392257622473,9.568773552586503
2086ba372427ed33d277,psychiatric_mood,benperidol,"Depressive Disorder, Major",TriMoGCL,1,19159,DRD2,1813,lowest ten-seed median rank percentile; ties by mean then index,18.362452894826994,15.861382322713258,7.0181354916067145,19.898991521068858,3.9761048304213773,34.30113052415211,19.18358170606372,21.61378040424803,34.30113052415211,4.86896197327852,20.137461459403905,13.465656046591299,18.291795135320314,4.34224049331963,18.433110654333674,3.9761048304213773
2086ba372427ed33d277,psychiatric_mood,benperidol,"Depressive Disorder, Major",TriNet,1,19159,DRD2,1813,lowest ten-seed median rank percentile; ties by mean then index,18.212572798903736,19.912213086673518,14.126734326824254,26.937735525865023,0.7322713257965057,42.37324426173347,16.59815005138746,25.20340870161014,27.879838985954095,0.7322713257965057,42.37324426173347,9.09129838985954,13.302929085303186,19.67069201781432,16.754453579993147,27.515844467283316
2086ba372427ed33d277,psychiatric_mood,benperidol,"Depressive Disorder, Major",N2V-MLP,1,19159,DRD2,1813,lowest ten-seed median rank percentile; ties by mean then index,7.062564234326825,11.645683453237409,2.204843268242549,17.747409215484755,1.7150565262076054,41.332648167180544,4.029633436108257,41.332648167180544,19.336673518328194,3.08967112024666,12.979616306954437,1.7150565262076054,1.909900650907845,1.894912641315519,10.095495032545392,20.07322713257965
2086ba372427ed33d277,psychiatric_mood,benperidol,"Depressive Disorder, Major",RF,1,19159,DRD2,1813,lowest ten-seed median rank percentile; ties by mean then index,6.694822713257965,11.43949126413155,2.031678228845495,13.299985011990408,0.8885748544021925,49.810508735868446,0.8885748544021925,8.736939020212402,49.810508735868446,1.1851233299075026,19.50261219595752,1.9805584104145255,4.652706406303529,2.1850376841384036,13.873544021925317,11.57930798218568
20fb626e0bf47084df0f,psychiatric_mood,ibuprofen,Depressive Disorder,HANAMI,2,12064,PTGS2,5743,lowest ten-seed median rank percentile; ties by mean then index,3.9600462487153134,10.56975847893114,2.258907159986297,14.596715484755054,1.3232271325796505,41.02218225419664,3.196728331620418,11.136091127098322,3.607828023295649,1.946300102774923,15.750256937307297,1.3232271325796505,41.02218225419664,4.312264474134977,21.689791024323398,1.7129153819801302
20fb626e0bf47084df0f,psychiatric_mood,ibuprofen,Depressive Disorder,TriMoGCL,2,12064,PTGS2,5743,lowest ten-seed median rank percentile; ties by mean then index,10.11048304213772,14.66619561493662,6.4646497088043855,21.288861767728672,2.23535457348407,36.74203494347379,36.74203494347379,8.95854744775608,6.44484412470024,11.262418636519357,23.02158273381295,6.524066461116821,16.090698869475847,2.23535457348407,29.432168550873588,5.950239808153477
20fb626e0bf47084df0f,psychiatric_mood,ibuprofen,Depressive Disorder,TriNet,2,3456,BCL2,596,lowest ten-seed median rank percentile; ties by mean then index,3.930070229530661,4.570272353545735,1.9950111339499828,5.371595580678314,0.28905447070914697,13.900308324768757,13.900308324768757,0.28905447070914697,5.526293251113395,3.4515244946899624,4.40861596437136,4.907502569373073,1.1733470366563892,1.9206063720452209,7.907245632065776,2.2182254196642686
20fb626e0bf47084df0f,psychiatric_mood,ibuprofen,Depressive Disorder,N2V-MLP,2,3456,BCL2,596,lowest ten-seed median rank percentile; ties by mean then index,12.143499486125386,16.084917780061666,6.15257793764988,19.05029547790339,0.2954779033915725,59.633007879410755,4.783316204179513,11.249571771154505,24.182082905104487,13.797533401849948,5.770383693045564,20.801216169921204,7.29916067146283,13.037427201096266,59.633007879410755,0.2954779033915725
20fb626e0bf47084df0f,psychiatric_mood,ibuprofen,Depressive Disorder,RF,2,3456,BCL2,596,lowest ten-seed median rank percentile; ties by mean then index,7.484369647139431,16.603609969167522,3.7949105001712917,17.769891229873245,0.20340870161014046,88.25047105173005,3.697756080849606,3.861553614251456,6.217882836587872,9.298989379924631,21.388960260363138,20.593525179856115,3.7726961288112366,8.75085645769099,88.25047105173005,0.20340870161014046
2129c5c2710c2f890eff,breast_oncology,celecoxib,Breast Neoplasms,HANAMI,1,10770,PTGS2,5743,lowest ten-seed median rank percentile; ties by mean then index,4.233042137718397,7.023167180541281,2.1748672490578964,7.451181911613566,0.21625556697499143,29.755481329222338,11.919749914354231,7.10431654676259,29.755481329222338,1.986981843096951,5.181569030489894,0.21625556697499143,0.4774751627269613,3.2845152449468995,7.566803699897225,2.738523466940733
2129c5c2710c2f890eff,breast_oncology,celecoxib,Breast Neoplasms,TriMoGCL,1,10770,PTGS2,5743,lowest ten-seed median rank percentile; ties by mean then index,5.440647482014389,11.8362452894827,2.345088215142172,9.563955978074683,0.5074511819116135,65.28134635149024,7.147139431312093,1.946300102774923,2.6742891401164783,3.8776121959575196,65.28134635149024,0.5074511819116135,17.31971565604659,10.369561493662212,2.23535457348407,7.003682768071258
2129c5c2710c2f890eff,breast_oncology,celecoxib,Breast Neoplasms,TriNet,1,10770,PTGS2,5743,lowest ten-seed median rank percentile; ties by mean then index,48.660714285714285,41.45854744775608,27.902321000342585,57.58660928400137,2.5072798903734155,68.19972593353889,35.896282973621105,25.237667009249744,54.980301473107225,47.7753511476533,58.455378554299415,10.213257965056526,49.546077423775266,68.19972593353889,61.77415210688592,2.5072798903734155
2129c5c2710c2f890eff,breast_oncology,celecoxib,Breast Neoplasms,N2V-MLP,1,10770,PTGS2,5743,lowest ten-seed median rank percentile; ties by mean then index,16.73197156560466,22.715399109284,11.07881551901336,27.808645940390544,3.4087016101404592,77.52869133264817,12.69912641315519,20.764816718054128,25.051387461459402,11.018328194587188,77.52869133264817,3.4087016101404592,30.671891058581707,28.72773210003426,6.023038711887633,11.26027749229188
2129c5c2710c2f890eff,breast_oncology,celecoxib,Breast Neoplasms,RF,1,10770,PTGS2,5743,lowest ten-seed median rank percentile; ties by mean then index,13.29222336416581,21.24775179856115,9.02304941760877,20.443645083932854,1.8809952038369304,69.48013018156902,13.53096094552929,10.029119561493662,8.687692702980472,13.05348578280233,69.48013018156902,4.204136690647482,18.352817745803357,52.11759164097293,21.14058752997602,1.8809952038369304
2146066970068a12f892,cardiovascular_hypertensive,sorafenib,Hypertension,HANAMI,1,9245,RET,5979,lowest ten-seed median rank percentile; ties by mean then index,22.963771839671118,26.943516615279208,12.462529976019184,35.33690904419322,1.6422576224734498,84.51952723535457,28.104659129838986,36.290253511476536,12.377954779033916,33.51104830421377,12.716255566974992,6.504796163069544,1.6422576224734498,35.94552929085303,84.51952723535457,17.822884549503254
2146066970068a12f892,cardiovascular_hypertensive,sorafenib,Hypertension,TriMoGCL,1,9245,RET,5979,lowest ten-seed median rank percentile; ties by mean then index,37.62846865364851,46.90047961630695,35.222893114080165,69.66855087358684,4.699811579307982,79.74477560808496,76.3360739979445,70.97678999657417,37.94964028776978,36.79984583761562,24.749486125385406,4.699811579307982,37.30729701952723,79.74477560808496,65.74383350462487,34.69724220623501
2146066970068a12f892,cardiovascular_hypertensive,sorafenib,Hypertension,TriNet,1,9245,RET,5979,lowest ten-seed median rank percentile; ties by mean then index,89.40240664611167,79.81093696471395,82.94310979787599,92.29455721137376,24.541795135320314,94.73064405618362,84.71437136005481,94.64071599862967,91.83795820486468,94.73064405618362,53.85405960945529,24.541795135320314,82.35268927714971,92.3539739636862,92.11630695443645,86.96685508735868
2146066970068a12f892,cardiovascular_hypertensive,sorafenib,Hypertension,N2V-MLP,1,9245,RET,5979,lowest ten-seed median rank percentile; ties by mean then index,66.52642171976704,63.18002740664612,42.291345495032544,81.95283059266872,30.057382665296334,95.44364508393285,85.11048304213772,89.28999657416924,37.27517985611511,69.27458033573141,31.751027749229188,30.057382665296334,72.47987324426174,95.44364508393285,57.33984241178486,63.77826310380267
2146066970068a12f892,cardiovascular_hypertensive,sorafenib,Hypertension,RF,1,9245,RET,5979,lowest ten-seed median rank percentile; ties by mean then index,88.50526721479959,87.72599777321001,87.710099777321,93.60627569373074,65.50402535114765,98.0001712915382,98.0001712915382,88.55344295991777,87.52997601918466,88.4570914696814,79.76725762247345,65.50402535114765,94.81950154162385,96.41144227475162,88.25047105173005,89.96659815005138
21562b8f079840e25e54,psychiatric_mood,lacosamide,Bipolar Disorder,HANAMI,1,36378,SCN8A,6334,lowest ten-seed median rank percentile; ties by mean then index,21.191974991435423,23.256038026721484,15.441396882494004,26.80712572798904,10.221822541966427,46.167351832819456,14.786742034943474,21.22944501541624,17.405361425145596,26.959146968139773,46.167351832819456,26.35106200753683,10.221822541966427,13.564148681055157,21.154504967454606,34.72079479273724
21562b8f079840e25e54,psychiatric_mood,lacosamide,Bipolar Disorder,TriMoGCL,1,36378,SCN8A,6334,lowest ten-seed median rank percentile; ties by mean then index,12.54924631723193,17.07862281603289,7.134827852004111,26.49184224049332,5.110911270983213,41.62384378211716,8.511048304213771,9.378211716341212,28.361596437136004,6.1022610483042135,41.62384378211716,5.110911270983213,20.882579650565262,28.419407331277835,6.676087701267558,15.720280918122645
21562b8f079840e25e54,psychiatric_mood,lacosamide,Bipolar Disorder,TriNet,1,36378,SCN8A,6334,lowest ten-seed median rank percentile; ties by mean then index,16.9011219595752,19.086801986981847,10.488930284343954,23.670349434737926,1.5994347379239466,54.48141486810552,31.496231586159645,25.520298047276466,17.394655704008223,2.935508735868448,54.48141486810552,1.5994347379239466,16.407588215142173,9.52166837958205,18.1205035971223,13.390715998629668
21562b8f079840e25e54,psychiatric_mood,lacosamide,Bipolar Disorder,N2V-MLP,1,36378,SCN8A,6334,lowest ten-seed median rank percentile; ties by mean then index,12.817959917780062,18.375942103460087,8.163112367249058,30.433688763275093,2.36810551558753,42.846437136005484,17.861425145597806,36.99683110654334,6.804556354916067,4.382922233641658,34.62444330250086,12.420777663583419,12.23878040424803,13.215142171976705,42.846437136005484,2.36810551558753
21562b8f079840e25e54,psychiatric_mood,lacosamide,Bipolar Disorder,RF,1,36378,SCN8A,6334,lowest ten-seed median rank percentile; ties by mean then index,11.76505224391915,19.27297447756081,6.339660414525522,30.939266443987666,1.9805584104145255,52.87234498115793,31.28961116820829,36.87157416923604,10.187564234326825,2.4023638232271325,52.87234498115793,1.9805584104145255,5.73184309695101,13.342540253511476,29.888232271325798,8.163112367249058
219e71f7973f1a466718,breast_oncology,calcitriol,Breast Neoplasms,HANAMI,1,20678,VDR,7421,lowest ten-seed median rank percentile; ties by mean then index,21.016401164782458,20.354573484069885,6.106008050702295,27.25730130181569,2.8905447070914696,44.471565604659126,24.618876327509422,22.77749229188078,41.70092497430627,28.136776293251113,19.25531003768414,11.962572798903734,3.577852004110997,4.1538198013018155,2.8905447070914696,44.471565604659126
219e71f7973f1a466718,breast_oncology,calcitriol,Breast Neoplasms,TriMoGCL,1,20678,VDR,7421,lowest ten-seed median rank percentile; ties by mean then index,4.7169407331277835,10.367634463857485,2.807040082219938,12.355472764645427,0.08778691332648167,41.51892771497088,12.671291538198012,0.08778691332648167,11.408016443987666,21.796848235697155,0.7943645083932853,2.6314662555669748,4.46642685851319,4.967454607742377,3.3337615621788284,41.51892771497088
219e71f7973f1a466718,breast_oncology,calcitriol,Breast Neoplasms,TriNet,1,20678,VDR,7421,lowest ten-seed median rank percentile; ties by mean then index,9.490621788283658,21.461330935251798,3.360525865022268,39.223085817060635,2.2567660157588216,62.00753682768071,38.56628982528263,2.2567660157588216,43.983384720794795,10.872730387118876,3.9161527920520727,3.1753168893456665,2.2846008907159985,62.00753682768071,39.442017814319975,8.108513189448441
219e71f7973f1a466718,breast_oncology,calcitriol,Breast Neoplasms,N2V-MLP,1,20678,VDR,7421,lowest ten-seed median rank percentile; ties by mean then index,11.253854059609456,14.137547105173004,1.3237624186365193,18.433645940390544,0.16486810551558753,48.186450839328536,33.01430284343954,10.85774237752655,11.64996574169236,4.248030147310723,0.16486810551558753,0.34900650907845154,12.050359712230216,48.186450839328536,0.2933367591640973,20.561408016443988
219e71f7973f1a466718,breast_oncology,calcitriol,Breast Neoplasms,RF,1,20678,VDR,7421,lowest ten-seed median rank percentile; ties by mean then index,4.479809009934909,9.087872559095581,1.8994625727989036,14.944383778691332,0.26550188420692017,29.28014731072285,29.28014731072285,6.239294278862624,1.7407502569373072,0.7461887632750942,2.3755995203836933,0.26550188420692017,6.957648167180541,22.94664268585132,2.7203237410071943,17.606628982528264
22c89e4a68e45a080daa,cardiovascular_hypertensive,conivaptan,Heart Failure,HANAMI,1,28320,AVPR2,554,lowest ten-seed median rank percentile; ties by mean then index,30.891358341897913,33.957905104487836,24.19439448441247,45.5903134635149,5.965227817745803,63.517043508050705,27.12401507365536,47.246488523466944,63.517043508050705,53.85191846522782,16.951438848920862,26.074854402192532,5.965227817745803,23.567574511819117,34.65870161014046,40.62178828365879
22c89e4a68e45a080daa,cardiovascular_hypertensive,conivaptan,Heart Failure,TriMoGCL,1,28320,AVPR2,554,lowest ten-seed median rank percentile; ties by mean then index,41.40865878725591,42.88540596094553,29.941760877012676,59.60570829051045,10.735697156560466,77.50299760191847,45.058239122987324,37.759078451524495,58.29051044878383,77.50299760191847,13.855344295991777,10.735697156560466,28.49648852346694,34.27757793764988,62.83401849948613,60.04410757108599
22c89e4a68e45a080daa,cardiovascular_hypertensive,conivaptan,Heart Failure,TriNet,1,28320,AVPR2,554,lowest ten-seed median rank percentile; ties by mean then index,30.509164097293592,41.96899623158616,19.433025008564577,68.92557382665296,15.951524494689963,78.76413155190133,20.25522439191504,40.02226789996574,78.76413155190133,73.66606714628297,17.585217540253513,20.996060294621447,19.158958547447757,62.084618019869815,71.20589242891401,15.951524494689963
22c89e4a68e45a080daa,cardiovascular_hypertensive,conivaptan,Heart Failure,N2V-MLP,1,28320,AVPR2,554,lowest ten-seed median rank percentile; ties by mean then index,12.616692360397396,16.940947242206235,1.6278048989379925,23.670349434737922,0.447499143542309,51.52449468996232,9.915638917437478,15.317745803357314,25.329736211031175,42.82288454950326,3.813377869133265,0.8992805755395683,0.6466255566974991,51.52449468996232,18.69218910585817,0.447499143542309
22c89e4a68e45a080daa,cardiovascular_hypertensive,conivaptan,Heart Failure,RF,1,28320,AVPR2,554,lowest ten-seed median rank percentile; ties by mean then index,10.882365536142515,20.28059695101062,2.4095901849948613,22.659729359369646,0.7055070229530661,70.97571942446044,15.08971394313121,23.166109969167522,59.13840356286399,70.97571942446044,0.8500342583076396,0.7055070229530661,2.2867420349434737,2.7781346351490237,21.14058752997602,6.67501712915382
23686024ec3696717270,psychiatric_mood,iloperidone,Bipolar Disorder,HANAMI,8,18855,DRD2,1813,lowest ten-seed median rank percentile; ties by mean then index,3.6752740664611165,4.246531346351491,2.384699383350463,6.730151593011305,0.7044364508393285,7.917951353203152,1.3103802672147995,4.087444330250086,7.115022267899966,0.7044364508393285,7.256337786913327,2.1518499486125386,3.263103802672148,5.575539568345324,3.0832476875642345,7.917951353203152
23686024ec3696717270,psychiatric_mood,iloperidone,Bipolar Disorder,TriMoGCL,8,18855,DRD2,1813,lowest ten-seed median rank percentile; ties by mean then index,1.0727132579650567,3.1250000000000004,0.85431654676259,3.1961930455635494,0.4239465570400822,11.097550531003769,1.0213257965056526,11.097550531003769,1.460260363138061,0.7986467968482357,9.740065090784515,3.774837273038712,1.0448783830078794,1.1005481329222337,0.4239465570400822,0.7879410757108599
23686024ec3696717270,psychiatric_mood,iloperidone,Bipolar Disorder,TriNet,8,44641,ADRA1A,148,lowest ten-seed median rank percentile; ties by mean then index,14.657202809181227,15.80849606029462,6.814726789996574,21.74760191846523,2.2010962658444675,35.85774237752655,35.85774237752655,21.34292565947242,2.2010962658444675,6.778862624186365,6.922319287427201,30.40853031860226,19.120417951353204,3.3765844467283315,10.19398766700925,21.882494004796165
23686024ec3696717270,psychiatric_mood,iloperidone,Bipolar Disorder,N2V-MLP,8,18855,DRD2,1813,lowest ten-seed median rank percentile; ties by mean then index,11.257065775950668,15.566546762589928,2.560808496060295,20.513767557382664,0.5888146625556697,53.734155532716684,9.731500513874614,33.16632408359027,15.4569201781432,0.5888146625556697,22.199383350462487,1.7043508050702296,5.13018156903049,1.171205892428914,53.734155532716684,12.782631038026722
23686024ec3696717270,psychiatric_mood,iloperidone,Bipolar Disorder,RF,8,18855,DRD2,1813,lowest ten-seed median rank percentile; ties by mean then index,7.771282973621103,10.372773210003427,3.355708290510449,14.735889859540938,0.7055070229530661,32.57322713257965,2.9430027406646113,3.861553614251456,15.023338472079478,3.18709318259678,16.01789996574169,0.7055070229530661,5.73184309695101,32.57322713257965,13.873544021925317,9.810722850291196
24ec965ec287444c00bd,breast_oncology,bosutinib,Breast Neoplasms,HANAMI,1,4587,ABL1,25,lowest ten-seed median rank percentile; ties by mean then index,26.28789825282631,37.49892942788626,16.658102089756767,52.48747430626927,13.519184652278177,84.34181226447413,22.0345152449469,84.34181226447413,73.58684480986639,45.88257965056526,15.578965399109284,13.519184652278177,18.906303528605687,15.90870161014046,30.54128126070572,54.689105858170606
24ec965ec287444c00bd,breast_oncology,bosutinib,Breast Neoplasms,TriMoGCL,1,4587,ABL1,25,lowest ten-seed median rank percentile; ties by mean then index,9.518456663240835,20.79928914011648,5.082541109969168,11.656924460431654,2.3616820829051046,76.52663583418979,12.208804385063377,8.748715313463515,3.3744433025008567,71.87392942788627,9.044193216855087,3.8604830421377185,10.001284686536485,2.3616820829051046,9.992720109626584,76.52663583418979
24ec965ec287444c00bd,breast_oncology,bosutinib,Breast Neoplasms,TriNet,1,4587,ABL1,25,lowest ten-seed median rank percentile; ties by mean then index,56.625770811921896,51.68465227817747,35.48411270983213,70.59084874957178,0.11776293251113396,92.17411784857828,0.11776293251113396,66.78014731072285,47.54624871531346,71.86108256252142,32.519698526892775,44.37735525865022,16.51464542651593,65.70529290853032,79.2501712915382,92.17411784857828
24ec965ec287444c00bd,breast_oncology,bosutinib,Breast Neoplasms,N2V-MLP,1,4587,ABL1,25,lowest ten-seed median rank percentile; ties by mean then index,19.302415210688594,30.38262247344981,15.265823055841041,32.79483556012333,5.684737923946557,87.16812264474135,5.684737923946557,19.27243919150394,24.40262076053443,19.332391229873245,10.40596094552929,35.59224049331963,18.668636519355942,69.16752312435766,14.131551901336074,87.16812264474135
24ec965ec287444c00bd,breast_oncology,bosutinib,Breast Neoplasms,RF,1,4587,ABL1,25,lowest ten-seed median rank percentile; ties by mean then index,61.09380352860569,58.65225676601576,51.268627954779035,64.84080592668722,42.19338814662556,72.71754025351147,56.11189619732785,49.65420520726276,42.19338814662556,48.9486981843097,63.84892086330935,65.50402535114765,65.07900822199383,58.33868619390202,72.71754025351147,64.12619904076739
2597bac178c6e2063ad5,psychiatric_mood,Lisdexamfetamine,Depressive Disorder,HANAMI,1,24269,SLC6A3,6531,lowest ten-seed median rank percentile; ties by mean then index,23.573997944501542,24.670263788968825,16.342818602261048,27.84504539225762,13.96454265159301,43.66649537512847,13.96454265159301,14.52766358341898,28.299503254539225,14.857399794450155,26.481671805412812,20.799075025693732,36.95829051044878,25.86716341212744,43.66649537512847,21.28083247687564
2597bac178c6e2063ad5,psychiatric_mood,Lisdexamfetamine,Depressive Disorder,TriMoGCL,1,24269,SLC6A3,6531,lowest ten-seed median rank percentile; ties by mean then index,21.91889345666324,24.15017985611511,12.368319630010278,32.880481329222334,4.457862281603289,59.13840356286399,27.064063035286058,11.461545049674546,59.13840356286399,15.088643371017472,16.773723878040425,4.457862281603289,34.67154847550531,36.189619732785204,27.507279890373415,9.149109284001371
2597bac178c6e2063ad5,psychiatric_mood,Lisdexamfetamine,Depressive Disorder,TriNet,1,24269,SLC6A3,6531,lowest ten-seed median rank percentile; ties by mean then index,25.3447242206235,30.872730387118878,17.81646111682083,39.73803100376841,7.356971565604659,74.3790681740322,33.17488866050017,19.02406646111682,74.3790681740322,29.41289825282631,17.413926002055497,13.613394998287085,7.356971565604659,41.92574511819116,51.14979445015416,21.276550188420693
2597bac178c6e2063ad5,psychiatric_mood,Lisdexamfetamine,Depressive Disorder,N2V-MLP,1,24269,SLC6A3,6531,lowest ten-seed median rank percentile; ties by mean then index,25.0256937307297,25.37598492634464,6.126348920863309,40.34183367591641,0.5695443645083933,58.05926687221651,42.76935594381638,5.663326481671805,33.05926687221651,51.64225762247345,7.515416238437822,4.430027406646111,29.053186022610483,58.05926687221651,20.99820143884892,0.5695443645083933
2597bac178c6e2063ad5,psychiatric_mood,Lisdexamfetamine,Depressive Disorder,RF,1,24269,SLC6A3,6531,lowest ten-seed median rank percentile; ties by mean then index,30.198698184309695,26.880245803357315,20.952969767043506,36.599916495375126,0.20340870161014046,45.395469338814664,45.395469338814664,26.83603117505995,28.330549845837616,43.55194415895855,37.771925316889345,2.570443645083933,33.08389003083248,18.991949297704693,32.06684652278177,0.20340870161014046
25d4afdf2ccaf7f36d6c,cardiovascular_hypertensive,Magnesium Sulfate,Hypertension,HANAMI,2,808,CACNA1C,775,lowest ten-seed median rank percentile; ties by mean then index,13.096308667351833,12.800616649537513,10.470195272353546,17.708333333333332,1.091983556012333,21.26798561151079,18.33461801986982,19.12684138403563,13.320058239122988,15.829479273723878,10.752826310380268,5.033830078794107,1.091983556012333,21.26798561151079,10.375984926344639,12.872559095580678
25d4afdf2ccaf7f36d6c,cardiovascular_hypertensive,Magnesium Sulfate,Hypertension,TriMoGCL,2,808,CACNA1C,775,lowest ten-seed median rank percentile; ties by mean then index,15.84660842754368,18.754924631723195,10.794578622816033,20.50841469681398,1.288968824940048,52.866992120589245,21.364337101747175,17.940647482014388,9.611596437136006,13.94313120931826,30.982356971565604,52.866992120589245,1.288968824940048,11.112538540596095,10.688591983556012,17.7500856457691
25d4afdf2ccaf7f36d6c,cardiovascular_hypertensive,Magnesium Sulfate,Hypertension,TriNet,2,39946,CACNA2D1,781,lowest ten-seed median rank percentile; ties by mean then index,19.429813292223365,26.0949811579308,8.93231843096951,41.734647995889006,6.804556354916067,60.28391572456321,54.20948955121617,7.164268585131895,27.068345323741006,21.473535457348408,17.38609112709832,60.28391572456321,7.8965399109284,12.03965399109284,6.804556354916067,46.62341555327167
25d4afdf2ccaf7f36d6c,cardiovascular_hypertensive,Magnesium Sulfate,Hypertension,N2V-MLP,2,808,CACNA1C,775,lowest ten-seed median rank percentile; ties by mean then index,3.7930369989722506,12.313934566632408,1.9147182254196642,12.392407502569373,0.10705721137375813,68.80566974991436,3.708461801986982,12.825453922576225,17.17840013703323,11.093268242548818,3.5864165810208974,68.80566974991436,0.10705721137375813,0.5995203836930456,1.357485440219253,3.8776121959575196
25d4afdf2ccaf7f36d6c,cardiovascular_hypertensive,Magnesium Sulfate,Hypertension,RF,2,808,CACNA1C,775,lowest ten-seed median rank percentile; ties by mean then index,44.1188120931826,48.134956320657764,33.03517899965742,60.27749229188078,22.023809523809526,83.94891229873244,45.395469338814664,40.603588557725246,30.512375813634808,54.2330421377184,69.48013018156902,83.94891229873244,22.023809523809526,30.017771497088045,42.84215484755053,62.29230900993491
25e2997d3e37cda7008c,psychiatric_mood,clobazam,Depressive Disorder,HANAMI,3,37749,GABRA3,2556,lowest ten-seed median rank percentile; ties by mean then index,17.752226789996573,20.28991092840014,9.904933196300103,21.56506937307297,6.603288797533402,59.09772182254196,10.560123329907503,9.686536485097637,8.374015073655361,6.603288797533402,59.09772182254196,18.465227817745802,18.627954779033917,17.039225762247344,31.90090784515245,22.544107571085988
25e2997d3e37cda7008c,psychiatric_mood,clobazam,Depressive Disorder,TriMoGCL,3,37749,GABRA3,2556,lowest ten-seed median rank percentile; ties by mean then index,32.210303186022614,34.774751627269616,18.519826995546417,37.94321685508736,8.669492977046934,89.14868105515588,31.723192874272012,22.544107571085988,15.497601918465227,17.17840013703323,89.14868105515588,32.69741349777321,36.01618705035971,55.68687906817403,38.585560123329905,8.669492977046934
25e2997d3e37cda7008c,psychiatric_mood,clobazam,Depressive Disorder,TriNet,3,24630,GABRB3,2562,lowest ten-seed median rank percentile; ties by mean then index,17.316503939705377,23.59219767043508,5.49310551558753,37.40471908187735,2.344552929085303,71.00676601575883,2.344552929085303,25.137033230558412,5.676173347036657,9.495974648852346,26.674374785885576,46.03031860226105,5.432082905104488,40.981500513874614,71.00676601575883,3.1431997259335387
25e2997d3e37cda7008c,psychiatric_mood,clobazam,Depressive Disorder,N2V-MLP,3,24630,GABRB3,2562,lowest ten-seed median rank percentile; ties by mean then index,16.980344295991777,22.186001199040767,5.436900479616307,26.635298903734157,0.45178143199725934,77.43662213086674,14.885234669407332,9.761476533059266,3.9953751284686536,21.681226447413497,19.075453922576223,77.43662213086674,0.45178143199725934,44.84733641658102,28.286656389174375,1.4388489208633093
25e2997d3e37cda7008c,psychiatric_mood,clobazam,Depressive Disorder,RF,3,24630,GABRB3,2562,lowest ten-seed median rank percentile; ties by mean then index,30.052029804727646,27.073269955464202,24.141401164782458,33.247687564234326,2.999743062692703,43.55194415895855,33.47250770811922,23.166109969167522,10.187564234326825,43.55194415895855,30.215827338129497,37.61026892771497,2.999743062692703,32.57322713257965,29.888232271325798,27.06727475162727
27267dcd6fc2c5be465b,cardiovascular_hypertensive,progesterone,Hypertension,HANAMI,3,2779,NR3C1,2908,lowest ten-seed median rank percentile; ties by mean then index,6.264988009592326,10.245803357314148,3.3926430284343954,12.158487495717711,1.1776293251113394,27.652877697841728,5.498458376156218,7.031517643028434,2.8605686879068175,12.63703323055841,2.592925659472422,4.988866050017129,1.1776293251113394,27.652877697841728,27.295306611853373,10.722850291195615
27267dcd6fc2c5be465b,cardiovascular_hypertensive,progesterone,Hypertension,TriMoGCL,3,44841,NR3C2,4306,lowest ten-seed median rank percentile; ties by mean then index,8.573141486810552,13.86733470366564,5.702937649880096,22.102496574169237,3.81551901336074,35.67574511819116,23.99580335731415,8.708033573141487,4.20520726276122,35.67574511819116,8.438249400479616,5.554128126070572,3.81551901336074,6.149366221308667,18.991949297704693,23.139345666324083
27267dcd6fc2c5be465b,cardiovascular_hypertensive,progesterone,Hypertension,TriNet,3,44841,NR3C2,4306,lowest ten-seed median rank percentile; ties by mean then index,4.7426344638574855,12.04650565262076,2.670542137718397,22.35729273723878,0.7922233641658102,39.694672833162045,28.500770811921893,0.7922233641658102,6.9844124700239805,5.678314491264132,39.694672833162045,3.108941418293936,2.524409044193217,1.8927714970880438,27.481586159643715,3.806954436450839
27267dcd6fc2c5be465b,cardiovascular_hypertensive,progesterone,Hypertension,N2V-MLP,3,44841,NR3C2,4306,lowest ten-seed median rank percentile; ties by mean then index,0.7676002055498459,2.4749486125385407,0.40949383350462487,5.358748715313464,0.00856457690990065,6.185765673175745,5.654761904761905,5.52415210688592,0.14559780746831105,6.185765673175745,0.5759677971908188,4.862538540596095,0.9592326139088729,0.00856457690990065,0.43036998972250773,0.4025351147653306
27267dcd6fc2c5be465b,cardiovascular_hypertensive,progesterone,Hypertension,RF,3,44841,NR3C2,4306,lowest ten-seed median rank percentile; ties by mean then index,4.478203151764303,6.602111168208291,0.43866692360397397,8.112795477903392,0.020340870161014046,22.956277834874957,5.604445015416238,3.861553614251456,0.40467625899280574,22.956277834874957,8.948912298732443,18.437392942788627,0.020340870161014046,0.15202124015073656,5.0948526892771495,0.5406389174374786
2726a8354184be12131b,cardiovascular_hypertensive,dexamethasone,Heart Failure,HANAMI,2,44963,NR3C2,4306,lowest ten-seed median rank percentile; ties by mean then index,6.518713600548133,15.704650565262076,5.167651593011305,18.557832305584103,0.2012675573826653,52.263189448441246,47.19938335046249,21.98955121616992,6.228588557725248,6.005909558067832,3.1988694758478933,6.8088386433710175,0.2012675573826653,4.888232271325797,52.263189448441246,8.262675573826654
2726a8354184be12131b,cardiovascular_hypertensive,dexamethasone,Heart Failure,TriMoGCL,2,44963,NR3C2,4306,lowest ten-seed median rank percentile; ties by mean then index,23.45088215142172,28.32241349777321,12.834553785542994,36.54879667694416,7.836587872559096,62.89397053785543,37.801901336073996,10.288198013018157,13.549160671462829,58.566718054128124,12.596351490236382,28.67848578280233,7.836587872559096,18.22327852004111,62.89397053785543,32.78948269955464
2726a8354184be12131b,cardiovascular_hypertensive,dexamethasone,Heart Failure,TriNet,2,44963,NR3C2,4306,lowest ten-seed median rank percentile; ties by mean then index,40.20854744775608,39.803442959917774,25.505845323741006,47.57622473449812,10.448783830078794,74.06431997259335,74.06431997259335,34.718653648509765,22.434909215484755,59.35680027406646,22.173689619732784,47.94236039739637,46.47781774580336,10.448783830078794,39.67754367934224,40.73955121616992
2726a8354184be12131b,cardiovascular_hypertensive,dexamethasone,Heart Failure,N2V-MLP,2,26131,NOS2,4843,lowest ten-seed median rank percentile; ties by mean then index,15.88621959575197,29.943045563549163,14.378318773552586,30.816953579993147,2.419492977046934,97.0859027064063,16.733042137718396,29.96103117505995,11.408016443987666,31.102261048304214,15.039397053785542,14.330678314491264,14.521240150736554,66.82939362795477,97.0859027064063,2.419492977046934
2726a8354184be12131b,cardiovascular_hypertensive,dexamethasone,Heart Failure,RF,2,26131,NOS2,4843,lowest ten-seed median rank percentile; ties by mean then index,17.97972336416581,28.82783059266872,14.956695357999315,25.555626927029806,11.64140116478246,94.43730729701953,13.53096094552929,23.166109969167522,16.69664268585132,26.352132579650565,11.64140116478246,14.37671291538198,18.352817745803357,52.11759164097293,94.43730729701953,17.606628982528264
2902a3fe8bfd8d3ae1bd,prostate_oncology,dexamethasone,Prostatic Neoplasms,HANAMI,1,3124,NR3C1,2908,lowest ten-seed median rank percentile; ties by mean then index,1.6079993148338474,10.648766700924975,1.0352432339842412,8.826331791709489,0.00856457690990065,71.59129838985955,15.07151421719767,3.432254196642686,1.5352004110996917,0.9656560465912984,1.2440047961630696,1.6807982185680028,0.00856457690990065,0.3340184994861254,71.59129838985955,10.624357656731757
2902a3fe8bfd8d3ae1bd,prostate_oncology,dexamethasone,Prostatic Neoplasms,TriMoGCL,1,3124,NR3C1,2908,lowest ten-seed median rank percentile; ties by mean then index,10.684309695101062,32.769570058239125,6.497302158273381,57.233855772524834,3.9525522439191505,97.84815005138746,75.40253511476533,6.434138403562864,6.19218910585817,50.24837273038712,3.9525522439191505,13.028862624186365,8.339756766015759,6.686793422404933,97.84815005138746,59.562350119904075
2902a3fe8bfd8d3ae1bd,prostate_oncology,dexamethasone,Prostatic Neoplasms,TriNet,1,3124,NR3C1,2908,lowest ten-seed median rank percentile; ties by mean then index,64.06303528605687,59.04719081877356,53.82408359027065,74.22544107571086,2.2953066118533743,84.71865364850976,42.4910071942446,78.43225419664269,70.79693388146626,53.526464542651595,2.2953066118533743,64.90236382322713,63.223706748886606,54.716940733127785,84.71865364850976,75.36827680712572
2902a3fe8bfd8d3ae1bd,prostate_oncology,dexamethasone,Prostatic Neoplasms,N2V-MLP,1,3124,NR3C1,2908,lowest ten-seed median rank percentile; ties by mean then index,27.07690990065091,33.31256423432682,9.652278177458033,45.09089157245632,0.8050702295306612,96.82468311065433,46.629838985954095,65.86587872559096,11.489379924631724,27.034087016101406,7.843011305241521,0.8050702295306612,9.039910928400136,27.119732785200412,96.82468311065433,40.474049331963
2902a3fe8bfd8d3ae1bd,prostate_oncology,dexamethasone,Prostatic Neoplasms,RF,1,3124,NR3C1,2908,lowest ten-seed median rank percentile; ties by mean then index,44.68782117163413,44.48612538540596,33.13126284686537,50.983588129496404,4.610954093867763,99.849049331963,45.395469338814664,51.26113394998287,69.54115279205207,38.6080421377184,4.610954093867763,50.150950668037,31.305669749914355,10.15865878725591,99.849049331963,43.98017300445358
2b4bf9f3ebcafe9c3114,prostate_oncology,exemestane,Prostatic Neoplasms,HANAMI,1,43434,CYP19A1,1588,lowest ten-seed median rank percentile; ties by mean then index,26.671163069544363,25.734840698869476,11.566996402877699,32.166409729359366,1.6379753340184995,65.29419321685509,27.329564919492977,26.702209660842755,33.778691332648165,46.53562863994519,12.61562178828366,26.640116478245975,1.6379753340184995,5.596951010620075,11.217454607742377,65.29419321685509
2b4bf9f3ebcafe9c3114,prostate_oncology,exemestane,Prostatic Neoplasms,TriMoGCL,1,43434,CYP19A1,1588,lowest ten-seed median rank percentile; ties by mean then index,25.115621788283658,26.58508907159986,16.048946557040082,29.24000085645769,6.273552586502227,60.253939705378556,20.709146968139773,29.303699897225076,25.798646796848235,29.048903734155534,6.273552586502227,24.43259677971908,14.495546420006852,12.878982528263103,42.65587529976019,60.253939705378556
2b4bf9f3ebcafe9c3114,prostate_oncology,exemestane,Prostatic Neoplasms,TriNet,1,43434,CYP19A1,1588,lowest ten-seed median rank percentile; ties by mean then index,31.172918807810895,30.613223706748887,20.491820829051044,46.04691247002398,5.399965741692361,51.40030832476876,5.399965741692361,51.40030832476876,36.95614936622131,35.03768413840356,18.89131551901336,49.935765673175744,6.832391229873244,49.0771668379582,27.308153477218227,25.2933367591641
2b4bf9f3ebcafe9c3114,prostate_oncology,exemestane,Prostatic Neoplasms,N2V-MLP,1,43434,CYP19A1,1588,lowest ten-seed median rank percentile; ties by mean then index,29.835774237752652,37.26340356286399,23.055841041452553,50.68248972250771,8.42326139088729,85.08050702295307,53.71274409044193,85.08050702295307,17.441760877012676,26.65938677629325,22.646882494004796,41.59172661870504,8.42326139088729,59.78288797533402,24.28271668379582,33.01216169921206
2b4bf9f3ebcafe9c3114,prostate_oncology,exemestane,Prostatic Neoplasms,RF,1,43434,CYP19A1,1588,lowest ten-seed median rank percentile; ties by mean then index,37.51980558410415,34.24931483384721,25.233920006851662,42.23540810208976,11.163926002055499,54.30477046933881,43.03699897225077,44.23068687906817,37.267685851318944,22.956277834874957,37.771925316889345,39.830635491606714,11.163926002055499,54.30477046933881,32.06684652278177,19.863394998287085
2b9e10011d8b41fbb3fc,cardiovascular_hypertensive,perindopril,"Arrhythmias, Cardiac",HANAMI,1,40596,ACE,1636,lowest ten-seed median rank percentile; ties by mean then index,11.479744775608086,15.472336416581019,7.1947798903734155,25.218931997259336,4.654847550531004,32.29059609455293,32.29059609455293,27.543679342240495,13.692617334703666,27.385234669407332,6.618276807125728,8.924289140116478,4.654847550531004,5.626927029804728,18.72002398081535,9.266872216512505
2b9e10011d8b41fbb3fc,cardiovascular_hypertensive,perindopril,"Arrhythmias, Cardiac",TriMoGCL,1,40596,ACE,1636,lowest ten-seed median rank percentile; ties by mean then index,33.88467797190819,37.965805926687224,28.343931997259332,39.198462658444676,18.309994861253855,67.84643713600548,63.17446043165467,67.84643713600548,36.748458376156215,37.703408701610144,31.020897567660157,29.53708461801987,39.69681397738952,18.309994861253855,27.67428914011648,27.946214457005823
2b9e10011d8b41fbb3fc,cardiovascular_hypertensive,perindopril,"Arrhythmias, Cardiac",TriNet,1,40596,ACE,1636,lowest ten-seed median rank percentile; ties by mean then index,47.75179856115108,50.26421719767043,45.35532288454951,60.48785971223021,7.30344295991778,88.88746145940391,48.46051730044536,69.8783830078794,51.36819116135663,88.88746145940391,46.92745803357314,7.30344295991778,63.527749229188075,44.83127783487496,47.0430798218568,34.41461116820829
2b9e10011d8b41fbb3fc,cardiovascular_hypertensive,perindopril,"Arrhythmias, Cardiac",N2V-MLP,1,40596,ACE,1636,lowest ten-seed median rank percentile; ties by mean then index,26.00419664268585,26.46903905447071,17.80307896539911,37.38919578622816,2.276036313806098,50.22696128811237,32.419064748201436,39.045906132237064,25.9827852004111,50.22696128811237,19.15681740322028,17.351832819458718,40.994347379239464,11.211031175059953,26.025608084960602,2.276036313806098
2b9e10011d8b41fbb3fc,cardiovascular_hypertensive,perindopril,"Arrhythmias, Cardiac",RF,1,40596,ACE,1636,lowest ten-seed median rank percentile; ties by mean then index,18.580314319972594,20.373522610483043,15.212294450154163,23.63234412470024,0.06958718739294278,63.1294964028777,15.08971394313121,17.658016443987666,20.15244946899623,63.1294964028777,19.50261219595752,24.792309009934907,25.880010277492293,0.06958718739294278,15.58003597122302,1.8809952038369304
2c142db92d51c134164e,psychiatric_mood,acamprosate,Bipolar Disorder,HANAMI,6,33764,GABRA1,2554,lowest ten-seed median rank percentile; ties by mean then index,6.343139773895169,6.861939020212401,5.37373672490579,8.52068345323741,3.498629667694416,10.945529290853031,3.498629667694416,4.340099349092155,5.164439876670093,6.3377869133264815,9.09558067831449,6.001627269612881,10.091212744090441,6.348492634463858,6.795991778006167,10.945529290853031
2c142db92d51c134164e,psychiatric_mood,acamprosate,Bipolar Disorder,TriMoGCL,6,33764,GABRA1,2554,lowest ten-seed median rank percentile; ties by mean then index,5.4909643713600556,11.498372730387118,3.098770983213429,20.917908530318602,1.0470195272353546,31.703922576224734,9.307553956834532,2.410928400137033,5.978074683110655,2.539397053785543,31.703922576224734,4.776892771497088,24.78802672147996,27.428057553956833,5.003854059609456,1.0470195272353546
2c142db92d51c134164e,psychiatric_mood,acamprosate,Bipolar Disorder,TriNet,6,24715,GABRB3,2562,lowest ten-seed median rank percentile; ties by mean then index,22.35782802329565,28.958975676601575,12.208269099006507,42.33149194929771,2.4644570058239124,79.05532716683796,30.695443645083934,20.837615621788284,23.878040424803014,19.16966426858513,5.091640972935937,46.210174717368965,9.887804042480301,52.29958890030832,79.05532716683796,2.4644570058239124
2c142db92d51c134164e,psychiatric_mood,acamprosate,Bipolar Disorder,N2V-MLP,6,33764,GABRA1,2554,lowest ten-seed median rank percentile; ties by mean then index,4.992077766358342,8.84570914696814,2.922126584446728,14.619732785200412,0.0171291538198013,23.15433367591641,11.31808838643371,0.0171291538198013,23.15433367591641,21.957434052757794,0.20554984583761562,5.247944501541624,4.73621103117506,15.720280918122645,3.305926687221651,2.794193216855087
2c142db92d51c134164e,psychiatric_mood,acamprosate,Bipolar Disorder,RF,6,33764,GABRA1,2554,lowest ten-seed median rank percentile; ties by mean then index,42.86463686193902,43.56821685508736,35.297297875984924,43.73635020554985,27.06727475162727,69.04226618705036,43.03699897225077,34.927415210688594,65.48475505310037,69.04226618705036,42.81539054470709,43.969467283316206,42.91388317917095,30.017771497088045,36.40694587187393,27.06727475162727
2c6b4045475473a18bff,psychiatric_mood,perphenazine,"Depressive Disorder, Major",HANAMI,3,18425,DRD2,1813,lowest ten-seed median rank percentile; ties by mean then index,4.169878383007879,5.545135320315177,2.761540767386091,7.966662384378212,1.4238609112709832,13.03956834532374,4.329393627954779,9.082733812949641,13.03956834532374,2.723535457348407,4.010363138060979,2.410928400137033,2.8755566974991433,7.399794450154163,1.4238609112709832,8.155618362452895
2c6b4045475473a18bff,psychiatric_mood,perphenazine,"Depressive Disorder, Major",TriMoGCL,3,18425,DRD2,1813,lowest ten-seed median rank percentile; ties by mean then index,5.182639602603631,7.512632750942103,3.829436450839329,10.25501027749229,0.9827852004110997,19.274580335731414,4.113138060979788,11.420863309352518,19.274580335731414,3.485782802329565,15.097207947927373,6.757451181911613,6.252141144227475,0.9827852004110997,3.9546933881466257,3.787684138403563
2c6b4045475473a18bff,psychiatric_mood,perphenazine,"Depressive Disorder, Major",TriNet,3,18425,DRD2,1813,lowest ten-seed median rank percentile; ties by mean then index,7.354830421377184,9.92762932511134,4.4391272696128805,14.961780575539569,0.6016615279205207,26.284686536485097,3.0340013703323057,4.1281260705721134,16.36904761904762,0.6016615279205207,10.739979445015416,5.3721308667351835,7.663155190133607,18.03699897225077,7.046505652620761,26.284686536485097
2c6b4045475473a18bff,psychiatric_mood,perphenazine,"Depressive Disorder, Major",N2V-MLP,3,18425,DRD2,1813,lowest ten-seed median rank percentile; ties by mean then index,4.14311408016444,6.560894141829394,1.2793336759164098,8.977817745803357,0.9442446043165468,19.383778691332648,3.9653991092840015,17.687992463172318,10.320315176430285,0.9913497773210004,4.950325453922576,2.0083932853717026,4.320829051044878,0.9442446043165468,1.0363138060979789,19.383778691332648
2c6b4045475473a18bff,psychiatric_mood,perphenazine,"Depressive Disorder, Major",RF,3,23003,HTR2A,3356,lowest ten-seed median rank percentile; ties by mean then index,4.177372387804042,9.496188763275095,1.1275800787941077,7.242152706406304,0.5888146625556697,43.98017300445358,4.582048646796848,1.388532031517643,1.0405960945529291,5.911699212058925,0.8500342583076396,7.685637204522097,3.7726961288112366,25.161656389174375,0.5888146625556697,43.98017300445358
2e4847effb622357e498,breast_oncology,nilotinib,Breast Neoplasms,HANAMI,1,15368,KIT,3815,lowest ten-seed median rank percentile; ties by mean then index,21.517428914011646,29.295135320315175,9.223514045906132,45.38636947584789,4.749057896539911,68.34532374100719,19.332391229873245,23.70246659815005,66.20417951353203,32.18782117163412,14.08444672833162,7.603203151764303,6.956577595066804,4.749057896539911,68.34532374100719,49.785885577252486
2e4847effb622357e498,breast_oncology,nilotinib,Breast Neoplasms,TriMoGCL,1,15368,KIT,3815,lowest ten-seed median rank percentile; ties by mean then index,22.62654162384378,24.90343439534087,17.159129838985955,31.247858855772527,4.770469338814663,55.093782117163414,23.47764645426516,16.488951695786227,35.8277663583419,33.8108084960603,21.775436793422404,4.770469338814663,23.559009934909216,15.060808496060295,19.16966426858513,55.093782117163414
2e4847effb622357e498,breast_oncology,nilotinib,Breast Neoplasms,TriNet,1,15368,KIT,3815,lowest ten-seed median rank percentile; ties by mean then index,19.017643028434396,20.188420692017814,11.115750256937307,24.46899623158616,9.896368619390202,39.63257965056526,9.896368619390202,17.129153819801303,10.570829051044878,20.90613223706749,21.013189448441246,25.620931825967798,10.142600205549845,39.63257965056526,34.22190818773553,12.750513874614594
2e4847effb622357e498,breast_oncology,nilotinib,Breast Neoplasms,N2V-MLP,1,15368,KIT,3815,lowest ten-seed median rank percentile; ties by mean then index,15.379838985954095,15.269784172661868,9.40604659129839,17.402684994861254,3.856200753682768,30.566974991435423,25.284772182254198,15.686022610483041,30.566974991435423,7.684566632408359,5.449212058924289,16.98355601233299,15.073655361425146,14.570486467968482,3.856200753682768,17.54239465570401
2e4847effb622357e498,breast_oncology,nilotinib,Breast Neoplasms,RF,1,15368,KIT,3815,lowest ten-seed median rank percentile; ties by mean then index,27.48265673175745,31.874250599520384,21.266379753340185,44.83850419664269,8.220923261390887,58.56243576567318,47.64902363823227,24.947541966426858,20.15244946899623,24.608170606372045,57.477946214457006,10.699297704693388,8.220923261390887,30.017771497088045,36.40694587187393,58.56243576567318
2e68af3ec76bcd79e76e,cardiovascular_hypertensive,aspirin,Atrial Fibrillation,HANAMI,1,7405,PRKAG2,51422,lowest ten-seed median rank percentile; ties by mean then index,37.23235697156561,44.86746317231929,31.778862624186367,65.55594809866393,10.45948955121617,76.43670777663583,37.47644741349777,76.43670777663583,72.87170263788968,35.363138060979786,22.589071599862965,30.584104145255225,10.45948955121617,57.74665981500514,36.988266529633435,68.15904419321686
2e68af3ec76bcd79e76e,cardiovascular_hypertensive,aspirin,Atrial Fibrillation,TriMoGCL,1,7405,PRKAG2,51422,lowest ten-seed median rank percentile; ties by mean then index,50.14131551901336,56.033744433025014,45.05984498115793,70.60797790339157,37.296591298389856,74.75162726961288,47.86956149366221,74.75162726961288,71.0602946214457,69.2510277492292,44.50796505652621,44.62786913326482,37.296591298389856,52.41306954436451,46.35577252483727,72.20366563891744
2e68af3ec76bcd79e76e,cardiovascular_hypertensive,aspirin,Atrial Fibrillation,TriNet,1,7405,PRKAG2,51422,lowest ten-seed median rank percentile; ties by mean then index,81.34421034600891,74.65399109284002,66.80262932511134,89.81832391229874,19.111853374443303,96.83110654333676,19.111853374443303,91.10140459061323,78.37872559095581,71.98312778348749,85.96908187735526,96.422147995889,57.35697156560466,65.07579650565262,84.309695101062,96.83110654333676
2e68af3ec76bcd79e76e,cardiovascular_hypertensive,aspirin,Atrial Fibrillation,N2V-MLP,1,7405,PRKAG2,51422,lowest ten-seed median rank percentile; ties by mean then index,52.21715484755053,50.69694244604317,40.72723963686194,62.34476704350805,13.4742206235012,77.83487495717712,44.15253511476533,62.34155532716684,70.62564234326824,50.3618533744433,54.07245632065776,32.17497430626927,13.4742206235012,62.34583761562179,39.58547447756081,77.83487495717712
2e68af3ec76bcd79e76e,cardiovascular_hypertensive,aspirin,Atrial Fibrillation,RF,1,7405,PRKAG2,51422,lowest ten-seed median rank percentile; ties by mean then index,71.21820400822199,69.5924331963001,54.889838129496404,80.01536270983213,49.82014388489208,98.37165981500515,49.82014388489208,83.92321856800274,79.956748886605,74.5385834189791,50.43144056183625,80.03490065090784,56.64504110996917,54.30477046933881,67.89782459746489,98.37165981500515
2ef0159fc4e506342c35,psychiatric_mood,pimozide,Depressive Disorder,HANAMI,7,18587,DRD2,1813,lowest ten-seed median rank percentile; ties by mean then index,7.1193045563549155,8.357314148681054,4.818109797875985,9.460645769099006,0.7793764988009593,19.111853374443303,6.618276807125728,8.005738266529633,17.11630695443645,0.7793764988009593,19.111853374443303,4.453579993148338,4.010363138060979,9.94561493662213,5.911699212058925,7.620332305584104
2ef0159fc4e506342c35,psychiatric_mood,pimozide,Depressive Disorder,TriMoGCL,7,18587,DRD2,1813,lowest ten-seed median rank percentile; ties by mean then index,6.8430969510106205,11.55425659472422,3.367484583761562,7.846223021582734,1.169064748201439,53.759849263446384,8.054984583761563,22.811750599520384,1.8756423432682425,7.2199383350462485,53.759849263446384,6.795991778006167,1.169064748201439,3.252398081534772,3.712744090441932,6.890202124015073
2ef0159fc4e506342c35,psychiatric_mood,pimozide,Depressive Disorder,TriNet,7,18587,DRD2,1813,lowest ten-seed median rank percentile; ties by mean then index,17.928871188763274,19.588043850633778,8.943024152106887,24.984476704350804,1.169064748201439,51.464542651593014,31.061579307982186,16.44398766700925,22.895255224391914,1.169064748201439,51.464542651593014,7.5817917094895515,7.142857142857143,19.4137547105173,13.02672147995889,25.6808838643371
2ef0159fc4e506342c35,psychiatric_mood,pimozide,Depressive Disorder,N2V-MLP,7,18587,DRD2,1813,lowest ten-seed median rank percentile; ties by mean then index,10.989422747516272,15.556055155875299,4.1543550873586845,21.168422404933196,0.7172833162041795,46.45426515930113,36.748458376156215,46.45426515930113,23.441247002398082,0.7172833162041795,14.34994861253854,13.016015758821514,3.096094552929085,7.329136690647482,8.962829736211031,1.4452723535457348
2ef0159fc4e506342c35,psychiatric_mood,pimozide,Depressive Disorder,RF,7,18587,DRD2,1813,lowest ten-seed median rank percentile; ties by mean then index,7.085581534772182,9.10382408359027,6.0192917094895515,11.16954650565262,3.368019869818431,22.27753511476533,9.249743062692703,5.013489208633094,11.80948098663926,5.911699212058925,7.740236382322713,6.4309266872216515,12.895041109969167,6.342069201781432,3.368019869818431,22.27753511476533
2ff7392c91574eab1451,psychiatric_mood,lorazepam,Depressive Disorder,HANAMI,2,37687,GABRA3,2556,lowest ten-seed median rank percentile; ties by mean then index,12.74837273038712,15.092497430626926,7.879946043165468,15.095066803699897,3.7555669749914355,51.24400479616307,8.466084275436794,7.684566632408359,7.500428228845495,3.7555669749914355,51.24400479616307,13.281517643028435,15.596094552929085,12.215227817745804,13.591983556012334,17.589499828708462
2ff7392c91574eab1451,psychiatric_mood,lorazepam,Depressive Disorder,TriMoGCL,2,37687,GABRA3,2556,lowest ten-seed median rank percentile; ties by mean then index,23.82772353545735,27.375385405960948,14.726789996574169,28.74486125385406,5.6911613566289825,88.32219938335047,21.152363823227134,14.309266872216513,5.6911613566289825,15.97935936964714,88.32219938335047,29.45786228160329,26.503083247687563,37.80618362452895,26.60585817060637,7.9265159301130526
2ff7392c91574eab1451,psychiatric_mood,lorazepam,Depressive Disorder,TriNet,2,38073,GABRA6,2559,lowest ten-seed median rank percentile; ties by mean then index,20.270212401507365,25.580250085645766,16.40865878725591,34.16730900993491,13.478502911956149,53.254539225762244,36.270983213429254,53.254539225762244,13.821085988352175,19.655704008221996,37.42720109626585,27.856286399451868,20.884720794792738,16.24057896539911,16.91289825282631,13.478502911956149
2ff7392c91574eab1451,psychiatric_mood,lorazepam,Depressive Disorder,N2V-MLP,2,37687,GABRA3,2556,lowest ten-seed median rank percentile; ties by mean then index,27.74387632750942,26.216384035628643,11.508650222679,40.81609712230215,4.8090099349092155,44.726361767728676,9.962744090441932,44.726361767728676,13.840356286399452,28.764131551901336,26.723621103117505,44.430883864337105,10.731414868105515,35.630781089414185,42.54453579993148,4.8090099349092155
2ff7392c91574eab1451,psychiatric_mood,lorazepam,Depressive Disorder,RF,2,37687,GABRA3,2556,lowest ten-seed median rank percentile; ties by mean then index,33.55440647482014,38.334403905447076,27.47650094210346,50.87947499143542,14.45165296334361,67.89782459746489,27.39808153477218,40.603588557725246,22.033444672833163,14.45165296334361,61.834104145255225,37.61026892771497,27.711759164097295,54.30477046933881,67.89782459746489,29.498544021925316
3024450662d81c5c832a,breast_oncology,nintedanib,Breast Neoplasms,HANAMI,2,2536,FGFR1,2260,lowest ten-seed median rank percentile; ties by mean then index,29.330464200068516,27.047790339157245,15.844467283316202,39.707519698526895,6.8002740664611165,40.93011305241521,20.353717026378895,40.43336759164097,37.52997601918465,40.76310380267215,29.710517300445357,10.665039397053786,14.34138403562864,6.8002740664611165,28.950411099691674,40.93011305241521
3024450662d81c5c832a,breast_oncology,nintedanib,Breast Neoplasms,TriMoGCL,2,2536,FGFR1,2260,lowest ten-seed median rank percentile; ties by mean then index,50.526721479958894,51.318409558067835,43.708782973621105,60.430316461116824,18.976961288112367,82.07005823912299,28.316632408359027,51.552329564919496,42.19552929085303,55.107699554642004,82.07005823912299,18.976961288112367,75.01070572113737,49.501113394998285,48.24854402192532,62.20452209660843
3024450662d81c5c832a,breast_oncology,nintedanib,Breast Neoplasms,TriNet,2,2536,FGFR1,2260,lowest ten-seed median rank percentile; ties by mean then index,73.42518842069202,71.46218739294278,69.64981586159644,88.45387975334017,19.009078451524495,94.6813977389517,19.009078451524495,72.04736211031175,74.66812264474135,48.563292223364165,89.97944501541623,72.18225419664269,90.76310380267215,94.6813977389517,83.87718396711202,68.85063377869133
3024450662d81c5c832a,breast_oncology,nintedanib,Breast Neoplasms,N2V-MLP,2,2536,FGFR1,2260,lowest ten-seed median rank percentile; ties by mean then index,34.368576567317575,39.784600890716,22.2111596437136,51.08823655361425,16.79727646454265,80.49631723192874,43.060551558753,24.21205892428914,33.69304556354916,16.79727646454265,71.12452894826995,35.04410757108599,53.764131551901336,80.49631723192874,18.109797875984928,21.54419321685509
3024450662d81c5c832a,breast_oncology,nintedanib,Breast Neoplasms,RF,2,2536,FGFR1,2260,lowest ten-seed median rank percentile; ties by mean then index,24.869925488180883,33.38086673518328,22.119625727989035,31.336448698184313,11.80948098663926,97.72503425830764,21.840741692360396,24.947541966426858,11.80948098663926,22.956277834874957,97.72503425830764,24.792309009934907,51.9313120931826,32.57322713257965,27.62611339499829,17.606628982528264
305376c9c02b0ca7f85a,psychiatric_mood,agomelatine,Depressive Disorder,HANAMI,2,23378,HTR2A,3356,lowest ten-seed median rank percentile; ties by mean then index,10.810637204522097,11.075068516615278,8.389538369304557,14.747666152792053,3.2481157930798217,17.85500171291538,6.033744433025008,11.57074340527578,7.864422747516273,3.2481157930798217,13.853203151764303,15.045820486467969,9.964885234669408,17.85500171291538,15.264217197670435,10.050531003768414
305376c9c02b0ca7f85a,psychiatric_mood,agomelatine,Depressive Disorder,TriMoGCL,2,23378,HTR2A,3356,lowest ten-seed median rank percentile; ties by mean then index,14.80601233299075,17.864208633093526,11.470644912641315,18.42079907502569,2.974049331963001,39.41204179513532,38.5256080849606,10.864165810208975,14.696813977389517,9.438163754710517,39.41204179513532,19.578622816032887,14.915210688591984,13.290082219938334,14.947327852004111,2.974049331963001
305376c9c02b0ca7f85a,psychiatric_mood,agomelatine,Depressive Disorder,TriNet,2,23378,HTR2A,3356,lowest ten-seed median rank percentile; ties by mean then index,22.77856286399452,21.805412812607056,6.5775950668037,32.59249743062693,1.9677115450496745,48.71103117505995,25.0,2.0854744775608083,43.21685508735868,4.958890030832477,11.433710174717369,48.71103117505995,24.344809866392602,35.12332990750257,1.9677115450496745,21.212315861596437
305376c9c02b0ca7f85a,psychiatric_mood,agomelatine,Depressive Disorder,N2V-MLP,2,23378,HTR2A,3356,lowest ten-seed median rank percentile; ties by mean then index,14.877740664611167,20.02783487495718,8.894313120931825,27.529226618705035,4.108855772524837,57.279890373415554,28.98466940733128,4.108855772524837,19.54222336416581,8.761562178828365,6.695357999314834,57.279890373415554,32.23706748886605,23.16289825282631,9.292565947242206,10.213257965056526
305376c9c02b0ca7f85a,psychiatric_mood,agomelatine,Depressive Disorder,RF,2,5300,HTR2C,3358,lowest ten-seed median rank percentile; ties by mean then index,8.536206748886604,14.57701695786228,3.9249850119904077,11.974081449126412,0.13489208633093525,75.7119304556355,12.049289140116478,7.470452209660842,0.13489208633093525,11.748458376156218,3.0083076396026036,75.7119304556355,9.601961288112367,18.991949297704693,0.37791195614936623,6.67501712915382
30acdc445abe20f6bf95,breast_oncology,leucovorin,Breast Neoplasms,HANAMI,1,36909,TYMS,7298,lowest ten-seed median rank percentile; ties by mean then index,20.48967968482357,21.980344295991777,8.182917951353204,32.636926173347035,0.7279890373415553,48.34703665638917,14.46985268927715,24.93362452894827,48.34703665638917,35.20469338814662,20.034686536485097,20.94467283316204,0.7279890373415553,6.087273038711888,5.729701952723535,43.323912298732445
30acdc445abe20f6bf95,breast_oncology,leucovorin,Breast Neoplasms,TriMoGCL,1,36909,TYMS,7298,lowest ten-seed median rank percentile; ties by mean then index,8.210217540253511,14.602389516957862,5.101276121959575,15.646946728331619,0.05352860568687907,45.41795135320315,10.566546762589928,2.7299588900308325,14.322113737581363,45.41795135320315,5.753254539225762,0.05352860568687907,16.08855772524837,4.883949982870846,5.853888317917095,40.354145255224395
30acdc445abe20f6bf95,breast_oncology,leucovorin,Breast Neoplasms,TriNet,1,36909,TYMS,7298,lowest ten-seed median rank percentile; ties by mean then index,56.29603460089072,54.56127954779034,38.858556012333,69.98972250770812,16.407588215142173,89.93662213086674,38.82322713257965,38.964542651593014,56.79813292223364,34.50668036998972,63.1551901336074,16.407588215142173,55.79393627954779,89.93662213086674,78.95897567660158,72.26789996574169
30acdc445abe20f6bf95,breast_oncology,leucovorin,Breast Neoplasms,N2V-MLP,1,36909,TYMS,7298,lowest ten-seed median rank percentile; ties by mean then index,21.938163754710516,29.64307125727989,15.038326481671806,30.832476875642342,11.679941760877012,82.13001027749229,29.95246659815005,15.83804385063378,54.74905789653991,14.771754025351148,17.653734155532717,12.307297019527235,31.12581363480644,82.13001027749229,11.679941760877012,26.222593353888318
30acdc445abe20f6bf95,breast_oncology,leucovorin,Breast Neoplasms,RF,1,36909,TYMS,7298,lowest ten-seed median rank percentile; ties by mean then index,33.70321599862967,33.178421548475505,24.49335174717369,39.76051301815691,20.91041452552244,47.64902363823227,47.64902363823227,36.87157416923604,44.77346694073313,22.956277834874957,21.388960260363138,29.10457348406989,33.08389003083248,20.91041452552244,40.72349263446386,34.32254196642686
30edfe084c585ef92911,breast_oncology,spironolactone,Breast Neoplasms,HANAMI,2,5429,AR,367,lowest ten-seed median rank percentile; ties by mean then index,5.773595409386776,7.7974049331963,4.358834361082563,12.134399623158616,0.0685166152792052,19.694244604316548,13.356457690990066,5.948098663926002,13.636947584789311,8.468225419664268,5.5990921548475505,2.3659643713600547,0.0685166152792052,4.53708461801987,4.299417608770127,19.694244604316548
30edfe084c585ef92911,breast_oncology,spironolactone,Breast Neoplasms,TriMoGCL,2,5429,AR,367,lowest ten-seed median rank percentile; ties by mean then index,2.8584275436793423,2.6453836930455634,0.4780104487838301,4.440197841726619,0.027834874957177114,5.830335731414868,0.38754710517300445,0.749400479616307,2.9419321685508737,5.830335731414868,4.9396197327852,0.22696128811236724,0.027834874957177114,5.6333504624871535,2.800616649537513,2.9162384378211716
30edfe084c585ef92911,breast_oncology,spironolactone,Breast Neoplasms,TriNet,2,7069,PGR,5241,lowest ten-seed median rank percentile; ties by mean then index,13.900308324768755,16.359412470023983,6.0016272696128805,24.29181654676259,0.07065775950668036,37.028948269955464,2.712829736211031,11.735611510791367,4.194501541623843,19.051901336074,16.065005138746145,11.423004453579994,26.038454950325455,0.07065775950668036,37.028948269955464,35.27321000342583
30edfe084c585ef92911,breast_oncology,spironolactone,Breast Neoplasms,N2V-MLP,2,5429,AR,367,lowest ten-seed median rank percentile; ties by mean then index,1.6807982185680026,6.024751627269613,0.8500342583076396,7.757365536142515,0.05995203836930456,28.836930455635493,0.05995203836930456,2.5351147653305928,1.2953922576224735,0.7344124700239808,28.836930455635493,1.196899623158616,9.498115793079823,0.1434566632408359,13.88103802672148,2.066204179513532
30edfe084c585ef92911,breast_oncology,spironolactone,Breast Neoplasms,RF,2,5429,AR,367,lowest ten-seed median rank percentile; ties by mean then index,5.123758136348064,9.090334874957177,1.919268156903049,15.020662041795134,1.3082391229873245,27.79419321685509,1.3082391229873245,5.013489208633094,5.234027064063035,3.18709318259678,27.79419321685509,1.4966598150051387,16.58102089756766,13.342540253511476,15.58003597122302,1.3660500171291539
318c83ff461d5047bc9c,psychiatric_mood,cyclophosphamide,"Depressive Disorder, Major",HANAMI,2,40234,CYP2D6,1565,lowest ten-seed median rank percentile; ties by mean then index,31.1247430626927,36.43713600548132,19.556676087701266,60.622751798561154,3.697756080849606,76.19475847893113,66.24057896539911,22.730387118876326,3.697756080849606,39.51909900650908,76.19475847893113,19.04547790339157,4.0446214457005825,21.090270640630354,68.03914011647825,43.769270298047275
318c83ff461d5047bc9c,psychiatric_mood,cyclophosphamide,"Depressive Disorder, Major",TriMoGCL,2,33159,CYP2C19,1557,lowest ten-seed median rank percentile; ties by mean then index,40.00513874614594,41.549546077423784,30.6033744433025,56.58187735525865,15.19141829393628,63.780404248030145,63.780404248030145,24.918636519355942,15.19141829393628,33.78939705378554,42.456748886605,50.32545392257622,29.54136690647482,59.271154504967456,58.667351832819456,37.55352860568688
318c83ff461d5047bc9c,psychiatric_mood,cyclophosphamide,"Depressive Disorder, Major",TriNet,2,33159,CYP2C19,1557,lowest ten-seed median rank percentile; ties by mean then index,27.60791366906475,31.68443816375471,19.55078794107571,40.543101233299076,13.579136690647482,57.87298732442618,42.08204864679685,57.87298732442618,23.88874614594039,31.327081192189105,35.92625899280576,55.89885234669407,18.345323741007196,13.579136690647482,14.75676601575882,23.16718054128126
318c83ff461d5047bc9c,psychiatric_mood,cyclophosphamide,"Depressive Disorder, Major",N2V-MLP,2,33159,CYP2C19,1557,lowest ten-seed median rank percentile; ties by mean then index,27.11545049674546,32.62568516615279,13.968824940047961,46.63733299075026,11.298818088386433,67.68585131894484,37.85971223021583,11.298818088386433,11.542908530318602,67.68585131894484,31.673946557040082,65.59823569715655,14.778177458033573,13.69904076738609,22.55695443645084,49.56320657759507
318c83ff461d5047bc9c,psychiatric_mood,cyclophosphamide,"Depressive Disorder, Major",RF,2,33159,CYP2C19,1557,lowest ten-seed median rank percentile; ties by mean then index,47.26897053785543,50.58892171976704,45.26378896882494,51.36069715656047,24.608170606372045,93.66649537512846,51.95914696813978,46.06243576567318,44.77346694073313,24.608170606372045,45.230601233299076,93.66649537512846,49.56534772182254,45.36335217540253,56.184695101062005,48.47550531003768
32ab891c0733fb41dd2d,psychiatric_mood,sertraline,"Depressive Disorder, Major",HANAMI,1,30348,SLC6A4,6532,lowest ten-seed median rank percentile; ties by mean then index,10.106200753682767,10.4438591983556,9.453151764302843,12.465741692360396,5.265073655361425,14.266443987667008,12.600633778691332,14.266443987667008,14.048047276464542,9.523809523809524,10.489465570400823,5.265073655361425,7.031517643028434,9.722935936964713,12.061065433367592,9.429599177800617
32ab891c0733fb41dd2d,psychiatric_mood,sertraline,"Depressive Disorder, Major",TriMoGCL,1,30348,SLC6A4,6532,lowest ten-seed median rank percentile; ties by mean then index,9.60945529290853,13.008949982870845,4.727111168208291,20.335517300445357,3.472935936964714,28.16461116820829,28.16461116820829,16.529633436108256,27.52226789996574,5.425659472422062,4.494261733470367,3.472935936964714,21.60414525522439,3.657074340527578,13.534172661870503,5.684737923946557
32ab891c0733fb41dd2d,psychiatric_mood,sertraline,"Depressive Disorder, Major",TriNet,1,30348,SLC6A4,6532,lowest ten-seed median rank percentile; ties by mean then index,50.14559780746831,49.03648509763618,36.485097636176775,54.978695614936626,20.28305926687222,90.10577252483728,43.39028776978417,48.12435765673176,27.385234669407332,52.166837958204866,66.20203836930456,34.18336759164097,20.28305926687222,55.695443645083934,90.10577252483728,52.82845152449469
32ab891c0733fb41dd2d,psychiatric_mood,sertraline,"Depressive Disorder, Major",N2V-MLP,1,30348,SLC6A4,6532,lowest ten-seed median rank percentile; ties by mean then index,17.72653305926687,18.807382665296338,14.465570400822198,21.36540767386091,10.014131551901336,34.07416923603974,19.146111682082903,34.07416923603974,19.21034600890716,16.30695443645084,10.014131551901336,14.484840698869476,14.459146968139773,27.455892428914012,10.838472079479274,22.08376156217883
32ab891c0733fb41dd2d,psychiatric_mood,sertraline,"Depressive Disorder, Major",RF,1,30348,SLC6A4,6532,lowest ten-seed median rank percentile; ties by mean then index,22.485226104830424,29.326074854402197,17.051537341555324,31.726672233641658,7.558239122987325,66.58530318602261,61.792351832819456,66.58530318602261,20.15244946899623,13.05348578280233,16.01789996574169,31.242505995203835,22.023809523809526,22.94664268585132,7.558239122987325,31.8880609797876
32db7453c3570bb37df2,cardiovascular_hypertensive,spironolactone,Atrial Fibrillation,HANAMI,2,777,CACNA1C,775,lowest ten-seed median rank percentile; ties by mean then index,31.337786913326482,31.232656731757448,27.236425145597806,34.76789996574169,6.222165125042823,51.9912641315519,46.21231586159644,31.00590955806783,26.18619390202124,31.66966426858513,19.938335046248714,51.9912641315519,6.222165125042823,35.178999657416924,30.38711887632751,33.534600890716
32db7453c3570bb37df2,cardiovascular_hypertensive,spironolactone,Atrial Fibrillation,TriMoGCL,2,777,CACNA1C,775,lowest ten-seed median rank percentile; ties by mean then index,19.180369989722507,24.941332648167183,8.107977903391573,30.298796676944157,3.3958547447756082,63.17017814319973,28.530746831106544,30.888146625556697,12.322285029119561,61.889773895169576,6.948013018156903,11.587872559095581,4.642000685166153,3.3958547447756082,26.038454950325455,63.17017814319973
32db7453c3570bb37df2,cardiovascular_hypertensive,spironolactone,Atrial Fibrillation,TriNet,2,777,CACNA1C,775,lowest ten-seed median rank percentile; ties by mean then index,25.089928057553955,24.41632408359027,11.159643713600548,30.723278520041113,4.502826310380267,61.83838643371018,14.185080507022953,30.543422404933196,10.151164782459746,30.783230558410416,61.83838643371018,25.723706748886606,4.502826310380267,24.456149366221307,34.83427543679342,7.144998287084618
32db7453c3570bb37df2,cardiovascular_hypertensive,spironolactone,Atrial Fibrillation,N2V-MLP,2,777,CACNA1C,775,lowest ten-seed median rank percentile; ties by mean then index,7.291666666666667,14.849477560808495,2.560273210003426,17.277963343610825,0.6787427201096266,60.16187050359712,5.924546077423775,7.787341555327167,0.6787427201096266,19.375214114422747,60.16187050359712,6.795991778006167,1.4388489208633093,0.7151421719767044,34.63086673518328,10.98621103117506
32db7453c3570bb37df2,cardiovascular_hypertensive,spironolactone,Atrial Fibrillation,RF,2,777,CACNA1C,775,lowest ten-seed median rank percentile; ties by mean then index,28.799995717711546,30.68420263788969,18.57763788968825,41.5082219938335,7.328066118533744,59.74006509078451,18.439534087016103,44.23068687906817,7.328066118533744,51.65831620417951,59.74006509078451,33.34082733812949,27.711759164097295,18.991949297704693,29.888232271325798,15.512589928057555
32dd4e72a8df57e0b3b0,psychiatric_mood,tranylcypromine,Depressive Disorder,HANAMI,2,40999,MAOB,4129,lowest ten-seed median rank percentile; ties by mean then index,26.88099520383693,27.677286742034944,22.59656560465913,31.85647910243234,21.008907159986297,35.73569715656046,21.88035286056869,22.07305584104145,28.5949811579308,34.82142857142857,25.167009249743064,31.273552586502227,35.73569715656046,21.008907159986297,24.16709489551216,32.05078794107571
32dd4e72a8df57e0b3b0,psychiatric_mood,tranylcypromine,Depressive Disorder,TriMoGCL,2,40999,MAOB,4129,lowest ten-seed median rank percentile; ties by mean then index,17.355044535799934,19.059609455292907,12.463600548132922,25.150415381980128,9.79573484069887,33.35688591983556,17.90424803014731,9.79573484069887,18.362452894826994,16.805841041452553,27.413069544364507,33.35688591983556,29.179513532031518,10.975505310037684,15.277064063035287,11.5257793764988
32dd4e72a8df57e0b3b0,psychiatric_mood,tranylcypromine,Depressive Disorder,TriNet,2,37174,MAOA,4128,lowest ten-seed median rank percentile; ties by mean then index,11.381252141144227,26.368405275779377,8.691439705378555,46.455871017471736,3.911870503597122,63.812521411442276,3.911870503597122,9.418893456663241,8.969253168893456,13.343610825625214,63.812521411442276,55.905275779376495,47.036656389174375,44.713514902363826,8.598835217540254,7.973621103117506
32dd4e72a8df57e0b3b0,psychiatric_mood,tranylcypromine,Depressive Disorder,N2V-MLP,2,37174,MAOA,4128,lowest ten-seed median rank percentile; ties by mean then index,14.158316204179513,29.409044193216857,8.967647310722851,48.99045049674547,3.918293936279548,76.22045220966085,18.30250085645769,10.014131551901336,8.913583418979103,4.100291195614937,50.91640972935937,76.22045220966085,69.3623672490579,43.212572798903736,9.129838985954095,3.918293936279548
32dd4e72a8df57e0b3b0,psychiatric_mood,tranylcypromine,Depressive Disorder,RF,2,40999,MAOB,4129,lowest ten-seed median rank percentile; ties by mean then index,13.972036656389175,12.441118533744433,2.5377911956149366,19.70414739636862,0.36613566289825283,29.888232271325798,20.154590613223707,2.0308752997601918,13.431397738951695,4.058538883179171,14.512675573826654,0.7055070229530661,18.352817745803357,20.91041452552244,29.888232271325798,0.36613566289825283
333586821b633fe44af0,neurological_seizure,Midazolam,Epilepsy,HANAMI,2,24721,GABRB3,2562,lowest ten-seed median rank percentile; ties by mean then index,18.25004282288455,24.042694415895856,13.069544364508392,28.801066289825282,9.009934909215485,70.9917780061665,13.8275094210346,12.816889345666324,70.9917780061665,9.009934909215485,11.007622473449812,18.394570058239122,33.920006851661526,18.105515587529975,31.425573826652965,20.92754367934224
333586821b633fe44af0,neurological_seizure,Midazolam,Epilepsy,TriMoGCL,2,24721,GABRB3,2562,lowest ten-seed median rank percentile; ties by mean then index,27.811322370674887,28.603117505995204,21.875,35.49481843096951,11.279547790339157,47.629753340185,47.24006509078451,22.873843782117163,21.542052072627612,12.90681740322028,29.415039397053786,26.336073997944503,47.629753340185,37.521411442274754,29.286570743405274,11.279547790339157
333586821b633fe44af0,neurological_seizure,Midazolam,Epilepsy,TriNet,2,24721,GABRB3,2562,lowest ten-seed median rank percentile; ties by mean then index,30.995203836930457,28.226490236382325,12.529440733127784,38.010662898252825,2.8648509763617676,66.90005138746146,23.563292223364165,31.815262076053443,2.8648509763617676,8.851490236382324,30.217968482356973,42.004967454607744,4.198783830078794,40.07579650565262,66.90005138746146,31.77243919150394
333586821b633fe44af0,neurological_seizure,Midazolam,Epilepsy,N2V-MLP,2,24721,GABRB3,2562,lowest ten-seed median rank percentile; ties by mean then index,31.266058581706062,27.94321685508736,8.837572798903734,41.28233127783487,2.0319458718739294,61.414439876670095,18.636519355943815,36.65424803014731,5.571257279890373,32.222079479273724,42.82502569373073,61.414439876670095,2.734241178485783,47.03237410071942,30.310037684138404,2.0319458718739294
333586821b633fe44af0,neurological_seizure,Midazolam,Epilepsy,RF,2,24721,GABRB3,2562,lowest ten-seed median rank percentile; ties by mean then index,49.731821685508734,45.98963686193902,41.18651507365536,56.48766700924974,11.163926002055499,67.31115107913669,56.11189619732785,38.75685166152792,20.15244946899623,56.61292394655704,50.43144056183625,61.848021582733814,11.163926002055499,67.31115107913669,49.03220280918123,48.47550531003768
33cedda08025b1c432ba,psychiatric_mood,scopolamine,"Depressive Disorder, Major",HANAMI,1,21486,CHRM3,1131,lowest ten-seed median rank percentile; ties by mean then index,4.6494946899623155,6.119818430969509,4.1870075368276805,8.266957862281604,3.5714285714285716,10.375984926344639,4.761904761904762,6.873072970195272,3.659215484755053,4.093867762932511,10.12761219595752,4.46642685851319,3.5714285714285716,8.731586159643713,4.53708461801987,10.375984926344639
33cedda08025b1c432ba,psychiatric_mood,scopolamine,"Depressive Disorder, Major",TriMoGCL,1,21486,CHRM3,1131,lowest ten-seed median rank percentile; ties by mean then index,12.971051730044536,15.004068174032204,10.865236382322713,15.959553785542994,4.631294964028777,30.75111339499829,16.72661870503597,11.485097636176773,4.631294964028777,13.658359027064064,30.75111339499829,28.712744090441934,10.65861596437136,13.399280575539569,7.474734498115793,12.542822884549503
33cedda08025b1c432ba,psychiatric_mood,scopolamine,"Depressive Disorder, Major",TriNet,1,21486,CHRM3,1131,lowest ten-seed median rank percentile; ties by mean then index,24.206706063720453,32.57836587872559,14.582262761219596,44.75954950325454,8.470366563891744,85.27963343610826,8.87504282288455,67.84215484755053,25.37684138403563,85.27963343610826,24.12855429941761,51.22045220966084,24.284857828023295,8.470366563891744,14.011647824597464,16.294107571085988
33cedda08025b1c432ba,psychiatric_mood,scopolamine,"Depressive Disorder, Major",N2V-MLP,1,21486,CHRM3,1131,lowest ten-seed median rank percentile; ties by mean then index,9.442446043165468,17.866992120589245,5.378554299417608,23.193409558067835,0.19270298047276466,58.14491264131552,24.454008221993835,58.14491264131552,10.65005138746146,41.45255224391915,19.411613566289827,4.879667694415896,6.11724905789654,0.19270298047276466,5.132322713257965,8.234840698869476
33cedda08025b1c432ba,psychiatric_mood,scopolamine,"Depressive Disorder, Major",RF,1,21486,CHRM3,1131,lowest ten-seed median rank percentile; ties by mean then index,35.10834189791024,39.02674289140117,30.335731414868107,43.86508650222679,19.127911956149365,63.68726447413498,31.28961116820829,34.927415210688594,63.36823398424118,46.19946899623159,35.28926858513189,63.68726447413498,36.861939020212404,30.017771497088045,19.127911956149365,29.498544021925316
349e01fc6fc0fab7cde9,prostate_oncology,pioglitazone,Prostatic Neoplasms,HANAMI,1,4201,PPARA,5465,lowest ten-seed median rank percentile; ties by mean then index,22.02166837958205,22.32849434737924,19.195357999314833,28.251862795477905,0.5181569030489894,47.30001712915382,29.031774580335732,19.946899623158615,25.91212744090442,29.327252483727303,23.644655704008223,20.398681055155876,0.5181569030489894,8.260534429599177,18.94484412470024,47.30001712915382
349e01fc6fc0fab7cde9,prostate_oncology,pioglitazone,Prostatic Neoplasms,TriMoGCL,1,4201,PPARA,5465,lowest ten-seed median rank percentile; ties by mean then index,21.819330250085645,28.14812435765673,11.495803357314148,34.13626241863652,3.991092840013703,84.68653648509763,84.68653648509763,30.693302500856458,3.991092840013703,35.28391572456321,15.39482699554642,10.196128811236726,17.015673175745118,7.1107399794450155,26.622987324426173,50.486039739636865
349e01fc6fc0fab7cde9,prostate_oncology,pioglitazone,Prostatic Neoplasms,TriNet,1,4201,PPARA,5465,lowest ten-seed median rank percentile; ties by mean then index,46.01104830421377,45.89821000342583,27.42538112367249,67.36307382665296,12.842583076396027,75.65733127783487,70.48646796848236,65.70743405275779,67.91495375128468,33.69946899623159,15.317745803357314,25.334018499486124,12.842583076396027,48.22927372387804,43.7928228845495,75.65733127783487
349e01fc6fc0fab7cde9,prostate_oncology,pioglitazone,Prostatic Neoplasms,N2V-MLP,1,4201,PPARA,5465,lowest ten-seed median rank percentile; ties by mean then index,25.56097978759849,33.30185851318945,19.797554813292223,37.96034600890716,1.6915039397053786,78.87975334018499,74.51396026036313,28.69133264816718,16.133521754025352,24.899366221308668,1.6915039397053786,26.222593353888318,21.809695101062008,41.05001712915382,19.12684138403563,78.87975334018499
349e01fc6fc0fab7cde9,prostate_oncology,pioglitazone,Prostatic Neoplasms,RF,1,4201,PPARA,5465,lowest ten-seed median rank percentile; ties by mean then index,38.45762675573827,43.626563035286054,25.545188848920862,69.61421933881466,3.368019869818431,78.24062178828366,78.24062178828366,63.727946214457006,71.57631038026722,34.001370332305584,8.948912298732443,33.34082733812949,42.91388317917095,22.94664268585132,3.368019869818431,77.20109626584447
362e36d5dcaa3d313579,psychiatric_mood,bupropion,Bipolar Disorder,HANAMI,2,38967,SLC6A2,6530,lowest ten-seed median rank percentile; ties by mean then index,9.909215484755054,10.926473107228503,6.975312607057211,14.051794278862623,4.642000685166153,20.18028434395341,5.9523809523809526,4.642000685166153,10.418807810894142,6.404162384378211,15.161442274751627,8.68876327509421,10.722850291195615,9.399623158615965,17.694415895854746,20.18028434395341
362e36d5dcaa3d313579,psychiatric_mood,bupropion,Bipolar Disorder,TriMoGCL,2,38967,SLC6A2,6530,lowest ten-seed median rank percentile; ties by mean then index,6.160071942446043,13.760491606714629,4.690176430284344,24.662234498115794,1.524494689962316,34.44458718739294,33.793679342240495,6.898766700924974,34.44458718739294,2.6764302843439536,4.53280232956492,5.1622987324426175,27.749229188078107,15.401250428228845,5.421377183967112,1.524494689962316
362e36d5dcaa3d313579,psychiatric_mood,bupropion,Bipolar Disorder,TriNet,2,24227,SLC6A3,6531,lowest ten-seed median rank percentile; ties by mean then index,25.627355258650223,30.91469681397739,14.561921891058581,43.629025351147654,3.7919664268585134,74.89936622130867,43.93199725933539,13.427115450496746,74.89936622130867,30.55841041452552,9.382494004796163,17.96634121274409,3.7919664268585134,42.720109626584446,51.772867420349435,20.696300102774924
362e36d5dcaa3d313579,psychiatric_mood,bupropion,Bipolar Disorder,N2V-MLP,2,24227,SLC6A3,6531,lowest ten-seed median rank percentile; ties by mean then index,14.643285371702639,18.01109112709832,3.2609626584446727,29.450368276807126,1.406731757451182,42.959917780061666,30.680455635491608,1.869218910585817,41.35191846522782,42.959917780061666,3.1239294278862624,3.672062350119904,6.230729701952724,25.760106200753683,23.055841041452553,1.406731757451182
362e36d5dcaa3d313579,psychiatric_mood,bupropion,Bipolar Disorder,RF,2,24227,SLC6A3,6531,lowest ten-seed median rank percentile; ties by mean then index,33.03250256937307,28.784686536485093,16.619829136690647,37.45075368276807,0.36613566289825283,54.082091469681394,54.082091469681394,6.239294278862624,32.72417780061665,46.19946899623159,27.79419321685509,33.34082733812949,12.895041109969167,37.798689619732784,36.40694587187393,0.36613566289825283
3633ea1ca953fac2a710,psychiatric_mood,lurasidone,Depressive Disorder,HANAMI,5,18980,DRD2,1813,lowest ten-seed median rank percentile; ties by mean then index,9.825710859883522,9.399623158615963,7.381594724220624,11.334146968139773,1.2418636519355943,18.96197327852004,4.010363138060979,12.138146625556697,18.96197327852004,1.2418636519355943,11.080421377183967,8.476789996574169,7.016529633436108,11.418722165125043,10.680027406646111,8.971394313120932
3633ea1ca953fac2a710,psychiatric_mood,lurasidone,Depressive Disorder,TriMoGCL,5,18980,DRD2,1813,lowest ten-seed median rank percentile; ties by mean then index,6.544407331277835,10.969510106200755,5.332519698526893,14.250385405960944,2.4130695443645083,36.315947242206235,10.881294964028777,17.283316204179513,15.373415553271668,6.64397053785543,36.315947242206235,6.44484412470024,5.2458033573141485,2.4130695443645083,5.592668722165125,3.500770811921891
3633ea1ca953fac2a710,psychiatric_mood,lurasidone,Depressive Disorder,TriNet,5,18980,DRD2,1813,lowest ten-seed median rank percentile; ties by mean then index,11.482956491949299,11.696214457005825,2.819886947584789,16.896304385063377,0.9292565947242206,32.65030832476876,2.109027064063035,10.984069886947585,20.659900650907844,0.9292565947242206,12.88968824940048,1.5737410071942446,4.9524665981500515,11.98184309695101,18.23184309695101,32.65030832476876
3633ea1ca953fac2a710,psychiatric_mood,lurasidone,Depressive Disorder,N2V-MLP,5,18980,DRD2,1813,lowest ten-seed median rank percentile; ties by mean then index,5.616221308667352,12.847721822541967,4.2458890030832475,15.290446214457006,1.2654162384378211,43.83778691332648,3.1496231586159644,43.83778691332648,29.81115107913669,1.2654162384378211,4.66983556012333,5.4556354916067145,15.028691332648167,5.776807125727989,4.104573484069887,15.377697841726619
3633ea1ca953fac2a710,psychiatric_mood,lurasidone,Depressive Disorder,RF,5,18980,DRD2,1813,lowest ten-seed median rank percentile; ties by mean then index,6.898766700924974,9.643820657759509,2.2393692189105856,8.745503597122301,0.5406389174374786,34.978802672148,1.7482442617334704,6.239294278862624,34.978802672148,2.4023638232271325,7.740236382322713,9.080592668722165,23.96475676601576,2.1850376841384036,7.558239122987325,0.5406389174374786
36b5be2f1781ce52e9fb,psychiatric_mood,sertraline,Bipolar Disorder,HANAMI,1,30350,SLC6A4,6532,lowest ten-seed median rank percentile; ties by mean then index,8.926430284343953,8.732228502911955,6.374721651250429,10.75603802672148,4.023210003425831,13.992377526550188,7.267043508050702,6.678228845495033,10.630781089414183,4.023210003425831,13.992377526550188,5.530575539568345,10.585817060637204,6.273552586502227,11.542908530318602,10.797790339157245
36b5be2f1781ce52e9fb,psychiatric_mood,sertraline,Bipolar Disorder,TriMoGCL,1,30350,SLC6A4,6532,lowest ten-seed median rank percentile; ties by mean then index,8.815090784515245,9.87581363480644,2.0116050017129155,15.839114422747516,1.0684309695101062,27.79633436108256,27.79633436108256,10.78708461801987,17.52312435765673,1.7600205549845838,2.7663583418979103,1.6058581706063721,17.820743405275778,9.519527235354573,8.110654333675916,1.0684309695101062
36b5be2f1781ce52e9fb,psychiatric_mood,sertraline,Bipolar Disorder,TriNet,1,30350,SLC6A4,6532,lowest ten-seed median rank percentile; ties by mean then index,52.865921548475505,51.679085303186014,40.62446471394313,57.85318174032203,21.76901336073998,90.1892771497088,51.815690304898936,52.73210003425831,28.241692360397398,52.9997430626927,67.7500856457691,36.89405618362453,21.76901336073998,55.892428914011646,90.1892771497088,58.50676601575882
36b5be2f1781ce52e9fb,psychiatric_mood,sertraline,Bipolar Disorder,N2V-MLP,1,30350,SLC6A4,6532,lowest ten-seed median rank percentile; ties by mean then index,24.427243919150392,24.50346865364851,19.33881466255567,29.02802757793765,7.526121959575197,45.37512846865365,28.35517300445358,45.37512846865365,19.199640287769785,12.071771154504967,7.526121959575197,21.52064063035286,27.333847207947926,34.64371360054813,29.252312435765674,19.756337786913328
36b5be2f1781ce52e9fb,psychiatric_mood,sertraline,Bipolar Disorder,RF,1,30350,SLC6A4,6532,lowest ten-seed median rank percentile; ties by mean then index,22.485226104830424,29.326074854402197,17.051537341555324,31.726672233641658,7.558239122987325,66.58530318602261,61.792351832819456,66.58530318602261,20.15244946899623,13.05348578280233,16.01789996574169,31.242505995203835,22.023809523809526,22.94664268585132,7.558239122987325,31.8880609797876
36fc452880d1f8f177b5,breast_oncology,ciprofloxacin,Breast Neoplasms,HANAMI,1,22323,TOP2A,7153,lowest ten-seed median rank percentile; ties by mean then index,12.849006509078452,16.10011990407674,8.703751284686536,19.408401849948614,1.2868276807125727,37.986039739636865,13.934566632408359,16.366906474820144,34.09343953408702,20.422233641658103,11.763446385748544,11.709917780061666,1.2868276807125727,7.701695786228161,5.736125385405961,37.986039739636865
36fc452880d1f8f177b5,breast_oncology,ciprofloxacin,Breast Neoplasms,TriMoGCL,1,22323,TOP2A,7153,lowest ten-seed median rank percentile; ties by mean then index,28.509335388831794,32.013746145940395,5.417094895512162,51.477389516957864,3.0725419664268587,84.24546077423776,3.0725419664268587,10.324597464885235,3.1795991778006165,55.389260020554985,28.171034600890717,3.7812607057211376,84.24546077423776,63.38429256594724,28.847636176772866,39.7417780061665
36fc452880d1f8f177b5,breast_oncology,ciprofloxacin,Breast Neoplasms,TriNet,1,22323,TOP2A,7153,lowest ten-seed median rank percentile; ties by mean then index,57.90724563206578,54.94861253854059,44.85268927714971,68.80085217540254,11.954008221993833,87.283744433025,11.954008221993833,54.787598492634466,52.32314148681055,23.308496060294623,71.0517300445358,42.36253854059609,87.283744433025,83.33975676601575,62.04821856800274,61.02689277149709
36fc452880d1f8f177b5,breast_oncology,ciprofloxacin,Breast Neoplasms,N2V-MLP,1,22323,TOP2A,7153,lowest ten-seed median rank percentile; ties by mean then index,32.742377526550186,32.241349777321,12.26126241863652,51.27023381294964,1.4945186707776636,71.46711202466598,7.6995546420006855,35.24751627269613,12.02680712572799,41.44398766700925,30.237238780404248,12.964628297362111,55.286485097636174,71.46711202466598,1.4945186707776636,54.54564919492977
36fc452880d1f8f177b5,breast_oncology,ciprofloxacin,Breast Neoplasms,RF,1,22323,TOP2A,7153,lowest ten-seed median rank percentile; ties by mean then index,61.73025865022268,63.03335902706406,54.78063977389517,73.64706449126413,33.47250770811922,90.66568174032203,33.47250770811922,66.58530318602261,56.87521411442275,70.97571942446044,74.53751284686537,54.23411270983213,90.66568174032203,56.42022096608427,50.92604487838301,75.64127269612881
388ec0a5de3b8438b49a,breast_oncology,bexarotene,Breast Neoplasms,HANAMI,1,8746,RXRB,6257,lowest ten-seed median rank percentile; ties by mean then index,49.49683110654334,51.47910243233984,36.17837872559095,65.7673860911271,23.734583761562178,77.37238780404248,35.06337786913326,77.37238780404248,62.407930798218565,66.88720452209661,50.35971223021583,23.734583761562178,76.00205549845838,34.80644056183625,39.523381294964025,48.633949982870845
388ec0a5de3b8438b49a,breast_oncology,bexarotene,Breast Neoplasms,TriMoGCL,1,8746,RXRB,6257,lowest ten-seed median rank percentile; ties by mean then index,78.55644056183624,65.0648766700925,48.21053871188764,86.2736596437136,19.717797190818775,91.06714628297362,86.8019869818431,89.26216169921206,50.06851661527921,78.55644056183624,47.59121274409044,84.68867762932511,91.06714628297362,24.338386433710173,19.717797190818775,78.55644056183624
388ec0a5de3b8438b49a,breast_oncology,bexarotene,Breast Neoplasms,TriNet,1,8746,RXRB,6257,lowest ten-seed median rank percentile; ties by mean then index,95.55070229530662,95.33337615621788,92.72706834532374,98.49049331963,90.0179856115108,99.02363823227132,99.02363823227132,96.67694415895855,91.80798218568003,94.42446043165468,93.15904419321686,98.59112709832134,92.58307639602603,98.18859198355601,90.0179856115108,98.86091127098321
388ec0a5de3b8438b49a,breast_oncology,bexarotene,Breast Neoplasms,N2V-MLP,1,8746,RXRB,6257,lowest ten-seed median rank percentile; ties by mean then index,94.73920863309353,88.75835046248716,89.24449725933539,96.78667780061664,39.148681055155876,99.79873244261734,94.36879068174032,87.50428228845495,92.93636519355944,88.01387461459404,95.82476875642344,95.10962658444673,97.77106885919835,99.79873244261734,39.148681055155876,97.10731414868106
388ec0a5de3b8438b49a,breast_oncology,bexarotene,Breast Neoplasms,RF,1,8746,RXRB,6257,lowest ten-seed median rank percentile; ties by mean then index,92.64302843439535,91.43713600548134,90.27920520726276,94.16832605344295,77.86378040424803,98.38878896882494,96.22302158273381,94.33560294621445,77.86378040424803,92.0295906132237,89.69574340527578,93.66649537512846,98.38878896882494,93.15369133264817,86.88227989037341,92.13236553614252
38cf37e7f514e94271ff,breast_oncology,sulfasalazine,Breast Neoplasms,HANAMI,2,11378,PTGS2,5743,lowest ten-seed median rank percentile; ties by mean then index,3.360525865022268,9.514388489208631,0.8441461116820829,7.401935594381637,0.3447242206235012,56.16221308667352,14.93019869818431,7.703836930455635,56.16221308667352,1.6551044878383008,0.5566974991435423,0.3447242206235012,0.5738266529633436,3.036142514559781,6.496231586159643,3.684909215484755
38cf37e7f514e94271ff,breast_oncology,sulfasalazine,Breast Neoplasms,TriMoGCL,2,35178,PTGS1,5742,lowest ten-seed median rank percentile; ties by mean then index,6.124743062692703,12.471094552929085,2.882515416238438,16.209532374100718,1.84138403562864,43.16118533744433,8.112795477903392,2.511562178828366,27.738523466940734,14.375642343268243,3.9953751284686536,4.136690647482014,43.16118533744433,2.016957862281603,1.84138403562864,16.82082905104488
38cf37e7f514e94271ff,breast_oncology,sulfasalazine,Breast Neoplasms,TriNet,2,11378,PTGS2,5743,lowest ten-seed median rank percentile; ties by mean then index,49.56213600548133,44.4822713257965,25.243019869818433,63.605365707434046,6.3977389516957865,76.78785542994176,6.3977389516957865,39.71180198698184,64.54907502569372,59.412470023980816,38.76113394998287,20.736981843096952,76.78785542994176,65.23424117848579,60.77423775265502,12.457177115450497
38cf37e7f514e94271ff,breast_oncology,sulfasalazine,Breast Neoplasms,N2V-MLP,2,11378,PTGS2,5743,lowest ten-seed median rank percentile; ties by mean then index,22.990536142514557,30.132536827680706,13.078644227475163,44.92655875299761,6.494090441932168,68.12050359712231,17.72225077081192,32.23706748886605,68.12050359712231,15.026550188420693,49.15638917437479,8.003597122302159,63.87675573826653,28.258821514217196,6.494090441932168,12.42934224049332
38cf37e7f514e94271ff,breast_oncology,sulfasalazine,Breast Neoplasms,RF,2,11378,PTGS2,5743,lowest ten-seed median rank percentile; ties by mean then index,40.409815005138746,35.117655875299754,27.102068345323744,46.5971865364851,4.204136690647482,51.95914696813978,51.95914696813978,32.92330421377184,37.267685851318944,43.55194415895855,50.43144056183625,4.204136690647482,45.07001541623844,25.161656389174375,47.106243576567316,13.500984926344639
39e13840726787e8fcc5,psychiatric_mood,armodafinil,Bipolar Disorder,HANAMI,1,24329,SLC6A3,6531,lowest ten-seed median rank percentile; ties by mean then index,14.950539568345324,16.89319972593354,8.783508907159986,16.72340698869476,7.49828708461802,54.35508735868448,8.052843439534087,7.536827680712573,17.805755395683452,14.322113737581363,54.35508735868448,10.975505310037684,17.043508050702297,7.49828708461802,15.578965399109284,15.763103802672148
39e13840726787e8fcc5,psychiatric_mood,armodafinil,Bipolar Disorder,TriMoGCL,1,24329,SLC6A3,6531,lowest ten-seed median rank percentile; ties by mean then index,11.101832819458718,15.214542651593012,6.543336759164098,21.963322199383352,2.702124015073655,43.09052757793765,23.567574511819117,10.01627269612881,43.09052757793765,6.213600548132923,7.532545392257623,2.702124015073655,25.072798903734157,17.150565262076054,12.187392942788627,4.6120246659815
39e13840726787e8fcc5,psychiatric_mood,armodafinil,Bipolar Disorder,TriNet,1,24329,SLC6A3,6531,lowest ten-seed median rank percentile; ties by mean then index,26.48274237752655,31.657245632065774,15.924760191846524,42.227646454265155,4.3722165125042824,76.50522439191504,42.33042137718397,12.431483384720794,76.50522439191504,29.33795820486468,16.02432339842412,15.891572456320658,4.3722165125042824,41.919321685508734,54.13240835902707,23.62752655018842
39e13840726787e8fcc5,psychiatric_mood,armodafinil,Bipolar Disorder,N2V-MLP,1,24329,SLC6A3,6531,lowest ten-seed median rank percentile; ties by mean then index,9.393199725933538,20.279419321685506,3.7009677971908186,35.038754710517296,0.6915895854744776,57.36981843096951,49.139260020554985,1.5202124015073655,36.44655704008222,57.36981843096951,0.6915895854744776,4.635577252483727,5.73184309695101,30.81534772182254,13.054556354916068,3.3894313120931825
39e13840726787e8fcc5,psychiatric_mood,armodafinil,Bipolar Disorder,RF,1,24329,SLC6A3,6531,lowest ten-seed median rank percentile; ties by mean then index,26.042737238780404,32.63714028776979,20.663647653305926,33.823655361425146,19.127911956149365,68.88810380267215,68.88810380267215,34.927415210688594,30.512375813634808,58.92428914011648,19.50261219595752,26.923818088386433,20.125685166152792,25.161656389174375,19.127911956149365,22.27753511476533
3aae284631ae1002c8a9,psychiatric_mood,paliperidone,Depressive Disorder,HANAMI,10,18764,DRD2,1813,lowest ten-seed median rank percentile; ties by mean then index,7.501498800959233,7.097036656389174,4.136690647482014,8.497666152792052,1.2183110654333675,13.285799931483385,3.7684138403562866,8.172747516272697,13.285799931483385,1.2183110654333675,6.830250085645769,8.322627612195957,4.5156731757451185,12.290167865707435,4.010363138060979,8.55601233299075
3aae284631ae1002c8a9,psychiatric_mood,paliperidone,Depressive Disorder,TriMoGCL,10,18764,DRD2,1813,lowest ten-seed median rank percentile; ties by mean then index,3.7801901336074,8.829650565262076,2.153991092840014,10.507130010277493,1.5480472764645425,38.908872901678656,2.327423775265502,13.69475847893114,1.7578794107571085,10.812778348749571,38.908872901678656,5.228674203494347,1.5480472764645425,2.331706063720452,2.0961801986981845,9.590184994861254
3aae284631ae1002c8a9,psychiatric_mood,paliperidone,Depressive Disorder,TriNet,10,18764,DRD2,1813,lowest ten-seed median rank percentile; ties by mean then index,20.01220452209661,20.213472079479274,14.406688934566633,26.214564063035287,0.8393285371702638,45.227389516957864,18.89559780746831,27.22678999657417,29.75762247344981,0.8393285371702638,23.177886262418635,5.348578280232957,13.547019527235355,16.985697156560466,21.128811236724907,45.227389516957864
3aae284631ae1002c8a9,psychiatric_mood,paliperidone,Depressive Disorder,N2V-MLP,10,18764,DRD2,1813,lowest ten-seed median rank percentile; ties by mean then index,7.977903391572456,10.0301901336074,4.222336416581021,15.514731072285029,0.6166495375128469,23.441247002398082,23.441247002398082,10.551558752997602,14.34566632408359,0.7215656046591299,3.9332819458718737,5.40424803014731,0.6166495375128469,5.089499828708462,15.90441932168551,20.293764988009592
3aae284631ae1002c8a9,psychiatric_mood,paliperidone,Depressive Disorder,RF,10,23237,HTR2A,3356,lowest ten-seed median rank percentile; ties by mean then index,8.203794107571087,13.888639088729017,1.5777556526207606,26.65858384720795,0.2580078794107571,39.29427886262419,31.28961116820829,0.85431654676259,10.187564234326825,0.2580078794107571,3.748072970195272,0.4357228502911956,16.58102089756766,30.017771497088045,6.2200239808153475,39.29427886262419
3b10a2ecb03440bb27a8,breast_oncology,gefitinib,Breast Neoplasms,HANAMI,1,1111,EGFR,1956,lowest ten-seed median rank percentile; ties by mean then index,45.15673175745118,45.654333675916405,33.062478588557724,64.41471822541966,9.594467283316204,68.9405618362453,37.05464200068516,65.8273381294964,66.01361767728675,68.9405618362453,34.63943131209318,28.500770811921893,32.53682768071257,9.594467283316204,60.17685851318945,53.258821514217196
3b10a2ecb03440bb27a8,breast_oncology,gefitinib,Breast Neoplasms,TriMoGCL,1,1111,EGFR,1956,lowest ten-seed median rank percentile; ties by mean then index,53.23633949982871,49.97805327166838,44.606992977046936,64.12352261048304,15.32845152449469,76.76002055498458,56.198612538540594,42.82288454950326,15.32845152449469,52.81560465912984,49.95931825967797,53.65707434052758,66.76515930113052,18.122644741349777,76.76002055498458,67.35076224734497
3b10a2ecb03440bb27a8,breast_oncology,gefitinib,Breast Neoplasms,TriNet,1,1111,EGFR,1956,lowest ten-seed median rank percentile; ties by mean then index,72.08054984583762,66.17441760877013,54.54725505310037,79.30369989722507,34.73792394655704,84.54307982185681,41.59386776293251,69.78631380609798,50.33830078794107,82.02723535457348,84.54307982185681,67.17411784857828,74.37478588557725,77.14542651593011,80.02312435765673,34.73792394655704
3b10a2ecb03440bb27a8,breast_oncology,gefitinib,Breast Neoplasms,N2V-MLP,1,1111,EGFR,1956,lowest ten-seed median rank percentile; ties by mean then index,38.766486810551555,40.058239122987324,29.867891401164783,57.337701267557385,13.409986296676944,60.11904761904762,31.476961288112367,45.46291538198013,29.331534772182255,60.11904761904762,57.138574854402194,32.070058239122986,14.523381294964029,57.40407673860911,59.645854744775605,13.409986296676944
3b10a2ecb03440bb27a8,breast_oncology,gefitinib,Breast Neoplasms,RF,1,1111,EGFR,1956,lowest ten-seed median rank percentile; ties by mean then index,43.76070572113738,40.69694244604317,12.156078708461802,51.61950796505653,11.163926002055499,91.63669064748201,49.82014388489208,11.355558410414526,52.219295991778004,43.55194415895855,78.04363651935594,43.969467283316206,11.163926002055499,11.70777663583419,91.63669064748201,13.500984926344639
3b6087fcbccbc0eff95f,prostate_oncology,mifepristone,Prostatic Neoplasms,HANAMI,1,2957,NR3C1,2908,lowest ten-seed median rank percentile; ties by mean then index,6.923389859540938,9.341598150051388,4.653241692360397,13.048668208290511,0.23766700924974307,29.81971565604659,14.401336073997944,4.567060637204522,7.924374785885577,8.990664611168208,2.016957862281603,4.911784857828024,0.23766700924974307,5.9224049331963,14.624015073655361,29.81971565604659
3b6087fcbccbc0eff95f,prostate_oncology,mifepristone,Prostatic Neoplasms,TriMoGCL,1,2957,NR3C1,2908,lowest ten-seed median rank percentile; ties by mean then index,17.973835217540255,31.65274922918808,5.914375642343268,42.1805412812607,4.66983556012333,97.73466940733128,79.1131380609798,4.66983556012333,4.819715656046592,28.32091469681398,37.61348064405618,5.365707434052758,7.62675573826653,7.5603802672148,97.73466940733128,43.702894826995546
3b6087fcbccbc0eff95f,prostate_oncology,mifepristone,Prostatic Neoplasms,TriNet,1,2957,NR3C1,2908,lowest ten-seed median rank percentile; ties by mean then index,49.75912127440904,41.92082048646797,23.29886091127098,56.42289739636862,5.3721308667351835,75.27834874957178,14.189362795477903,58.063549160671464,51.50094210346009,18.764988009592326,5.3721308667351835,36.90047961630695,48.843782117163414,50.67446043165467,75.27834874957178,59.620161014045905
3b6087fcbccbc0eff95f,prostate_oncology,mifepristone,Prostatic Neoplasms,N2V-MLP,1,2957,NR3C1,2908,lowest ten-seed median rank percentile; ties by mean then index,23.917651593011307,28.650222678999654,9.726147653305926,32.876734326824256,1.5994347379239466,85.97550531003769,31.273552586502227,32.98646796848236,8.21128811236725,14.270726276121959,5.260791366906475,1.5994347379239466,16.561750599520384,32.54753340184995,85.97550531003769,57.815176430284346
3b6087fcbccbc0eff95f,prostate_oncology,mifepristone,Prostatic Neoplasms,RF,1,2957,NR3C1,2908,lowest ten-seed median rank percentile; ties by mean then index,54.309052757793765,58.107763788968825,47.29707305584104,61.849092154847554,35.28926858513189,93.57014388489209,84.676901336074,63.727946214457006,42.19338814662556,46.19946899623159,35.28926858513189,56.212529976019184,54.31333504624872,54.30477046933881,93.57014388489209,50.58988523466941
3b77dc97e522f8344982,prostate_oncology,paricalcitol,Prostatic Neoplasms,HANAMI,1,20808,VDR,7421,lowest ten-seed median rank percentile; ties by mean then index,25.556697499143542,28.1980130181569,18.292865707434053,32.51595152449469,5.913840356286399,65.53186022610483,26.164782459746487,24.948612538540598,34.421034600890714,50.41109969167523,26.80070229530661,20.968225419664268,17.401079136690647,5.913840356286399,9.418893456663241,65.53186022610483
3b77dc97e522f8344982,prostate_oncology,paricalcitol,Prostatic Neoplasms,TriMoGCL,1,20808,VDR,7421,lowest ten-seed median rank percentile; ties by mean then index,16.525351147653307,20.432297019527233,8.86594295991778,26.70863309352518,1.6636690647482015,62.38866050017129,27.117591640972936,1.6636690647482015,20.869732785200412,25.481757451181913,7.853717026378897,5.883864337101747,12.1809695101062,28.980387118876326,11.902620760534429,62.38866050017129
3b77dc97e522f8344982,prostate_oncology,paricalcitol,Prostatic Neoplasms,TriNet,1,20808,VDR,7421,lowest ten-seed median rank percentile; ties by mean then index,14.348878040424804,23.051986981843093,3.265244946899623,41.135662898252825,1.9912641315519013,61.896197327852,48.141486810551555,4.100291195614937,42.103460089071596,10.59224049331963,2.986896197327852,2.370246659815005,1.9912641315519013,61.896197327852,38.2322713257965,18.105515587529975
3b77dc97e522f8344982,prostate_oncology,paricalcitol,Prostatic Neoplasms,N2V-MLP,1,20808,VDR,7421,lowest ten-seed median rank percentile; ties by mean then index,13.383221993833505,26.594724220623505,3.689191503939705,51.38050274066461,0.4068174032202809,66.47610483042138,53.260962658444676,45.73912298732443,12.49571771154505,4.697670435080507,0.8650222678999657,0.4068174032202809,14.270726276121959,64.38206577595066,3.3530318602261047,66.47610483042138
3b77dc97e522f8344982,prostate_oncology,paricalcitol,Prostatic Neoplasms,RF,1,20808,VDR,7421,lowest ten-seed median rank percentile; ties by mean then index,24.318045563549163,25.038540596094556,9.190593953408701,34.77619689962316,2.4023638232271325,62.07605344295992,43.03699897225077,34.927415210688594,8.687692702980472,2.4023638232271325,5.596951010620075,10.699297704693388,29.508179170948956,62.07605344295992,19.127911956149365,34.32254196642686
3bf355fd3cb7a51db237,prostate_oncology,ketoconazole,Prostatic Neoplasms,HANAMI,1,43393,CYP19A1,1588,lowest ten-seed median rank percentile; ties by mean then index,23.62645597807468,26.815690304898943,11.257065775950668,42.89086587872559,0.4838985954093868,66.93645083932854,20.522867420349435,26.73004453579993,46.34078451524495,46.616992120589245,11.941161356628983,32.54110996916752,0.4838985954093868,5.014559780746831,11.029033915724563,66.93645083932854
3bf355fd3cb7a51db237,prostate_oncology,ketoconazole,Prostatic Neoplasms,TriMoGCL,1,43393,CYP19A1,1588,lowest ten-seed median rank percentile; ties by mean then index,27.377740664611167,29.639217197670433,12.956599006509078,44.38270811921891,7.526121959575197,64.37350119904077,13.112367249057897,36.542908530318606,48.46051730044536,35.080507022953064,11.720623501199041,12.904676258992806,7.526121959575197,46.995974648852346,19.67497430626927,64.37350119904077
3bf355fd3cb7a51db237,prostate_oncology,ketoconazole,Prostatic Neoplasms,TriNet,1,43393,CYP19A1,1588,lowest ten-seed median rank percentile; ties by mean then index,35.428442959917774,38.85170435080507,23.191803699897225,54.79188078108941,5.721137375813635,77.28460089071599,5.721137375813635,77.28460089071599,36.51293251113395,34.34395340870161,22.736810551558754,57.845152449469,22.833162041795134,56.09797875984926,24.267728674203493,50.873586844809864
3bf355fd3cb7a51db237,prostate_oncology,ketoconazole,Prostatic Neoplasms,N2V-MLP,1,43393,CYP19A1,1588,lowest ten-seed median rank percentile; ties by mean then index,44.03156046591298,41.9851618705036,24.47996959575197,54.12116735183282,14.170092497430627,74.16067146282974,31.57866563891744,74.16067146282974,54.55635491606714,22.11373758136348,18.87418636519356,50.38968824940048,37.673432682425485,63.51918465227818,14.170092497430627,52.81560465912984
3bf355fd3cb7a51db237,prostate_oncology,ketoconazole,Prostatic Neoplasms,RF,1,43393,CYP19A1,1588,lowest ten-seed median rank percentile; ties by mean then index,56.543872045220965,50.05920263788968,39.25734412470024,61.13314705378554,22.023809523809526,70.63420692017814,23.60504453579993,57.65566118533744,56.87521411442275,67.0777663583419,47.80853888317917,56.212529976019184,22.023809523809526,70.63420692017814,36.40694587187393,62.29230900993491
3ce2bb521db5d66849e4,breast_oncology,pentoxifylline,Breast Neoplasms,HANAMI,1,13872,TNF,7124,lowest ten-seed median rank percentile; ties by mean then index,1.537341555327167,9.138617677286742,0.0631637547105173,15.737410071942447,0.006423432682425488,35.87487153134635,11.562178828365878,23.49905789653991,35.87487153134635,17.129153819801303,0.7130010277492291,0.00856457690990065,0.006423432682425488,0.010705721137375813,0.22053785542994175,2.3616820829051046
3ce2bb521db5d66849e4,breast_oncology,pentoxifylline,Breast Neoplasms,TriMoGCL,1,13872,TNF,7124,lowest ten-seed median rank percentile; ties by mean then index,1.7193388146625557,7.089970880438505,1.3858556012332992,10.328879753340185,0.17343268242548818,24.254881808838643,2.023381294964029,1.4152963343610825,24.254881808838643,22.445614936622132,0.30832476875642345,1.3853203151764304,1.3874614594039054,5.601233299075026,0.17343268242548818,11.904761904761905
3ce2bb521db5d66849e4,breast_oncology,pentoxifylline,Breast Neoplasms,TriNet,1,13872,TNF,7124,lowest ten-seed median rank percentile; ties by mean then index,41.163497773210004,45.88600548132922,25.39397053785543,68.921291538198,16.98355601233299,83.44895512161699,19.47584789311408,79.0167865707434,83.44895512161699,52.04693388146625,25.73441247002398,46.280832476875645,25.280489893799245,36.04616306954436,74.54607742377526,16.98355601233299
3ce2bb521db5d66849e4,breast_oncology,pentoxifylline,Breast Neoplasms,N2V-MLP,1,13872,TNF,7124,lowest ten-seed median rank percentile; ties by mean then index,8.29586330935252,12.750513874614594,2.482656731757451,19.283144912641315,0.2997601918465228,40.927971908187736,0.2997601918465228,27.383093525179856,40.927971908187736,11.333076396026037,5.258650222679,20.734840698869476,3.0061664953751284,14.928057553956835,1.3253682768071258,2.3081534772182253
3ce2bb521db5d66849e4,breast_oncology,pentoxifylline,Breast Neoplasms,RF,1,13872,TNF,7124,lowest ten-seed median rank percentile; ties by mean then index,21.31348492634464,26.6098192874272,10.335570829051045,46.79229830421377,2.5533144912641315,51.9313120931826,15.08971394313121,49.65420520726276,22.033444672833163,48.9486981843097,40.323098663926004,20.593525179856115,51.9313120931826,8.75085645769099,6.2200239808153475,2.5533144912641315
3d07ac8eeeabb2c0ccb4,psychiatric_mood,maprotiline,"Depressive Disorder, Major",HANAMI,6,18496,DRD2,1813,lowest ten-seed median rank percentile; ties by mean then index,3.4322541966426856,5.1839242891401165,2.5120974648852346,7.685637204522097,1.4302843439534088,13.317917094895511,4.063891743747859,7.836587872559096,13.317917094895511,2.4280575539568345,2.800616649537513,2.764217197670435,1.736467968482357,7.2327852004111,1.4302843439534088,8.22841726618705
3d07ac8eeeabb2c0ccb4,psychiatric_mood,maprotiline,"Depressive Disorder, Major",TriMoGCL,6,23056,HTR2A,3356,lowest ten-seed median rank percentile; ties by mean then index,7.773424117848578,9.276507365536142,4.78920435080507,10.696621274409045,0.6038026721479959,23.237838300787942,3.6656389174374784,5.104487838300788,10.682168550873588,10.442360397396369,18.544450154162384,23.237838300787942,4.686964713943131,0.6038026721479959,5.095923261390888,10.701438848920864
3d07ac8eeeabb2c0ccb4,psychiatric_mood,maprotiline,"Depressive Disorder, Major",TriNet,6,44560,ADRA1A,148,lowest ten-seed median rank percentile; ties by mean then index,14.786742034943474,17.386519355943815,7.891722336416581,23.569180369989724,1.8242548818088387,46.46711202466598,30.207262761219596,7.4297704693388145,1.8242548818088387,9.27757793764988,15.962230215827338,46.46711202466598,23.728160328879753,2.265330592668722,13.61125385405961,23.09224049331963
3d07ac8eeeabb2c0ccb4,psychiatric_mood,maprotiline,"Depressive Disorder, Major",N2V-MLP,6,18496,DRD2,1813,lowest ten-seed median rank percentile; ties by mean then index,3.9803871188763273,14.165596094552928,1.138018156903049,25.64127269612881,0.6166495375128469,52.52655018842069,5.566974991435423,26.52663583418979,52.52655018842069,1.1219595751969853,27.678571428571427,2.393799246317232,1.1861939020212402,1.0534429599177801,0.6166495375128469,22.985183281945872
3d07ac8eeeabb2c0ccb4,psychiatric_mood,maprotiline,"Depressive Disorder, Major",RF,6,18496,DRD2,1813,lowest ten-seed median rank percentile; ties by mean then index,15.083290510448784,16.74481843096951,11.722497002398082,17.80013489208633,6.957648167180541,42.81539054470709,15.08971394313121,15.888360739979445,20.15244946899623,9.298989379924631,42.81539054470709,18.437392942788627,6.957648167180541,15.076867077766359,12.152064063035287,11.57930798218568
3dc03113ae63cbdc9170,psychiatric_mood,testosterone,Depressive Disorder,HANAMI,3,1491,ESR1,2099,lowest ten-seed median rank percentile; ties by mean then index,11.22923090099349,13.272524837273039,7.526121959575197,17.264581192189105,6.301387461459404,25.942103460089072,7.5646625556697495,11.170349434737924,6.301387461459404,7.513275094210346,17.863566289825282,11.288112367249058,25.942103460089072,7.504710517300445,22.10945529290853,15.467625899280575
3dc03113ae63cbdc9170,psychiatric_mood,testosterone,Depressive Disorder,TriMoGCL,3,5476,AR,367,lowest ten-seed median rank percentile; ties by mean then index,6.580806783144913,9.216983556012334,3.526464542651593,11.72918807810894,2.7428057553956835,31.085131894484412,3.931140801644399,3.462230215827338,3.7191675231243577,9.230472764645427,11.009763617677287,12.054642000685167,2.9654847550531005,11.968996231586159,31.085131894484412,2.7428057553956835
3dc03113ae63cbdc9170,psychiatric_mood,testosterone,Depressive Disorder,TriNet,3,5476,AR,367,lowest ten-seed median rank percentile; ties by mean then index,5.607656731757451,9.691032887975336,2.0769099006509077,9.404976019184652,0.3147482014388489,39.480558410414524,8.765844467283316,2.492291880781089,2.029804727646454,8.723021582733812,39.480558410414524,9.618019869818431,2.2182254196642686,0.3147482014388489,22.053785542994177,1.2140287769784173
3dc03113ae63cbdc9170,psychiatric_mood,testosterone,Depressive Disorder,N2V-MLP,3,5476,AR,367,lowest ten-seed median rank percentile; ties by mean then index,4.923561151079136,9.379710517300444,1.982164268585132,16.58476789996574,0.2740664611168208,28.652792052072627,4.337958204864679,1.5352004110996917,1.0684309695101062,5.509164097293594,19.439448441247002,3.3230558410414526,21.63626241863652,8.020726276121959,28.652792052072627,0.2740664611168208
3dc03113ae63cbdc9170,psychiatric_mood,testosterone,Depressive Disorder,RF,3,5476,AR,367,lowest ten-seed median rank percentile; ties by mean then index,1.3162684138403562,2.032802329564919,0.29066032887975335,1.7380738266529634,0.1434566632408359,11.163926002055499,0.1434566632408359,0.18413840356286398,1.3532031517643028,1.7503854059609456,1.2793336759164098,0.26550188420692017,11.163926002055499,1.7011390887290168,2.1208033573141485,0.36613566289825283
3e5cfca6a26abd00ef99,breast_oncology,estramustine,Breast Neoplasms,HANAMI,1,1818,ESR1,2099,lowest ten-seed median rank percentile; ties by mean then index,6.641829393627955,11.484241178485783,4.22287170263789,12.471094552929085,0.710859883521754,39.70323741007194,13.028862624186365,6.3549160671462825,39.70323741007194,6.928742720109627,0.710859883521754,3.920435080507023,0.8500342583076396,5.13018156903049,10.797790339157245,27.41735183281946
3e5cfca6a26abd00ef99,breast_oncology,estramustine,Breast Neoplasms,TriMoGCL,1,1818,ESR1,2099,lowest ten-seed median rank percentile; ties by mean then index,7.929727646454265,12.582005823912297,0.4062821171634121,11.447627612195959,0.00856457690990065,68.48663926002055,0.12418636519355944,0.8864337101747174,8.879325111339499,6.980130181569031,0.00856457690990065,68.48663926002055,0.24623158615964372,17.46103117505995,11.521497088043851,11.226019184652278
3e5cfca6a26abd00ef99,breast_oncology,estramustine,Breast Neoplasms,TriNet,1,1818,ESR1,2099,lowest ten-seed median rank percentile; ties by mean then index,36.89726789996574,32.920092497430616,16.764624015073657,41.8770340870161,9.81286399451867,71.26370332305584,15.743833504624872,41.544621445700585,9.81286399451867,34.438163754710516,45.340870161014045,71.26370332305584,41.98783830078794,9.885662898252827,19.826995546420008,39.356372045220965
3e5cfca6a26abd00ef99,breast_oncology,estramustine,Breast Neoplasms,N2V-MLP,1,1818,ESR1,2099,lowest ten-seed median rank percentile; ties by mean then index,16.18276807125728,23.53931140801644,6.154719081877355,32.965056526207604,1.3981671805412812,77.27817745803357,1.3981671805412812,40.52971908187735,15.439791024323398,16.863651935594383,3.0596951010620077,77.27817745803357,34.4831277834875,2.4280575539568345,15.501884206920177,28.410842754367934
3e5cfca6a26abd00ef99,breast_oncology,estramustine,Breast Neoplasms,RF,1,1818,ESR1,2099,lowest ten-seed median rank percentile; ties by mean then index,19.360226104830424,31.741820829051044,10.832316289825282,40.113266529633435,3.861553614251456,86.40801644398766,9.249743062692703,3.861553614251456,16.69664268585132,81.11510791366906,7.740236382322713,86.40801644398766,22.023809523809526,42.85500171291538,15.58003597122302,31.8880609797876
3ebfdadd5b5b8ddb0e8b,psychiatric_mood,asenapine,"Depressive Disorder, Major",HANAMI,8,18944,DRD2,1813,lowest ten-seed median rank percentile; ties by mean then index,4.473920863309353,5.641486810551559,2.7090827338129495,8.638446385748544,1.2825453922576224,11.228160328879753,5.346437136005481,8.82151421719767,10.65433367591641,2.935508735868448,2.63360739979445,3.6014045906132237,1.8221137375813634,8.089242891401165,1.2825453922576224,11.228160328879753
3ebfdadd5b5b8ddb0e8b,psychiatric_mood,asenapine,"Depressive Disorder, Major",TriMoGCL,8,18944,DRD2,1813,lowest ten-seed median rank percentile; ties by mean then index,4.991007194244604,5.603160328879754,1.5068302500856459,8.94516529633436,0.21411442274751627,12.876841384035629,2.3852346694073314,12.876841384035629,3.5136176772867422,6.468396711202467,9.346094552929085,7.742377526550189,1.1861939020212402,0.21411442274751627,1.2140287769784173,11.084703665638918
3ebfdadd5b5b8ddb0e8b,psychiatric_mood,asenapine,"Depressive Disorder, Major",TriNet,8,44649,ADRA1A,148,lowest ten-seed median rank percentile; ties by mean then index,10.921976704350804,15.7800188420692,6.03320914696814,23.50815775950668,1.0448783830078794,43.784258307639604,26.20760534429599,15.409815005138746,2.7428057553956835,8.806526207605344,1.0448783830078794,43.784258307639604,32.85157588215142,5.108770126755738,12.953922576224734,8.890030832476876
3ebfdadd5b5b8ddb0e8b,psychiatric_mood,asenapine,"Depressive Disorder, Major",N2V-MLP,8,18944,DRD2,1813,lowest ten-seed median rank percentile; ties by mean then index,5.91812264474135,10.243662213086674,0.8393285371702639,14.392236211031175,0.16915039397053785,39.09943473792395,15.152877697841726,39.09943473792395,21.372901678657076,0.16915039397053785,0.45178143199725934,8.791538198013019,3.0447070914696814,2.0019698526892773,0.2419492977046934,12.11031175059952
3ebfdadd5b5b8ddb0e8b,psychiatric_mood,asenapine,"Depressive Disorder, Major",RF,8,18944,DRD2,1813,lowest ten-seed median rank percentile; ties by mean then index,8.549053614251456,11.356093696471394,3.5401143371017474,15.918336759164097,0.8500342583076396,34.978802672148,23.60504453579993,17.658016443987666,34.978802672148,1.1851233299075026,0.8500342583076396,10.699297704693388,9.601961288112367,7.496145940390544,4.149537512846865,3.336973278520041
3ecfa239e9890398055e,psychiatric_mood,trazodone,Depressive Disorder,HANAMI,5,22888,HTR2A,3356,lowest ten-seed median rank percentile; ties by mean then index,10.085859883521753,11.208890030832476,8.485889859540938,15.413562007536827,3.2909386776293252,17.831449126413155,6.879496402877698,9.896368619390202,8.483213429256594,3.2909386776293252,15.666752312435765,14.653991092840014,8.493919150393971,17.831449126413155,16.617420349434738,10.275351147653305
3ecfa239e9890398055e,psychiatric_mood,trazodone,Depressive Disorder,TriMoGCL,5,22888,HTR2A,3356,lowest ten-seed median rank percentile; ties by mean then index,8.163112367249058,11.287898252826311,6.055691161356629,9.106821685508736,2.8477218225419665,36.705635491606714,5.616221308667352,9.170520726276122,2.8477218225419665,8.716598150051388,36.705635491606714,20.610654333675917,5.768242548818089,6.9180369989722506,8.915724563206577,7.609626584446728
3ecfa239e9890398055e,psychiatric_mood,trazodone,Depressive Disorder,TriNet,5,22888,HTR2A,3356,lowest ten-seed median rank percentile; ties by mean then index,12.350119904076738,18.521968139773897,4.790810208975676,34.599284857828025,1.4324254881808838,40.06294964028777,4.961031175059952,2.69570058239123,40.06294964028777,4.734069886947585,17.587358684480986,34.971308667351835,7.112881123672491,33.483213429256594,1.4324254881808838,38.178742720109625
3ecfa239e9890398055e,psychiatric_mood,trazodone,Depressive Disorder,N2V-MLP,5,22888,HTR2A,3356,lowest ten-seed median rank percentile; ties by mean then index,21.615921548475505,25.11390887290168,10.269998287084618,32.430305755395686,3.0768242548818088,68.40741692360398,24.45186707776636,3.0768242548818088,49.93148338472079,3.130352860568688,9.902792052072627,68.40741692360398,33.81723192874272,28.269527235354573,18.77997601918465,11.37161699212059
3ecfa239e9890398055e,psychiatric_mood,trazodone,Depressive Disorder,RF,5,22888,HTR2A,3356,lowest ten-seed median rank percentile; ties by mean then index,10.621681226447414,15.276957005823911,6.90706363480644,19.065551130524153,0.4239465570400822,48.47550531003768,13.53096094552929,0.4239465570400822,6.217882836587872,1.7503854059609456,11.64140116478246,31.242505995203835,9.601961288112367,20.91041452552244,8.974606029462144,48.47550531003768
3f052fcaf54db9bfab9a,cardiovascular_hypertensive,metoprolol,Heart Failure,HANAMI,1,176,ADRB1,153,lowest ten-seed median rank percentile; ties by mean then index,25.405746831106544,26.53776978417266,19.18465227817746,30.837829736211027,14.838129496402878,51.34249743062693,14.838129496402878,18.56372045220966,32.18353888317917,26.80070229530661,24.139260020554985,26.672233641658103,21.04744775608085,51.34249743062693,32.727389516957864,17.06277834874957
3f052fcaf54db9bfab9a,cardiovascular_hypertensive,metoprolol,Heart Failure,TriMoGCL,1,176,ADRB1,153,lowest ten-seed median rank percentile; ties by mean then index,28.158187735525864,33.09844981157931,18.990343439534087,46.29207348406989,17.32613908872902,59.37178828365879,48.56971565604659,32.80447070914697,39.45914696813978,17.351832819458718,17.32613908872902,23.511904761904763,54.53066118533744,59.37178828365879,18.951267557382664,19.10757108598835
3f052fcaf54db9bfab9a,cardiovascular_hypertensive,metoprolol,Heart Failure,TriNet,1,176,ADRB1,153,lowest ten-seed median rank percentile; ties by mean then index,56.25214114422748,49.349092154847554,35.8293722165125,59.69028348749572,17.595923261390887,76.29539225762247,43.323912298732445,59.47028091812265,57.628896882494004,17.595923261390887,54.87538540596095,22.227218225419666,59.76361767728674,76.29539225762247,33.331192189105856,68.97910243233984
3f052fcaf54db9bfab9a,cardiovascular_hypertensive,metoprolol,Heart Failure,N2V-MLP,1,176,ADRB1,153,lowest ten-seed median rank percentile; ties by mean then index,30.667608770126755,28.019655704008223,16.821899623158615,35.225569544364504,5.66118533744433,47.55909558067832,44.61502226789997,28.286656389174375,10.386690647482014,5.66118533744433,28.04042480301473,35.69287427201096,33.823655361425146,33.048561151079134,47.55909558067832,13.082391229873243
3f052fcaf54db9bfab9a,cardiovascular_hypertensive,metoprolol,Heart Failure,RF,1,176,ADRB1,153,lowest ten-seed median rank percentile; ties by mean then index,32.34787170263789,36.43435251798561,21.049588900308326,54.35963729016787,2.23963686193902,72.76464542651593,16.741606714628297,72.76464542651593,2.23963686193902,24.608170606372045,37.771925316889345,26.923818088386433,58.905018842069204,63.8018156903049,40.72349263446386,19.863394998287085
3f0d5b66011ba5459608,psychiatric_mood,cyclophosphamide,Depressive Disorder,HANAMI,1,33160,CYP2C19,1557,lowest ten-seed median rank percentile; ties by mean then index,50.30725419664269,43.36866221308667,26.839242891401167,59.100933538883176,4.522096608427543,77.10902706406304,66.29410757108599,23.777406646111682,4.522096608427543,77.10902706406304,59.00779376498801,36.024751627269616,7.204950325453923,57.56466255566975,43.04984583761562,59.13198013018157
3f0d5b66011ba5459608,psychiatric_mood,cyclophosphamide,Depressive Disorder,TriMoGCL,1,33160,CYP2C19,1557,lowest ten-seed median rank percentile; ties by mean then index,43.31320657759507,48.79346522781775,38.5341726618705,67.49475419664269,14.210774237752656,77.3616820829051,69.93405275779376,38.50419664268585,14.210774237752656,39.77389516957862,46.85251798561151,77.3616820829051,27.45161014045906,75.04496402877697,60.17685851318945,38.62410071942446
3f0d5b66011ba5459608,psychiatric_mood,cyclophosphamide,Depressive Disorder,TriNet,1,33160,CYP2C19,1557,lowest ten-seed median rank percentile; ties by mean then index,26.62405789653991,29.41354059609455,16.38189448441247,35.43218996231586,13.29650565262076,56.29496402877698,36.470109626584446,56.29496402877698,23.807382665296334,29.44073312778349,32.3184309695101,53.37872559095581,15.566118533744433,13.29650565262076,14.733213429256594,18.82922233641658
3f0d5b66011ba5459608,psychiatric_mood,cyclophosphamide,Depressive Disorder,N2V-MLP,1,33160,CYP2C19,1557,lowest ten-seed median rank percentile; ties by mean then index,34.17052072627612,42.010534429599176,27.11170349434738,52.398616820829055,19.291709489551216,84.06560465912983,56.11296676944159,23.796676944158957,19.291709489551216,71.0431654676259,30.074511819116136,84.06560465912983,26.12410071942446,31.65253511476533,41.25556697499144,36.68850633778691
3f0d5b66011ba5459608,psychiatric_mood,cyclophosphamide,Depressive Disorder,RF,1,33160,CYP2C19,1557,lowest ten-seed median rank percentile; ties by mean then index,47.26897053785543,50.117441760877014,45.26378896882494,49.7564448441247,24.608170606372045,92.74366221308668,49.82014388489208,46.06243576567318,44.77346694073313,24.608170606372045,45.230601233299076,92.74366221308668,49.56534772182254,45.36335217540253,54.53173175745118,48.47550531003768
3f7a2c57b4f7be1ab79a,gynecologic_reproductive,levonorgestrel,Endometriosis,HANAMI,1,7058,PGR,5241,lowest ten-seed median rank percentile; ties by mean then index,31.160071942446045,34.287855429941764,23.024259164097295,45.46077423775266,20.19313120931826,56.77886262418637,20.19313120931826,23.655361425145596,27.689277149708804,34.63086673518328,22.81389174374786,43.24468996231586,20.833333333333332,46.19946899623159,46.83967112024666,56.77886262418637
3f7a2c57b4f7be1ab79a,gynecologic_reproductive,levonorgestrel,Endometriosis,TriMoGCL,1,7058,PGR,5241,lowest ten-seed median rank percentile; ties by mean then index,2.9462144570058237,9.558281945871874,0.7301301815690304,11.650501027749229,0.0685166152792052,52.69355943816375,0.2997601918465228,9.641572456320658,1.4238609112709832,12.320143884892087,0.0685166152792052,1.5009421034600892,0.4988866050017129,4.391486810551559,52.69355943816375,12.744090441932169
3f7a2c57b4f7be1ab79a,gynecologic_reproductive,levonorgestrel,Endometriosis,TriNet,1,7058,PGR,5241,lowest ten-seed median rank percentile; ties by mean then index,20.948955121616994,21.91332648167181,15.327380952380953,30.901528776978417,0.07922233641658102,51.90775950668037,15.786656389174375,15.174289140116478,0.8693045563549161,20.91041452552244,32.45332305584104,20.987495717711546,29.64414182939363,0.07922233641658102,31.32065775950668,51.90775950668037
3f7a2c57b4f7be1ab79a,gynecologic_reproductive,levonorgestrel,Endometriosis,N2V-MLP,1,7058,PGR,5241,lowest ten-seed median rank percentile; ties by mean then index,21.48959403905447,32.140715998629666,11.967390373415553,42.90906560465913,4.059609455292908,87.21736896197328,10.365279205207262,35.56226447413498,8.560294621445701,21.93174032202809,21.04744775608085,16.773723878040425,45.35799931483385,4.059609455292908,87.21736896197328,70.53143199725933
3f7a2c57b4f7be1ab79a,gynecologic_reproductive,levonorgestrel,Endometriosis,RF,1,7058,PGR,5241,lowest ten-seed median rank percentile; ties by mean then index,24.09643713600548,24.91092840013704,12.90012632750942,27.663315775950668,3.502911956149366,64.12619904076739,21.840741692360396,5.013489208633094,3.502911956149366,26.352132579650565,19.50261219595752,10.699297704693388,27.711759164097295,27.51798561151079,42.84215484755053,64.12619904076739
3f9da213fc0cbecf1d99,psychiatric_mood,flupentixol,Depressive Disorder,HANAMI,5,18444,DRD2,1813,lowest ten-seed median rank percentile; ties by mean then index,7.898681055155876,8.85534429599178,6.653070400822199,11.776293251113396,1.3981671805412812,16.336930455635493,7.279890373415554,16.336930455635493,12.842583076396027,1.3981671805412812,6.596865364850976,8.577423775265501,5.494176087701268,14.688249400479616,6.821685508735868,8.517471736896198
3f9da213fc0cbecf1d99,psychiatric_mood,flupentixol,Depressive Disorder,TriMoGCL,5,18444,DRD2,1813,lowest ten-seed median rank percentile; ties by mean then index,6.410585817060637,11.744390202124015,5.603374443302501,12.600098492634464,3.436536485097636,46.84823569715656,6.410585817060637,17.56808838643371,6.410585817060637,7.273466940733128,46.84823569715656,14.375642343268243,3.5457348406988696,3.436536485097636,5.419236039739637,6.155789653991093
3f9da213fc0cbecf1d99,psychiatric_mood,flupentixol,Depressive Disorder,TriNet,5,18444,DRD2,1813,lowest ten-seed median rank percentile; ties by mean then index,7.864422747516273,8.46030318602261,3.263103802672148,12.121017471736897,0.47533401849948614,18.377440904419323,5.273638232271326,2.4130695443645083,16.206320657759505,0.47533401849948614,5.678314491264132,2.592925659472422,10.050531003768414,18.377440904419323,11.06115107913669,12.474306269270299
3f9da213fc0cbecf1d99,psychiatric_mood,flupentixol,Depressive Disorder,N2V-MLP,5,18444,DRD2,1813,lowest ten-seed median rank percentile; ties by mean then index,7.802329564919493,16.20096779719082,5.902599349092155,22.96430712572799,0.7151421719767044,54.522096608427546,36.81269270298047,54.522096608427546,26.657245632065777,0.7151421719767044,7.157845152449469,11.885491606714629,8.446813977389517,5.539140116478246,6.9929770469338814,3.2802329564919495
3f9da213fc0cbecf1d99,psychiatric_mood,flupentixol,Depressive Disorder,RF,5,18444,DRD2,1813,lowest ten-seed median rank percentile; ties by mean then index,5.357678143199726,6.025715142171977,4.1455228674203495,6.06425573826653,1.7503854059609456,13.431397738951695,10.651121959575198,2.8552158273381294,13.431397738951695,1.7503854059609456,5.596951010620075,5.264003083247688,3.7726961288112366,5.297190818773553,6.2200239808153475,5.418165467625899
3ff213c6ce297c5feec8,breast_oncology,sunitinib,Breast Neoplasms,HANAMI,3,1236,KDR,3791,lowest ten-seed median rank percentile; ties by mean then index,31.478031860226103,35.053100376841385,14.986403734155534,59.00993490921549,1.0041966426858513,70.27021240150737,21.668379582048647,66.3369304556355,63.93242548818088,37.311579307982186,25.644484412470025,12.759078451524495,1.0041966426858513,7.361253854059609,70.27021240150737,44.24246317231929
3ff213c6ce297c5feec8,breast_oncology,sunitinib,Breast Neoplasms,TriMoGCL,3,1236,KDR,3791,lowest ten-seed median rank percentile; ties by mean then index,34.116992120589245,32.3404847550531,18.494133264816718,45.612260191846524,8.179170948955122,60.714285714285715,8.239122987324427,49.28699897225077,33.71659815005139,34.5173860911271,60.714285714285715,8.179170948955122,28.254539225762247,15.240664611168208,34.58804385063378,50.66803699897225
3ff213c6ce297c5feec8,breast_oncology,sunitinib,Breast Neoplasms,TriNet,3,2401,FGFR1,2260,lowest ten-seed median rank percentile; ties by mean then index,73.88981671805413,68.69368790681742,64.4639645426516,87.77995460774237,16.135662898252825,93.33890030832477,16.135662898252825,73.13078108941419,74.64885234669407,37.16812264474135,89.46128811236724,65.87230215827338,90.45049674546077,93.33890030832477,82.73595409386776,63.994518670777666
3ff213c6ce297c5feec8,breast_oncology,sunitinib,Breast Neoplasms,N2V-MLP,3,2401,FGFR1,2260,lowest ten-seed median rank percentile; ties by mean then index,42.648381294964025,42.454179513532026,27.08868619390202,53.332155704008215,5.838900308324769,82.69313120931825,35.12118876327509,24.41118533744433,41.22344981157931,11.519355943816375,55.78108941418294,44.07331277834875,77.89482699554642,82.69313120931825,5.838900308324769,45.98535457348407
3ff213c6ce297c5feec8,breast_oncology,sunitinib,Breast Neoplasms,RF,3,2401,FGFR1,2260,lowest ten-seed median rank percentile; ties by mean then index,58.39703237410072,64.92313292223363,56.137054642000685,69.97366392600206,48.9486981843097,93.93306783144912,56.11189619732785,57.65566118533744,59.13840356286399,48.9486981843097,93.51661527920521,56.212529976019184,93.93306783144912,62.07605344295992,49.03220280918123,72.60620075368277
4013261fcad6446ac3a4,psychiatric_mood,armodafinil,Depressive Disorder,HANAMI,1,24327,SLC6A3,6531,lowest ten-seed median rank percentile; ties by mean then index,18.420263788968825,24.942403220280916,17.282245632065774,28.141593867762936,10.418807810894142,64.47627612195957,10.418807810894142,18.186879068174033,28.15604659129839,15.636776293251113,64.47627612195957,18.653648509763617,30.78965399109284,17.060637204522095,28.09823569715656,17.947070914696813
4013261fcad6446ac3a4,psychiatric_mood,armodafinil,Depressive Disorder,TriMoGCL,1,24327,SLC6A3,6531,lowest ten-seed median rank percentile; ties by mean then index,17.052072627612198,21.247858855772527,14.46931740322028,26.17281175059952,8.022867420349435,53.03614251455978,29.49212058924289,20.56997259335389,53.03614251455978,15.673175745118192,15.668893456663241,8.022867420349435,28.04042480301473,14.069458718739295,18.430969510106202,9.474563206577596
4013261fcad6446ac3a4,psychiatric_mood,armodafinil,Depressive Disorder,TriNet,1,24327,SLC6A3,6531,lowest ten-seed median rank percentile; ties by mean then index,21.06350633778691,27.934224049331966,12.737667009249742,38.054556354916066,3.5178999657416923,75.82862281603289,26.980558410414524,9.41032887975334,75.82862281603289,27.057639602603633,13.476361767728674,12.491435423090099,3.5178999657416923,41.72019527235354,53.71274409044193,15.146454265159301
4013261fcad6446ac3a4,psychiatric_mood,armodafinil,Depressive Disorder,N2V-MLP,1,24327,SLC6A3,6531,lowest ten-seed median rank percentile; ties by mean then index,13.108084960602946,25.713001027749232,3.1469467283316206,51.2263403562864,1.2268756423432683,66.63240835902707,55.5776807125728,2.357399794450154,53.38943131209318,66.63240835902707,1.2268756423432683,14.418465227817746,5.5155875299760195,44.73706748886605,11.797704693388146,1.4773895169578624
4013261fcad6446ac3a4,psychiatric_mood,armodafinil,Depressive Disorder,RF,1,24327,SLC6A3,6531,lowest ten-seed median rank percentile; ties by mean then index,24.935230387118878,31.488737581363488,19.311782716683794,32.32057211373758,16.01789996574169,68.88810380267215,68.88810380267215,32.92330421377184,30.512375813634808,61.102903391572454,16.01789996574169,26.923818088386433,16.58102089756766,22.94664268585132,19.127911956149365,19.863394998287085
4034227f48326acc04bf,cardiovascular_hypertensive,indacaterol,Heart Failure,HANAMI,1,657,ADRB1,153,lowest ten-seed median rank percentile; ties by mean then index,23.050488180883868,25.563549160671464,18.066439705378553,26.13641229873244,14.705378554299418,46.47781774580336,14.705378554299418,15.508307639602604,26.40244946899623,22.297875984926346,25.338300787941076,20.512161699212058,23.803100376841385,46.47781774580336,43.33890030832477,17.251199040767386
4034227f48326acc04bf,cardiovascular_hypertensive,indacaterol,Heart Failure,TriMoGCL,1,657,ADRB1,153,lowest ten-seed median rank percentile; ties by mean then index,28.890459061322368,34.88544878383008,27.096180198698185,45.86973278520041,19.00265501884207,59.08059266872217,50.847893114080165,28.104659129838986,30.93525179856115,19.00265501884207,28.267386091127097,29.51353203151764,55.19227475162727,59.08059266872217,26.760020554984585,21.150222678999658
4034227f48326acc04bf,cardiovascular_hypertensive,indacaterol,Heart Failure,TriNet,1,657,ADRB1,153,lowest ten-seed median rank percentile; ties by mean then index,46.41144227475163,45.09677971908188,36.338964542651595,57.124657416923604,12.996745460774237,75.74511819116135,57.43619390202124,36.14037341555327,54.12170263788969,12.996745460774237,56.1900479616307,18.636519355943815,64.06517643028434,75.74511819116135,36.93473792394656,38.70118191161357
4034227f48326acc04bf,cardiovascular_hypertensive,indacaterol,Heart Failure,N2V-MLP,1,657,ADRB1,153,lowest ten-seed median rank percentile; ties by mean then index,41.45041109969168,35.29012504282288,16.985697156560466,51.544300274066465,2.2010962658444675,63.4656560465913,63.4656560465913,12.553528605686878,35.43807810894142,2.2010962658444675,49.80515587529976,30.282202809181225,52.124015073655364,47.46274409044193,53.48364165810209,6.085131894484412
4034227f48326acc04bf,cardiovascular_hypertensive,indacaterol,Heart Failure,RF,1,657,ADRB1,153,lowest ten-seed median rank percentile; ties by mean then index,45.734840698869476,44.33517471736896,40.98444458718739,54.97682211373758,18.437392942788627,59.90386262418637,59.90386262418637,57.65566118533744,39.63900308324769,24.608170606372045,45.230601233299076,18.437392942788627,56.64504110996917,49.97216512504282,45.02076909900651,46.239080164439876
407132837b6ee217e386,cardiovascular_hypertensive,esmolol,Heart Failure,HANAMI,1,148,ADRB1,153,lowest ten-seed median rank percentile; ties by mean then index,23.254967454607744,24.86232442617335,20.790510448783827,25.122580507022953,13.529890373415553,52.84772182254196,13.529890373415553,20.48004453579993,23.905875299760194,27.096180198698185,22.604059609455295,24.790167865707435,21.721908187735526,52.84772182254196,25.233384720794792,16.414011647824598
407132837b6ee217e386,cardiovascular_hypertensive,esmolol,Heart Failure,TriMoGCL,1,148,ADRB1,153,lowest ten-seed median rank percentile; ties by mean then index,22.426344638574854,31.2495717711545,18.723770983213427,37.99246317231928,12.62846865364851,64.79958890030832,32.9051044878383,39.68824940047961,24.773038711887633,18.57656731757451,16.326224734498116,12.62846865364851,64.79958890030832,63.55344295991778,20.079650565262074,19.16538198013018
407132837b6ee217e386,cardiovascular_hypertensive,esmolol,Heart Failure,TriNet,1,148,ADRB1,153,lowest ten-seed median rank percentile; ties by mean then index,49.60924117848579,45.872944501541625,35.447713257965056,56.941589585474475,14.681825967797192,75.3961116820829,42.876413155190136,51.52449468996232,56.72961630695443,14.681825967797192,47.69398766700925,20.659900650907844,57.012247344981155,75.3961116820829,32.97147995889003,59.18336759164097
407132837b6ee217e386,cardiovascular_hypertensive,esmolol,Heart Failure,N2V-MLP,1,148,ADRB1,153,lowest ten-seed median rank percentile; ties by mean then index,29.07673860911271,29.4092583076396,22.991606714628297,35.83954265159301,6.703922576224734,53.228845495032544,36.13609112709832,22.79248030147311,23.588985954093868,6.703922576224734,25.09206920178143,33.06140801644399,34.94989722507708,47.597636176772866,53.228845495032544,10.941247002398082
407132837b6ee217e386,cardiovascular_hypertensive,esmolol,Heart Failure,RF,1,148,ADRB1,153,lowest ten-seed median rank percentile; ties by mean then index,29.19236039739637,37.302051216169914,24.87822242206235,46.22382451181912,8.687692702980472,79.25124186365194,29.28014731072285,79.25124186365194,8.687692702980472,24.608170606372045,25.511733470366565,29.10457348406989,65.07900822199383,37.798689619732784,49.03220280918123,24.667052072627612
40f986608503b2777a9c,cardiovascular_hypertensive,minocycline,Hypertension,HANAMI,2,19792,MMP9,4318,lowest ten-seed median rank percentile; ties by mean then index,20.470409386776293,25.556483384720796,13.18195443645084,35.28605686879068,7.1107399794450155,60.29890373415553,13.409986296676944,60.29890373415553,11.099691675231243,35.643627954779035,34.213343610825625,7.1107399794450155,13.10594381637547,22.811750599520384,18.129068174032202,39.7417780061665
40f986608503b2777a9c,cardiovascular_hypertensive,minocycline,Hypertension,TriMoGCL,2,34478,IL1B,3553,lowest ten-seed median rank percentile; ties by mean then index,23.848064405618363,29.428742720109632,18.61243148338472,26.68133350462487,7.404076738609112,90.51473107228503,23.081534772182255,26.84138403562864,7.404076738609112,24.61459403905447,90.51473107228503,20.884720794792738,26.201181911613567,39.12512846865365,17.765073655361427,17.85500171291538
40f986608503b2777a9c,cardiovascular_hypertensive,minocycline,Hypertension,TriNet,2,19792,MMP9,4318,lowest ten-seed median rank percentile; ties by mean then index,18.32070058239123,24.562564234326825,5.9978802672148,27.900715142171975,0.45178143199725934,70.8012161699212,23.409129838985955,11.928314491264132,28.71916752312436,25.445357999314833,0.45178143199725934,4.021068859198356,1.6872216512504283,65.93011305241521,70.8012161699212,13.232271325796505
40f986608503b2777a9c,cardiovascular_hypertensive,minocycline,Hypertension,N2V-MLP,2,19792,MMP9,4318,lowest ten-seed median rank percentile; ties by mean then index,5.5402106885919835,10.977646454265159,1.864401336073998,17.60823484069887,0.13489208633093525,33.12564234326824,30.468482356971567,8.022867420349435,0.13489208633093525,5.158016443987667,20.80335731414868,5.9224049331963,1.0877012675573827,33.12564234326824,4.194501541623843,0.8585988352175402
40f986608503b2777a9c,cardiovascular_hypertensive,minocycline,Hypertension,RF,2,19792,MMP9,4318,lowest ten-seed median rank percentile; ties by mean then index,12.65523295649195,18.351961288112367,9.513906731757451,15.904151678657076,6.239294278862624,74.53751284686537,18.439534087016103,6.239294278862624,11.80948098663926,9.298989379924631,74.53751284686537,9.080592668722165,16.58102089756766,10.15865878725591,13.873544021925317,13.500984926344639
410cf72b2b01e6cbba3b,psychiatric_mood,clozapine,"Depressive Disorder, Major",HANAMI,9,18012,DRD2,1813,lowest ten-seed median rank percentile; ties by mean then index,4.727646454265159,6.308025008564577,2.2674717368961974,9.140009421034602,0.98706748886605,15.576824254881808,5.547704693388146,9.266872216512505,12.037512846865365,3.2052929085303186,1.8371017471736897,3.907588215142172,1.9548646796848235,8.75942103460089,0.98706748886605,15.576824254881808
410cf72b2b01e6cbba3b,psychiatric_mood,clozapine,"Depressive Disorder, Major",TriMoGCL,9,22686,HTR2A,3356,lowest ten-seed median rank percentile; ties by mean then index,5.790724563206577,10.834618019869819,3.736296676944159,16.052158273381295,0.5459917780061665,34.59874957177115,2.2546248715313464,7.072199383350463,3.5500171291538196,14.671120246659815,20.336587872559097,34.59874957177115,4.295135320315176,0.5459917780061665,4.509249743062693,16.512504282288454
410cf72b2b01e6cbba3b,psychiatric_mood,clozapine,"Depressive Disorder, Major",TriNet,9,44428,ADRA1A,148,lowest ten-seed median rank percentile; ties by mean then index,9.544150393970538,15.021839671120247,6.935166152792052,21.788818944844124,1.6915039397053786,43.910585817060635,22.169407331277835,11.144655704008223,1.6915039397053786,6.9137547105173,6.999400479616307,43.910585817060635,23.186450839328536,5.611939020212401,7.943645083932854,20.647053785542994
410cf72b2b01e6cbba3b,psychiatric_mood,clozapine,"Depressive Disorder, Major",N2V-MLP,9,18012,DRD2,1813,lowest ten-seed median rank percentile; ties by mean then index,7.012247344981158,11.803485782802328,0.6717840013703323,20.415274922918808,0.17557382665296334,43.31534772182254,26.419578622816033,43.31534772182254,7.534686536485098,0.4239465570400822,24.708804385063377,7.474734498115793,0.17557382665296334,0.6273552586502227,0.8050702295306612,6.549760191846523
410cf72b2b01e6cbba3b,psychiatric_mood,clozapine,"Depressive Disorder, Major",RF,9,18012,DRD2,1813,lowest ten-seed median rank percentile; ties by mean then index,9.44565775950668,8.786399451867078,5.299867249057896,11.31862367249058,1.3532031517643028,16.741606714628297,16.741606714628297,10.029119561493662,1.3532031517643028,11.748458376156218,14.512675573826654,9.080592668722165,1.6872216512504283,8.75085645769099,4.149537512846865,9.810722850291196
415e6af8cddca2e973fe,breast_oncology,Choline,Breast Neoplasms,HANAMI,1,32800,BCHE,590,lowest ten-seed median rank percentile; ties by mean then index,16.282331277834878,20.022053785542994,5.91330507022953,25.22589071599863,1.6765159301130523,58.35046248715314,17.906389174374787,20.533573141486812,58.35046248715314,26.789996574169237,5.706149366221308,14.658273381294965,1.6765159301130523,6.534772182254197,5.265073655361425,42.79933196300103
415e6af8cddca2e973fe,breast_oncology,Choline,Breast Neoplasms,TriMoGCL,1,32800,BCHE,590,lowest ten-seed median rank percentile; ties by mean then index,32.34733641658102,28.559009934909216,18.581384892086334,42.01727903391572,1.6765159301130523,45.23381294964029,18.283230558410416,41.33478931140802,19.47584789311408,45.23381294964029,43.81209318259678,8.834361082562522,42.24477560808496,34.254025351147654,1.6765159301130523,30.440647482014388
415e6af8cddca2e973fe,breast_oncology,Choline,Breast Neoplasms,TriNet,1,32800,BCHE,590,lowest ten-seed median rank percentile; ties by mean then index,55.54021068859198,53.927929085303184,45.37459318259678,68.33729445015416,2.8412983898595408,86.12324426173348,63.110226104830424,53.325196985268924,57.673860911270985,86.12324426173348,2.8412983898595408,26.08556012332991,70.07965056526207,53.40656046591298,42.7243919150394,83.90930113052416
415e6af8cddca2e973fe,breast_oncology,Choline,Breast Neoplasms,N2V-MLP,1,32800,BCHE,590,lowest ten-seed median rank percentile; ties by mean then index,54.367934224049336,53.65878725590956,40.00727989037342,66.85776378896882,6.618276807125728,92.23835217540254,61.56431997259335,85.40596094552929,47.17154847550531,30.19227475162727,39.18293936279548,42.480301473107225,92.23835217540254,67.84857828023296,6.618276807125728,63.88532031517643
415e6af8cddca2e973fe,breast_oncology,Choline,Breast Neoplasms,RF,1,32800,BCHE,590,lowest ten-seed median rank percentile; ties by mean then index,60.89200068516615,62.99107142857142,54.72791409729359,75.16112110311751,42.81539054470709,79.67090613223706,78.24062178828366,62.2719681397739,52.219295991778004,54.2330421377184,42.81539054470709,56.212529976019184,78.81230729701953,79.67090613223706,59.51203323055841,65.92261904761905
42509a3fbc5613d2b593,psychiatric_mood,escitalopram,Depressive Disorder,HANAMI,3,30409,SLC6A4,6532,lowest ten-seed median rank percentile; ties by mean then index,16.248072970195274,16.971993833504623,14.506252141144227,19.0604659129839,7.549674546077424,30.26293251113395,12.125299760191847,14.330678314491264,18.501627269612882,7.549674546077424,30.26293251113395,16.617420349434738,20.17386091127098,15.032973621103118,19.24674546077424,15.878725590955806
42509a3fbc5613d2b593,psychiatric_mood,escitalopram,Depressive Disorder,TriMoGCL,3,38984,SLC6A2,6530,lowest ten-seed median rank percentile; ties by mean then index,13.246188763275093,17.140287769784173,10.404890373415554,22.83958547447756,7.943645083932854,36.8705035971223,10.403819801301816,19.16538198013018,36.8705035971223,11.784857828023295,25.710859883521753,24.064319972593353,14.707519698526893,7.943645083932854,10.343867762932511,10.408102089756767
42509a3fbc5613d2b593,psychiatric_mood,escitalopram,Depressive Disorder,TriNet,3,24240,SLC6A3,6531,lowest ten-seed median rank percentile; ties by mean then index,19.831277834874957,27.88690476190476,9.080592668722165,43.51340356286399,3.738437821171634,71.12238780404248,6.678228845495033,11.39302843439534,71.12238780404248,38.39713943131209,22.3878040424803,8.309780746831107,3.738437821171634,45.21882494004796,54.348663926002054,17.274751627269612
42509a3fbc5613d2b593,psychiatric_mood,escitalopram,Depressive Disorder,N2V-MLP,3,24240,SLC6A3,6531,lowest ten-seed median rank percentile; ties by mean then index,20.183496060294623,21.499015073655364,8.050702295306612,33.06194330250086,1.014902363823227,47.74537512846865,32.671719767043506,1.014902363823227,47.74537512846865,39.87881123672491,9.116992120589243,3.3080678314491263,9.577338129496402,33.192017814319975,7.695272353545735,30.78965399109284
42509a3fbc5613d2b593,psychiatric_mood,escitalopram,Depressive Disorder,RF,3,24240,SLC6A3,6531,lowest ten-seed median rank percentile; ties by mean then index,20.580678314491266,25.924867249057893,14.46744390202124,27.612463600548132,10.15865878725591,63.64658273381295,63.64658273381295,11.355558410414526,22.033444672833163,48.9486981843097,27.79419321685509,14.37671291538198,14.73963686193902,10.15865878725591,19.127911956149365,27.06727475162727
42db8a554ff7676716a9,cardiovascular_hypertensive,Magnesium Sulfate,Atrial Fibrillation,HANAMI,2,809,CACNA1C,775,lowest ten-seed median rank percentile; ties by mean then index,31.308881466255567,30.490964371360054,26.21349349092155,36.523638232271324,10.564405618362454,47.15227817745804,42.285457348406986,37.63917437478589,47.15227817745804,30.217968482356973,18.263960260363138,33.177029804727646,10.564405618362454,32.39979445015416,25.822199383350462,27.387375813634808
42db8a554ff7676716a9,cardiovascular_hypertensive,Magnesium Sulfate,Atrial Fibrillation,TriMoGCL,2,809,CACNA1C,775,lowest ten-seed median rank percentile; ties by mean then index,33.779761904761905,29.498972250770816,17.473342754367934,41.65863737581364,4.586330935251799,50.70015416238438,42.146282973621105,33.82579650565262,33.73372730387119,40.19570058239123,17.204093867762932,50.70015416238438,4.586330935251799,11.727046933881466,18.28108941418294,42.58949982870846
42db8a554ff7676716a9,cardiovascular_hypertensive,Magnesium Sulfate,Atrial Fibrillation,TriNet,2,809,CACNA1C,775,lowest ten-seed median rank percentile; ties by mean then index,34.1726618705036,35.652620760534425,26.9484412470024,43.362452894826994,6.031603288797533,62.62418636519356,62.549246317231926,26.113394998287085,17.690133607399794,38.853203151764305,44.86553614251456,62.62418636519356,6.031603288797533,35.74854402192532,29.453579993148338,32.59677971908188
42db8a554ff7676716a9,cardiovascular_hypertensive,Magnesium Sulfate,Atrial Fibrillation,N2V-MLP,2,809,CACNA1C,775,lowest ten-seed median rank percentile; ties by mean then index,16.531774580335732,20.99370503597122,5.610333162041796,31.94961887632751,0.09421034600890715,62.76121959575197,18.03271668379582,5.611939020212401,38.13163754710517,34.076310380267216,25.569544364508392,62.76121959575197,0.09421034600890715,5.609797875984927,5.018842069201781,15.030832476875643
42db8a554ff7676716a9,cardiovascular_hypertensive,Magnesium Sulfate,Atrial Fibrillation,RF,2,809,CACNA1C,775,lowest ten-seed median rank percentile; ties by mean then index,42.81592583076396,47.093717882836586,36.38499914354231,53.83452166837958,20.91041452552244,96.06778862624186,40.61108256252141,40.603588557725246,34.978802672148,54.2330421377184,63.84892086330935,96.06778862624186,22.023809523809526,20.91041452552244,45.02076909900651,52.638960260363135
438a41a01bad3de4973f,prostate_oncology,dabrafenib,Prostatic Neoplasms,HANAMI,1,9611,BRAF,673,lowest ten-seed median rank percentile; ties by mean then index,23.917651593011307,28.56307810894142,7.599456149366222,47.344981157930796,3.423689619732785,64.06731757451182,25.56097978759849,42.790767386091126,22.27432339842412,64.06731757451182,6.804556354916067,6.5733127783487495,3.423689619732785,9.984155532716684,48.86305241521069,55.28862624186365
438a41a01bad3de4973f,prostate_oncology,dabrafenib,Prostatic Neoplasms,TriMoGCL,1,9611,BRAF,673,lowest ten-seed median rank percentile; ties by mean then index,27.756723192874272,30.519655704008223,15.73580421377184,31.451267557382668,3.1517643028434397,74.47113737581364,31.24571771154505,24.29984583761562,8.28622816032888,31.213600548132924,3.1517643028434397,13.234412470023981,31.519784172661872,23.239979445015415,74.47113737581364,64.53408701610141
438a41a01bad3de4973f,prostate_oncology,dabrafenib,Prostatic Neoplasms,TriNet,1,9611,BRAF,673,lowest ten-seed median rank percentile; ties by mean then index,32.28203151764303,32.67086330935253,21.279761904761905,40.52222507708119,11.037598492634464,65.82305584104145,46.724049331963,41.92360397396369,36.31808838643371,11.037598492634464,18.647225077081192,34.913497773210004,29.17737238780404,12.493576567317575,29.650565262076054,65.82305584104145
438a41a01bad3de4973f,prostate_oncology,dabrafenib,Prostatic Neoplasms,N2V-MLP,1,9611,BRAF,673,lowest ten-seed median rank percentile; ties by mean then index,27.764217197670433,28.80031688934567,14.458076396026037,35.9118062692703,3.6870503597122304,61.66923603973964,25.319030489893798,30.209403905447072,20.345152449468998,8.68448098663926,12.49571771154505,37.2237923946557,3.6870503597122304,31.97584789311408,61.66923603973964,56.39345666324083
438a41a01bad3de4973f,prostate_oncology,dabrafenib,Prostatic Neoplasms,RF,1,9611,BRAF,673,lowest ten-seed median rank percentile; ties by mean then index,20.92219081877355,27.62771925316889,12.771390030832476,41.32033658787256,8.081748886605002,66.2320143884892,18.439534087016103,12.73017300445358,11.80948098663926,8.081748886605002,23.404847550531002,33.34082733812949,12.895041109969167,45.36335217540253,66.2320143884892,43.98017300445358
44042b394d30b251050a,psychiatric_mood,memantine,Depressive Disorder,HANAMI,3,19048,DRD2,1813,lowest ten-seed median rank percentile; ties by mean then index,8.332262761219596,10.80699725933539,7.079693388146626,10.195593525179856,1.1947584789311407,32.28203151764303,4.871103117505995,8.671634121274408,18.702894826995546,1.1947584789311407,32.28203151764303,7.061493662213087,7.134292565947242,10.311750599520384,9.847122302158274,7.9928914011647825
44042b394d30b251050a,psychiatric_mood,memantine,Depressive Disorder,TriMoGCL,3,19048,DRD2,1813,lowest ten-seed median rank percentile; ties by mean then index,8.48535457348407,15.753682768071258,6.04659129838986,19.708697327852004,2.528691332648167,46.93388146625556,21.417865707434053,8.725162726961289,38.82322713257965,8.245546420006852,46.93388146625556,5.965227817745803,14.581192189105858,2.528691332648167,6.290681740322028,4.025351147653306
44042b394d30b251050a,psychiatric_mood,memantine,Depressive Disorder,TriNet,3,19048,DRD2,1813,lowest ten-seed median rank percentile; ties by mean then index,21.816118533744433,28.0515587529976,18.1702852004111,33.42272610483042,1.8478074683110655,74.86724905789654,20.647053785542994,6.97584789311408,36.12324426173347,1.8478074683110655,74.86724905789654,18.105515587529975,25.321171634121274,18.36459403905447,22.985183281945872,55.277920520726276
44042b394d30b251050a,psychiatric_mood,memantine,Depressive Disorder,N2V-MLP,3,19048,DRD2,1813,lowest ten-seed median rank percentile; ties by mean then index,12.557810894141829,24.8013018156903,9.316118533744433,35.734091298389856,0.355429941760877,83.2755224391915,13.294364508393285,34.29042480301473,83.2755224391915,0.355429941760877,36.2153134635149,9.855686879068173,41.57245632065776,8.196300102774924,11.821257279890373,9.13626241863652
44042b394d30b251050a,psychiatric_mood,memantine,Depressive Disorder,RF,3,19048,DRD2,1813,lowest ten-seed median rank percentile; ties by mean then index,31.90037255909558,38.533423261390894,27.447060208975675,39.04644141829394,17.32078622816033,98.45944672833161,29.28014731072285,26.83603117505995,98.45944672833161,31.912684138403563,40.323098663926004,48.21749743062693,25.880010277492293,35.21646968139774,17.32078622816033,31.8880609797876
44543f83edcc315e0f61,breast_oncology,venetoclax,Breast Neoplasms,HANAMI,1,3632,BCL2,596,lowest ten-seed median rank percentile; ties by mean then index,29.27265330592669,30.79950325453923,18.376370332305584,46.531346351490235,6.224306269270298,54.78117505995204,17.234069886947584,32.04864679684824,54.78117505995204,50.47961630695443,34.68653648509763,21.803271668379583,26.49665981500514,6.224306269270298,11.759164097293594,52.48158615964371
44543f83edcc315e0f61,breast_oncology,venetoclax,Breast Neoplasms,TriMoGCL,1,3632,BCL2,596,lowest ten-seed median rank percentile; ties by mean then index,46.87607057211374,48.15390544707092,23.99098578280233,73.3122430626927,11.363052415210689,81.0594381637547,11.363052415210689,25.704436450839328,80.78323055841041,73.33204864679685,81.0594381637547,18.872045220966083,28.203151764302845,73.25282631038027,23.41983556012333,65.54898937992463
44543f83edcc315e0f61,breast_oncology,venetoclax,Breast Neoplasms,TriNet,1,3632,BCL2,596,lowest ten-seed median rank percentile; ties by mean then index,14.90771668379582,18.541024323398425,6.322263617677287,27.050680883864338,2.5843610825625216,54.477132579650565,4.021068859198356,13.345751969852689,7.335560123329907,5.984498115793079,54.477132579650565,30.003854059609456,18.19116135662898,2.5843610825625216,16.469681397738952,32.997173689619736
44543f83edcc315e0f61,breast_oncology,venetoclax,Breast Neoplasms,N2V-MLP,1,3632,BCL2,596,lowest ten-seed median rank percentile; ties by mean then index,28.95362281603289,35.1590870161014,16.158144912641315,56.45287341555327,2.560808496060295,71.7497430626927,2.560808496060295,32.10217540253512,71.7497430626927,25.80507022953066,57.34412470023981,58.94570058239123,13.452809181226447,24.27415210688592,11.577166837958204,53.779119561493665
44543f83edcc315e0f61,breast_oncology,venetoclax,Breast Neoplasms,RF,1,3632,BCL2,596,lowest ten-seed median rank percentile; ties by mean then index,14.002012675573827,17.405040253511476,4.082894398766701,26.81756380609798,1.1390887290167866,47.80853888317917,2.279248030147311,5.013489208633094,34.978802672148,28.107870846180198,47.80853888317917,12.491435423090099,3.7726961288112366,22.94664268585132,1.1390887290167866,15.512589928057555
44b6a54e3f26f0ca33a4,breast_oncology,neostigmine,Breast Neoplasms,HANAMI,1,31442,ACHE,43,lowest ten-seed median rank percentile; ties by mean then index,14.620803357314148,22.41478245974649,9.64103717026379,23.59166238437821,1.171205892428914,80.42351832819459,19.488694758478932,22.6811408016444,80.42351832819459,23.895169578622816,9.752911956149367,9.635149023638233,1.171205892428914,9.65870161014046,8.395426515930113,39.045906132237064
44b6a54e3f26f0ca33a4,breast_oncology,neostigmine,Breast Neoplasms,TriMoGCL,1,31442,ACHE,43,lowest ten-seed median rank percentile; ties by mean then index,26.349991435423092,31.515715998629666,12.63703323055841,43.1274623158616,2.2160842754367933,77.83701610140459,41.28554299417609,15.765244946899623,77.83701610140459,28.177458033573142,2.2160842754367933,11.594295991778006,24.52252483727304,67.53597122302158,2.4815861596437134,43.7414354230901
44b6a54e3f26f0ca33a4,breast_oncology,neostigmine,Breast Neoplasms,TriNet,1,31442,ACHE,43,lowest ten-seed median rank percentile; ties by mean then index,87.16812264474135,79.16987838300788,67.76239722507708,95.45595666324083,42.998458376156215,99.29984583761562,84.39962315861597,66.13994518670778,99.29984583761562,93.98338472079479,42.998458376156215,97.12230215827338,49.24203494347379,95.94681397738951,72.62975334018499,89.93662213086674
44b6a54e3f26f0ca33a4,breast_oncology,neostigmine,Breast Neoplasms,N2V-MLP,1,31442,ACHE,43,lowest ten-seed median rank percentile; ties by mean then index,59.41675231243576,58.38129496402878,48.335795649194935,77.99117848578281,11.874785885577252,86.73989379924632,53.18602261048304,51.211887632750944,86.73989379924632,82.9136690647482,33.41041452552244,71.19518670777664,47.37709832134293,80.25650907845153,11.874785885577252,65.64748201438849
44b6a54e3f26f0ca33a4,breast_oncology,neostigmine,Breast Neoplasms,RF,1,31442,ACHE,43,lowest ten-seed median rank percentile; ties by mean then index,94.53258821514217,90.4079950325454,86.76531988694758,96.66275907845153,73.85234669407332,99.8800959232614,73.85234669407332,93.4395340870161,99.8800959232614,95.70486467968482,85.01413155190133,97.28288797533402,95.62564234326824,92.01888489208633,74.27950496745461,96.98205721137376
452f01235482f5e60c52,cardiovascular_hypertensive,spironolactone,Myocardial Infarction,HANAMI,1,44856,NR3C2,4306,lowest ten-seed median rank percentile; ties by mean then index,27.26961288112367,25.67060637204522,21.473000171291538,30.5107699554642,2.2439191503939706,44.00265501884207,44.00265501884207,25.6466255566975,27.2760363138061,30.97593353888318,31.95871873929428,29.115279205207262,2.2439191503939706,20.08179170948955,27.263189448441246,18.141915039397055
452f01235482f5e60c52,cardiovascular_hypertensive,spironolactone,Myocardial Infarction,TriMoGCL,1,44856,NR3C2,4306,lowest ten-seed median rank percentile; ties by mean then index,40.224606029462144,35.70165296334361,12.514452723535458,55.05417094895512,5.7254196642685855,63.59198355601233,57.05078794107571,21.794707091469682,34.83855772524837,63.59198355601233,45.61065433367592,6.703922576224734,5.7254196642685855,9.421034600890716,63.2151421719767,49.06431997259335
452f01235482f5e60c52,cardiovascular_hypertensive,spironolactone,Myocardial Infarction,TriNet,1,44856,NR3C2,4306,lowest ten-seed median rank percentile; ties by mean then index,14.772824597464886,21.755524152106883,8.529248030147311,28.070400822199385,2.2846008907159985,57.10003425830764,48.03871188763275,7.731671805412812,12.332990750256938,25.36613566289825,57.10003425830764,10.921976704350804,7.594638574854402,2.2846008907159985,28.97182254196643,17.212658444672833
452f01235482f5e60c52,cardiovascular_hypertensive,spironolactone,Myocardial Infarction,N2V-MLP,1,44856,NR3C2,4306,lowest ten-seed median rank percentile; ties by mean then index,3.675274066461117,12.396796848235699,3.2149280575539567,18.526785714285715,1.0041966426858513,37.23449811579308,34.525950668037,2.2995889003083247,3.41726618705036,15.429085303186023,19.559352517985612,3.894741349777321,3.147482014388489,1.0041966426858513,37.23449811579308,3.455806783144913
452f01235482f5e60c52,cardiovascular_hypertensive,spironolactone,Myocardial Infarction,RF,1,44856,NR3C2,4306,lowest ten-seed median rank percentile; ties by mean then index,2.076374614594039,5.423732442617335,0.69051901336074,10.497494861253854,0.08564576909900651,17.118448098663926,15.08971394313121,2.8552158273381294,0.5770383693045563,17.118448098663926,13.044921205892429,2.570443645083933,0.08564576909900651,0.28263103802672146,1.5823055841041453,1.030960945529291
4579c6cbabc0d20bc207,prostate_oncology,mirabegron,Prostatic Neoplasms,HANAMI,1,26910,ADRB2,154,lowest ten-seed median rank percentile; ties by mean then index,4.157031517643029,10.786870503597124,4.003404419321686,19.824854402192532,3.0382836587872557,22.738951695786227,19.0861596437136,4.117420349434738,22.576224734498116,4.160243233984241,3.0382836587872557,3.9653991092840015,3.961116820829051,22.738951695786227,4.1538198013018155,20.071085988352177
4579c6cbabc0d20bc207,prostate_oncology,mirabegron,Prostatic Neoplasms,TriMoGCL,1,26910,ADRB2,154,lowest ten-seed median rank percentile; ties by mean then index,14.865964371360056,24.872173689619736,7.745589242891401,37.26072713257965,0.3982528263103803,79.25659472422062,79.25659472422062,6.431997259335389,38.658359027064066,7.309866392600205,10.8534600890716,0.3982528263103803,44.81414868105516,33.067831449126416,9.052757793764988,18.87846865364851
4579c6cbabc0d20bc207,prostate_oncology,mirabegron,Prostatic Neoplasms,TriNet,1,26910,ADRB2,154,lowest ten-seed median rank percentile; ties by mean then index,67.53704179513531,63.11044021925318,58.057661014045905,73.54830421377184,19.118276807125728,87.42934224049333,73.70246659815005,64.48912298732442,73.08581706063721,57.34626584446728,43.058410414525525,19.118276807125728,82.09789311408016,87.42934224049333,60.19184652278177,70.58496060294621
4579c6cbabc0d20bc207,prostate_oncology,mirabegron,Prostatic Neoplasms,N2V-MLP,1,26910,ADRB2,154,lowest ten-seed median rank percentile; ties by mean then index,45.22310722850291,44.048475505310044,14.948398424117848,72.4306269270298,4.53708461801987,84.309695101062,73.92942788626242,14.870246659815004,47.95520726276122,42.4910071942446,15.18285371702638,14.746060294621445,74.52894826995546,84.309695101062,4.53708461801987,67.93422404933196
4579c6cbabc0d20bc207,prostate_oncology,mirabegron,Prostatic Neoplasms,RF,1,26910,ADRB2,154,lowest ten-seed median rank percentile; ties by mean then index,49.534836416581015,57.31382750942104,42.632055070229534,76.57614979445016,21.14058752997602,88.73436964713943,88.73436964713943,51.26113394998287,44.77346694073313,41.03502911956149,47.80853888317917,41.918251113395,77.32635320315177,74.32553956834532,21.14058752997602,84.81500513874614
4593ba667f14ff8d5c6f,psychiatric_mood,lamotrigine,Depressive Disorder,HANAMI,10,35626,CHRM2,1129,lowest ten-seed median rank percentile; ties by mean then index,5.787512846865365,12.766144227475163,3.6046163069544366,23.118469510106202,2.4580335731414866,32.939362795477905,2.4580335731414866,5.566974991435423,3.9546933881466257,3.48792394655704,32.939362795477905,24.47756080849606,6.008050702295306,22.49057896539911,2.9504967454607742,23.327766358341897
4593ba667f14ff8d5c6f,psychiatric_mood,lamotrigine,Depressive Disorder,TriMoGCL,10,18245,DRD2,1813,lowest ten-seed median rank percentile; ties by mean then index,5.073441247002398,8.72066632408359,2.7941932168550876,13.381080849606029,0.9785029119561494,29.335817060637204,4.9182082905104485,7.217797190818773,5.228674203494347,16.57673860911271,29.335817060637204,2.445186707776636,0.9785029119561494,3.8412127440904418,1.2290167865707433,15.435508735868448
4593ba667f14ff8d5c6f,psychiatric_mood,lamotrigine,Depressive Disorder,TriNet,10,24694,GABRB3,2562,lowest ten-seed median rank percentile; ties by mean then index,7.443687906817403,17.56787427201096,5.906881637547105,20.124614594039056,0.513874614594039,66.29838985954093,0.513874614594039,13.617677286742035,4.759763617677287,6.290681740322028,5.778948269955464,22.293593696471394,7.459746488523467,41.23843782117164,66.29838985954093,7.427629325111339
4593ba667f14ff8d5c6f,psychiatric_mood,lamotrigine,Depressive Disorder,N2V-MLP,10,18245,DRD2,1813,lowest ten-seed median rank percentile; ties by mean then index,6.80348578280233,10.187350119904075,2.6662598492634464,14.08444672833162,0.3147482014388489,36.22601918465228,6.170777663583419,16.57673860911271,36.22601918465228,0.3147482014388489,0.8800102774922919,7.43619390202124,14.095152449468996,3.8497773210003428,2.2717540253511475,14.052329564919493
4593ba667f14ff8d5c6f,psychiatric_mood,lamotrigine,Depressive Disorder,RF,10,18245,DRD2,1813,lowest ten-seed median rank percentile; ties by mean then index,2.3006594724220624,17.35215399109284,1.1187478588557727,10.513285799931483,0.4764045906132237,96.14594039054471,0.8885748544021925,2.0308752997601918,96.14594039054471,0.4764045906132237,1.8092668722165126,2.570443645083933,12.895041109969167,0.6980130181569031,3.368019869818431,52.638960260363135
459e1facbdbc3f4d72a8,breast_oncology,Methylene Blue,Breast Neoplasms,HANAMI,1,34342,GUCY1A2,2977,lowest ten-seed median rank percentile; ties by mean then index,47.525907845152446,46.1761305241521,29.07727389516958,50.93193302500856,23.201438848920862,92.01781431997259,27.43448098663926,92.01781431997259,50.70229530661185,63.84249743062693,46.55275779376499,28.90330592668722,48.49905789653991,23.201438848920862,29.59917780061665,51.0084789311408
459e1facbdbc3f4d72a8,breast_oncology,Methylene Blue,Breast Neoplasms,TriMoGCL,1,34342,GUCY1A2,2977,lowest ten-seed median rank percentile; ties by mean then index,16.530704008221996,26.017685851318948,9.186044021925317,38.45280918122645,1.5330592668722165,72.73895169578623,4.911784857828024,53.50077081192189,72.73895169578623,30.410671462829736,16.144227475162726,1.5330592668722165,16.91718054128126,6.928742720109627,15.957947927372388,41.13352175402535
459e1facbdbc3f4d72a8,breast_oncology,Methylene Blue,Breast Neoplasms,TriNet,1,34342,GUCY1A2,2977,lowest ten-seed median rank percentile; ties by mean then index,61.44655704008222,64.61716341212744,50.76064148681055,75.98706748886605,45.23381294964029,94.87410071942446,48.43268242548818,94.87410071942446,63.51918465227818,56.6461116820829,59.37392942788626,63.98809523809524,79.98672490578966,48.79881808838643,45.23381294964029,85.3181740322028
459e1facbdbc3f4d72a8,breast_oncology,Methylene Blue,Breast Neoplasms,N2V-MLP,1,34342,GUCY1A2,2977,lowest ten-seed median rank percentile; ties by mean then index,75.23873758136348,76.18362452894829,66.54622730387119,81.347957348407,61.69492977046934,95.54213771839672,64.44415895854745,95.54213771839672,91.33907159986296,70.64277149708805,73.01087701267558,65.18071257279891,77.46659815005138,61.69492977046934,81.07656731757451,81.43842069201781
459e1facbdbc3f4d72a8,breast_oncology,Methylene Blue,Breast Neoplasms,RF,1,34342,GUCY1A2,2977,lowest ten-seed median rank percentile; ties by mean then index,67.19606457690989,69.26194758478931,60.02376670092497,73.91818687906817,47.316075710859884,97.54946043165468,68.88810380267215,91.1720623501199,47.316075710859884,51.65831620417951,72.83423261390887,65.50402535114765,65.07900822199383,58.33868619390202,74.27950496745461,97.54946043165468
460eaf2ffecfc77d2f4c,prostate_oncology,atorvastatin,Prostatic Neoplasms,HANAMI,1,20214,AHR,196,lowest ten-seed median rank percentile; ties by mean then index,32.96933881466256,37.32078622816033,25.590420520726276,56.23126498800959,4.986724905789654,59.37392942788626,39.25145597807468,59.37392942788626,25.524580335731414,56.51978417266187,55.36570743405276,26.68722165125043,23.064405618362454,4.986724905789654,25.78794107571086,56.6461116820829
460eaf2ffecfc77d2f4c,prostate_oncology,atorvastatin,Prostatic Neoplasms,TriMoGCL,1,20214,AHR,196,lowest ten-seed median rank percentile; ties by mean then index,44.93619390202124,47.19617163412128,33.262675573826655,50.13114508393285,19.63215142171977,87.30301473107228,49.24631723192874,47.45203836930455,30.23509763617677,76.5437649880096,42.345409386776296,26.357485440219254,50.426087701267555,19.63215142171977,42.42034943473792,87.30301473107228
460eaf2ffecfc77d2f4c,prostate_oncology,atorvastatin,Prostatic Neoplasms,TriNet,1,20214,AHR,196,lowest ten-seed median rank percentile; ties by mean then index,63.57699554642001,63.01451695786227,51.628340184994855,81.35009849263446,20.041109969167522,88.40998629667695,41.16135662898253,80.6547619047619,63.418550873586845,48.54188078108941,88.40998629667695,60.8877183967112,20.041109969167522,63.73544021925317,81.58187735525865,81.71248715313463
460eaf2ffecfc77d2f4c,prostate_oncology,atorvastatin,Prostatic Neoplasms,N2V-MLP,1,20214,AHR,196,lowest ten-seed median rank percentile; ties by mean then index,31.877355258650223,34.1690219253169,27.587037512846866,39.50785799931483,3.239551216169921,63.31149366221309,34.296848235697155,36.050445357999315,40.66032887975334,3.239551216169921,53.41298389859541,26.047019527235353,29.45786228160329,63.31149366221309,27.646454265159303,27.56723192874272
460eaf2ffecfc77d2f4c,prostate_oncology,atorvastatin,Prostatic Neoplasms,RF,1,20214,AHR,196,lowest ten-seed median rank percentile; ties by mean then index,28.84603031860226,33.5970152449469,13.832862281603289,43.31400950668037,2.23963686193902,89.69574340527578,38.193730729701954,60.796719767043506,2.23963686193902,24.608170606372045,89.69574340527578,20.593525179856115,33.08389003083248,10.15865878725591,45.02076909900651,11.57930798218568
46a44aa83ff9f6aed4f7,cardiovascular_hypertensive,nebivolol,Heart Failure,HANAMI,1,548,ADRB1,153,lowest ten-seed median rank percentile; ties by mean then index,26.81033744433025,30.325025693730726,20.083397567660157,40.50349006509079,14.405618362452895,51.27826310380267,14.405618362452895,21.071000342583076,43.33033573141487,32.02295306611853,27.12401507365536,26.49665981500514,19.358084960602945,51.27826310380267,48.409129838985955,19.75419664268585
46a44aa83ff9f6aed4f7,cardiovascular_hypertensive,nebivolol,Heart Failure,TriMoGCL,1,548,ADRB1,153,lowest ten-seed median rank percentile; ties by mean then index,34.576267557382664,34.556140801644396,23.691225590955806,40.924760191846524,19.638574854402194,56.47696128811237,37.003254539225765,34.33324768756423,42.23192874272011,34.8192874272011,22.809609455292907,24.807297019527237,56.47696128811237,50.122045220966086,23.319201781431996,19.638574854402194
46a44aa83ff9f6aed4f7,cardiovascular_hypertensive,nebivolol,Heart Failure,TriNet,1,548,ADRB1,153,lowest ten-seed median rank percentile; ties by mean then index,46.67908530318603,41.37418636519356,25.94370931825968,49.789632579650565,10.840613223706749,72.97019527235355,24.922918807810895,49.80087358684481,44.59575196985269,10.840613223706749,49.755909558067835,16.66880781089414,48.76241863651936,72.97019527235355,29.00608084960603,66.41829393627955
46a44aa83ff9f6aed4f7,cardiovascular_hypertensive,nebivolol,Heart Failure,N2V-MLP,1,548,ADRB1,153,lowest ten-seed median rank percentile; ties by mean then index,23.739936622130866,29.650137033230557,16.53605686879068,46.247644741349774,12.872559095580678,48.169321685508734,24.316974991435423,15.07579650565262,17.300445357999315,12.872559095580678,47.218653648509765,23.16289825282631,48.169321685508734,46.44355943816375,45.659900650907844,16.281260705721138
46a44aa83ff9f6aed4f7,cardiovascular_hypertensive,nebivolol,Heart Failure,RF,1,548,ADRB1,153,lowest ten-seed median rank percentile; ties by mean then index,37.106564748201436,37.95156731757451,28.616660243233984,42.5493533744433,18.439534087016103,59.2497430626927,18.439534087016103,59.2497430626927,26.19154676258993,31.912684138403563,57.477946214457006,33.34082733812949,40.87230215827338,27.51798561151079,42.84215484755053,41.67094895512162
46ba2bcb2659685603a0,psychiatric_mood,Zopiclone,Depressive Disorder,HANAMI,1,37922,GABRA3,2556,lowest ten-seed median rank percentile; ties by mean then index,18.941632408359027,23.241906474820148,13.10594381637547,32.392300445357996,7.541109969167523,52.35954093867763,19.182511133949983,11.420863309352518,7.541109969167523,7.928657074340528,52.35954093867763,18.16118533744433,33.371873929427885,18.70075368276807,34.298989379924635,29.453579993148338
46ba2bcb2659685603a0,psychiatric_mood,Zopiclone,Depressive Disorder,TriMoGCL,1,37922,GABRA3,2556,lowest ten-seed median rank percentile; ties by mean then index,44.5732699554642,42.240921548475505,28.65172147995889,53.067724391915036,6.840955806783145,90.30704008221994,35.1554470709147,26.48381294964029,43.769270298047275,14.846694073312777,90.30704008221994,57.2327852004111,45.37726961288112,54.937478588557724,47.458461801986985,6.840955806783145
46ba2bcb2659685603a0,psychiatric_mood,Zopiclone,Depressive Disorder,TriNet,1,37922,GABRA3,2556,lowest ten-seed median rank percentile; ties by mean then index,38.90566118533744,42.284815005138746,31.645576396026037,58.72569801301816,11.714200068516615,71.24443302500856,52.515844467283316,60.79564919492977,37.69484412470024,36.64140116478246,29.98030147310723,68.47807468311065,71.24443302500856,13.666923603973963,11.714200068516615,40.11647824597465
46ba2bcb2659685603a0,psychiatric_mood,Zopiclone,Depressive Disorder,N2V-MLP,1,37922,GABRA3,2556,lowest ten-seed median rank percentile; ties by mean then index,57.925445357999315,54.81008050702295,43.82654590613224,69.45604230900994,15.19141829393628,75.78794107571086,56.453408701610144,59.39748201438849,37.998886605001715,69.22319287427202,41.59172661870504,69.53365878725592,72.39208633093526,50.53100376841384,75.78794107571086,15.19141829393628
46ba2bcb2659685603a0,psychiatric_mood,Zopiclone,Depressive Disorder,RF,1,37922,GABRA3,2556,lowest ten-seed median rank percentile; ties by mean then index,54.165596094552924,57.59645854744775,49.71174845837616,57.611232442617336,41.03502911956149,95.96180198698184,56.11189619732785,57.65566118533744,52.219295991778004,41.03502911956149,57.477946214457006,50.150950668037,49.56534772182254,67.31115107913669,95.96180198698184,48.47550531003768
48046876e0f966216fd1,psychiatric_mood,Phenobarbital,Depressive Disorder,HANAMI,1,44224,,2903,lowest ten-seed median rank percentile; ties by mean then index,28.663497773210004,26.41144227475163,24.450796505652622,32.18032716683796,8.658787255909559,36.28597122302158,32.562521411442276,25.764388489208635,30.99734498115793,31.03374443302501,36.28597122302158,26.329650565262074,8.658787255909559,15.07579650565262,24.01293251113395,33.39328537170264
48046876e0f966216fd1,psychiatric_mood,Phenobarbital,Depressive Disorder,TriMoGCL,1,44224,,2903,lowest ten-seed median rank percentile; ties by mean then index,28.277021240150738,30.481971565604663,22.855644056183625,35.9958461801987,16.31123672490579,48.090099349092156,24.040767386091126,22.460602946214458,16.31123672490579,27.595066803699897,48.090099349092156,21.004624871531345,31.521925316889345,37.48715313463515,47.34926344638575,28.958975676601575
48046876e0f966216fd1,psychiatric_mood,Phenobarbital,Depressive Disorder,TriNet,1,44224,,2903,lowest ten-seed median rank percentile; ties by mean then index,17.39893799246317,17.634249743062693,12.512311579307982,23.239979445015415,0.7344124700239808,30.40424803014731,23.704607742377526,21.846094552929085,16.700924974306268,18.096951010620074,27.6293251113395,10.425231243576567,30.40424803014731,15.176430284343953,0.7344124700239808,11.624272010962658
48046876e0f966216fd1,psychiatric_mood,Phenobarbital,Depressive Disorder,N2V-MLP,1,44224,,2903,lowest ten-seed median rank percentile; ties by mean then index,17.24156389174375,18.781688934566635,10.978181740322029,21.930134463857485,3.806954436450839,38.68191161356629,38.68191161356629,16.70948955121617,21.56560465912984,17.773638232271328,22.0516443987667,35.20469338814662,10.665039397053786,9.440304898937992,11.917608770126757,3.806954436450839
48046876e0f966216fd1,psychiatric_mood,Phenobarbital,Depressive Disorder,RF,1,44224,,2903,lowest ten-seed median rank percentile; ties by mean then index,8.961759164097295,12.50224820143885,7.67734027064063,14.57396582733813,2.4023638232271325,41.67094895512162,9.249743062692703,5.013489208633094,16.69664268585132,2.4023638232271325,8.948912298732443,16.348706748886606,8.220923261390887,7.496145940390544,8.974606029462144,41.67094895512162
483fdd3482ac687bf8a2,psychiatric_mood,ziprasidone,Depressive Disorder,HANAMI,14,22625,HTR2A,3356,lowest ten-seed median rank percentile; ties by mean then index,8.350462487153134,10.417094895512163,6.3961330935251794,16.225590955806783,3.0318602261048304,18.144056183624528,6.590441932168551,8.645940390544707,8.054984583761563,3.0318602261048304,18.144056183624528,17.668722165125043,5.45777663583419,17.32828023295649,6.331363480644056,12.917523124357658
483fdd3482ac687bf8a2,psychiatric_mood,ziprasidone,Depressive Disorder,TriMoGCL,14,17927,DRD2,1813,lowest ten-seed median rank percentile; ties by mean then index,9.285071942446043,13.478931140801643,2.5281560465912984,17.477089756766016,1.3060979787598492,49.2848578280233,1.3060979787598492,23.392000685166153,2.068345323741007,17.139859540938676,49.2848578280233,13.142343268242549,1.5309181226447413,5.427800616649537,3.907588215142172,17.589499828708462
483fdd3482ac687bf8a2,psychiatric_mood,ziprasidone,Depressive Disorder,TriNet,14,17927,DRD2,1813,lowest ten-seed median rank percentile; ties by mean then index,15.149665981500513,13.442103460089072,5.54609883521754,17.83091384035629,0.2869133264816718,34.731500513874614,1.685080507022953,14.703237410071942,21.477817745803357,0.2869133264816718,18.28965399109284,5.494176087701268,5.701867077766359,16.454693388146627,15.596094552929085,34.731500513874614
483fdd3482ac687bf8a2,psychiatric_mood,ziprasidone,Depressive Disorder,N2V-MLP,14,17927,DRD2,1813,lowest ten-seed median rank percentile; ties by mean then index,6.198612538540596,9.858256252141144,3.9825282631038026,10.53871188763275,0.5267214799588901,36.45083932853717,3.312350119904077,36.45083932853717,17.647310722850293,0.5267214799588901,7.802329564919493,3.0018842069201783,5.99306269270298,6.198612538540596,6.198612538540596,11.450839328537171
483fdd3482ac687bf8a2,psychiatric_mood,ziprasidone,Depressive Disorder,RF,14,22625,HTR2A,3356,lowest ten-seed median rank percentile; ties by mean then index,6.980130181569031,11.05119475847893,2.938185166152792,13.708140630352862,2.279248030147311,31.242505995203835,2.279248030147311,2.8552158273381294,2.810251798561151,3.18709318259678,7.740236382322713,31.242505995203835,9.601961288112367,15.076867077766359,6.2200239808153475,29.498544021925316
4848bc30fa825d22132a,psychiatric_mood,promethazine,Depressive Disorder,HANAMI,3,18569,DRD2,1813,lowest ten-seed median rank percentile; ties by mean then index,7.0090356286399444,7.462529976019185,5.542351832819459,8.787791195614936,0.9699383350462487,15.673175745118192,3.528605686879068,7.7488009592326135,11.947584789311408,0.9699383350462487,15.673175745118192,5.776807125727989,5.464200068516615,8.952124015073656,6.269270298047276,8.29479273723878
4848bc30fa825d22132a,psychiatric_mood,promethazine,Depressive Disorder,TriMoGCL,3,18569,DRD2,1813,lowest ten-seed median rank percentile; ties by mean then index,8.071043165467625,15.144741349777323,7.383735868448099,17.882836587872557,2.0062521411442273,57.97147995889003,7.209232613908873,20.244518670777662,2.0062521411442273,10.797790339157245,57.97147995889003,25.175573826652965,3.9932339842411784,7.907245632065776,8.018585131894485,8.123501199040767
4848bc30fa825d22132a,psychiatric_mood,promethazine,Depressive Disorder,TriNet,3,18569,DRD2,1813,lowest ten-seed median rank percentile; ties by mean then index,10.567617334703666,11.673946557040082,3.14266443987667,15.875513874614594,1.6122816032887974,28.442959917780062,2.3616820829051046,1.6401164782459747,15.26207605344296,1.6122816032887974,10.271068859198355,5.485611510791367,28.442959917780062,16.07999314833847,10.864165810208975,24.719510106200755
4848bc30fa825d22132a,psychiatric_mood,promethazine,Depressive Disorder,N2V-MLP,3,18569,DRD2,1813,lowest ten-seed median rank percentile; ties by mean then index,10.620075368276808,11.849948612538542,7.2327852004111,13.47796762589928,0.8650222678999657,25.034258307639604,11.054727646454266,23.82237067488866,11.369475847893113,0.8650222678999657,6.348492634463858,9.885662898252827,25.034258307639604,10.185423090099349,5.753254539225762,14.180798218568002
4848bc30fa825d22132a,psychiatric_mood,promethazine,Depressive Disorder,RF,3,18569,DRD2,1813,lowest ten-seed median rank percentile; ties by mean then index,9.090763103802672,19.181654676258994,6.552971908187735,14.309266872216513,1.7503854059609456,88.16910757108599,7.899751627269612,2.8552158273381294,6.217882836587872,1.7503854059609456,10.281774580335732,10.699297704693388,40.87230215827338,88.16910757108599,7.558239122987325,15.512589928057555
484b79677cf33480e921,psychiatric_mood,lorazepam,Bipolar Disorder,HANAMI,7,33511,GABRA1,2554,lowest ten-seed median rank percentile; ties by mean then index,4.2383949982870845,5.587101747173691,3.7486082562521412,6.995118191161357,2.787769784172662,11.988266529633437,2.787769784172662,3.9675402535114763,4.509249743062693,3.3230558410414526,11.988266529633437,3.7041795135320315,7.5732271325796505,5.260791366906475,3.88189448441247,8.87504282288455
484b79677cf33480e921,psychiatric_mood,lorazepam,Bipolar Disorder,TriMoGCL,7,33511,GABRA1,2554,lowest ten-seed median rank percentile; ties by mean then index,7.672790339157245,12.792694415895856,2.5586673518328196,18.905768242548817,0.6080849606029463,36.24957177115451,11.735611510791367,2.8541452552243918,2.460174717368962,2.0212401507365536,35.35671462829736,6.327081192189106,21.295820486467967,36.24957177115451,9.018499486125386,0.6080849606029463
484b79677cf33480e921,psychiatric_mood,lorazepam,Bipolar Disorder,TriNet,7,24564,GABRB3,2562,lowest ten-seed median rank percentile; ties by mean then index,11.369475847893113,23.36138232271326,5.478652792052073,39.37403648509764,3.826224734498116,71.15878725590956,5.5155875299760195,32.881551901336074,4.699811579307982,8.881466255566975,13.857485440219254,45.788369304556355,3.826224734498116,41.53819801301816,71.15878725590956,5.466341212744091
484b79677cf33480e921,psychiatric_mood,lorazepam,Bipolar Disorder,N2V-MLP,7,33511,GABRA1,2554,lowest ten-seed median rank percentile; ties by mean then index,7.4800873586844805,7.679642000685166,3.6169278862624186,9.892086330935253,0.4539225762247345,20.182425488180883,1.672233641658102,7.474734498115793,6.958718739294278,20.182425488180883,10.607228502911957,7.485440219253169,9.403905447070915,10.054813292223365,2.5029976019184654,0.4539225762247345
484b79677cf33480e921,psychiatric_mood,lorazepam,Bipolar Disorder,RF,7,33511,GABRA1,2554,lowest ten-seed median rank percentile; ties by mean then index,6.588836073997944,12.917416067146283,1.1275800787941077,18.728588557725246,0.7579650565262076,54.30477046933881,0.8885748544021925,1.388532031517643,1.0405960945529291,21.4050188420692,25.511733470366565,10.699297704693388,6.957648167180541,54.30477046933881,6.2200239808153475,0.7579650565262076
48923d3731360105e864,psychiatric_mood,desipramine,"Depressive Disorder, Major",HANAMI,8,18621,DRD2,1813,lowest ten-seed median rank percentile; ties by mean then index,3.798389859540939,5.4355087358684475,2.687136005481329,8.459660842754367,1.1155361425145598,10.99049331963001,4.123843782117164,8.446813977389517,10.99049331963001,3.02757793764988,1.1155361425145598,3.472935936964714,2.5736553614251454,8.463943131209318,1.7964200068516616,10.343867762932511
48923d3731360105e864,psychiatric_mood,desipramine,"Depressive Disorder, Major",TriMoGCL,8,23149,HTR2A,3356,lowest ten-seed median rank percentile; ties by mean then index,3.968610825625214,7.367249057896541,3.586951867077766,8.310851318944845,0.9442446043165468,25.929256594724222,2.0726276121959577,3.8754710517300444,3.502911956149366,7.2541966426858515,8.66306954436451,25.929256594724222,4.0617505995203835,0.9442446043165468,3.839071599862967,13.529890373415553
48923d3731360105e864,psychiatric_mood,desipramine,"Depressive Disorder, Major",TriNet,8,44590,ADRA1A,148,lowest ten-seed median rank percentile; ties by mean then index,10.456277834874957,14.509892086330936,5.8346180198698185,25.435722850291196,1.3831791709489552,35.23038711887633,10.506594724220623,10.40596094552929,1.3831791709489552,7.742377526550189,5.198698184309695,30.040253511476532,30.16443987667009,2.8048989379924634,11.622130866735183,35.23038711887633
48923d3731360105e864,psychiatric_mood,desipramine,"Depressive Disorder, Major",N2V-MLP,8,18621,DRD2,1813,lowest ten-seed median rank percentile; ties by mean then index,2.8123929427886263,10.814919492977047,1.1401593011305242,23.66820829051045,0.11776293251113396,26.49665981500514,0.6894484412470024,24.10500171291538,26.49665981500514,0.11776293251113396,25.89499828708462,2.652877697841727,2.492291880781089,2.971908187735526,0.37041795135320316,22.35782802329565
48923d3731360105e864,psychiatric_mood,desipramine,"Depressive Disorder, Major",RF,8,18621,DRD2,1813,lowest ten-seed median rank percentile; ties by mean then index,4.335281774580336,7.785735697156561,2.2032374100719423,10.769687821171633,0.4764045906132237,31.8880609797876,5.604445015416238,2.0308752997601918,4.316546762589928,0.4764045906132237,13.044921205892429,12.491435423090099,0.9303271668379582,4.354016786570743,2.7203237410071943,31.8880609797876
49c1f8df53dbc30392f3,psychiatric_mood,ziprasidone,"Depressive Disorder, Major",HANAMI,11,17926,DRD2,1813,lowest ten-seed median rank percentile; ties by mean then index,4.181654676258993,6.136947584789311,3.2090399109284,8.439855258650223,0.710859883521754,15.679599177800617,4.704093867762933,8.123501199040767,11.699212058924289,3.233127783487496,3.201010620075368,3.659215484755053,1.8135491606714629,8.545306611853375,0.710859883521754,15.679599177800617
49c1f8df53dbc30392f3,psychiatric_mood,ziprasidone,"Depressive Disorder, Major",TriMoGCL,11,22624,HTR2A,3356,lowest ten-seed median rank percentile; ties by mean then index,6.612923946557039,9.94047619047619,4.376498800959233,16.85829907502569,0.6252141144227475,24.351233299075027,1.4238609112709832,7.8922576224734495,4.7169407331277835,14.883093525179856,18.398852346694074,24.351233299075027,4.263018156903049,0.6252141144227475,5.33359027064063,17.516700924974305
49c1f8df53dbc30392f3,psychiatric_mood,ziprasidone,"Depressive Disorder, Major",TriNet,11,44417,ADRA1A,148,lowest ten-seed median rank percentile; ties by mean then index,8.22841726618705,11.857442617334703,4.6837529976019185,14.223085817060637,1.8392428914011647,30.9566632408359,6.941589585474477,14.778177458033573,1.8392428914011647,5.072370674888661,4.554213771839671,30.00171291538198,9.515244946899623,2.357399794450154,12.557810894141829,30.9566632408359
49c1f8df53dbc30392f3,psychiatric_mood,ziprasidone,"Depressive Disorder, Major",N2V-MLP,11,17926,DRD2,1813,lowest ten-seed median rank percentile; ties by mean then index,1.7589499828708464,6.406089414182939,0.7188891743747858,9.360547276464542,0.4646282973621103,20.3965399109284,1.0577252483727304,19.90621788283659,9.92848578280233,0.4646282973621103,7.6567317574511815,0.5267214799588901,2.350976361767729,0.605943816375471,1.1669236039739637,20.3965399109284
49c1f8df53dbc30392f3,psychiatric_mood,ziprasidone,"Depressive Disorder, Major",RF,11,22624,HTR2A,3356,lowest ten-seed median rank percentile; ties by mean then index,6.43146197327852,11.042094895512161,3.355708290510449,13.708140630352862,2.279248030147311,31.242505995203835,2.279248030147311,3.861553614251456,2.810251798561151,3.18709318259678,6.642899965741693,31.242505995203835,9.601961288112367,15.076867077766359,6.2200239808153475,29.498544021925316
49c6b4cac7e4b1e10156,cardiovascular_hypertensive,melatonin,Hypertension,HANAMI,1,39197,HTR2B,3357,lowest ten-seed median rank percentile; ties by mean then index,13.231200753682767,14.913069544364507,12.587786913326482,13.91583162041795,4.1281260705721134,38.40142171976704,13.940990065090784,13.735440219253169,10.176858513189448,16.97927372387804,12.574940047961631,13.840356286399452,4.1281260705721134,38.40142171976704,12.726961288112367,12.626327509421035
49c6b4cac7e4b1e10156,cardiovascular_hypertensive,melatonin,Hypertension,TriMoGCL,1,39197,HTR2B,3357,lowest ten-seed median rank percentile; ties by mean then index,11.643542309009934,15.717711545049672,10.139388489208633,23.161827680712573,1.672233641658102,38.48064405618362,38.48064405618362,10.104059609455293,4.318687906817403,10.245375128468654,26.490236382322713,17.544535799931484,11.557896539910928,25.034258307639604,1.672233641658102,11.729188078108942
49c6b4cac7e4b1e10156,cardiovascular_hypertensive,melatonin,Hypertension,TriNet,1,39197,HTR2B,3357,lowest ten-seed median rank percentile; ties by mean then index,3.8508478931140804,7.058924289140117,1.0935894141829394,7.692060637204522,0.02997601918465228,36.626413155190136,36.626413155190136,0.6616135662898253,3.524323398424118,4.177372387804042,1.1497944501541624,9.221908187735526,5.8003597122302155,1.0748544021925317,0.02997601918465228,8.322627612195957
49c6b4cac7e4b1e10156,cardiovascular_hypertensive,melatonin,Hypertension,N2V-MLP,1,39197,HTR2B,3357,lowest ten-seed median rank percentile; ties by mean then index,8.296933881466256,9.351661527920522,1.204928914011648,11.882815176430285,0.1498800959232614,28.689191503939707,9.712230215827338,20.677029804727646,0.6273552586502227,12.054642000685167,0.1498800959232614,28.689191503939707,11.36733470366564,2.937649880095923,0.4196642685851319,6.881637547105173
49c6b4cac7e4b1e10156,cardiovascular_hypertensive,melatonin,Hypertension,RF,1,39197,HTR2B,3357,lowest ten-seed median rank percentile; ties by mean then index,40.93921291538198,43.954479273723884,37.65068302500856,53.975301901336074,22.27753511476533,75.72584789311408,43.03699897225077,46.06243576567318,75.72584789311408,56.61292394655704,37.771925316889345,37.61026892771497,38.84142685851319,58.33868619390202,23.266743747858857,22.27753511476533
4a002bc790b9de2b2eab,neurological_seizure,diazepam,Epilepsy,HANAMI,2,8351,GABRD,2563,lowest ten-seed median rank percentile; ties by mean then index,14.955892428914012,18.758992805755394,13.86712058924289,19.146646968139773,3.252398081534772,54.950325453922574,10.729273723878041,13.771839671120247,54.950325453922574,14.152963343610825,3.252398081534772,14.27500856457691,24.50967797190819,16.174203494347378,15.636776293251113,20.137461459403905
4a002bc790b9de2b2eab,neurological_seizure,diazepam,Epilepsy,TriMoGCL,2,24757,GABRB3,2562,lowest ten-seed median rank percentile; ties by mean then index,22.564448441247002,23.539311408016445,14.843482356971567,30.86084703665639,11.928314491264132,38.37144570058239,38.37144570058239,22.362110311750598,13.23013018156903,13.082391229873243,29.211630695443645,22.766786570743406,33.346180198698185,31.41058581706064,19.68353888317917,11.928314491264132
4a002bc790b9de2b2eab,neurological_seizure,diazepam,Epilepsy,TriNet,2,24757,GABRB3,2562,lowest ten-seed median rank percentile; ties by mean then index,17.93957690990065,23.96903905447071,8.947306440561835,36.860868448098664,2.5629496402877696,68.6900479616307,22.597636176772866,22.19724220623501,4.335817060637204,11.431569030489893,8.119218910585817,44.45871873929428,2.5629496402877696,41.615279205207266,68.6900479616307,13.68191161356629
4a002bc790b9de2b2eab,neurological_seizure,diazepam,Epilepsy,N2V-MLP,2,24757,GABRB3,2562,lowest ten-seed median rank percentile; ties by mean then index,20.50252655018842,23.280661185337443,5.911699212058924,41.56228588557725,0.13917437478588557,53.47935936964714,28.601404590613225,53.47935936964714,5.406389174374786,43.799246317231926,7.427629325111339,38.911014045906136,0.19270298047276466,42.44604316546763,12.403648509763618,0.13917437478588557
4a002bc790b9de2b2eab,neurological_seizure,diazepam,Epilepsy,RF,2,24757,GABRB3,2562,lowest ten-seed median rank percentile; ties by mean then index,36.762375813634804,35.22856714628298,16.105686879068173,44.50207690990065,2.2867420349434737,96.4392771497088,45.395469338814664,34.927415210688594,6.217882836587872,96.4392771497088,11.64140116478246,41.918251113395,2.2867420349434737,45.36335217540253,38.59733641658102,29.498544021925316
4a267c12052c7a16d5bb,psychiatric_mood,pindolol,"Depressive Disorder, Major",HANAMI,4,23069,HTR2A,3356,lowest ten-seed median rank percentile; ties by mean then index,6.154719081877355,7.170477903391573,4.865750256937307,7.960774237752656,3.761990407673861,14.41204179513532,6.299246317231929,8.451096265844468,6.4898081534772185,5.85174717368962,6.0101918465227815,4.53708461801987,3.761990407673861,11.64140116478246,4.250171291538198,14.41204179513532
4a267c12052c7a16d5bb,psychiatric_mood,pindolol,"Depressive Disorder, Major",TriMoGCL,4,23069,HTR2A,3356,lowest ten-seed median rank percentile; ties by mean then index,10.608299075025695,10.706363480644056,5.520940390544707,13.265459061322371,3.5435936964713943,25.706577595066804,25.706577595066804,6.3977389516957865,13.74828708461802,4.8175745118191164,11.64996574169236,13.328622816032889,9.566632408359027,13.075967797190819,5.228674203494347,3.5435936964713943
4a267c12052c7a16d5bb,psychiatric_mood,pindolol,"Depressive Disorder, Major",TriNet,4,23069,HTR2A,3356,lowest ten-seed median rank percentile; ties by mean then index,17.031731757451183,24.87153134635149,9.91456834532374,43.099092154847554,0.7130010277492291,58.00359712230216,9.660842754367934,10.675745118191161,45.28734155532717,11.395169578622816,7.359112709832134,46.41786570743405,22.668293936279547,36.5343439534087,0.7130010277492291,58.00359712230216
4a267c12052c7a16d5bb,psychiatric_mood,pindolol,"Depressive Disorder, Major",N2V-MLP,4,23069,HTR2A,3356,lowest ten-seed median rank percentile; ties by mean then index,11.484027064063035,12.342411784857827,3.8353245974648855,17.50224820143885,0.2719253168893457,29.477132579650565,15.85945529290853,0.2719253168893457,27.22678999657417,6.194330250085645,3.048989379924632,29.477132579650565,13.74828708461802,9.219767043508051,0.3275950668036999,18.04984583761562
4a267c12052c7a16d5bb,psychiatric_mood,pindolol,"Depressive Disorder, Major",RF,4,23069,HTR2A,3356,lowest ten-seed median rank percentile; ties by mean then index,9.722935936964713,17.310401678657076,4.26489165810209,28.897953066118536,2.9430027406646113,41.918251113395,2.9430027406646113,14.211844809866392,5.234027064063035,3.18709318259678,4.610954093867763,41.918251113395,29.508179170948956,40.27385234669407,4.149537512846865,27.06727475162727
4a4f55c3bc484557b75f,psychiatric_mood,imipramine,"Depressive Disorder, Major",HANAMI,8,18136,DRD2,1813,lowest ten-seed median rank percentile; ties by mean then index,3.429042480301473,5.162726961288113,2.179149537512847,7.672790339157245,1.0063377869133265,12.23021582733813,3.8219424460431655,7.70597807468311,12.23021582733813,3.036142514559781,1.355344295991778,3.0318602261048304,1.894912641315519,7.5732271325796505,1.0063377869133265,9.971308667351833
4a4f55c3bc484557b75f,psychiatric_mood,imipramine,"Depressive Disorder, Major",TriMoGCL,8,18136,DRD2,1813,lowest ten-seed median rank percentile; ties by mean then index,5.770383693045564,7.8776978417266195,2.194137547105173,13.847315005138746,0.381123672490579,18.473792394655703,1.8135491606714629,13.482785200411099,3.368019869818431,8.172747516272697,18.473792394655703,13.968824940047961,1.5030832476875642,0.381123672490579,3.3359027064063036,14.277149708804385
4a4f55c3bc484557b75f,psychiatric_mood,imipramine,"Depressive Disorder, Major",TriNet,8,44455,ADRA1A,148,lowest ten-seed median rank percentile; ties by mean then index,10.136176772867419,14.856329222336417,6.653605686879068,25.740835902706408,1.1733470366563892,35.170435080507026,13.735440219253169,8.69304556354916,1.1733470366563892,9.695101062007536,5.973792394655704,29.742634463857485,35.170435080507026,3.0468482356971567,10.577252483727303,30.755395683453237
4a4f55c3bc484557b75f,psychiatric_mood,imipramine,"Depressive Disorder, Major",N2V-MLP,8,18136,DRD2,1813,lowest ten-seed median rank percentile; ties by mean then index,7.661014045906132,12.239850976361769,0.9485268927714972,20.668465227817748,0.7857999314833847,42.0948955121617,1.854230900993491,23.828794107571085,13.467797190818773,0.8864337101747174,22.595495032545394,0.8628811236724906,14.887375813634806,0.7857999314833847,1.1348064405618363,42.0948955121617
4a4f55c3bc484557b75f,psychiatric_mood,imipramine,"Depressive Disorder, Major",RF,8,18136,DRD2,1813,lowest ten-seed median rank percentile; ties by mean then index,2.278177458033573,5.14302843439534,1.2284815005138747,8.447081620417952,0.25372559095580677,17.606628982528264,2.9430027406646113,2.8552158273381294,0.25372559095580677,0.2580078794107571,10.281774580335732,1.4966598150051387,12.895041109969167,1.7011390887290168,1.1390887290167866,17.606628982528264
4ace4c433a1f081caad3,psychiatric_mood,scopolamine,Depressive Disorder,HANAMI,2,35672,CHRM2,1129,lowest ten-seed median rank percentile; ties by mean then index,10.64041623843782,12.973406988694757,4.198783830078794,15.223535457348408,2.2289311408016443,42.61733470366564,2.8627098321342928,6.806697499143542,3.329479273723878,2.2289311408016443,42.61733470366564,14.060894141829394,9.46813977389517,15.611082562521412,11.812692702980472,20.93610825625214
4ace4c433a1f081caad3,psychiatric_mood,scopolamine,Depressive Disorder,TriMoGCL,2,35672,CHRM2,1129,lowest ten-seed median rank percentile; ties by mean then index,18.99730215827338,27.23792394655704,13.27937649880096,39.64542651593011,3.590698869475848,65.64748201438849,18.366735183281946,18.82065775950668,3.590698869475848,20.465056526207604,65.64748201438849,58.06997259335389,11.58359027064063,46.03888317917095,10.622216512504282,19.173946557040082
4ace4c433a1f081caad3,psychiatric_mood,scopolamine,Depressive Disorder,TriNet,2,35672,CHRM2,1129,lowest ten-seed median rank percentile; ties by mean then index,30.73077252483727,29.39105858170607,26.6379753340185,32.66422576224735,2.7577937649880098,50.22053785542994,2.7577937649880098,32.967197670435084,39.93662213086674,50.22053785542994,26.488095238095237,31.75531003768414,21.235868448098664,29.719081877355258,31.742463172319287,27.087615621788284
4ace4c433a1f081caad3,psychiatric_mood,scopolamine,Depressive Disorder,N2V-MLP,2,35672,CHRM2,1129,lowest ten-seed median rank percentile; ties by mean then index,41.81761733470367,38.226704350805065,27.13793251113395,49.05361425145598,13.896026036313806,60.41024323398424,47.0173860911271,60.41024323398424,50.75368276807126,25.316889345666326,32.601062007536825,18.90416238437821,38.587701267557385,49.73235697156561,45.04753340184995,13.896026036313806
4ace4c433a1f081caad3,psychiatric_mood,scopolamine,Depressive Disorder,RF,2,35672,CHRM2,1129,lowest ten-seed median rank percentile; ties by mean then index,22.90274922918808,37.125727989037344,21.197060208975678,50.68971608427544,4.058538883179171,89.5651336073998,21.840741692360396,21.366478245974648,77.86378040424803,4.058538883179171,13.044921205892429,52.17326139088729,23.96475676601576,89.5651336073998,21.14058752997602,46.239080164439876
4cf2b7f5dffa7afb292c,psychiatric_mood,testosterone,"Depressive Disorder, Major",HANAMI,1,44890,NR3C2,4306,lowest ten-seed median rank percentile; ties by mean then index,18.21578451524495,23.003811236724907,13.488673347036656,30.837829736211027,4.115279205207263,61.57502569373073,34.09986296676944,21.69407331277835,13.15090784515245,33.88574854402192,61.57502569373073,20.99391915039397,4.115279205207263,10.58367591640973,15.437649880095924,14.501969852689276
4cf2b7f5dffa7afb292c,psychiatric_mood,testosterone,"Depressive Disorder, Major",TriMoGCL,1,44890,NR3C2,4306,lowest ten-seed median rank percentile; ties by mean then index,21.315090784515245,30.24237752655019,16.51999828708462,38.74935765673176,12.065347721822542,80.24794450154162,53.50077081192189,13.131637547105173,17.473878040424804,19.839842411784858,43.912726961288115,22.790339157245633,23.259249743062693,12.065347721822542,80.24794450154162,16.202038369304557
4cf2b7f5dffa7afb292c,psychiatric_mood,testosterone,"Depressive Disorder, Major",TriNet,1,44890,NR3C2,4306,lowest ten-seed median rank percentile; ties by mean then index,15.858384720794794,18.6851233299075,10.701974134977732,22.018456663240837,3.115364850976362,46.614850976361765,22.972336416581022,13.889602603631381,10.108341897910243,12.482870846180198,46.614850976361765,19.15681740322028,7.202809181226447,3.115364850976362,33.48107228502912,17.827166837958206
4cf2b7f5dffa7afb292c,psychiatric_mood,testosterone,"Depressive Disorder, Major",N2V-MLP,1,44890,NR3C2,4306,lowest ten-seed median rank percentile; ties by mean then index,6.385962658444672,12.966769441589586,3.4788240835902706,15.446749743062691,1.6486810551558753,51.914182939362796,51.914182939362796,2.817745803357314,2.918379582048647,25.100633778691332,17.225505310037683,5.160157588215142,10.110483042137718,1.6486810551558753,6.5476190476190474,6.224306269270298
4cf2b7f5dffa7afb292c,psychiatric_mood,testosterone,"Depressive Disorder, Major",RF,1,44890,NR3C2,4306,lowest ten-seed median rank percentile; ties by mean then index,12.18578708461802,10.666324083590272,5.2458033573141485,15.406870931825969,0.46891058581706063,18.437392942788627,15.08971394313121,12.73017300445358,3.502911956149366,17.118448098663926,11.64140116478246,18.437392942788627,1.6872216512504283,0.46891058581706063,10.474477560808497,15.512589928057555
4e3d6f96920ca90fc666,psychiatric_mood,tianeptine,Bipolar Disorder,HANAMI,3,29868,HTR1A,3350,lowest ten-seed median rank percentile; ties by mean then index,7.1107399794450155,9.38784686536485,4.999571771154505,9.618019869818431,1.8627954779033915,27.605772524837274,4.828280232956492,4.402192531688935,9.628725590955806,1.8627954779033915,27.605772524837274,6.318516615279205,5.513446385748544,7.902963343610826,9.585902706406303,16.229873244261732
4e3d6f96920ca90fc666,psychiatric_mood,tianeptine,Bipolar Disorder,TriMoGCL,3,29868,HTR1A,3350,lowest ten-seed median rank percentile; ties by mean then index,9.651207605344297,12.489936622130866,9.147503425830763,12.074982870846181,1.5908701610140459,33.53674203494347,33.53674203494347,10.832048646796848,9.044193216855087,1.5908701610140459,25.051387461459402,12.489294278862625,9.806440561836245,9.495974648852346,9.457434052757794,3.5949811579307984
4e3d6f96920ca90fc666,psychiatric_mood,tianeptine,Bipolar Disorder,TriNet,3,29868,HTR1A,3350,lowest ten-seed median rank percentile; ties by mean then index,25.506380609797876,27.68456663240836,15.343974820143885,38.47636176772867,8.29479273723878,60.8705892428914,60.8705892428914,43.4224049331963,41.06072285029119,14.902363823227132,8.29479273723878,9.889945186707777,16.66880781089414,29.241606714628297,30.72327852004111,21.771154504967456
4e3d6f96920ca90fc666,psychiatric_mood,tianeptine,Bipolar Disorder,N2V-MLP,3,29868,HTR1A,3350,lowest ten-seed median rank percentile; ties by mean then index,19.14075882151422,18.14919492977047,12.549781603288798,22.855644056183625,1.867077766358342,38.20015416238438,38.20015416238438,28.845495032545394,21.4135834189791,16.077852004110998,1.867077766358342,18.368876327509422,19.912641315519014,11.373758136348064,23.336330935251798,2.0961801986981845
4e3d6f96920ca90fc666,psychiatric_mood,tianeptine,Bipolar Disorder,RF,3,29868,HTR1A,3350,lowest ten-seed median rank percentile; ties by mean then index,16.321942446043167,19.678828365878722,9.374732356971565,32.19692103460089,5.596951010620075,35.79350805070229,35.79350805070229,32.92330421377184,20.15244946899623,9.298989379924631,5.596951010620075,12.491435423090099,9.601961288112367,30.017771497088045,34.23689619732785,6.67501712915382
4ef58a916bfbc41686dd,cardiovascular_hypertensive,bivalirudin,Myocardial Infarction,HANAMI,1,22464,F2,2147,lowest ten-seed median rank percentile; ties by mean then index,31.20610654333676,36.24400479616307,22.49860825625214,45.572649023638235,14.842411784857829,75.29333675916409,41.70734840698869,75.29333675916409,46.86108256252141,58.17060637204522,16.503939705378553,26.151935594381637,14.842411784857829,21.672661870503596,36.260277492291884,24.976447413497773
4ef58a916bfbc41686dd,cardiovascular_hypertensive,bivalirudin,Myocardial Infarction,TriMoGCL,1,22464,F2,2147,lowest ten-seed median rank percentile; ties by mean then index,48.116863651935596,48.694116135662895,37.25162726961288,56.24892942788627,17.416067146282973,93.44381637547106,47.75608084960603,58.39328537170264,67.95563549160671,93.44381637547106,17.416067146282973,22.353545734840697,33.83864337101747,47.49057896539911,49.81586159643714,48.47764645426516
4ef58a916bfbc41686dd,cardiovascular_hypertensive,bivalirudin,Myocardial Infarction,TriNet,1,22464,F2,2147,lowest ten-seed median rank percentile; ties by mean then index,67.71796848235697,57.25034258307638,30.146775436793426,79.17844295991779,19.3880609797876,82.38266529633437,79.64200068516615,67.10560123329907,81.41486810551558,54.16238437821172,68.33033573141486,19.3880609797876,22.14157245632066,77.78776978417267,82.38266529633437,20.148167180541282
4ef58a916bfbc41686dd,cardiovascular_hypertensive,bivalirudin,Myocardial Infarction,N2V-MLP,1,22464,F2,2147,lowest ten-seed median rank percentile; ties by mean then index,19.63429256594724,28.651293251113394,9.135727132579651,49.66598150051388,3.22242206235012,65.65176430284345,55.26293251113395,16.069287427201097,23.19929770469339,50.26978417266187,9.093439534087016,6.626841384035629,9.262589928057555,65.65176430284345,47.85457348406989,3.22242206235012
4ef58a916bfbc41686dd,cardiovascular_hypertensive,bivalirudin,Myocardial Infarction,RF,1,22464,F2,2147,lowest ten-seed median rank percentile; ties by mean then index,50.79382922233641,47.254838985954095,31.465987923946557,60.56306740322028,24.792309009934907,68.04877526550189,61.792351832819456,68.04877526550189,56.87521411442275,48.9486981843097,30.215827338129497,24.792309009934907,29.508179170948956,35.21646968139774,64.51160500171291,52.638960260363135
4f0d50b124d041d40dbc,psychiatric_mood,carbamazepine,Depressive Disorder,HANAMI,1,33023,CHRNA4,1137,lowest ten-seed median rank percentile; ties by mean then index,21.319373072970194,25.11198184309695,20.013275094210346,27.923197156560466,13.615536142514559,46.3707605344296,19.972593353888318,20.13532031517643,21.98526892771497,29.192360397396367,46.3707605344296,24.11570743405276,13.615536142514559,20.65347721822542,17.84643713600548,37.23235697156561
4f0d50b124d041d40dbc,psychiatric_mood,carbamazepine,Depressive Disorder,TriMoGCL,1,33023,CHRNA4,1137,lowest ten-seed median rank percentile; ties by mean then index,26.47203665638917,30.76824254881808,21.262097464885237,35.887183110654334,16.87221651250428,64.6026036313806,23.993662213086672,16.87221651250428,28.08110654333676,20.351575882151423,64.6026036313806,27.680712572798903,17.437478588557724,38.489208633093526,44.91050017129154,25.263360739979444
4f0d50b124d041d40dbc,psychiatric_mood,carbamazepine,Depressive Disorder,TriNet,1,33023,CHRNA4,1137,lowest ten-seed median rank percentile; ties by mean then index,53.61960431654676,49.56320657759507,32.161592154847554,68.40152877697841,6.391315519013361,80.258650222679,22.629753340184994,71.56774580335731,80.258650222679,45.30875299760192,58.902877697841724,53.2502569373073,6.391315519013361,75.55455635491607,53.98895169578623,27.779205207262763
4f0d50b124d041d40dbc,psychiatric_mood,carbamazepine,Depressive Disorder,N2V-MLP,1,33023,CHRNA4,1137,lowest ten-seed median rank percentile; ties by mean then index,28.47400650907845,29.246317231928742,11.32237067488866,40.56023038711888,8.401849948612538,63.61553614251456,28.592840013703324,10.906988694758478,28.35517300445358,39.649708804385064,40.86373758136348,49.85654333675917,9.652278177458033,63.61553614251456,8.401849948612538,12.568516615279206
4f0d50b124d041d40dbc,psychiatric_mood,carbamazepine,Depressive Disorder,RF,1,33023,CHRNA4,1137,lowest ten-seed median rank percentile; ties by mean then index,40.21818259677972,35.08286228160329,12.284547362110311,50.02676430284344,8.163112367249058,68.98017300445358,9.249743062692703,49.65420520726276,54.58418979102432,46.19946899623159,21.388960260363138,50.150950668037,8.220923261390887,68.98017300445358,34.23689619732785,8.163112367249058
4fc1c4569f35461e59ab,psychiatric_mood,eszopiclone,Depressive Disorder,HANAMI,2,24649,GABRB3,2562,lowest ten-seed median rank percentile; ties by mean then index,23.001241863651934,21.56881637547105,14.679684823569715,25.638060979787596,12.11887632750942,33.8108084960603,16.619561493662214,12.11887632750942,14.033059266872216,12.975334018499487,33.8108084960603,25.36613566289825,28.980387118876326,20.636348064405617,25.445357999314833,25.702295306611852
4fc1c4569f35461e59ab,psychiatric_mood,eszopiclone,Depressive Disorder,TriMoGCL,2,38102,GABRA6,2559,lowest ten-seed median rank percentile; ties by mean then index,38.37679856115108,39.823355601233295,21.550081363480643,43.72270041109969,10.988352175402536,88.93242548818088,36.22173689619733,30.965227817745802,12.112452894826996,18.411699212058924,88.93242548818088,44.51867077766358,41.33478931140802,74.21634121274408,40.53186022610483,10.988352175402536
4fc1c4569f35461e59ab,psychiatric_mood,eszopiclone,Depressive Disorder,TriNet,2,24649,GABRB3,2562,lowest ten-seed median rank percentile; ties by mean then index,15.221394313120932,23.56179342240494,5.6579736211031175,37.86452980472765,2.0704864679684825,70.48218568002741,2.0704864679684825,35.431654676258994,5.5862452894827,18.89131551901336,5.873158615964371,38.67548818088387,11.551473107228503,43.90416238437821,70.48218568002741,3.1517643028434397
4fc1c4569f35461e59ab,psychiatric_mood,eszopiclone,Depressive Disorder,N2V-MLP,2,24649,GABRB3,2562,lowest ten-seed median rank percentile; ties by mean then index,49.52252483727304,40.515159301130524,14.19471565604659,63.29864679684823,1.565176430284344,76.31466255566976,47.595495032545394,76.31466255566976,9.637290167865707,67.00710859883522,27.86699212058924,68.2682425488181,1.565176430284344,52.17326139088729,51.449554642000685,3.2738095238095237
4fc1c4569f35461e59ab,psychiatric_mood,eszopiclone,Depressive Disorder,RF,2,24649,GABRB3,2562,lowest ten-seed median rank percentile; ties by mean then index,49.0172147995889,48.396604145255225,27.355526293251113,63.58770126755738,18.352817745803357,88.16910757108599,45.395469338814664,30.84746488523467,26.19154676258993,79.52530832476876,19.50261219595752,65.50402535114765,18.352817745803357,88.16910757108599,57.83872901678657,52.638960260363135
4fc642c3ed6b22c4b037,cardiovascular_hypertensive,bupivacaine,Atrial Fibrillation,HANAMI,1,19716,KCNA5,3741,lowest ten-seed median rank percentile; ties by mean then index,64.68289653991093,61.91996402877699,57.41478245974649,67.3812735525865,18.66007194244604,92.55738266529633,56.75316889345666,79.25231243576567,64.74391915039396,67.48672490578966,92.55738266529633,67.06491949297704,18.66007194244604,59.39962315861597,48.659643713600545,64.62187392942789
4fc642c3ed6b22c4b037,cardiovascular_hypertensive,bupivacaine,Atrial Fibrillation,TriMoGCL,1,19716,KCNA5,3741,lowest ten-seed median rank percentile; ties by mean then index,35.62114594039054,38.26417437478589,22.22454179513532,43.79817574511819,16.897910243233984,73.9829564919493,41.80369989722508,66.19989722507708,20.756252141144227,44.46300102774923,73.9829564919493,16.897910243233984,26.629410757108598,31.153648509763617,20.666324083590272,40.08864337101747
4fc642c3ed6b22c4b037,cardiovascular_hypertensive,bupivacaine,Atrial Fibrillation,TriNet,1,19716,KCNA5,3741,lowest ten-seed median rank percentile; ties by mean then index,50.64876670092497,47.60555841041453,38.694758478931135,58.103695614936626,10.433795820486468,81.42771497088044,36.02903391572456,63.08453237410072,10.433795820486468,58.84078451524495,81.42771497088044,55.892428914011646,49.53108941418294,46.69193216855087,51.76644398766701,22.35782802329565
4fc642c3ed6b22c4b037,cardiovascular_hypertensive,bupivacaine,Atrial Fibrillation,N2V-MLP,1,19716,KCNA5,3741,lowest ten-seed median rank percentile; ties by mean then index,58.96604145255225,52.12551387461459,32.0475762247345,62.709296848235695,13.133778691332648,91.90861596437136,61.08470366563892,80.14731072285029,13.133778691332648,62.116735183281946,91.90861596437136,55.32930798218568,13.493490921548476,56.84737923946557,62.90681740322028,24.28699897225077
4fc642c3ed6b22c4b037,cardiovascular_hypertensive,bupivacaine,Atrial Fibrillation,RF,1,19716,KCNA5,3741,lowest ten-seed median rank percentile; ties by mean then index,45.62992463172319,52.14885234669407,35.57216726618705,64.30364636861938,27.06727475162727,94.33560294621445,43.03699897225077,94.33560294621445,32.72417780061665,43.55194415895855,55.15587529976019,67.35290339157245,33.08389003083248,47.707905104487836,77.47195101062007,27.06727475162727
511b1dc5ee6b810cba88,psychiatric_mood,gabapentin,Bipolar Disorder,HANAMI,4,844,CACNA1C,775,lowest ten-seed median rank percentile; ties by mean then index,12.048218568002742,14.181868790681738,9.267942788626241,20.5234027064063,1.0298903734155533,25.47747516272696,20.55070229530661,12.285885577252484,11.810551558752998,23.77312435765673,10.138317917094895,20.441503939705377,1.0298903734155533,7.333418979102432,8.977817745803357,25.47747516272696
511b1dc5ee6b810cba88,psychiatric_mood,gabapentin,Bipolar Disorder,TriMoGCL,4,844,CACNA1C,775,lowest ten-seed median rank percentile; ties by mean then index,12.732314148681056,11.79556354916067,2.369711373758136,16.583697327852004,0.710859883521754,30.098064405618363,10.675745118191161,30.098064405618363,3.6913326481671804,16.44398766700925,14.788883179170949,1.2932511133949982,0.710859883521754,1.9291709489551216,16.630267214799588,21.69407331277835
511b1dc5ee6b810cba88,psychiatric_mood,gabapentin,Bipolar Disorder,TriNet,4,44218,,2903,lowest ten-seed median rank percentile; ties by mean then index,21.664097293593695,21.136091127098318,15.401785714285715,26.482207091469682,4.177372387804042,38.27295306611853,14.069458718739295,38.27295306611853,22.43276807125728,30.776807125727988,20.89542651593011,26.834960602946214,9.07845152449469,19.398766700924973,4.177372387804042,25.423946557040082
511b1dc5ee6b810cba88,psychiatric_mood,gabapentin,Bipolar Disorder,N2V-MLP,4,44218,,2903,lowest ten-seed median rank percentile; ties by mean then index,14.083376156217884,14.498758136348064,11.549331963001027,18.686836245289484,4.031774580335731,27.55866735183282,14.701096265844468,11.780575539568344,27.55866735183282,18.97267899965742,4.031774580335731,20.492891401164783,13.465656046591299,4.6826824254881805,11.472250770811922,17.82930798218568
511b1dc5ee6b810cba88,psychiatric_mood,gabapentin,Bipolar Disorder,RF,4,44218,,2903,lowest ten-seed median rank percentile; ties by mean then index,4.617377526550189,6.319266015758822,1.787855429941761,5.953183881466256,0.28263103802672146,22.033444672833163,4.582048646796848,6.239294278862624,22.033444672833163,4.058538883179171,14.512675573826654,0.7055070229530661,4.652706406303529,0.28263103802672146,5.0948526892771495,1.030960945529291
52ad7a74f576bab1400e,prostate_oncology,cyclophosphamide,Prostatic Neoplasms,HANAMI,3,34684,CYP3A4,1576,lowest ten-seed median rank percentile; ties by mean then index,8.602046933881466,10.252440904419322,4.167737238780404,14.391165638917439,0.019270298047276466,26.897053785542994,20.89542651593011,6.798132922233641,2.2931654676258995,11.38018156903049,10.40596094552929,4.325111339499829,0.019270298047276466,4.115279205207263,15.39482699554642,26.897053785542994
52ad7a74f576bab1400e,prostate_oncology,cyclophosphamide,Prostatic Neoplasms,TriMoGCL,3,34684,CYP3A4,1576,lowest ten-seed median rank percentile; ties by mean then index,5.474905789653991,10.722207947927373,1.5582177115450497,14.014859540938678,0.11348064405618362,47.203665638917435,6.810979787598493,2.6871360054813294,1.18191161356629,16.416152792052074,0.7922233641658102,0.11348064405618362,6.335645769099006,4.614165810208975,21.066718054128128,47.203665638917435
52ad7a74f576bab1400e,prostate_oncology,cyclophosphamide,Prostatic Neoplasms,TriNet,3,40197,CYP2A6,1548,lowest ten-seed median rank percentile; ties by mean then index,28.88617677286742,28.93199725933539,17.695486467968482,39.01378896882494,3.9525522439191505,53.845495032545394,53.845495032545394,17.546676944158957,18.141915039397055,36.65638917437479,34.42745803357314,3.9525522439191505,12.350119904076738,23.3448955121617,49.25488180883865,39.79958890030832
52ad7a74f576bab1400e,prostate_oncology,cyclophosphamide,Prostatic Neoplasms,N2V-MLP,3,40197,CYP2A6,1548,lowest ten-seed median rank percentile; ties by mean then index,11.363052415210689,23.08795820486468,8.076931312093183,31.861296676944157,1.8328194587187392,68.56157930798219,56.83881466255567,10.119047619047619,1.8328194587187392,24.02149708804385,5.995203836930456,12.607057211373759,8.48963686193902,7.939362795477903,34.47456320657759,68.56157930798219
52ad7a74f576bab1400e,prostate_oncology,cyclophosphamide,Prostatic Neoplasms,RF,3,40197,CYP2A6,1548,lowest ten-seed median rank percentile; ties by mean then index,22.362645597807468,24.36129667694416,5.677779205207263,41.92975976361768,1.0405960945529291,49.56534772182254,43.03699897225077,17.658016443987666,1.0405960945529291,38.6080421377184,2.3755995203836933,14.37671291538198,49.56534772182254,2.7781346351490237,47.106243576567316,27.06727475162727
539cb5fa0ebfc371cc5f,breast_oncology,levofloxacin,Breast Neoplasms,HANAMI,1,22374,TOP2A,7153,lowest ten-seed median rank percentile; ties by mean then index,15.441932168550872,16.599006509078453,9.923132922233641,20.864379924631724,1.4388489208633093,37.759078451524495,14.294278862624186,18.375299760191847,28.781260705721138,21.69407331277835,16.58958547447756,13.568430969510107,1.4388489208633093,8.708033573141487,4.781175059952038,37.759078451524495
539cb5fa0ebfc371cc5f,breast_oncology,levofloxacin,Breast Neoplasms,TriMoGCL,1,22374,TOP2A,7153,lowest ten-seed median rank percentile; ties by mean then index,32.549674546077426,34.732142857142854,12.527834874957177,48.397353545734845,4.130267214799589,86.80626927029805,4.130267214799589,12.861853374443303,5.239379924631723,50.33401849948613,42.58735868448099,12.416495375128468,86.80626927029805,67.84643713600548,22.625471051730045,42.4738780404248
539cb5fa0ebfc371cc5f,breast_oncology,levofloxacin,Breast Neoplasms,TriNet,1,22374,TOP2A,7153,lowest ten-seed median rank percentile; ties by mean then index,56.61934737923947,57.514131551901336,52.94300274066461,68.2511133949983,21.407159986296676,92.09917780061664,21.407159986296676,58.69304556354916,53.78126070572114,27.847721822541967,70.95966084275437,52.6635834189791,92.09917780061664,83.01858513189448,60.125471051730045,54.54564919492977
539cb5fa0ebfc371cc5f,breast_oncology,levofloxacin,Breast Neoplasms,N2V-MLP,1,22374,TOP2A,7153,lowest ten-seed median rank percentile; ties by mean then index,35.320315176430285,33.159258307639604,15.77113309352518,46.3140202124015,3.802672147995889,66.78871188763276,9.093439534087016,46.991692360397394,16.906474820143885,31.294964028776977,57.69527235354573,15.392685851318944,39.34566632408359,66.78871188763276,3.802672147995889,44.28100376841384
539cb5fa0ebfc371cc5f,breast_oncology,levofloxacin,Breast Neoplasms,RF,1,22374,TOP2A,7153,lowest ten-seed median rank percentile; ties by mean then index,61.813227989037344,64.0909772182254,50.40842326139089,80.43020940390545,42.84215484755053,85.8620246659815,49.82014388489208,76.08556012332991,54.58418979102432,69.04226618705036,83.2583932853717,52.17326139088729,85.8620246659815,45.36335217540253,42.84215484755053,81.87842583076396
53bf48ee89c1d2aaa25a,breast_oncology,sulindac,Breast Neoplasms,HANAMI,2,11074,PTGS2,5743,lowest ten-seed median rank percentile; ties by mean then index,3.8519184652278176,8.093525179856115,1.2102817745803356,11.14037341555327,0.276207605344296,35.60722850291196,12.360825625214114,7.479016786570743,35.60722850291196,2.04051044878383,0.933538883179171,0.276207605344296,0.6873072970195272,2.944073312778349,13.846779719081878,4.759763617677287
53bf48ee89c1d2aaa25a,breast_oncology,sulindac,Breast Neoplasms,TriMoGCL,2,11074,PTGS2,5743,lowest ten-seed median rank percentile; ties by mean then index,8.914653991092841,12.823955121616994,5.525757965056526,14.932339842411785,1.3382151421719768,48.30849606029462,15.084361082562522,2.905532716683796,17.01139088729017,5.877440904419322,7.990750256937307,1.3382151421719768,48.30849606029462,5.408530318602261,14.476276121959575,9.838557725248373
53bf48ee89c1d2aaa25a,breast_oncology,sulindac,Breast Neoplasms,TriNet,2,11074,PTGS2,5743,lowest ten-seed median rank percentile; ties by mean then index,46.27440904419322,42.12808324768756,20.70325882151422,64.23860911270984,6.031603288797533,70.89756766015759,19.195357999314833,25.226961288112367,56.16221308667352,59.1640972935937,36.386605001712915,14.703237410071942,70.89756766015759,67.58307639602603,65.93011305241521,6.031603288797533
53bf48ee89c1d2aaa25a,breast_oncology,sulindac,Breast Neoplasms,N2V-MLP,2,11074,PTGS2,5743,lowest ten-seed median rank percentile; ties by mean then index,29.629153819801303,37.98068687906817,24.1510363138061,46.16092840013703,14.155104487838301,92.77792052072627,18.649366221308668,26.440990065090784,48.085817060637204,23.387718396711204,56.665381980130185,14.155104487838301,92.77792052072627,28.153905447070915,40.38626241863652,31.10440219253169
53bf48ee89c1d2aaa25a,breast_oncology,sulindac,Breast Neoplasms,RF,2,11074,PTGS2,5743,lowest ten-seed median rank percentile; ties by mean then index,41.71323655361425,44.056825967797195,27.675627355258648,56.56100119904077,13.500984926344639,90.66568174032203,40.61108256252141,21.366478245974648,67.53383007879411,29.9310551558753,42.81539054470709,26.923818088386433,90.66568174032203,47.707905104487836,59.51203323055841,13.500984926344639
5440c90771350b6f8414,psychiatric_mood,zonisamide,Bipolar Disorder,HANAMI,1,37319,MAOA,4128,lowest ten-seed median rank percentile; ties by mean then index,12.71732613908873,16.366906474820144,7.7198955121617,24.28699897225077,1.90775950668037,42.101318944844124,13.418550873586845,16.752312435765674,4.663412127440904,42.101318944844124,7.2370674888660504,26.798561151079138,1.90775950668037,12.016101404590612,9.168379582048647,29.605601233299076
5440c90771350b6f8414,psychiatric_mood,zonisamide,Bipolar Disorder,TriMoGCL,1,37319,MAOA,4128,lowest ten-seed median rank percentile; ties by mean then index,5.66118533744433,8.754710517300447,2.6967711545049675,12.80939534087016,0.27834874957177114,25.137033230558412,3.3359027064063036,2.068345323741007,0.27834874957177114,12.080335731414868,25.137033230558412,7.907245632065776,3.4151250428228845,13.052415210688592,2.4837273038711887,17.788626241863653
5440c90771350b6f8414,psychiatric_mood,zonisamide,Bipolar Disorder,TriNet,1,37319,MAOA,4128,lowest ten-seed median rank percentile; ties by mean then index,11.489379924631724,24.04226618705036,7.991820829051045,46.46925316889346,6.312093182596779,51.18191161356629,8.752997601918466,7.339842411784858,11.64568345323741,11.333076396026037,51.18191161356629,50.3961116820829,35.64576909900651,50.077081192189105,7.738095238095238,6.312093182596779
5440c90771350b6f8414,psychiatric_mood,zonisamide,Bipolar Disorder,N2V-MLP,1,37319,MAOA,4128,lowest ten-seed median rank percentile; ties by mean then index,2.7299588900308325,8.32947927372388,1.7289739636861938,15.056526207605344,0.3447242206235012,30.361425145597806,1.8927714970880438,3.567146282973621,0.3447242206235012,1.7129153819801302,18.22756080849606,30.361425145597806,5.543422404933196,19.146111682082903,0.7215656046591299,1.777149708804385
5440c90771350b6f8414,psychiatric_mood,zonisamide,Bipolar Disorder,RF,1,37319,MAOA,4128,lowest ten-seed median rank percentile; ties by mean then index,28.45313035286057,35.14345666324083,23.541345495032544,45.30634421034601,16.69664268585132,74.19064748201438,27.39808153477218,23.166109969167522,16.69664268585132,29.9310551558753,50.43144056183625,74.19064748201438,29.508179170948956,54.30477046933881,21.14058752997602,24.667052072627612
54c4b2ca6fb19b469eb8,cardiovascular_hypertensive,Thalidomide,Hypertension,HANAMI,2,14034,TNF,7124,lowest ten-seed median rank percentile; ties by mean then index,2.971908187735526,7.133650222678999,0.9019570058239123,11.05686879068174,0.010705721137375813,28.35945529290853,12.624186365193559,28.35945529290853,6.3549160671462825,14.953751284686536,2.817745803357314,0.010705721137375813,3.1260705721137376,0.4175231243576567,2.355258650222679,0.3168893456663241
54c4b2ca6fb19b469eb8,cardiovascular_hypertensive,Thalidomide,Hypertension,TriMoGCL,2,14034,TNF,7124,lowest ten-seed median rank percentile; ties by mean then index,8.91893627954779,12.068773552586501,3.9113352175402536,17.728674203494347,1.1390887290167866,30.158016443987666,30.158016443987666,28.091812264474136,4.295135320315176,12.756937307297019,1.1390887290167866,3.7834018499486124,19.385919835560124,11.759164097293594,3.239551216169921,6.078708461801987
54c4b2ca6fb19b469eb8,cardiovascular_hypertensive,Thalidomide,Hypertension,TriNet,2,14034,TNF,7124,lowest ten-seed median rank percentile; ties by mean then index,28.94398766700925,37.191461116820825,24.502183967112025,56.25107057211374,3.3037855429941763,74.95503597122303,25.462487153134635,62.34583761562179,74.95503597122303,27.466598150051386,37.966769441589584,22.850291195614936,30.421377183967113,24.182082905104487,62.96034600890716,3.3037855429941763
54c4b2ca6fb19b469eb8,cardiovascular_hypertensive,Thalidomide,Hypertension,N2V-MLP,2,14034,TNF,7124,lowest ten-seed median rank percentile; ties by mean then index,3.767343268242549,5.734412470023981,1.0464842411784858,5.597486296676944,0.1563035286056869,25.107057211373757,0.1563035286056869,25.107057211373757,5.220109626584446,3.3037855429941763,0.92069201781432,10.57939362795478,4.230900993490922,5.72327852004111,0.6787427201096266,1.4238609112709832
54c4b2ca6fb19b469eb8,cardiovascular_hypertensive,Thalidomide,Hypertension,RF,2,14034,TNF,7124,lowest ten-seed median rank percentile; ties by mean then index,35.80635491606715,38.76209746488523,17.424096437136004,55.5270961801987,8.75085645769099,73.63716169921206,31.28961116820829,72.76464542651593,73.63716169921206,22.956277834874957,40.323098663926004,52.17326139088729,56.64504110996917,8.75085645769099,15.58003597122302,13.500984926344639
56df4f342979f484e8f4,psychiatric_mood,carbamazepine,Bipolar Disorder,HANAMI,1,36293,SCN8A,6334,lowest ten-seed median rank percentile; ties by mean then index,17.983470366563893,17.818816375471055,10.545670606372045,22.746980986639258,4.012504282288455,38.838215142171975,15.698869475847893,17.921377183967113,18.35174717368962,24.21205892428914,38.838215142171975,18.045563549160672,4.012504282288455,8.827937649880097,4.123843782117164,28.15604659129839
56df4f342979f484e8f4,psychiatric_mood,carbamazepine,Bipolar Disorder,TriMoGCL,1,36293,SCN8A,6334,lowest ten-seed median rank percentile; ties by mean then index,10.65005138746146,13.552800616649538,4.467497430626928,19.64499828708462,3.010448783830079,35.572970195272354,4.66983556012333,4.40005138746146,20.574254881808837,6.845238095238095,35.572970195272354,3.010448783830079,14.454864679684823,25.177714970880437,3.9653991092840015,16.857228502911955
56df4f342979f484e8f4,psychiatric_mood,carbamazepine,Bipolar Disorder,TriNet,1,36293,SCN8A,6334,lowest ten-seed median rank percentile; ties by mean then index,10.830978074683111,12.407930798218569,6.615600376841384,14.034129838985955,1.1776293251113394,34.22190818773553,5.498458376156218,14.60260363138061,10.215399109284002,1.1776293251113394,34.22190818773553,1.894912641315519,9.967026378896882,12.328708461801988,22.726104830421377,11.44655704008222
56df4f342979f484e8f4,psychiatric_mood,carbamazepine,Bipolar Disorder,N2V-MLP,1,36293,SCN8A,6334,lowest ten-seed median rank percentile; ties by mean then index,6.208247687564234,7.612624186365194,3.106800274066461,10.480365707434052,1.792137718396711,20.796933881466256,2.539397053785543,11.557896539910928,2.1197327852004113,4.8090099349092155,5.663326481671805,6.753168893456663,12.846865364850977,20.796933881466256,7.247773210003426,1.792137718396711
56df4f342979f484e8f4,psychiatric_mood,carbamazepine,Bipolar Disorder,RF,1,36293,SCN8A,6334,lowest ten-seed median rank percentile; ties by mean then index,14.316760877012676,17.761861939020214,7.9586330935251794,18.705303614251456,1.3082391229873245,67.31115107913669,1.3082391229873245,19.490835902706408,11.80948098663926,13.05348578280233,21.388960260363138,16.348706748886606,4.652706406303529,67.31115107913669,15.58003597122302,6.67501712915382
58055359cb6258148006,prostate_oncology,5-fluorouracil,Prostatic Neoplasms,HANAMI,1,36882,TYMS,7298,lowest ten-seed median rank percentile; ties by mean then index,12.673432682425489,15.067446043165466,7.510598663926002,15.51954864679685,0.0578108941418294,40.18713600548133,16.039311408016445,13.232271325796505,7.952209660842755,35.196128811236726,7.3633949982870845,13.960260363138062,0.0578108941418294,4.571342925659472,12.11459403905447,40.18713600548133
58055359cb6258148006,prostate_oncology,5-fluorouracil,Prostatic Neoplasms,TriMoGCL,1,36882,TYMS,7298,lowest ten-seed median rank percentile; ties by mean then index,5.160157588215142,15.744904076738607,1.3173389859540938,23.796141658102087,0.4539225762247345,55.75967797190819,27.749229188078107,3.213857485440219,5.1879924631723195,46.70906132237067,0.4539225762247345,0.6851661527920521,5.132322713257965,0.6209318259677972,11.936879068174033,55.75967797190819
58055359cb6258148006,prostate_oncology,5-fluorouracil,Prostatic Neoplasms,TriNet,1,36882,TYMS,7298,lowest ten-seed median rank percentile; ties by mean then index,35.6082990750257,44.92891401164783,32.13054556354916,64.8943345323741,11.988266529633437,89.82956491949298,32.06791709489551,36.72704693388147,48.72173689619733,34.48955121616992,18.548732442617336,11.988266529633437,32.3184309695101,89.82956491949298,70.2852004110997,74.31269270298047
58055359cb6258148006,prostate_oncology,5-fluorouracil,Prostatic Neoplasms,N2V-MLP,1,36882,TYMS,7298,lowest ten-seed median rank percentile; ties by mean then index,8.736939020212402,17.588001027749232,4.113673347036657,22.57890116478246,0.5952380952380952,75.83932853717026,22.719681397738952,22.156560465912985,4.9182082905104485,10.425231243576567,3.817660157588215,3.8454950325453923,0.5952380952380952,75.83932853717026,7.048646796848236,24.513960260363138
58055359cb6258148006,prostate_oncology,5-fluorouracil,Prostatic Neoplasms,RF,1,36882,TYMS,7298,lowest ten-seed median rank percentile; ties by mean then index,8.5688591983556,13.070079650565262,5.4058538883179175,16.195882579650565,1.8092668722165126,43.03699897225077,43.03699897225077,17.658016443987666,11.80948098663926,22.956277834874957,1.8092668722165126,5.264003083247688,5.73184309695101,5.297190818773553,8.974606029462144,8.163112367249058
5835d4ae9448405d70e9,prostate_oncology,aspirin,Prostatic Neoplasms,HANAMI,2,11681,PTGS2,5743,lowest ten-seed median rank percentile; ties by mean then index,2.0672747516272696,2.825668036998972,0.17396796848235696,4.7164054470709145,0.04068174032202809,8.73372730387119,8.73372730387119,5.796077423775266,3.9632579650565263,0.4774751627269613,0.04068174032202809,0.07065775950668036,0.07279890373415553,1.5930113052415211,4.967454607742377,2.541538198013018
5835d4ae9448405d70e9,prostate_oncology,aspirin,Prostatic Neoplasms,TriMoGCL,2,11681,PTGS2,5743,lowest ten-seed median rank percentile; ties by mean then index,2.3563292223364165,3.9275008564576908,0.9560208975676601,4.022674717368962,0.025693730729701953,12.921805412812606,2.9697670435080505,0.7943645083932853,1.7428914011647825,4.365793079821857,1.4409900650907845,0.025693730729701953,11.97327852004111,0.04710517300445358,2.9933196300102773,12.921805412812606
5835d4ae9448405d70e9,prostate_oncology,aspirin,Prostatic Neoplasms,TriNet,2,11681,PTGS2,5743,lowest ten-seed median rank percentile; ties by mean then index,44.2713686193902,38.427543679342236,17.28920435080507,58.30763960260363,5.5905275779376495,69.70495032545392,5.5905275779376495,31.907331277834874,56.635405960945526,57.63317917094896,21.816118533744433,6.395597807468311,58.53245974648852,69.70495032545392,60.279633436108256,15.780232956491949
5835d4ae9448405d70e9,prostate_oncology,aspirin,Prostatic Neoplasms,N2V-MLP,2,11681,PTGS2,5743,lowest ten-seed median rank percentile; ties by mean then index,14.995503597122301,20.35457348406989,10.637204522096608,17.783273381294965,2.682853717026379,56.845238095238095,4.963172319287427,56.845238095238095,51.14979445015416,9.962744090441932,17.921377183967113,2.682853717026379,17.36896197327852,16.09926344638575,13.891743747858856,12.660585817060637
5835d4ae9448405d70e9,prostate_oncology,aspirin,Prostatic Neoplasms,RF,2,11681,PTGS2,5743,lowest ten-seed median rank percentile; ties by mean then index,14.331748886605002,17.023060123329905,7.193976961288112,26.131059438163756,1.0705721137375814,44.77346694073313,1.3082391229873245,14.211844809866392,44.77346694073313,14.45165296334361,21.388960260363138,1.0705721137375814,27.711759164097295,8.75085645769099,29.888232271325798,6.67501712915382
5aec404770c8a6612971,psychiatric_mood,haloperidol,Bipolar Disorder,HANAMI,8,18173,DRD2,1813,lowest ten-seed median rank percentile; ties by mean then index,3.165681740322028,3.9090870161014046,1.4570486467968482,5.8383650222679,0.47319287427201095,10.58367591640973,1.2525693730729701,3.6677800616649536,10.58367591640973,0.47319287427201095,6.2200239808153475,2.0704864679684825,2.6635834189791026,4.693388146625557,0.618790681740322,6.84737923946557
5aec404770c8a6612971,psychiatric_mood,haloperidol,Bipolar Disorder,TriMoGCL,8,18173,DRD2,1813,lowest ten-seed median rank percentile; ties by mean then index,0.8885748544021925,3.5444501541623836,0.7113951695786228,3.547875984926345,0.34900650907845154,16.135662898252825,0.9463857485440219,16.135662898252825,4.260877012675574,0.8307639602603631,9.635149023638233,1.408872901678657,0.7087187392942789,0.34900650907845154,0.44964028776978415,0.7194244604316546
5aec404770c8a6612971,psychiatric_mood,haloperidol,Bipolar Disorder,TriNet,8,18173,DRD2,1813,lowest ten-seed median rank percentile; ties by mean then index,16.68272524837273,20.562264474134974,11.10504453579993,28.892600205549847,1.2782631038026722,52.51370332305584,9.969167523124357,30.160157588215142,30.357142857142858,1.2782631038026722,52.51370332305584,12.123158615964371,10.765673175745118,17.206235011990408,16.15921548475505,25.08992805755396
5aec404770c8a6612971,psychiatric_mood,haloperidol,Bipolar Disorder,N2V-MLP,8,18173,DRD2,1813,lowest ten-seed median rank percentile; ties by mean then index,6.742463172319287,16.506509078451526,2.5046034600890716,11.850162726961289,0.1884206920178143,73.95512161699212,7.138574854402193,73.95512161699212,49.06646111682083,0.1884206920178143,13.42069201781432,1.7685851318944845,6.637547105173004,1.329650565262076,6.84737923946557,4.712658444672833
5aec404770c8a6612971,psychiatric_mood,haloperidol,Bipolar Disorder,RF,8,22800,HTR2A,3356,lowest ten-seed median rank percentile; ties by mean then index,8.7198098663926,22.55106628982528,3.540649623158616,34.46492805755396,0.8885748544021925,92.36253854059609,0.8885748544021925,32.92330421377184,34.978802672148,4.058538883179171,92.36253854059609,37.61026892771497,5.73184309695101,11.70777663583419,3.368019869818431,1.8809952038369304
5b3e80ae6abe79d1a91e,cardiovascular_hypertensive,escitalopram,Hypertension,HANAMI,1,38982,SLC6A2,6530,lowest ten-seed median rank percentile; ties by mean then index,17.82502569373073,20.48004453579993,12.904140972935938,22.2025950668037,10.168293936279548,53.57356971565605,11.05258650222679,11.983984241178486,22.22935936964714,22.12230215827338,18.65793079821857,16.99212058924289,10.168293936279548,53.57356971565605,22.355686879068173,15.66461116820829
5b3e80ae6abe79d1a91e,cardiovascular_hypertensive,escitalopram,Hypertension,TriMoGCL,1,38982,SLC6A2,6530,lowest ten-seed median rank percentile; ties by mean then index,15.420520726276123,26.661742034943472,10.490536142514559,39.308731586159645,5.297190818773553,70.02183967112025,9.872816032887975,33.05712572798904,20.092497430626928,10.420948955121617,41.39260020554985,70.02183967112025,10.748544021925317,55.01455978074683,5.297190818773553,10.699297704693388
5b3e80ae6abe79d1a91e,cardiovascular_hypertensive,escitalopram,Hypertension,TriNet,1,38982,SLC6A2,6530,lowest ten-seed median rank percentile; ties by mean then index,27.617548818088387,25.604659129838986,9.81714628297362,30.19976875642343,2.7984755053100376,69.73064405618362,30.2757793764988,22.850291195614936,36.81269270298047,27.995460774237753,27.23963686193902,5.4727646454265155,69.73064405618362,2.7984755053100376,29.971736896197328,2.89910928400137
5b3e80ae6abe79d1a91e,cardiovascular_hypertensive,escitalopram,Hypertension,N2V-MLP,1,38982,SLC6A2,6530,lowest ten-seed median rank percentile; ties by mean then index,12.537470023980815,22.2931654676259,2.504068174032203,34.25349006509079,0.10277492291880781,75.56526207605344,28.316632408359027,50.65733127783488,16.94287427201096,3.220280918122645,1.4966598150051387,8.132065775950668,75.56526207605344,0.10277492291880781,2.265330592668722,36.232442617334705
5b3e80ae6abe79d1a91e,cardiovascular_hypertensive,escitalopram,Hypertension,RF,1,38982,SLC6A2,6530,lowest ten-seed median rank percentile; ties by mean then index,24.483984241178486,27.66026464542652,19.218642942788627,41.122548389859546,0.6980130181569031,48.9486981843097,29.28014731072285,19.490835902706408,47.316075710859884,48.9486981843097,17.702980472764647,29.10457348406989,45.07001541623844,0.6980130181569031,19.127911956149365,19.863394998287085
5c8d84612d349bd82f31,gynecologic_reproductive,mifepristone,Endometriosis,HANAMI,2,2956,NR3C1,2908,lowest ten-seed median rank percentile; ties by mean then index,15.259934909215485,20.834832134292565,11.268842069201781,29.844874100719423,6.2799760191846525,48.3448955121617,11.196043165467627,10.900565262076054,12.416495375128468,18.1033744433025,6.2799760191846525,30.635491606714627,11.487238780404248,27.473021582733814,48.3448955121617,31.51121959575197
5c8d84612d349bd82f31,gynecologic_reproductive,mifepristone,Endometriosis,TriMoGCL,2,7100,PGR,5241,lowest ten-seed median rank percentile; ties by mean then index,5.071300102774923,7.5535286056868784,1.2884335388831791,9.722935936964713,0.19698526892771498,31.933025008564577,1.3189448441247003,3.6378040424803015,1.2782631038026722,11.009763617677287,0.19698526892771498,9.189791024323398,0.5652620760534429,6.504796163069544,31.933025008564577,9.900650907845153
5c8d84612d349bd82f31,gynecologic_reproductive,mifepristone,Endometriosis,TriNet,2,7100,PGR,5241,lowest ten-seed median rank percentile; ties by mean then index,21.109540938677632,23.48899451867078,15.158230558410414,24.66919321685509,0.8607399794450155,69.35380267214799,16.548903734155534,14.694672833162041,1.027749229188078,25.17343268242549,19.717797190818775,22.501284686536486,41.85508735868448,0.8607399794450155,23.156474820143885,69.35380267214799
5c8d84612d349bd82f31,gynecologic_reproductive,mifepristone,Endometriosis,N2V-MLP,2,7100,PGR,5241,lowest ten-seed median rank percentile; ties by mean then index,22.780704008221996,29.010149023638235,7.756294964028777,39.814041623843785,4.543508050702295,71.38360739979446,7.472593353888318,27.755652620760536,5.436365193559438,17.805755395683452,4.543508050702295,40.155018842069204,38.79110996916752,8.607399794450155,71.38360739979446,68.15047961630695
5c8d84612d349bd82f31,gynecologic_reproductive,mifepristone,Endometriosis,RF,2,7100,PGR,5241,lowest ten-seed median rank percentile; ties by mean then index,26.622452038369303,25.79586330935252,14.65372344981158,36.758628811236726,2.8552158273381294,48.9486981843097,29.28014731072285,2.8552158273381294,11.80948098663926,48.9486981843097,14.512675573826654,31.242505995203835,23.96475676601576,15.076867077766359,38.59733641658102,41.67094895512162
5d08d2b291023f70c870,breast_oncology,naproxen,Breast Neoplasms,HANAMI,2,11318,PTGS2,5743,lowest ten-seed median rank percentile; ties by mean then index,2.2749657416923603,6.584232613908874,1.0802072627612196,10.337979616306955,0.13060979787598492,24.99571771154505,11.290253511476534,7.481157930798219,24.99571771154505,1.2311579307982186,1.0298903734155533,0.13060979787598492,0.4881808838643371,1.449554642000685,14.645426515930113,3.1003768413840356
5d08d2b291023f70c870,breast_oncology,naproxen,Breast Neoplasms,TriMoGCL,2,11318,PTGS2,5743,lowest ten-seed median rank percentile; ties by mean then index,8.562435765673175,14.119347379239462,3.6019398766700927,18.21846094552929,1.7279033915724564,41.1121103117506,13.662641315519013,2.5843610825625216,36.29239465570401,6.654676258992806,8.585988352175402,2.2974477560808495,41.1121103117506,1.7279033915724564,19.73706748886605,8.538883179170949
5d08d2b291023f70c870,breast_oncology,naproxen,Breast Neoplasms,TriNet,2,11318,PTGS2,5743,lowest ten-seed median rank percentile; ties by mean then index,45.37191675231244,42.70469338814662,22.66240578965399,65.11754881808838,3.1795991778006165,68.39457005823913,20.38369304556355,30.678314491264132,64.26002055498458,65.88086673518328,29.498544021925316,19.302415210688594,60.06551901336074,68.39457005823913,65.40339157245631,3.1795991778006165
5d08d2b291023f70c870,breast_oncology,naproxen,Breast Neoplasms,N2V-MLP,2,11318,PTGS2,5743,lowest ten-seed median rank percentile; ties by mean then index,23.77419492977047,27.873201438848923,16.21809695101062,36.44227475162727,12.054642000685167,66.85936964713943,12.108170606372045,39.227903391572454,66.85936964713943,22.467026378896882,40.18713600548133,16.105686879068173,28.08538883179171,25.081363480644058,16.55532716683796,12.054642000685167
5d08d2b291023f70c870,breast_oncology,naproxen,Breast Neoplasms,RF,2,11318,PTGS2,5743,lowest ten-seed median rank percentile; ties by mean then index,41.434352517985616,36.916002911956156,20.22551601575882,50.0926044878383,8.163112367249058,57.83872901678657,45.395469338814664,14.211844809866392,56.87521411442275,51.65831620417951,37.771925316889345,14.37671291538198,45.07001541623844,37.798689619732784,57.83872901678657,8.163112367249058
5dcc7fe7fa2d7fd788d4,psychiatric_mood,fluvoxamine,Depressive Disorder,HANAMI,1,30066,SLC6A4,6532,lowest ten-seed median rank percentile; ties by mean then index,15.2888403562864,17.2025950668037,13.99184224049332,21.974027920520726,9.254025351147654,27.406646111682083,9.727218225419664,14.54907502569373,21.824683110654334,9.254025351147654,22.023809523809526,15.885149023638233,22.85671462829736,14.692531688934567,27.406646111682083,13.80609797875985
5dcc7fe7fa2d7fd788d4,psychiatric_mood,fluvoxamine,Depressive Disorder,TriMoGCL,1,30066,SLC6A4,6532,lowest ten-seed median rank percentile; ties by mean then index,11.961502226789996,15.48025865022268,7.478481500513874,19.38752569373073,5.85602946214457,32.267043508050705,32.267043508050705,18.171891058581707,9.789311408016443,12.04393627954779,6.708204864679685,5.85602946214457,32.17497430626927,11.879068174032202,19.792737238780404,6.119390202124015
5dcc7fe7fa2d7fd788d4,psychiatric_mood,fluvoxamine,Depressive Disorder,TriNet,1,30066,SLC6A4,6532,lowest ten-seed median rank percentile; ties by mean then index,32.5689448441247,40.34643713600548,28.409236896197328,47.76732185680027,20.364422747516272,89.06731757451182,28.879753340184994,36.05258650222679,28.25239808153477,49.29556354916067,29.08530318602261,20.364422747516272,24.569630010277493,54.714799588900306,89.06731757451182,43.182596779719084
5dcc7fe7fa2d7fd788d4,psychiatric_mood,fluvoxamine,Depressive Disorder,N2V-MLP,1,30066,SLC6A4,6532,lowest ten-seed median rank percentile; ties by mean then index,33.16846522781775,34.07438335046249,30.465270640630354,44.44051901336074,3.5200411099691675,46.63840356286399,33.11707776635834,44.64499828708462,30.224391915039398,46.63840356286399,3.5200411099691675,33.21985268927715,29.241606714628297,45.12247344981158,43.827081192189105,31.18790681740322
5dcc7fe7fa2d7fd788d4,psychiatric_mood,fluvoxamine,Depressive Disorder,RF,1,30066,SLC6A4,6532,lowest ten-seed median rank percentile; ties by mean then index,46.6314448441247,38.383650222679,13.865247088043851,61.25278348749572,0.2997601918465228,67.0777663583419,9.249743062692703,47.89953751284686,61.28275950668037,67.0777663583419,0.2997601918465228,1.4966598150051387,27.711759164097295,45.36335217540253,61.162855429941764,62.29230900993491
5f7141be46b072a5d3de,psychiatric_mood,progesterone,"Depressive Disorder, Major",HANAMI,2,2783,NR3C1,2908,lowest ten-seed median rank percentile; ties by mean then index,8.507836587872559,9.829993148338472,5.421377183967112,13.222636176772868,2.2738951695786227,24.045049674546078,6.333504624871531,7.592497430626927,3.153905447070915,12.339414182939363,14.504110996916753,5.117334703665639,2.2738951695786227,9.423175745118192,24.045049674546078,13.517043508050703
5f7141be46b072a5d3de,psychiatric_mood,progesterone,"Depressive Disorder, Major",TriMoGCL,2,44845,NR3C2,4306,lowest ten-seed median rank percentile; ties by mean then index,19.013360739979447,23.206363480644058,7.507922233641658,33.828472935936965,4.616306954436451,51.47310722850291,51.47310722850291,9.200496745460775,15.080078794107571,33.43824940047961,33.95854744775608,4.616306954436451,6.943730729701953,6.016615279205207,48.38985954093868,22.94664268585132
5f7141be46b072a5d3de,psychiatric_mood,progesterone,"Depressive Disorder, Major",TriNet,2,44845,NR3C2,4306,lowest ten-seed median rank percentile; ties by mean then index,9.394270298047276,13.523038711887631,7.52933367591641,14.537834018499487,2.342411784857828,35.63506337786913,16.180626927029806,6.97156560465913,9.20263788968825,9.60945529290853,35.63506337786913,9.47242206235012,3.5093353888317917,2.342411784857828,32.99075025693731,9.316118533744433
5f7141be46b072a5d3de,psychiatric_mood,progesterone,"Depressive Disorder, Major",N2V-MLP,2,44845,NR3C2,4306,lowest ten-seed median rank percentile; ties by mean then index,1.836031175059952,4.0848749571771155,0.7884763617677286,5.213150907845153,0.006423432682425488,14.442017814319973,11.917608770126757,2.455892428914012,0.3618533744433025,14.442017814319973,6.132237067488866,2.0212401507365536,1.2140287769784173,0.006423432682425488,0.6466255566974991,1.6508221993833505
5f7141be46b072a5d3de,psychiatric_mood,progesterone,"Depressive Disorder, Major",RF,2,44845,NR3C2,4306,lowest ten-seed median rank percentile; ties by mean then index,5.600698013018157,7.212016101404591,2.1349884378211716,7.2285029119561495,0.00749400479616307,24.792309009934907,5.604445015416238,6.239294278862624,1.0405960945529291,15.7930798218568,5.596951010620075,24.792309009934907,0.00749400479616307,0.06958718739294278,7.558239122987325,5.418165467625899
6024cf2f0bb15616c8ae,cardiovascular_hypertensive,iloperidone,Hypertension,HANAMI,1,18848,DRD2,1813,lowest ten-seed median rank percentile; ties by mean then index,7.265972935936965,11.237367249057897,6.291752312435765,15.184994861253854,4.177372387804042,28.055412812607056,4.177372387804042,7.106457690990065,17.51027749229188,6.198612538540596,8.209146968139773,6.571171634121274,6.038026721479959,28.055412812607056,21.081706063720453,7.425488180883864
6024cf2f0bb15616c8ae,cardiovascular_hypertensive,iloperidone,Hypertension,TriMoGCL,1,18848,DRD2,1813,lowest ten-seed median rank percentile; ties by mean then index,7.545392257622474,21.936664953751283,2.7577937649880098,41.98730301473107,1.6915039397053786,60.686450839328536,3.4515244946899624,45.0946385748544,1.6915039397053786,7.007965056526207,60.686450839328536,56.425573826652965,1.7343268242548817,32.66529633436108,2.5265501884206922,8.08281945871874
6024cf2f0bb15616c8ae,cardiovascular_hypertensive,iloperidone,Hypertension,TriNet,1,18848,DRD2,1813,lowest ten-seed median rank percentile; ties by mean then index,10.91020041109969,11.957862281603287,5.109840698869475,17.896754025351147,0.0749400479616307,27.136861939020214,18.75,4.243747858855772,23.145769099006507,0.0749400479616307,27.136861939020214,1.3617677286742036,8.243405275779377,15.33701610140459,7.708119218910586,13.576995546420006
6024cf2f0bb15616c8ae,cardiovascular_hypertensive,iloperidone,Hypertension,N2V-MLP,1,18848,DRD2,1813,lowest ten-seed median rank percentile; ties by mean then index,4.2555241521068865,8.887461459403905,1.7455678314491263,8.823120075368276,0.20983213429256595,38.1551901336074,2.2289311408016443,38.1551901336074,9.262589928057555,0.20983213429256595,5.999486125385406,2.511562178828366,1.5844467283316204,0.3404419321685509,21.0774237752655,7.504710517300445
6024cf2f0bb15616c8ae,cardiovascular_hypertensive,iloperidone,Hypertension,RF,1,18848,DRD2,1813,lowest ten-seed median rank percentile; ties by mean then index,9.554856115107913,12.776207605344297,4.689908787255909,16.960806354916066,0.7055070229530661,40.27385234669407,4.582048646796848,5.013489208633094,15.023338472079478,4.058538883179171,21.388960260363138,0.7055070229530661,6.957648167180541,40.27385234669407,12.152064063035287,17.606628982528264
603cfaaaa9c0c6157b2e,neurological_seizure,haloperidol,Epilepsy,HANAMI,1,20857,GRIN2B,2904,lowest ten-seed median rank percentile; ties by mean then index,27.852004110996916,28.417052072627616,17.53757708119219,34.65441932168551,4.830421377183967,66.48681055155875,16.750171291538198,38.4228331620418,66.48681055155875,28.029719081877357,4.830421377183967,29.040339157245633,16.870075368276808,27.67428914011648,19.540082219938334,36.525779376498804
603cfaaaa9c0c6157b2e,neurological_seizure,haloperidol,Epilepsy,TriMoGCL,1,20857,GRIN2B,2904,lowest ten-seed median rank percentile; ties by mean then index,37.565304898937995,41.77243919150394,31.94908359027064,48.01462401507366,12.746231586159643,80.20298047276465,12.746231586159643,69.0347721822542,80.20298047276465,39.07374100719424,42.803614251455976,36.05686879068174,21.957434052757794,35.24751627269613,30.849606029462144,49.75162726961288
603cfaaaa9c0c6157b2e,neurological_seizure,haloperidol,Epilepsy,TriNet,1,20857,GRIN2B,2904,lowest ten-seed median rank percentile; ties by mean then index,25.235525865022268,28.681911613566292,18.990878725590953,28.076824254881807,6.402021240150736,74.36836245289483,25.411099691675233,50.85859883521754,25.130609797875984,28.965399109284,74.36836245289483,17.21694073312778,6.402021240150736,25.340441932168552,8.81294964028777,24.312692702980474
603cfaaaa9c0c6157b2e,neurological_seizure,haloperidol,Epilepsy,N2V-MLP,1,20857,GRIN2B,2904,lowest ten-seed median rank percentile; ties by mean then index,28.233127783487497,34.62765501884208,20.014345666324083,42.44015501884207,9.474563206577596,78.9568345323741,16.482528263103802,78.9568345323741,64.19364508393285,33.32690990065091,45.477903391572454,19.079736211031175,22.81817403220281,26.25256937307297,30.21368619390202,9.474563206577596
603cfaaaa9c0c6157b2e,neurological_seizure,haloperidol,Epilepsy,RF,1,20857,GRIN2B,2904,lowest ten-seed median rank percentile; ties by mean then index,35.97443473792394,28.37594210346009,6.990568259677971,47.118019869818426,1.2397225077081193,50.43144056183625,1.3082391229873245,47.89953751284686,44.77346694073313,38.6080421377184,50.43144056183625,33.34082733812949,1.2397225077081193,11.70777663583419,49.03220280918123,5.418165467625899
62403a723eb0e2beabb6,prostate_oncology,tamoxifen,Prostatic Neoplasms,HANAMI,2,1557,ESR1,2099,lowest ten-seed median rank percentile; ties by mean then index,4.831491949297705,7.72075196985269,2.97458461801987,9.199426173347035,0.1263275094210346,25.98706748886605,15.876584446728332,4.627012675573827,7.1021754025351145,5.0359712230215825,1.6700924974306268,2.5072798903734155,0.1263275094210346,4.376498800959233,9.898509763617676,25.98706748886605
62403a723eb0e2beabb6,prostate_oncology,tamoxifen,Prostatic Neoplasms,TriMoGCL,2,1557,ESR1,2099,lowest ten-seed median rank percentile; ties by mean then index,1.1241007194244605,3.463943131209318,0.18413840356286398,4.947113737581364,0.0749400479616307,16.409729359369646,0.5674032202809182,0.17343268242548818,0.21625556697499143,5.766101404590613,0.13917437478588557,2.4901507365536144,0.0749400479616307,1.6807982185680028,7.121445700582391,16.409729359369646
62403a723eb0e2beabb6,prostate_oncology,tamoxifen,Prostatic Neoplasms,TriNet,2,1557,ESR1,2099,lowest ten-seed median rank percentile; ties by mean then index,32.8194587187393,33.183239122987324,15.099884378211716,49.01293251113395,6.339928057553957,69.65784515244947,23.26353203151764,43.71360054813292,6.339928057553957,50.77937649880096,13.94313120931826,51.113394998287085,42.37538540596095,12.076053442959918,18.570143884892087,69.65784515244947
62403a723eb0e2beabb6,prostate_oncology,tamoxifen,Prostatic Neoplasms,N2V-MLP,2,1557,ESR1,2099,lowest ten-seed median rank percentile; ties by mean then index,8.558153477218227,15.294407331277833,4.903755566974992,27.42431055155875,1.4538369304556356,39.945186707776635,1.4538369304556356,30.423518328194586,7.810894141829394,4.524237752655019,2.104744775608085,39.945186707776635,9.305412812607058,6.042309009934909,18.42668722165125,32.907245632065774
62403a723eb0e2beabb6,prostate_oncology,tamoxifen,Prostatic Neoplasms,RF,2,1557,ESR1,2099,lowest ten-seed median rank percentile; ties by mean then index,12.866135662898252,17.346587016101402,3.974231329222336,23.238105943816375,0.40467625899280574,52.638960260363135,2.279248030147311,11.355558410414526,0.40467625899280574,24.608170606372045,3.748072970195272,14.37671291538198,4.652706406303529,40.27385234669407,19.127911956149365,52.638960260363135
627c40fef3f6ebe7262d,psychiatric_mood,zuclopenthixol,"Depressive Disorder, Major",HANAMI,3,19379,DRD2,1813,lowest ten-seed median rank percentile; ties by mean then index,4.123843782117163,5.793936279547791,3.0607656731757453,8.823655361425146,2.419492977046934,11.33093525179856,4.789739636861939,9.037769784172662,11.33093525179856,3.3979958890030835,3.4579479273723877,2.948355601233299,2.597207947927372,8.181312093182596,2.419492977046934,9.778605686879068
627c40fef3f6ebe7262d,psychiatric_mood,zuclopenthixol,"Depressive Disorder, Major",TriMoGCL,3,19379,DRD2,1813,lowest ten-seed median rank percentile; ties by mean then index,5.539140116478246,6.056226447413498,3.5890930113052413,8.107977903391573,0.4667694415895855,13.450668036998973,9.735782802329565,8.376156217882837,7.30344295991778,3.3894313120931825,13.450668036998973,6.770298047276465,2.5736553614251454,0.4667694415895855,4.1880781089414185,4.307982185680028
627c40fef3f6ebe7262d,psychiatric_mood,zuclopenthixol,"Depressive Disorder, Major",TriNet,3,44720,ADRA1A,148,lowest ten-seed median rank percentile; ties by mean then index,6.443773552586503,9.071813977389517,3.3289439876670093,14.321578451524495,0.6380609797875985,26.524494689962317,15.72242206235012,3.3979958890030835,1.064148681055156,5.5819630010277494,0.6380609797875985,26.524494689962317,15.05438506337787,3.305926687221651,7.305584104145256,12.123158615964371
627c40fef3f6ebe7262d,psychiatric_mood,zuclopenthixol,"Depressive Disorder, Major",N2V-MLP,3,19379,DRD2,1813,lowest ten-seed median rank percentile; ties by mean then index,1.9227475162726961,5.465912983898596,1.0625428228845495,9.35733556012333,0.5224391915039397,16.135662898252825,9.986296676944159,13.639088729016786,16.135662898252825,0.5224391915039397,1.3853203151764304,1.0405960945529291,2.460174717368962,0.8907159986296677,1.1283830078794108,7.470452209660842
627c40fef3f6ebe7262d,psychiatric_mood,zuclopenthixol,"Depressive Disorder, Major",RF,3,23680,HTR2A,3356,lowest ten-seed median rank percentile; ties by mean then index,1.826396026036314,3.850740835902706,1.1227625042822886,6.587765501884206,0.06530489893799246,11.70777663583419,6.71034600890716,0.85431654676259,0.06530489893799246,6.946942446043166,1.2793336759164098,1.0705721137375814,2.2867420349434737,11.70777663583419,6.2200239808153475,1.3660500171291539
64872a890c0c5803f2cf,cardiovascular_hypertensive,aspirin,Heart Failure,HANAMI,3,11689,PTGS2,5743,lowest ten-seed median rank percentile; ties by mean then index,5.230815347721823,7.123372730387118,1.470430798218568,10.536035457348406,0.03854059609455293,18.87846865364851,5.575539568345324,11.727046933881466,6.963001027749229,4.083162041795135,0.36827680712572797,0.5995203836930456,18.114080164439876,4.886091127098322,18.87846865364851,0.03854059609455293
64872a890c0c5803f2cf,cardiovascular_hypertensive,aspirin,Heart Failure,TriMoGCL,3,11689,PTGS2,5743,lowest ten-seed median rank percentile; ties by mean then index,4.005010277492292,6.80434224049332,3.064512675573827,10.205763960260363,1.012761219595752,19.28956834532374,4.265159301130524,5.217968482356971,2.8734155532716685,14.786742034943474,3.6378040424803015,1.012761219595752,19.28956834532374,1.3467797190818773,3.7448612538540598,11.868362452894827
64872a890c0c5803f2cf,cardiovascular_hypertensive,aspirin,Heart Failure,TriNet,3,11689,PTGS2,5743,lowest ten-seed median rank percentile; ties by mean then index,25.85431654676259,27.846223021582734,3.997516272696129,48.29618448098664,0.6402021240150737,65.67959917780061,2.3895169578622815,8.82151421719767,49.28699897225077,34.93705035971223,16.77158273381295,0.9185508735868448,45.32374100719424,65.67959917780061,53.693473792394656,0.6402021240150737
64872a890c0c5803f2cf,cardiovascular_hypertensive,aspirin,Heart Failure,N2V-MLP,3,11689,PTGS2,5743,lowest ten-seed median rank percentile; ties by mean then index,11.016187050359711,12.727175402535115,2.825775094210346,21.580057382665295,0.250513874614594,28.49220623501199,1.7343268242548817,27.42591640972936,23.321342925659472,5.836759164097294,8.669492977046934,1.8221137375813634,28.49220623501199,13.36288112367249,16.356200753682767,0.250513874614594
64872a890c0c5803f2cf,cardiovascular_hypertensive,aspirin,Heart Failure,RF,3,11689,PTGS2,5743,lowest ten-seed median rank percentile; ties by mean then index,7.8419407331277835,10.570614936622132,2.735044107571086,13.291955721137377,0.4357228502911956,30.512375813634808,0.5813206577595067,8.736939020212402,30.512375813634808,6.946942446043166,8.948912298732443,0.4357228502911956,14.73963686193902,5.297190818773553,27.62611339499829,1.8809952038369304
657449a8dc418ad1c353,breast_oncology,ponatinib,Breast Neoplasms,HANAMI,3,15434,KIT,3815,lowest ten-seed median rank percentile; ties by mean then index,14.135834189791025,22.83958547447756,8.276593011305241,31.185765673175744,1.0234669407331278,78.66349777321,16.82939362795478,26.875642343268243,78.66349777321,32.62247344981158,11.44227475162727,7.504710517300445,1.0234669407331278,4.798304213771839,10.59224049331963,38.04385063377869
657449a8dc418ad1c353,breast_oncology,ponatinib,Breast Neoplasms,TriMoGCL,3,15434,KIT,3815,lowest ten-seed median rank percentile; ties by mean then index,25.971008907159984,25.985782802329567,12.314791024323398,37.70501455978075,2.010534429599178,49.01507365536143,33.03143199725933,14.951610140459062,38.60697156560466,34.99914354230901,46.501370332305584,2.010534429599178,18.91058581706064,10.395255224391915,11.435851318944843,49.01507365536143
657449a8dc418ad1c353,breast_oncology,ponatinib,Breast Neoplasms,TriNet,3,15434,KIT,3815,lowest ten-seed median rank percentile; ties by mean then index,22.28717026378897,23.908872901678656,15.102025522439192,30.751648681055155,9.172661870503598,40.825196985268924,10.444501541623843,20.58281945871874,9.172661870503598,20.55712572798904,23.9915210688592,40.825196985268924,13.28365878725591,39.26644398766701,31.020897567660157,29.943902021240152
657449a8dc418ad1c353,breast_oncology,ponatinib,Breast Neoplasms,N2V-MLP,3,15434,KIT,3815,lowest ten-seed median rank percentile; ties by mean then index,8.934994861253855,13.818516615279204,7.535757108598835,21.289932339842412,0.0342583076396026,33.33975676601576,5.384977732100034,33.33975676601576,31.198612538540598,9.082733812949641,7.943645083932854,25.072798903734157,8.787255909558068,9.941332648167181,0.0342583076396026,7.399794450154163
657449a8dc418ad1c353,breast_oncology,ponatinib,Breast Neoplasms,RF,3,15434,KIT,3815,lowest ten-seed median rank percentile; ties by mean then index,35.634528091812264,35.439362795477905,19.22747516272696,45.711555755395686,11.163926002055499,65.81235011990408,38.193730729701954,24.947541966426858,37.267685851318944,34.001370332305584,65.81235011990408,48.21749743062693,11.163926002055499,13.342540253511476,17.32078622816033,64.12619904076739
659362fcc0493e1fb186,psychiatric_mood,clomipramine,"Depressive Disorder, Major",HANAMI,4,23223,HTR2A,3356,lowest ten-seed median rank percentile; ties by mean then index,5.651550188420693,7.427201096265844,5.232421205892429,8.792073484069887,4.811151079136691,16.146368619390202,6.770298047276465,9.465998629667695,5.3721308667351835,5.468482356971566,5.8346180198698185,5.023124357656732,4.811151079136691,10.19398766700925,5.185851318944844,16.146368619390202
659362fcc0493e1fb186,psychiatric_mood,clomipramine,"Depressive Disorder, Major",TriMoGCL,4,23223,HTR2A,3356,lowest ten-seed median rank percentile; ties by mean then index,8.06890202124015,8.773980815347723,5.722743233984241,12.44700668036999,1.672233641658102,16.559609455292907,13.215142171976705,6.132237067488866,10.547276464542652,4.8090099349092155,8.213429256594724,16.559609455292907,13.080250085645769,1.672233641658102,7.924374785885577,5.5862452894827
659362fcc0493e1fb186,psychiatric_mood,clomipramine,"Depressive Disorder, Major",TriNet,4,23223,HTR2A,3356,lowest ten-seed median rank percentile; ties by mean then index,24.228117505995204,23.630095923261386,6.836673518328195,36.28275950668037,1.1926173347036657,58.429684823569715,7.5560979787598495,1.1926173347036657,29.68696471394313,6.596865364850976,42.62589928057554,37.93465227817746,18.769270298047278,31.327081192189105,2.1818259677971907,58.429684823569715
659362fcc0493e1fb186,psychiatric_mood,clomipramine,"Depressive Disorder, Major",N2V-MLP,4,23223,HTR2A,3356,lowest ten-seed median rank percentile; ties by mean then index,9.929556354916066,11.398809523809526,4.637718396711202,18.7928228845495,0.9570914696813977,22.916666666666668,19.433025008564577,0.9570914696813977,18.452380952380953,4.048903734155533,9.159815005138746,10.699297704693388,18.906303528605687,6.404162384378211,3.010448783830079,22.916666666666668
659362fcc0493e1fb186,psychiatric_mood,clomipramine,"Depressive Disorder, Major",RF,4,23223,HTR2A,3356,lowest ten-seed median rank percentile; ties by mean then index,0.836116820829051,6.8943773552586505,0.2566696642685851,7.349477560808497,0.06530489893799246,27.51798561151079,0.06530489893799246,8.736939020212402,0.25372559095580677,3.18709318259678,0.8500342583076396,0.26550188420692017,0.1777149708804385,27.51798561151079,0.8221993833504625,27.06727475162727
65d9a4b80cfaae6639a8,psychiatric_mood,chlorprothixene,"Depressive Disorder, Major",HANAMI,5,18746,DRD2,1813,lowest ten-seed median rank percentile; ties by mean then index,4.82935080507023,6.000342583076396,3.3048561151079134,8.66253425830764,1.4752483727303871,11.395169578622816,4.911784857828024,8.81723192874272,11.395169578622816,3.436536485097636,1.4752483727303871,3.2609626584446727,2.8220280918122644,8.198441247002398,4.746916752312436,10.939105858170606
65d9a4b80cfaae6639a8,psychiatric_mood,chlorprothixene,"Depressive Disorder, Major",TriMoGCL,5,18746,DRD2,1813,lowest ten-seed median rank percentile; ties by mean then index,6.8002740664611165,7.896111682082906,4.567595923261391,10.820272353545734,0.49246317231928743,16.750171291538198,5.706149366221308,11.303100376841384,9.371788283658788,3.5435936964713943,16.750171291538198,14.176515930113052,5.449212058924289,0.49246317231928743,4.273723878040425,7.894398766700925
65d9a4b80cfaae6639a8,psychiatric_mood,chlorprothixene,"Depressive Disorder, Major",TriNet,5,18746,DRD2,1813,lowest ten-seed median rank percentile; ties by mean then index,6.062649880095923,8.13699040767386,2.3461587872559093,12.02627183967112,0.9356800274066461,20.886861939020214,2.2160842754367933,0.9356800274066461,12.103888317917095,1.3788968824940049,3.1517643028434397,2.7363823227132578,8.973535457348406,17.193388146625555,11.793422404933196,20.886861939020214
65d9a4b80cfaae6639a8,psychiatric_mood,chlorprothixene,"Depressive Disorder, Major",N2V-MLP,5,18746,DRD2,1813,lowest ten-seed median rank percentile; ties by mean then index,1.298603973963686,5.615364850976361,0.8917865707434053,6.62202380952381,0.40467625899280574,24.21205892428914,3.4087016101404592,15.377697841726619,7.69313120931826,0.8778691332648167,1.618705035971223,0.6487667009249743,0.9785029119561494,0.40467625899280574,0.933538883179171,24.21205892428914
65d9a4b80cfaae6639a8,psychiatric_mood,chlorprothixene,"Depressive Disorder, Major",RF,5,23212,HTR2A,3356,lowest ten-seed median rank percentile; ties by mean then index,5.113587701267557,17.603310208975678,3.1868255395683454,10.832048646796848,0.18413840356286398,90.80485611510791,7.899751627269612,0.18413840356286398,11.80948098663926,4.963172319287427,3.748072970195272,5.264003083247688,2.999743062692703,90.80485611510791,2.1208033573141485,46.239080164439876
6649740cc722d150a31a,psychiatric_mood,brexpiprazole,Bipolar Disorder,HANAMI,4,19014,DRD2,1813,lowest ten-seed median rank percentile; ties by mean then index,4.706235011990408,4.739208633093526,2.468204008221994,6.559395340870161,0.790082219938335,9.057040082219938,1.5865878725590956,4.485697156560466,9.057040082219938,0.790082219938335,4.9267728674203495,2.10260363138061,3.565005138746146,6.061579307982186,6.7253340184994865,8.09138403562864
6649740cc722d150a31a,psychiatric_mood,brexpiprazole,Bipolar Disorder,TriMoGCL,4,19014,DRD2,1813,lowest ten-seed median rank percentile; ties by mean then index,3.649580335731415,5.4138831791709485,2.3375942103460092,6.70606372045221,0.1434566632408359,15.206406303528606,6.885919835560124,6.166495375128469,15.206406303528606,0.9399623158615964,12.801901336073998,2.36810551558753,3.380866735183282,3.918293936279548,2.327423775265502,0.1434566632408359
6649740cc722d150a31a,psychiatric_mood,brexpiprazole,Bipolar Disorder,TriNet,4,19014,DRD2,1813,lowest ten-seed median rank percentile; ties by mean then index,11.232442617334703,12.787769784172664,7.519698526892772,19.25959232613909,0.30832476875642345,26.64225762247345,4.710517300445358,17.96205892428914,20.814063035286058,0.30832476875642345,10.939105858170606,7.397653305926688,7.885834189791025,19.692103460089072,11.5257793764988,26.64225762247345
6649740cc722d150a31a,psychiatric_mood,brexpiprazole,Bipolar Disorder,N2V-MLP,4,19014,DRD2,1813,lowest ten-seed median rank percentile; ties by mean then index,8.223064405618363,12.624828708461802,2.5790082219938335,17.86891915039397,0.44535799931483383,43.880609797875984,12.536399451867078,43.880609797875984,18.306783144912643,0.44535799931483383,2.5736553614251454,2.5950668036998974,3.909729359369647,2.3167180541281263,23.12863994518671,16.55532716683796
6649740cc722d150a31a,psychiatric_mood,brexpiprazole,Bipolar Disorder,RF,4,19014,DRD2,1813,lowest ten-seed median rank percentile; ties by mean then index,1.5646411442274752,2.6264345666324083,0.7459211202466598,2.1689791024323397,0.01605858170606372,13.500984926344639,0.5813206577595067,1.388532031517643,1.7407502569373072,0.01605858170606372,0.18627954779033915,3.304856115107914,1.2397225077081193,2.1850376841384036,2.1208033573141485,13.500984926344639
678d2edc19003e7141a0,prostate_oncology,indomethacin,Prostatic Neoplasms,HANAMI,2,10524,PTGS2,5743,lowest ten-seed median rank percentile; ties by mean then index,4.243747858855773,5.504453579993148,1.2033230558410415,7.144998287084618,0.28905447070914697,18.773552586502227,18.773552586502227,6.509078451524495,7.356971565604659,1.0041966426858513,1.8007022953066119,0.28905447070914697,0.5481329222336416,3.4386776293251113,10.275351147653305,5.048818088386434
678d2edc19003e7141a0,prostate_oncology,indomethacin,Prostatic Neoplasms,TriMoGCL,2,10524,PTGS2,5743,lowest ten-seed median rank percentile; ties by mean then index,12.69056183624529,11.798132922233643,2.874486125385406,17.69281003768414,0.5631209318259678,27.252483727303872,27.252483727303872,1.931312093182597,15.638917437478588,5.704008221993833,10.53871188763275,0.5631209318259678,21.625556697499142,1.5073655361425145,18.377440904419323,14.842411784857829
678d2edc19003e7141a0,prostate_oncology,indomethacin,Prostatic Neoplasms,TriNet,2,4149,PPARA,5465,lowest ten-seed median rank percentile; ties by mean then index,45.592454607742376,46.09926344638574,28.11590013703323,66.01308239122987,4.322970195272354,87.5513874614594,87.5513874614594,55.23937992463172,69.60431654676259,38.66478245974649,4.322970195272354,24.599606029462144,7.622473449811579,45.31945871873929,45.86545049674546,82.20280918122644
678d2edc19003e7141a0,prostate_oncology,indomethacin,Prostatic Neoplasms,N2V-MLP,2,4149,PPARA,5465,lowest ten-seed median rank percentile; ties by mean then index,26.349991435423092,31.726618705035968,17.458890030832478,37.90949383350463,1.6658102089756766,78.2502569373073,78.2502569373073,26.336073997944503,40.364850976361765,22.147995889003084,1.6658102089756766,26.36390887290168,4.9310551558753,30.543422404933196,15.895854744775608,70.7669578622816
678d2edc19003e7141a0,prostate_oncology,indomethacin,Prostatic Neoplasms,RF,2,10524,PTGS2,5743,lowest ten-seed median rank percentile; ties by mean then index,39.954286570743406,39.2220152449469,29.04515673175745,52.501659386776296,14.37671291538198,54.53173175745118,43.03699897225077,36.87157416923604,34.978802672148,54.2330421377184,25.511733470366565,14.37671291538198,47.30751113394998,54.30477046933881,54.53173175745118,27.06727475162727
67b5982831623a34f977,psychiatric_mood,levomepromazine,"Depressive Disorder, Major",HANAMI,7,19252,DRD2,1813,lowest ten-seed median rank percentile; ties by mean then index,3.8711887632750943,5.386904761904761,2.680177286742035,8.083890030832478,0.933538883179171,11.59643713600548,4.819715656046592,8.21985268927715,11.59643713600548,2.6314662555669748,2.826310380267215,2.922661870503597,2.2289311408016443,7.676002055498459,0.933538883179171,10.014131551901336
67b5982831623a34f977,psychiatric_mood,levomepromazine,"Depressive Disorder, Major",TriMoGCL,7,23601,HTR2A,3356,lowest ten-seed median rank percentile; ties by mean then index,4.380781089414183,8.927929085303186,2.991178485782802,13.614465570400823,0.8072113737581363,27.203237410071942,1.6251284686536485,3.9525522439191505,2.777064063035286,12.84044193216855,17.758650222678998,27.203237410071942,3.633521754025351,0.8072113737581363,4.8090099349092155,13.87247344981158
67b5982831623a34f977,psychiatric_mood,levomepromazine,"Depressive Disorder, Major",TriNet,7,44708,ADRA1A,148,lowest ten-seed median rank percentile; ties by mean then index,7.187821171634122,10.191632408359027,2.1443559438163753,17.203023295649196,0.723706748886605,28.04042480301473,7.937221651250428,2.17326139088729,0.85431654676259,9.870674888660501,0.723706748886605,24.09643713600548,28.04042480301473,2.134720794792737,6.438420692017814,19.647139431312095
67b5982831623a34f977,psychiatric_mood,levomepromazine,"Depressive Disorder, Major",N2V-MLP,7,19252,DRD2,1813,lowest ten-seed median rank percentile; ties by mean then index,1.6058581706063721,5.140244946899623,0.9426387461459405,8.033037855429942,0.3126070572113738,17.499571771154503,2.815604659129839,9.772182254196643,15.409815005138746,1.1112538540596095,0.8864337101747174,0.3126070572113738,1.9826995546420008,1.2290167865707433,0.3832648167180541,17.499571771154503
67b5982831623a34f977,psychiatric_mood,levomepromazine,"Depressive Disorder, Major",RF,7,23601,HTR2A,3356,lowest ten-seed median rank percentile; ties by mean then index,2.7133650222679,8.421655532716684,0.9506680369989723,7.165339157245632,0.37791195614936623,41.67094895512162,5.604445015416238,0.85431654676259,2.23963686193902,3.18709318259678,0.44642857142857145,7.685637204522097,1.2397225077081193,20.91041452552244,0.37791195614936623,41.67094895512162
67eb15d34fa22a4a2009,psychiatric_mood,paracetamol,"Depressive Disorder, Major",HANAMI,1,10482,PTGS2,5743,lowest ten-seed median rank percentile; ties by mean then index,5.249015073655361,6.813977389516957,3.664568345323741,11.718482356971565,0.46891058581706063,14.015930113052415,4.001798561151079,14.015930113052415,3.552158273381295,5.787512846865365,12.258050702295307,0.5417094895512161,12.035371702637889,4.710517300445358,10.767814319972594,0.46891058581706063
67eb15d34fa22a4a2009,psychiatric_mood,paracetamol,"Depressive Disorder, Major",TriMoGCL,1,10482,PTGS2,5743,lowest ten-seed median rank percentile; ties by mean then index,20.243448098663926,23.067831449126412,7.8125,38.10862024665981,4.1623843782117165,49.50753682768071,40.84660842754368,19.67069201781432,20.816204179513534,10.360996916752313,49.50753682768071,4.1623843782117165,43.797105173004454,4.659129838985954,29.894655704008223,6.963001027749229
67eb15d34fa22a4a2009,psychiatric_mood,paracetamol,"Depressive Disorder, Major",TriNet,1,10482,PTGS2,5743,lowest ten-seed median rank percentile; ties by mean then index,39.64542651593011,36.326438848920866,19.183046420006853,55.608727303871184,1.8627954779033915,72.21437136005481,40.02012675573827,18.760705721137377,60.11690647482014,39.27072627612196,20.45006851661528,3.856200753682768,42.08418979102432,72.21437136005481,64.62829736211032,1.8627954779033915
67eb15d34fa22a4a2009,psychiatric_mood,paracetamol,"Depressive Disorder, Major",N2V-MLP,1,10482,PTGS2,5743,lowest ten-seed median rank percentile; ties by mean then index,16.682725248372734,24.657845152449468,13.545948955121617,33.71178057553957,2.143285371702638,62.66486810551559,16.47182254196643,13.502055498458375,16.893627954779035,35.34172661870504,62.66486810551559,2.143285371702638,45.0261219595752,28.821942446043167,13.67762932511134,12.035371702637889
67eb15d34fa22a4a2009,psychiatric_mood,paracetamol,"Depressive Disorder, Major",RF,1,10482,PTGS2,5743,lowest ten-seed median rank percentile; ties by mean then index,50.875727989037344,49.991756594724215,39.52231072285029,60.55584104145255,19.863394998287085,77.47195101062007,49.82014388489208,52.834874957177114,44.77346694073313,63.1294964028777,37.771925316889345,33.34082733812949,51.9313120931826,68.98017300445358,77.47195101062007,19.863394998287085
68463817643c168e3ab0,cardiovascular_hypertensive,Sibutramine,Hypertension,HANAMI,1,38933,SLC6A2,6530,lowest ten-seed median rank percentile; ties by mean then index,17.913883179170952,20.74747344981158,13.338257965056528,21.744925488180883,11.116820829051045,54.31440561836245,11.116820829051045,13.238694758478932,21.12667009249743,21.95101062007537,19.52081192189106,16.30695443645084,12.240921548475505,54.31440561836245,24.02149708804385,13.636947584789311
68463817643c168e3ab0,cardiovascular_hypertensive,Sibutramine,Hypertension,TriMoGCL,1,38933,SLC6A2,6530,lowest ten-seed median rank percentile; ties by mean then index,22.498072970195274,23.13335046248715,10.91983556012333,34.307018670777666,6.738180883864337,44.60645769099006,37.03537170263789,26.121959575196986,24.46043165467626,9.787170263788969,14.317831449126412,44.60645769099006,20.535714285714285,40.587529976019184,6.738180883864337,7.142857142857143
68463817643c168e3ab0,cardiovascular_hypertensive,Sibutramine,Hypertension,TriNet,1,38933,SLC6A2,6530,lowest ten-seed median rank percentile; ties by mean then index,16.87328708461802,24.82571085988352,13.08934994861254,30.94274580335731,0.7601062007536827,67.95135320315177,67.95135320315177,15.272781774580336,32.977903391572454,18.473792394655703,14.651849948612538,12.568516615279206,57.87726961288112,2.8862624186365196,24.83727303871189,0.7601062007536827
68463817643c168e3ab0,cardiovascular_hypertensive,Sibutramine,Hypertension,N2V-MLP,1,38933,SLC6A2,6530,lowest ten-seed median rank percentile; ties by mean then index,16.623843782117163,25.504667694415893,3.5874871531346355,40.23156474820144,0.15844467283316205,76.6465399109284,47.51841384035629,66.06714628297362,18.371017471736895,11.555755395683454,0.5502740664611169,16.681654676258994,76.6465399109284,0.15844467283316205,16.566032887975332,0.9313977389516958
68463817643c168e3ab0,cardiovascular_hypertensive,Sibutramine,Hypertension,RF,1,38933,SLC6A2,6530,lowest ten-seed median rank percentile; ties by mean then index,41.01201181911614,38.04352946214457,17.9773145769099,48.91497516272696,10.15865878725591,80.27042651593011,49.82014388489208,60.796719767043506,42.19338814662556,46.19946899623159,10.281774580335732,39.830635491606714,80.27042651593011,10.15865878725591,25.37148852346694,15.512589928057555
689eb24922280923d143,psychiatric_mood,promethazine,"Depressive Disorder, Major",HANAMI,4,18568,DRD2,1813,lowest ten-seed median rank percentile; ties by mean then index,4.569201781431998,5.130395683453238,2.462851147653306,7.427094039054471,2.0019698526892773,9.251884206920177,4.325111339499829,7.598920863309353,9.251884206920177,2.7278177458033572,4.813292223364166,2.3231414868105515,2.3745289482699556,6.911613566289826,2.0019698526892773,8.975676601575882
689eb24922280923d143,psychiatric_mood,promethazine,"Depressive Disorder, Major",TriMoGCL,4,18568,DRD2,1813,lowest ten-seed median rank percentile; ties by mean then index,6.9105429941760885,9.24396197327852,4.410757108598835,12.020918979102431,0.8221993833504625,23.925145597807468,7.860140459061323,13.407845152449468,3.5221822541966428,5.791795135320315,23.925145597807468,19.33881466255567,3.9504110996916753,0.8221993833504625,6.633264816718055,7.187821171634122
689eb24922280923d143,psychiatric_mood,promethazine,"Depressive Disorder, Major",TriNet,4,44576,ADRA1A,148,lowest ten-seed median rank percentile; ties by mean then index,8.421120246659815,12.693987667009248,2.1641615279205206,19.293315347721823,1.0427372387804041,39.4998287084618,9.033487495717711,1.5330592668722165,1.0427372387804041,10.440219253168893,2.117591640972936,30.915981500513876,39.4998287084618,2.3038711887632752,7.8087529976019185,22.244347379239464
689eb24922280923d143,psychiatric_mood,promethazine,"Depressive Disorder, Major",N2V-MLP,4,18568,DRD2,1813,lowest ten-seed median rank percentile; ties by mean then index,5.122687564234327,7.086973278520041,1.4297490578965397,10.322456320657759,0.8072113737581363,24.41974991435423,4.361510791366906,11.53006166495375,5.883864337101747,0.8072113737581363,6.6996402877697845,1.909900650907845,12.908958547447757,1.2696985268927714,1.079136690647482,24.41974991435423
689eb24922280923d143,psychiatric_mood,promethazine,"Depressive Disorder, Major",RF,4,18568,DRD2,1813,lowest ten-seed median rank percentile; ties by mean then index,9.090763103802672,18.978567146282973,6.552971908187735,14.309266872216513,1.7503854059609456,88.16910757108599,7.899751627269612,2.8552158273381294,6.217882836587872,1.7503854059609456,10.281774580335732,10.699297704693388,38.84142685851319,88.16910757108599,7.558239122987325,15.512589928057555
6a1cf448936895d73dc9,psychiatric_mood,Glycine,Bipolar Disorder,HANAMI,1,44145,,2903,lowest ten-seed median rank percentile; ties by mean then index,31.59900650907845,29.58547447756081,17.60020554984584,40.223535457348405,6.554042480301473,53.539311408016445,42.171976704350804,23.44552929085303,13.40356286399452,41.50179856115108,36.022610483042136,27.175402535114767,6.554042480301473,15.65176430284344,53.539311408016445,36.38874614594039
6a1cf448936895d73dc9,psychiatric_mood,Glycine,Bipolar Disorder,TriMoGCL,1,44145,,2903,lowest ten-seed median rank percentile; ties by mean then index,24.66276978417266,24.264088729016784,13.803421548475505,33.807596779719084,1.3360739979445015,49.24203494347379,49.24203494347379,16.441846522781773,12.555669749914355,23.002312435765674,12.923946557040082,1.3360739979445015,26.32322713257965,36.29881808838643,38.18302500856458,26.333932853717027
6a1cf448936895d73dc9,psychiatric_mood,Glycine,Bipolar Disorder,TriNet,1,44145,,2903,lowest ten-seed median rank percentile; ties by mean then index,38.651935594381634,37.538540596094556,26.19582905104488,52.45642771497088,1.9484412470023982,60.62435765673176,51.552329564919496,52.75779376498801,23.214285714285715,53.83907159986297,28.9739636861939,60.62435765673176,28.826224734498116,25.319030489893798,1.9484412470023982,48.32990750256937
6a1cf448936895d73dc9,psychiatric_mood,Glycine,Bipolar Disorder,N2V-MLP,1,44145,,2903,lowest ten-seed median rank percentile; ties by mean then index,15.318816375471052,19.03198869475848,12.95552843439534,18.79068174032203,7.442617334703666,48.41983556012333,48.41983556012333,14.065176430284344,7.442617334703666,29.47499143542309,17.884977732100033,19.092583076396025,16.57245632065776,11.303100376841384,13.185166152792052,12.878982528263103
6a1cf448936895d73dc9,psychiatric_mood,Glycine,Bipolar Disorder,RF,1,44145,,2903,lowest ten-seed median rank percentile; ties by mean then index,24.156389174374787,27.124443302500858,18.218193302500858,33.07639602603631,13.05348578280233,47.316075710859884,33.47250770811922,44.23068687906817,47.316075710859884,13.05348578280233,21.388960260363138,26.923818088386433,14.73963686193902,20.91041452552244,17.32078622816033,31.8880609797876
6b9b38ed9bc1b5d340a5,psychiatric_mood,Sertindole,Depressive Disorder,HANAMI,3,18909,DRD2,1813,lowest ten-seed median rank percentile; ties by mean then index,7.906175059952039,8.279590613223707,5.65690304898938,11.431033744433025,1.406731757451182,14.69039054470709,4.132408359027064,9.296848235697157,13.859626584446728,1.406731757451182,14.69039054470709,7.384806440561836,5.868876327509421,12.142428914011647,5.5862452894827,8.427543679342241
6b9b38ed9bc1b5d340a5,psychiatric_mood,Sertindole,Depressive Disorder,TriMoGCL,3,18909,DRD2,1813,lowest ten-seed median rank percentile; ties by mean then index,6.187906817403221,9.410328879753342,5.042929941760877,7.79911784857828,2.5886433710174717,35.365279205207266,7.819458718739294,13.707605344295992,5.72756080849606,6.64825282631038,35.365279205207266,7.738095238095238,4.096008907159987,2.5886433710174717,4.879667694415896,5.532716683795821
6b9b38ed9bc1b5d340a5,psychiatric_mood,Sertindole,Depressive Disorder,TriNet,3,18909,DRD2,1813,lowest ten-seed median rank percentile; ties by mean then index,16.960003425830763,16.817510277492293,9.861307382665295,22.819244604316548,0.7344124700239808,31.744604316546763,17.122730387118878,16.79727646454265,24.524665981500515,0.7344124700239808,28.472935936964713,7.230644056183625,7.800188420692018,17.702980472764647,16.04466426858513,31.744604316546763
6b9b38ed9bc1b5d340a5,psychiatric_mood,Sertindole,Depressive Disorder,N2V-MLP,3,18909,DRD2,1813,lowest ten-seed median rank percentile; ties by mean then index,8.802243919150394,14.113994518670776,5.45777663583419,14.899687392942788,0.6316375471051731,46.27012675573827,15.521154504967454,46.27012675573827,31.55618362452895,0.6316375471051731,4.924631723192874,10.754967454607742,5.117334703665639,6.849520383693045,6.479102432339842,13.03528605686879
6b9b38ed9bc1b5d340a5,psychiatric_mood,Sertindole,Depressive Disorder,RF,3,18909,DRD2,1813,lowest ten-seed median rank percentile; ties by mean then index,6.9009078451524495,9.053721308667352,2.9098150051387464,11.60741050017129,2.1208033573141485,26.19154676258993,12.049289140116478,10.029119561493662,26.19154676258993,2.4023638232271325,10.281774580335732,3.304856115107914,3.7726961288112366,2.7781346351490237,2.1208033573141485,17.606628982528264
6be32576930ac6a37bed,cardiovascular_hypertensive,sirolimus,Hypertension,HANAMI,1,6249,MTOR,2475,lowest ten-seed median rank percentile; ties by mean then index,35.756038026721484,36.0945529290853,21.412512846865365,44.43623672490579,11.825539568345324,68.70289482699555,28.633521754025352,44.62786913326482,11.825539568345324,42.87855429941761,20.24237752655019,17.801473107228503,57.449040767386094,24.922918807810895,68.70289482699555,43.86133949982871
6be32576930ac6a37bed,cardiovascular_hypertensive,sirolimus,Hypertension,TriMoGCL,1,6249,MTOR,2475,lowest ten-seed median rank percentile; ties by mean then index,29.129196642685848,31.565176430284346,9.387311579307982,43.11675659472422,4.211630695443645,93.32605344295992,34.645854744775605,23.612538540596095,4.211630695443645,39.906646111682086,6.012332990750257,8.742291880781089,49.685251798561154,11.32237067488866,93.32605344295992,44.18679342240493
6be32576930ac6a37bed,cardiovascular_hypertensive,sirolimus,Hypertension,TriNet,1,6249,MTOR,2475,lowest ten-seed median rank percentile; ties by mean then index,13.322199383350462,15.011562178828365,8.833290510448784,18.3710174717369,0.6316375471051731,36.41015758821514,16.566032887975332,9.780746831106544,4.631294964028777,11.909044193216856,14.73535457348407,0.6316375471051731,27.96120246659815,8.517471736896198,36.41015758821514,18.97267899965742
6be32576930ac6a37bed,cardiovascular_hypertensive,sirolimus,Hypertension,N2V-MLP,1,6249,MTOR,2475,lowest ten-seed median rank percentile; ties by mean then index,9.165167865707435,17.382665296334363,3.2952209660842753,11.780575539568346,0.34686536485097635,88.3371873929428,2.4280575539568345,10.834189791024324,0.49246317231928743,34.75077081192189,0.34686536485097635,5.896711202466598,7.496145940390544,11.939020212401507,88.3371873929428,11.30524152106886
6be32576930ac6a37bed,cardiovascular_hypertensive,sirolimus,Hypertension,RF,1,6249,MTOR,2475,lowest ten-seed median rank percentile; ties by mean then index,13.126819972593355,18.728909729359366,3.668582990750257,22.779901079136692,1.0405960945529291,80.67082048646797,15.08971394313121,26.83603117505995,1.0405960945529291,17.118448098663926,3.0083076396026036,4.204136690647482,11.163926002055499,3.4900650907845154,80.67082048646797,24.667052072627612
6d69a1e67192a71f4cef,cardiovascular_hypertensive,candesartan,Hypertension,HANAMI,1,28541,AGTR1,185,lowest ten-seed median rank percentile; ties by mean then index,23.430541281260705,23.355387118876326,20.132108598835217,29.915531860226103,5.277920520726276,35.60936964713943,31.102261048304214,35.60936964713943,30.890287769784173,26.9912641315519,20.13103802672148,16.55532716683796,5.277920520726276,20.13532031517643,21.33007879410757,25.53100376841384
6d69a1e67192a71f4cef,cardiovascular_hypertensive,candesartan,Hypertension,TriMoGCL,1,28541,AGTR1,185,lowest ten-seed median rank percentile; ties by mean then index,33.205935251798564,36.722336416581015,24.843696471394313,38.935637204522095,14.431312093182596,83.30549845837615,35.30960945529291,23.815947242206235,31.102261048304214,21.726190476190474,35.868448098663926,83.30549845837615,39.958033573141485,53.779119561493665,14.431312093182596,27.92694415895855
6d69a1e67192a71f4cef,cardiovascular_hypertensive,candesartan,Hypertension,TriNet,1,28541,AGTR1,185,lowest ten-seed median rank percentile; ties by mean then index,36.92296163069544,36.41807982185681,24.642964200068516,46.50672319287427,13.056697499143542,68.65150736553615,26.918465227817745,33.37615621788284,17.919236039739637,42.91281260705721,68.65150736553615,47.70469338814662,13.056697499143542,49.28699897225077,40.46976704350805,23.88446385748544
6d69a1e67192a71f4cef,cardiovascular_hypertensive,candesartan,Hypertension,N2V-MLP,1,28541,AGTR1,185,lowest ten-seed median rank percentile; ties by mean then index,40.24815861596437,36.697070914696816,18.477004110996916,49.51396026036314,6.241435423090099,72.09874957177115,17.640887290167864,60.07194244604317,15.889431312093183,40.814491264131554,39.68182596779719,72.09874957177115,41.291966426858515,52.25462487153135,6.241435423090099,20.98535457348407
6d69a1e67192a71f4cef,cardiovascular_hypertensive,candesartan,Hypertension,RF,1,28541,AGTR1,185,lowest ten-seed median rank percentile; ties by mean then index,32.68028434395341,30.07890116478246,21.823077252483728,35.75684095580679,14.73963686193902,51.26113394998287,33.47250770811922,51.26113394998287,15.023338472079478,36.263489208633096,25.511733470366565,20.593525179856115,14.73963686193902,37.798689619732784,34.23689619732785,31.8880609797876
6d9771cfc3609a1179fd,cardiovascular_hypertensive,cholecalciferol,Hypertension,HANAMI,1,20720,VDR,7421,lowest ten-seed median rank percentile; ties by mean then index,10.954093867762932,14.089585474477563,6.091555327166837,24.417608770126755,1.5758821514217198,26.663669064748202,20.62778348749572,25.6808838643371,5.569116135662898,25.856457690990066,9.500256937307297,5.355001712915382,1.5758821514217198,12.407930798218567,7.658872901678657,26.663669064748202
6d9771cfc3609a1179fd,cardiovascular_hypertensive,cholecalciferol,Hypertension,TriMoGCL,1,20720,VDR,7421,lowest ten-seed median rank percentile; ties by mean then index,7.549674546077425,10.57339842411785,3.455806783144913,15.274387632750942,2.528691332648167,27.128297362110313,13.300787941075711,2.528691332648167,2.8048989379924634,21.95101062007537,3.41726618705036,3.5714285714285716,8.28622816032888,15.932254196642686,6.813120931825968,27.128297362110313
6d9771cfc3609a1179fd,cardiovascular_hypertensive,cholecalciferol,Hypertension,TriNet,1,20720,VDR,7421,lowest ten-seed median rank percentile; ties by mean then index,2.4237752655018845,15.894784172661868,0.11133949982870846,31.801344638574857,0.006423432682425488,58.541024323398425,32.1728331620418,0.006423432682425488,32.335560123329905,3.5221822541966428,1.3253682768071258,0.01498800959232614,0.051387461459403906,58.541024323398425,30.686879068174033,0.2911956149366221
6d9771cfc3609a1179fd,cardiovascular_hypertensive,cholecalciferol,Hypertension,N2V-MLP,1,20720,VDR,7421,lowest ten-seed median rank percentile; ties by mean then index,1.6272696128811237,6.483812949640287,0.20662041795135322,6.6327295306611855,0.006423432682425488,37.55781089414183,11.816974991435423,7.416923603973964,0.2719253168893457,4.2801473107228505,0.006423432682425488,0.07279890373415553,0.2355258650222679,37.55781089414183,0.19698526892771498,2.9826139088729016
6d9771cfc3609a1179fd,cardiovascular_hypertensive,cholecalciferol,Hypertension,RF,1,20720,VDR,7421,lowest ten-seed median rank percentile; ties by mean then index,2.153991092840014,3.1020897567660155,0.21598792394655703,5.527631466255567,0.046034600890715996,8.220923261390887,5.604445015416238,3.861553614251456,0.06530489893799246,6.946942446043166,0.44642857142857145,0.046034600890715996,8.220923261390887,5.297190818773553,0.1659386776293251,0.36613566289825283
6f56f673ce979716378e,psychiatric_mood,bromperidol,Depressive Disorder,HANAMI,1,19197,DRD2,1813,lowest ten-seed median rank percentile; ties by mean then index,11.05686879068174,11.526207605344297,7.922768927714971,14.43398852346694,1.44741349777321,22.036656389174375,4.3058410414525525,10.59224049331963,22.036656389174375,1.44741349777321,11.521497088043851,7.857999314833847,8.117077766358342,14.555498458376157,20.758393285371703,14.069458718739295
6f56f673ce979716378e,psychiatric_mood,bromperidol,Depressive Disorder,TriMoGCL,1,19197,DRD2,1813,lowest ten-seed median rank percentile; ties by mean then index,19.203922576224734,20.001498800959233,9.11859797875985,23.94709232613909,5.1280404248030145,42.27689277149709,19.66212744090442,24.22062350119904,38.911014045906136,8.15775950668037,42.27689277149709,11.44227475162727,18.74571771154505,8.34403905447071,23.126498800959233,5.1280404248030145
6f56f673ce979716378e,psychiatric_mood,bromperidol,Depressive Disorder,TriNet,1,19197,DRD2,1813,lowest ten-seed median rank percentile; ties by mean then index,15.99648852346694,16.98013018156903,8.744433025008565,21.885705721137377,1.0384549503254539,44.4480130181569,4.993148338472079,23.462658444672833,28.43439534087016,1.0384549503254539,44.4480130181569,9.926344638574854,8.350462487153134,16.146368619390202,15.846608427543678,17.154847550531002
6f56f673ce979716378e,psychiatric_mood,bromperidol,Depressive Disorder,N2V-MLP,1,19197,DRD2,1813,lowest ten-seed median rank percentile; ties by mean then index,14.527663583418978,26.63240835902706,12.768178314491264,35.32995032545392,0.6273552586502227,72.8181740322028,12.534258307639602,72.8181740322028,72.32142857142857,0.6273552586502227,13.46993833504625,41.22344981157931,15.439791024323398,13.615536142514559,17.649451867077765,6.624700239808154
6f56f673ce979716378e,psychiatric_mood,bromperidol,Depressive Disorder,RF,1,19197,DRD2,1813,lowest ten-seed median rank percentile; ties by mean then index,11.605536998972251,20.604230900993493,2.643777834874957,32.14339242891401,0.9827852004110997,66.58530318602261,5.604445015416238,66.58530318602261,49.810508735868446,2.4023638232271325,35.28926858513189,22.705763960260363,1.6872216512504283,0.9827852004110997,3.368019869818431,17.606628982528264
6f8b0d32a81e380647dc,psychiatric_mood,oxazepam,Depressive Disorder,HANAMI,2,37882,GABRA3,2556,lowest ten-seed median rank percentile; ties by mean then index,17.70619218910586,22.59849263446386,10.226104830421377,21.721908187735526,7.10859883521754,71.90176430284345,12.467882836587872,9.478845495032546,9.431740322028093,7.10859883521754,71.90176430284345,18.94912641315519,20.777663583418978,16.463257965056528,37.369390202124016,22.036656389174375
6f8b0d32a81e380647dc,psychiatric_mood,oxazepam,Depressive Disorder,TriMoGCL,2,37882,GABRA3,2556,lowest ten-seed median rank percentile; ties by mean then index,35.33958547447756,36.64910928400137,19.739208633093526,41.15546848235697,10.744261733470367,89.00308324768757,31.419150393970536,22.642600205549847,10.744261733470367,18.77141144227475,89.00308324768757,39.51909900650908,39.260020554984585,62.48929427886262,41.70092497430627,10.941247002398082
6f8b0d32a81e380647dc,psychiatric_mood,oxazepam,Depressive Disorder,TriNet,2,24768,GABRB3,2562,lowest ten-seed median rank percentile; ties by mean then index,11.200325453922577,21.811193902021238,4.45304470709147,37.327637889688255,2.702124015073655,71.01961288112368,2.830592668722165,27.54153819801302,5.164439876670093,9.470280918122645,12.930369989722507,40.58967112024666,4.215912983898596,41.64739636861939,71.01961288112368,2.702124015073655
6f8b0d32a81e380647dc,psychiatric_mood,oxazepam,Depressive Disorder,N2V-MLP,2,24768,GABRB3,2562,lowest ten-seed median rank percentile; ties by mean then index,26.73860911270983,27.443045563549163,10.807425488180883,39.63632665296334,4.419321685508736,52.07690990065091,21.557040082219938,31.920178143199728,7.932939362795478,52.07690990065091,18.97482014388489,51.952723535457345,4.419321685508736,40.5168722165125,36.99468996231586,8.084960602946214
6f8b0d32a81e380647dc,psychiatric_mood,oxazepam,Depressive Disorder,RF,2,24768,GABRB3,2562,lowest ten-seed median rank percentile; ties by mean then index,34.41193473792395,33.550124186365196,23.3448955121617,45.158872901678656,5.73184309695101,58.33868619390202,29.28014731072285,21.366478245974648,16.69664268585132,38.6080421377184,30.215827338129497,41.918251113395,5.73184309695101,58.33868619390202,47.106243576567316,46.239080164439876
7018a95e1af376cdba0a,cardiovascular_hypertensive,diltiazem,"Arrhythmias, Cardiac",HANAMI,1,740,CACNA1C,775,lowest ten-seed median rank percentile; ties by mean then index,27.896968139773897,25.17343268242549,23.62324426173347,30.334660842754367,9.853545734840699,34.15125042822885,32.937221651250425,28.113223706748887,30.372130866735183,34.15125042822885,9.853545734840699,27.680712572798903,11.033316204179513,30.22225077081192,23.56115107913669,23.80952380952381
7018a95e1af376cdba0a,cardiovascular_hypertensive,diltiazem,"Arrhythmias, Cardiac",TriMoGCL,1,740,CACNA1C,775,lowest ten-seed median rank percentile; ties by mean then index,37.9218054128126,32.43276807125728,15.35521582733813,39.515352004110994,12.532117163412128,58.851490236382325,37.98175745118191,58.851490236382325,15.022267899965742,39.75890715998629,16.354059609455295,37.8618533744433,14.382065775950668,12.532117163412128,52.79847550531004,38.7846865364851
7018a95e1af376cdba0a,cardiovascular_hypertensive,diltiazem,"Arrhythmias, Cardiac",TriNet,1,740,CACNA1C,775,lowest ten-seed median rank percentile; ties by mean then index,33.302286742034944,34.39341384035629,19.494582905104487,49.67508136348064,8.541024323398425,64.10799931483385,36.452980472764644,38.923860911270985,8.541024323398425,53.60568687906817,64.10799931483385,53.258821514217196,16.559609455292907,30.15159301130524,28.299503254539225,14.033059266872216
7018a95e1af376cdba0a,cardiovascular_hypertensive,diltiazem,"Arrhythmias, Cardiac",N2V-MLP,1,740,CACNA1C,775,lowest ten-seed median rank percentile; ties by mean then index,36.53006166495375,35.518371017471736,15.058667351832819,54.02695700582391,5.147310722850291,68.6900479616307,16.786570743405274,29.207348406988693,14.482699554642,47.582648167180544,68.6900479616307,56.17505995203837,43.852774922918805,5.147310722850291,59.859969167523126,13.399280575539569
7018a95e1af376cdba0a,cardiovascular_hypertensive,diltiazem,"Arrhythmias, Cardiac",RF,1,740,CACNA1C,775,lowest ten-seed median rank percentile; ties by mean then index,17.47013103802672,28.345109626584453,7.241349777321,51.45303400137033,1.9805584104145255,67.7019099006509,5.604445015416238,52.834874957177114,4.316546762589928,56.61292394655704,67.7019099006509,1.9805584104145255,47.30751113394998,15.076867077766359,12.152064063035287,19.863394998287085
7049d2cacaf3987b36f3,psychiatric_mood,diphenhydramine,Depressive Disorder,HANAMI,1,35754,CHRM2,1129,lowest ten-seed median rank percentile; ties by mean then index,15.030832476875641,16.512718396711204,5.217433196300103,19.988651935594383,2.682853717026379,56.172918807810895,2.682853717026379,7.207091469681398,4.554213771839671,4.091726618705036,56.172918807810895,18.553014731072285,13.534172661870503,20.46719767043508,16.52749229188078,21.336502226789996
7049d2cacaf3987b36f3,psychiatric_mood,diphenhydramine,Depressive Disorder,TriMoGCL,1,35754,CHRM2,1129,lowest ten-seed median rank percentile; ties by mean then index,16.70413669064748,28.33825796505652,12.45557125727989,36.68904162384378,9.453151764302843,79.14097293593696,9.453151764302843,20.0603802672148,12.887547105173004,12.311579307982186,79.14097293593696,62.52783487495718,16.531774580335732,42.23192874272011,11.360911270983214,16.876498800959233
7049d2cacaf3987b36f3,psychiatric_mood,diphenhydramine,Depressive Disorder,TriNet,1,35754,CHRM2,1129,lowest ten-seed median rank percentile; ties by mean then index,30.679385063377868,35.23595409386776,20.642236211031175,47.26308239122987,15.853031860226105,63.992377526550186,48.71103117505995,21.199468996231587,20.456491949297703,18.711459403905447,59.157673860911274,42.91923603973964,63.992377526550186,27.627183967112025,15.853031860226105,33.73158615964371
7049d2cacaf3987b36f3,psychiatric_mood,diphenhydramine,Depressive Disorder,N2V-MLP,1,35754,CHRM2,1129,lowest ten-seed median rank percentile; ties by mean then index,35.21754025351147,40.976575882151415,21.647503425830763,53.75181997259335,10.939105858170606,79.46000342583076,32.78734155532717,31.24571771154505,52.86056868790682,18.180455635491608,74.14782459746489,37.647738951695786,79.46000342583076,54.04890373415553,18.448098663926,10.939105858170606
7049d2cacaf3987b36f3,psychiatric_mood,diphenhydramine,Depressive Disorder,RF,1,35754,CHRM2,1129,lowest ten-seed median rank percentile; ties by mean then index,37.92555241521069,35.278991092840016,18.125588814662557,46.91407588215142,10.474477560808497,70.63420692017814,16.741606714628297,44.23068687906817,34.978802672148,10.537641315519013,47.80853888317917,54.23411270983213,40.87230215827338,70.63420692017814,10.474477560808497,22.27753511476533
70985c5c2061b8a15519,psychiatric_mood,celecoxib,Depressive Disorder,HANAMI,1,10788,PTGS2,5743,lowest ten-seed median rank percentile; ties by mean then index,5.592668722165126,17.885620075368276,3.745931825967797,19.35112624186365,2.314576909900651,65.97079479273724,4.385063377869133,14.435594381637546,4.588472079479274,3.5328879753340185,65.97079479273724,2.314576909900651,53.61425145597808,6.596865364850976,20.98963686193902,2.4280575539568345
70985c5c2061b8a15519,psychiatric_mood,celecoxib,Depressive Disorder,TriMoGCL,1,10788,PTGS2,5743,lowest ten-seed median rank percentile; ties by mean then index,11.855515587529975,22.31200753682768,6.830785371702638,29.3684695101062,3.0725419664268587,90.35200411099692,31.01875642343268,10.802072627612196,3.0725419664268587,10.262504282288456,90.35200411099692,3.5607228502911954,24.417608770126755,31.03802672147996,12.908958547447757,5.686879068174032
70985c5c2061b8a15519,psychiatric_mood,celecoxib,Depressive Disorder,TriNet,1,10788,PTGS2,5743,lowest ten-seed median rank percentile; ties by mean then index,27.13793251113395,29.066675231243572,15.074725933538883,41.61581449126413,0.17985611510791366,66.16992120589244,20.55070229530661,13.249400479616307,43.362452894826994,27.82416923603974,36.37589928057554,1.9184652278177459,26.45169578622816,66.16992120589244,54.58418979102432,0.17985611510791366
70985c5c2061b8a15519,psychiatric_mood,celecoxib,Depressive Disorder,N2V-MLP,1,10788,PTGS2,5743,lowest ten-seed median rank percentile; ties by mean then index,15.91726618705036,22.610268927714973,10.723385577252484,24.954500685166153,2.528691332648167,75.65304898937993,25.46034600890716,16.062863994518672,9.164097293593697,15.401250428228845,75.65304898937993,3.4386776293251113,23.43696471394313,39.18508050702295,15.77166837958205,2.528691332648167
70985c5c2061b8a15519,psychiatric_mood,celecoxib,Depressive Disorder,RF,1,10788,PTGS2,5743,lowest ten-seed median rank percentile; ties by mean then index,12.44325967797191,19.268585131894483,7.516486810551559,24.695154590613225,0.20340870161014046,59.74006509078451,13.53096094552929,11.355558410414526,7.328066118533744,8.081748886605002,59.74006509078451,2.570443645083933,25.880010277492293,42.85500171291538,21.14058752997602,0.20340870161014046
715aab84fbe786edc684,prostate_oncology,Rosiglitazone,Prostatic Neoplasms,HANAMI,1,4251,PPARA,5465,lowest ten-seed median rank percentile; ties by mean then index,19.859112709832132,22.224648852346697,17.090613223706747,29.926772867420347,0.5781089414182939,47.28288797533402,27.42163412127441,20.270212401507365,32.77235354573484,30.761819116135662,19.448013018156903,18.632237067488866,0.5781089414182939,8.502483727303872,16.57673860911271,47.28288797533402
715aab84fbe786edc684,prostate_oncology,Rosiglitazone,Prostatic Neoplasms,TriMoGCL,1,4251,PPARA,5465,lowest ten-seed median rank percentile; ties by mean then index,20.185637204522095,24.247816032887975,7.089863823227132,32.47741092840014,1.5823055841041453,67.52740664611169,67.52740664611169,32.562521411442276,1.5823055841041453,32.222079479273724,5.474905789653991,16.073569715656046,11.934737923946557,2.4023638232271325,24.297704693388148,48.40056526207605
715aab84fbe786edc684,prostate_oncology,Rosiglitazone,Prostatic Neoplasms,TriNet,1,4251,PPARA,5465,lowest ten-seed median rank percentile; ties by mean then index,45.61065433367591,45.972079479273724,33.09084874957177,64.80547704693389,8.643799246317231,77.83701610140459,65.21925316889346,63.56414868105516,68.966255566975,39.11442274751627,8.643799246317231,31.082990750256936,14.07159986296677,46.83324768756423,44.388060979787596,77.83701610140459
715aab84fbe786edc684,prostate_oncology,Rosiglitazone,Prostatic Neoplasms,N2V-MLP,1,4251,PPARA,5465,lowest ten-seed median rank percentile; ties by mean then index,27.117591640972936,33.19073312778349,16.091234155532717,44.36611425145598,4.048903734155533,89.0437649880096,58.656646111682086,48.944415895854746,30.175145597807468,15.214970880438507,4.048903734155533,18.72002398081535,12.412213086673518,30.63120931825968,24.060037684138404,89.0437649880096
715aab84fbe786edc684,prostate_oncology,Rosiglitazone,Prostatic Neoplasms,RF,1,4251,PPARA,5465,lowest ten-seed median rank percentile; ties by mean then index,31.996188763275093,35.34868533744434,15.870161014045905,51.648681055155876,7.496145940390544,80.4128126070572,13.53096094552929,56.05087358684481,54.58418979102432,14.45165296334361,32.74987153134635,31.242505995203835,20.125685166152792,7.496145940390544,42.84215484755053,80.4128126070572
71668452c201802a5e73,cardiovascular_hypertensive,ramipril,Atrial Fibrillation,HANAMI,1,40375,ACE,1636,lowest ten-seed median rank percentile; ties by mean then index,20.67595923261391,25.66803699897225,14.887911099691674,38.7263403562864,9.926344638574854,46.31294964028777,40.31346351490237,46.31294964028777,23.623244261733472,41.26841384035629,16.848663926002054,17.728674203494347,14.234326824254882,9.926344638574854,33.96497088043851,12.459318259677971
71668452c201802a5e73,cardiovascular_hypertensive,ramipril,Atrial Fibrillation,TriMoGCL,1,40375,ACE,1636,lowest ten-seed median rank percentile; ties by mean then index,40.728845495032544,39.54179513532032,34.10253939705378,47.3107228502912,15.459061322370674,63.51276121959575,48.97653305926687,63.51276121959575,46.64910928400137,45.55284343953409,33.73158615964371,15.459061322370674,35.904847550531,47.53126070572114,22.88454950325454,35.215399109284
71668452c201802a5e73,cardiovascular_hypertensive,ramipril,Atrial Fibrillation,TriNet,1,40375,ACE,1636,lowest ten-seed median rank percentile; ties by mean then index,48.940133607399794,51.68764988009592,45.67595923261391,61.92403220280919,7.742377526550189,86.16178485782802,49.02149708804385,73.71317231928742,48.858770126755736,86.16178485782802,52.86056868790682,7.742377526550189,64.94518670777664,45.143884892086334,47.27218225419664,41.15707434052758
71668452c201802a5e73,cardiovascular_hypertensive,ramipril,Atrial Fibrillation,N2V-MLP,1,40375,ACE,1636,lowest ten-seed median rank percentile; ties by mean then index,19.578622816032887,22.178828365878722,12.138681911613567,31.46732613908873,6.840955806783145,44.694244604316545,24.558924289140116,29.684823569715657,32.06149366221309,44.694244604316545,14.272867420349435,6.840955806783145,33.99494689962316,14.59832134292566,11.427286742034944,9.65441932168551
71668452c201802a5e73,cardiovascular_hypertensive,ramipril,Atrial Fibrillation,RF,1,40375,ACE,1636,lowest ten-seed median rank percentile; ties by mean then index,30.003854059609456,26.421291538198012,19.068762846865365,35.56574383350463,0.46891058581706063,45.02076909900651,33.47250770811922,23.166109969167522,44.77346694073313,36.263489208633096,17.702980472764647,26.923818088386433,33.08389003083248,0.46891058581706063,45.02076909900651,3.336973278520041
7374da4f5b11aeb51876,psychiatric_mood,clozapine,Depressive Disorder,HANAMI,14,18013,DRD2,1813,lowest ten-seed median rank percentile; ties by mean then index,8.598835217540254,8.08795820486468,4.943366735183282,10.422019527235355,1.1990407673860912,15.72670435080507,5.198698184309695,10.052672147995889,15.72670435080507,1.1990407673860912,8.072113737581363,10.545135320315177,3.4815005138746145,12.619904076738608,4.858256252141144,9.125556697499144
7374da4f5b11aeb51876,psychiatric_mood,clozapine,Depressive Disorder,TriMoGCL,14,22687,HTR2A,3356,lowest ten-seed median rank percentile; ties by mean then index,10.593311065433367,17.375171291538198,4.811151079136691,19.662662726961287,2.025522439191504,57.393371017471736,2.380952380952381,11.1896197327852,2.025522439191504,20.229530661185336,57.393371017471736,42.1377183967112,4.404333675916409,9.997002398081534,6.031603288797533,17.96205892428914
7374da4f5b11aeb51876,psychiatric_mood,clozapine,Depressive Disorder,TriNet,14,18013,DRD2,1813,lowest ten-seed median rank percentile; ties by mean then index,13.151978417266188,14.627440904419322,10.925188420692017,21.249785885577253,0.8221993833504625,24.01293251113395,6.903048989379925,11.51293251113395,21.27869133264817,0.8221993833504625,23.599691675231245,11.435851318944843,14.791024323398425,21.163069544364507,10.754967454607742,24.01293251113395
7374da4f5b11aeb51876,psychiatric_mood,clozapine,Depressive Disorder,N2V-MLP,14,18013,DRD2,1813,lowest ten-seed median rank percentile; ties by mean then index,9.988437821171633,18.644441589585472,3.099306269270298,28.949340527577938,0.4774751627269613,61.02689277149709,42.662298732442615,61.02689277149709,14.099434737923946,0.4988866050017129,23.974391915039398,30.60765673175745,0.4774751627269613,5.877440904419322,4.631294964028777,2.5886433710174717
7374da4f5b11aeb51876,psychiatric_mood,clozapine,Depressive Disorder,RF,14,18013,DRD2,1813,lowest ten-seed median rank percentile; ties by mean then index,9.44565775950668,8.610825625214115,4.436450839328537,11.31862367249058,1.3532031517643028,18.439534087016103,18.439534087016103,10.029119561493662,1.3532031517643028,11.748458376156218,14.512675573826654,9.080592668722165,1.6872216512504283,5.297190818773553,4.149537512846865,9.810722850291196
73b7d7ef4c41bd414b38,breast_oncology,pravastatin,Breast Neoplasms,HANAMI,1,43289,SLCO1B1,10599,lowest ten-seed median rank percentile; ties by mean then index,32.63960260363138,34.427458033573146,20.84350376841384,42.27421634121274,15.636776293251113,71.95957519698527,19.65356286399452,42.54881808838643,41.45041109969168,37.62846865364851,27.65073655361425,24.413326481671806,71.95957519698527,15.636776293251113,16.658102089756767,46.674803014731076
73b7d7ef4c41bd414b38,breast_oncology,pravastatin,Breast Neoplasms,TriMoGCL,1,43289,SLCO1B1,10599,lowest ten-seed median rank percentile; ties by mean then index,46.68336759164097,44.91306954436451,40.36966855087359,49.921848235697155,19.118276807125728,63.76327509421034,27.091897910243233,63.15733127783488,63.76327509421034,49.22490578965399,19.118276807125728,45.970366563891744,39.1122816032888,47.3963686193902,44.14182939362796,50.15416238437821
73b7d7ef4c41bd414b38,breast_oncology,pravastatin,Breast Neoplasms,TriNet,1,43289,SLCO1B1,10599,lowest ten-seed median rank percentile; ties by mean then index,49.98822370674888,49.00158444672833,35.81438420692018,62.2564448441247,4.200924974306269,87.29016786570743,4.200924974306269,46.06243576567318,33.27980472764646,53.914011647824594,77.09832134292566,87.29016786570743,55.73184309695101,24.588900308324767,43.41812264474135,64.4313120931826
73b7d7ef4c41bd414b38,breast_oncology,pravastatin,Breast Neoplasms,N2V-MLP,1,43289,SLCO1B1,10599,lowest ten-seed median rank percentile; ties by mean then index,53.829436450839324,53.16568174032203,42.99792309009935,63.23334189791024,28.25239808153477,78.61853374443302,28.25239808153477,60.10191846522782,66.3711887632751,39.16581020897568,49.70238095238095,78.61853374443302,42.39037341555327,57.95649194929771,64.27714970880439,44.82057211373758
73b7d7ef4c41bd414b38,breast_oncology,pravastatin,Breast Neoplasms,RF,1,43289,SLCO1B1,10599,lowest ten-seed median rank percentile; ties by mean then index,41.402235354573484,48.069544364508396,38.42979188078109,62.96462829736211,21.4050188420692,75.76010620075368,40.61108256252141,60.796719767043506,42.19338814662556,21.4050188420692,40.323098663926004,63.68726447413498,75.76010620075368,37.798689619732784,66.2320143884892,31.8880609797876
743034e9b41254a340e0,cardiovascular_hypertensive,testosterone,Myocardial Infarction,HANAMI,2,1488,ESR1,2099,lowest ten-seed median rank percentile; ties by mean then index,22.794621445700585,23.49648852346694,16.804770469338813,27.11491521068859,7.9586330935251794,53.62709832134293,27.781346351490235,27.79419321685509,16.339071599862965,23.458376156217884,7.9586330935251794,22.130866735183282,25.115621788283658,18.20186707776636,53.62709832134293,12.557810894141829
743034e9b41254a340e0,cardiovascular_hypertensive,testosterone,Myocardial Infarction,TriMoGCL,2,1488,ESR1,2099,lowest ten-seed median rank percentile; ties by mean then index,11.725976361767728,14.440304898937992,6.756915895854744,20.989636861939022,1.0363138060979789,39.846694073312776,6.288540596094553,9.598749571771155,13.853203151764303,23.625385405960944,1.0363138060979789,15.20854744775608,8.16204179513532,3.866906474820144,39.846694073312776,22.916666666666668
743034e9b41254a340e0,cardiovascular_hypertensive,testosterone,Myocardial Infarction,TriNet,2,1488,ESR1,2099,lowest ten-seed median rank percentile; ties by mean then index,10.870589242891402,14.698098663926,6.380609797875985,20.033615964371357,2.498715313463515,39.83812949640288,12.243062692702981,2.7299588900308325,5.71899623158616,26.742891401164783,20.394398766700924,39.83812949640288,8.36545049674546,2.498715313463515,18.951267557382664,9.498115793079823
743034e9b41254a340e0,cardiovascular_hypertensive,testosterone,Myocardial Infarction,N2V-MLP,2,1488,ESR1,2099,lowest ten-seed median rank percentile; ties by mean then index,8.006808838643371,12.428914011647825,5.219039054470709,13.098449811579309,0.539568345323741,43.3967112024666,6.262846865364851,0.539568345323741,9.129838985954095,27.209660842754367,1.7578794107571085,14.078023295649196,10.159729359369647,4.871103117505995,43.3967112024666,6.883778691332648
743034e9b41254a340e0,cardiovascular_hypertensive,testosterone,Myocardial Infarction,RF,2,1488,ESR1,2099,lowest ten-seed median rank percentile; ties by mean then index,3.1726404590613226,4.976447413497773,1.7356650393970539,8.536206748886604,0.5995203836930456,10.699297704693388,1.3082391229873245,2.8552158273381294,8.687692702980472,8.081748886605002,0.5995203836930456,10.699297704693388,1.6872216512504283,3.4900650907845154,10.474477560808497,1.8809952038369304
745a21728201ce2d7270,psychiatric_mood,acamprosate,Depressive Disorder,HANAMI,4,37835,GABRA3,2556,lowest ten-seed median rank percentile; ties by mean then index,17.955635491606714,18.252612195957518,9.173732442617334,22.094467283316206,7.7573655361425145,43.99837273038712,10.256080849606029,8.81294964028777,8.496060294621445,7.7573655361425145,43.99837273038712,20.013275094210346,19.719938335046248,16.19133264816718,24.492548818088387,22.788198013018157
745a21728201ce2d7270,psychiatric_mood,acamprosate,Depressive Disorder,TriMoGCL,4,37835,GABRA3,2556,lowest ten-seed median rank percentile; ties by mean then index,18.336759164097295,26.133093525179856,13.55344295991778,27.53083247687564,10.909129838985955,87.57279890373415,17.516700924974305,11.684224049331963,10.909129838985955,17.63018156903049,87.57279890373415,25.64234326824255,30.939534087016103,28.16032887975334,19.0433367591641,12.232356971565604
745a21728201ce2d7270,psychiatric_mood,acamprosate,Depressive Disorder,TriNet,4,24713,GABRB3,2562,lowest ten-seed median rank percentile; ties by mean then index,16.862581363480643,25.36784857828023,8.924289140116478,35.730879582048644,0.98706748886605,78.90758821514217,14.782459746488524,16.180626927029806,22.824597464885233,17.544535799931484,3.9033059266872216,40.03297362110312,6.97156560465913,51.54376498800959,78.90758821514217,0.98706748886605
745a21728201ce2d7270,psychiatric_mood,acamprosate,Depressive Disorder,N2V-MLP,4,44190,,2903,lowest ten-seed median rank percentile; ties by mean then index,14.17330421377184,16.83431825967797,2.566696642685851,20.504132408359027,0.36613566289825283,49.528948269955464,49.528948269955464,0.36613566289825283,41.5082219938335,18.238266529633435,1.1241007194244603,21.25942103460089,1.1476533059266871,17.876413155190132,10.470195272353546,6.823826652963343
745a21728201ce2d7270,psychiatric_mood,acamprosate,Depressive Disorder,RF,4,44190,,2903,lowest ten-seed median rank percentile; ties by mean then index,32.24295563549161,35.92219081877355,23.40725633778691,48.42277963343611,20.125685166152792,59.13840356286399,49.82014388489208,44.23068687906817,59.13840356286399,31.912684138403563,25.511733470366565,22.705763960260363,20.125685166152792,32.57322713257965,50.92604487838301,22.27753511476533
748dec4bf8acbeb99485,psychiatric_mood,pramipexole,Depressive Disorder,HANAMI,8,22724,HTR2A,3356,lowest ten-seed median rank percentile; ties by mean then index,9.26366050017129,11.260705721137377,6.124743062692703,13.185701438848922,2.9654847550531005,33.656646111682086,6.494090441932168,9.00779376498801,9.519527235354573,2.9654847550531005,33.656646111682086,15.013703323055841,5.823912298732442,14.309266872216513,6.001627269612881,9.815005138746146
748dec4bf8acbeb99485,psychiatric_mood,pramipexole,Depressive Disorder,TriMoGCL,8,22724,HTR2A,3356,lowest ten-seed median rank percentile; ties by mean then index,7.840870161014045,13.914439876670093,4.127590784515245,14.025565262076054,3.1496231586159644,55.01670092497431,3.342326139088729,14.91306954436451,3.800531003768414,11.363052415210689,55.01670092497431,26.768585131894483,3.1496231586159644,5.496317231928742,5.108770126755738,10.185423090099349
748dec4bf8acbeb99485,psychiatric_mood,pramipexole,Depressive Disorder,TriNet,8,29385,HTR1A,3350,lowest ten-seed median rank percentile; ties by mean then index,21.903905447070915,27.38587701267557,10.786549331963002,38.73115793079822,2.2310722850291196,69.79059609455292,2.2310722850291196,69.79059609455292,40.52757793764988,18.938420692017814,15.994347379239466,9.050616649537513,53.84121274409044,33.34189791024323,24.869390202124016,5.273638232271326
748dec4bf8acbeb99485,psychiatric_mood,pramipexole,Depressive Disorder,N2V-MLP,8,22724,HTR2A,3356,lowest ten-seed median rank percentile; ties by mean then index,18.548732442617336,26.17441760877013,8.258928571428571,27.88572713257965,2.143285371702638,82.40193559438164,15.546848235697157,6.365621788283659,24.54393627954779,4.8925145597807465,28.999657416923604,61.360911270983216,82.40193559438164,21.550616649537513,2.143285371702638,13.93884892086331
748dec4bf8acbeb99485,psychiatric_mood,pramipexole,Depressive Disorder,RF,8,22724,HTR2A,3356,lowest ten-seed median rank percentile; ties by mean then index,21.409836416581022,23.057768071257282,13.97551601575882,34.389452723535456,2.5533144912641315,42.81539054470709,16.741606714628297,17.658016443987666,32.72417780061665,13.05348578280233,42.81539054470709,39.830635491606714,34.944544364508396,25.161656389174375,5.0948526892771495,2.5533144912641315
75591bacc1ced0262beb,psychiatric_mood,aripiprazole,"Depressive Disorder, Major",HANAMI,9,18729,DRD2,1813,lowest ten-seed median rank percentile; ties by mean then index,4.197713257965057,5.129110996916752,2.020169578622816,8.48535457348407,0.5202980472764646,10.731414868105515,4.87324426173347,10.731414868105515,9.620161014045905,2.652877697841727,1.3788968824940049,3.5221822541966428,1.8092668722165126,7.30344295991778,0.5202980472764646,8.879325111339499
75591bacc1ced0262beb,psychiatric_mood,aripiprazole,"Depressive Disorder, Major",TriMoGCL,9,18729,DRD2,1813,lowest ten-seed median rank percentile; ties by mean then index,4.039268585131895,6.300959232613908,1.4698955121616992,9.580014559780746,0.26550188420692017,19.021925316889345,1.357485440219253,19.021925316889345,2.3338472079479273,5.744689962315862,12.260191846522781,9.440304898937992,1.460260363138061,0.26550188420692017,1.498800959232614,9.626584446728332
75591bacc1ced0262beb,psychiatric_mood,aripiprazole,"Depressive Disorder, Major",TriNet,9,44611,ADRA1A,148,lowest ten-seed median rank percentile; ties by mean then index,7.905104487838301,11.023466940733128,4.781710346008907,15.002997601918466,1.4752483727303871,35.52372387804043,8.412555669749914,11.919749914354231,1.4752483727303871,4.299417608770127,7.397653305926688,35.52372387804043,16.272696128811237,2.6742891401164783,6.228588557725248,16.030746831106544
75591bacc1ced0262beb,psychiatric_mood,aripiprazole,"Depressive Disorder, Major",N2V-MLP,9,18729,DRD2,1813,lowest ten-seed median rank percentile; ties by mean then index,2.4130695443645083,5.160585817060637,0.5513446385748544,6.225912127440905,0.08350462487153135,20.432939362795477,1.4645426515930113,20.432939362795477,12.425059952038369,0.4432168550873587,6.277834874957177,0.8757279890373415,3.3615964371360056,0.17129153819801302,0.08350462487153135,6.070143884892087
75591bacc1ced0262beb,psychiatric_mood,aripiprazole,"Depressive Disorder, Major",RF,9,18729,DRD2,1813,lowest ten-seed median rank percentile; ties by mean then index,1.3772910243233984,3.820229530661185,1.00473192874272,5.05898852346694,0.4764045906132237,12.895041109969167,0.5813206577595067,1.388532031517643,6.217882836587872,0.4764045906132237,11.64140116478246,1.0705721137375814,12.895041109969167,0.9827852004110997,1.5823055841041453,1.3660500171291539
75897ecdbe774a065d7b,neurological_seizure,chlorpromazine,Epilepsy,HANAMI,1,41500,CHRM1,1128,lowest ten-seed median rank percentile; ties by mean then index,8.424331963001027,8.967968482356971,4.920884720794793,13.251006337786913,0.0171291538198013,18.18902021240151,2.2118019869818433,6.438420692017814,12.536399451867078,4.415039397053786,0.0171291538198013,18.18902021240151,9.92848578280233,15.534001370332305,6.920178143199726,13.489208633093526
75897ecdbe774a065d7b,neurological_seizure,chlorpromazine,Epilepsy,TriMoGCL,1,41500,CHRM1,1128,lowest ten-seed median rank percentile; ties by mean then index,16.543550873586845,18.01644398766701,5.498993662213087,22.270576396026037,1.616563891743748,56.27355258650223,5.202980472764645,16.244861253854058,6.38703323055841,21.53348749571771,29.23090099349092,56.27355258650223,4.316546762589928,16.84224049331963,1.616563891743748,22.516272696128812
75897ecdbe774a065d7b,neurological_seizure,chlorpromazine,Epilepsy,TriNet,1,41500,CHRM1,1128,lowest ten-seed median rank percentile; ties by mean then index,64.51481671805413,64.35530147310723,47.88294364508393,83.34189791024323,18.89131551901336,97.89311408016444,18.89131551901336,56.928742720109625,84.06774580335731,72.10089071599863,46.473535457348405,97.89311408016444,45.07322713257965,88.84892086330935,52.11116820829051,81.164354230901
75897ecdbe774a065d7b,neurological_seizure,chlorpromazine,Epilepsy,N2V-MLP,1,41500,CHRM1,1128,lowest ten-seed median rank percentile; ties by mean then index,19.991863651935596,30.887932511133947,4.097614765330593,45.34729359369648,0.4624871531346352,88.24083590270641,30.663326481671806,9.320400822199383,3.3637375813634804,34.00993490921549,49.126413155190136,88.24083590270641,1.3660500171291539,86.02689277149709,0.4624871531346352,6.299246317231929
75897ecdbe774a065d7b,neurological_seizure,chlorpromazine,Epilepsy,RF,1,41500,CHRM1,1128,lowest ten-seed median rank percentile; ties by mean then index,65.50241949297705,61.097015244946896,41.25904633436108,75.80052029804727,16.69664268585132,95.32909386776294,35.79350805070229,57.65566118533744,16.69664268585132,76.22152278177458,74.53751284686537,95.32909386776294,89.49447584789311,72.44240322028092,34.23689619732785,58.56243576567318
772d9c320d7d21e1604e,cardiovascular_hypertensive,ticlopidine,Myocardial Infarction,HANAMI,1,44355,,64805,lowest ten-seed median rank percentile; ties by mean then index,57.13215142171977,52.12808324768757,48.772053785542994,60.96212315861597,22.220794792737237,72.7410928400137,46.880352860568685,72.7410928400137,54.44715656046591,59.05704008221994,25.91212744090442,61.52149708804385,22.220794792737237,55.207262761219596,64.00950668037,59.284001370332305
772d9c320d7d21e1604e,cardiovascular_hypertensive,ticlopidine,Myocardial Infarction,TriMoGCL,1,44355,,64805,lowest ten-seed median rank percentile; ties by mean then index,39.42488866050017,38.39585474477561,32.49721651250428,43.90041538198013,27.83701610140459,46.55489893799246,37.281603288797534,31.834532374100718,46.26370332305584,44.469424460431654,41.56817403220281,32.01652963343611,27.83701610140459,46.55489893799246,33.93927714970881,42.19338814662556
772d9c320d7d21e1604e,cardiovascular_hypertensive,ticlopidine,Myocardial Infarction,TriNet,1,44355,,64805,lowest ten-seed median rank percentile; ties by mean then index,46.95743405275779,40.41923603973964,22.005074511819117,59.222443473792396,3.9332819458718737,65.690304898938,13.825368276807126,19.120417951353204,61.358770126755736,49.40904419321686,52.81346351490237,62.87684138403563,30.659044193216854,65.690304898938,44.50582391229873,3.9332819458718737
772d9c320d7d21e1604e,cardiovascular_hypertensive,ticlopidine,Myocardial Infarction,N2V-MLP,1,44355,,64805,lowest ten-seed median rank percentile; ties by mean then index,49.54928914011648,46.46646968139773,35.424695957519695,65.48796676944158,3.7277321000342583,77.99331963001028,52.329564919492974,3.7277321000342583,43.82494004796163,69.14182939362796,46.76901336073998,72.80960945529291,10.917694415895856,77.99331963001028,32.62461459403905,54.52637889688249
772d9c320d7d21e1604e,cardiovascular_hypertensive,ticlopidine,Myocardial Infarction,RF,1,44355,,64805,lowest ten-seed median rank percentile; ties by mean then index,43.46843953408701,38.577530832476874,25.867431055155876,52.601757879410755,2.2867420349434737,62.29230900993491,31.28961116820829,19.490835902706408,24.060037684138404,54.2330421377184,57.477946214457006,39.830635491606714,2.2867420349434737,47.707905104487836,47.106243576567316,62.29230900993491
773c6aea0a8e8782cf5c,cardiovascular_hypertensive,indomethacin,"Arrhythmias, Cardiac",HANAMI,1,10544,PTGS2,5743,lowest ten-seed median rank percentile; ties by mean then index,17.04243747858856,18.718525179856115,3.2363394998287087,22.194565775950668,0.20983213429256595,53.83693045563549,22.46916752312436,16.649537512846866,17.43533744433025,21.3707605344296,1.7450325453922577,2.445186707776636,53.83693045563549,5.609797875984927,45.4136690647482,0.20983213429256595
773c6aea0a8e8782cf5c,cardiovascular_hypertensive,indomethacin,"Arrhythmias, Cardiac",TriMoGCL,1,10544,PTGS2,5743,lowest ten-seed median rank percentile; ties by mean then index,23.66713771839671,25.82819458718739,21.838600548132924,33.327980472764644,6.402021240150736,49.70238095238095,49.70238095238095,25.66803699897225,22.30429941760877,25.02997601918465,41.46754025351148,8.134206920178142,35.881294964028775,6.402021240150736,21.83110654333676,21.86108256252141
773c6aea0a8e8782cf5c,cardiovascular_hypertensive,indomethacin,"Arrhythmias, Cardiac",TriNet,1,10544,PTGS2,5743,lowest ten-seed median rank percentile; ties by mean then index,35.08907159986296,35.73013018156903,14.892728674203495,53.770019698526895,2.443045563549161,74.59960602946215,32.14713943131209,10.423090099349093,46.97242206235012,74.59960602946215,28.3016443987667,5.241521068859198,38.03100376841384,63.10594381637547,56.035885577252486,2.443045563549161
773c6aea0a8e8782cf5c,cardiovascular_hypertensive,indomethacin,"Arrhythmias, Cardiac",N2V-MLP,1,10544,PTGS2,5743,lowest ten-seed median rank percentile; ties by mean then index,34.11056868790682,33.802029804727646,19.28421548475505,45.32320572113738,7.305584104145256,66.2063206577595,41.67309009934909,14.656132237067489,66.2063206577595,46.53991092840014,33.14491264131552,16.28982528263104,35.07622473449812,28.267386091127097,48.860911270983216,7.305584104145256
773c6aea0a8e8782cf5c,cardiovascular_hypertensive,indomethacin,"Arrhythmias, Cardiac",RF,1,10544,PTGS2,5743,lowest ten-seed median rank percentile; ties by mean then index,33.05123758136348,34.54832562521412,23.408594552929085,46.84261519355944,9.810722850291196,58.92428914011648,25.517086330935253,14.211844809866392,28.330549845837616,58.92428914011648,37.771925316889345,22.705763960260363,58.905018842069204,40.27385234669407,49.03220280918123,9.810722850291196
777cadd9c3dbffec85bf,cardiovascular_hypertensive,perindopril,Atrial Fibrillation,HANAMI,1,40592,ACE,1636,lowest ten-seed median rank percentile; ties by mean then index,17.273681055155876,22.695058239122986,12.774601747173689,31.774045049674545,8.797961630695443,44.415895854744775,44.415895854744775,44.04119561493662,17.765073655361427,34.13840356286399,15.26207605344296,16.782288454950326,8.797961630695443,9.121274409044194,24.680969510106202,11.945443645083932
777cadd9c3dbffec85bf,cardiovascular_hypertensive,perindopril,Atrial Fibrillation,TriMoGCL,1,40592,ACE,1636,lowest ten-seed median rank percentile; ties by mean then index,37.70983213429257,37.858641658102094,28.570357999314833,44.58718739294279,24.646711202466598,53.95469338814662,53.95469338814662,51.55018842069202,40.4826139088729,45.955378554299415,31.59900650907845,24.646711202466598,39.85954093867763,27.560808496060293,27.41735183281946,35.560123329907505
777cadd9c3dbffec85bf,cardiovascular_hypertensive,perindopril,Atrial Fibrillation,TriNet,1,40592,ACE,1636,lowest ten-seed median rank percentile; ties by mean then index,48.857699554642,51.17313292223365,44.5561408016444,60.839542651593014,6.853802672147996,86.81483384720795,49.61887632750942,73.5954093867763,51.0084789311408,86.81483384720795,44.14182939362796,6.853802672147996,64.11656389174375,45.79907502569373,48.09652278177458,41.685936964713946
777cadd9c3dbffec85bf,cardiovascular_hypertensive,perindopril,Atrial Fibrillation,N2V-MLP,1,40592,ACE,1636,lowest ten-seed median rank percentile; ties by mean then index,14.25787941075711,18.596908187735526,12.200239808153476,25.024087872559093,5.982356971565605,41.05644056183625,26.753597122302157,29.09815005138746,14.439876670092497,41.05644056183625,19.83556012332991,5.982356971565605,13.61981843096951,11.727046933881466,14.07588215142172,9.380352860568689
777cadd9c3dbffec85bf,cardiovascular_hypertensive,perindopril,Atrial Fibrillation,RF,1,40592,ACE,1636,lowest ten-seed median rank percentile; ties by mean then index,22.714328537170264,23.362667009249744,19.114797447756082,27.60015202124015,0.15202124015073656,61.102903391572454,18.439534087016103,28.780190133607398,24.060037684138404,61.102903391572454,23.404847550531002,29.10457348406989,22.023809523809526,0.15202124015073656,21.14058752997602,5.418165467625899
78bbadaf1947b489d29d,psychiatric_mood,milnacipran,"Depressive Disorder, Major",HANAMI,2,30451,SLC6A4,6532,lowest ten-seed median rank percentile; ties by mean then index,12.345837615621788,12.042865707434053,10.74747344981158,13.66371188763275,6.51978417266187,16.304813292223365,12.992463172319287,13.68619390202124,16.304813292223365,11.699212058924289,13.596265844467283,6.51978417266187,8.765844467283316,10.59224049331963,15.058667351832819,11.213172319287427
78bbadaf1947b489d29d,psychiatric_mood,milnacipran,"Depressive Disorder, Major",TriMoGCL,2,30451,SLC6A4,6532,lowest ten-seed median rank percentile; ties by mean then index,6.269270298047276,11.583376156217883,4.813292223364166,19.145576396026037,1.8735011990407673,31.75531003768414,31.75531003768414,6.014474134977732,24.850119904076738,6.524066461116821,5.314319972593354,4.646282973621103,23.07939362795478,1.8735011990407673,4.432168550873587,7.344124700239808
78bbadaf1947b489d29d,psychiatric_mood,milnacipran,"Depressive Disorder, Major",TriNet,2,39030,SLC6A2,6530,lowest ten-seed median rank percentile; ties by mean then index,40.60894141829394,39.76276121959576,14.693602261048305,53.31663240835903,6.873072970195272,86.14893799246317,74.12427201096266,54.226618705035975,50.5866735183282,42.0520726276122,8.624528948269955,24.351233299075027,86.14893799246317,6.873072970195272,39.16581020897568,11.474391915039398
78bbadaf1947b489d29d,psychiatric_mood,milnacipran,"Depressive Disorder, Major",N2V-MLP,2,39030,SLC6A2,6530,lowest ten-seed median rank percentile; ties by mean then index,15.135748544021926,26.751241863651934,5.797147995889003,46.33864337101747,0.250513874614594,83.5003425830764,51.76216169921206,54.95246659815005,30.06808838643371,16.97927372387804,13.29222336416581,5.575539568345324,83.5003425830764,0.250513874614594,6.461973278520041,4.66983556012333
78bbadaf1947b489d29d,psychiatric_mood,milnacipran,"Depressive Disorder, Major",RF,2,39030,SLC6A2,6530,lowest ten-seed median rank percentile; ties by mean then index,36.91600291195615,38.42529547790339,17.171976704350804,52.85039825282631,3.748072970195272,76.08556012332991,47.64902363823227,76.08556012332991,54.58418979102432,34.001370332305584,3.748072970195272,39.830635491606714,74.07074340527578,13.342540253511476,13.873544021925317,27.06727475162727
78fdf0597902a3ff069f,psychiatric_mood,clozapine,Bipolar Disorder,HANAMI,13,18014,DRD2,1813,lowest ten-seed median rank percentile; ties by mean then index,3.0222250770811923,3.904162384378212,1.9297062350119902,5.3212786913326475,0.6851661527920521,9.28186022610483,1.9377355258650222,4.173090099349092,9.28186022610483,0.6851661527920521,3.4022781774580335,2.642171976704351,1.9270298047276464,5.704008221993833,1.1005481329222337,8.187735525865023
78fdf0597902a3ff069f,psychiatric_mood,clozapine,Bipolar Disorder,TriMoGCL,13,18014,DRD2,1813,lowest ten-seed median rank percentile; ties by mean then index,2.1593439534087016,4.1050017129153815,0.7076481671805412,8.005738266529633,0.16272696128811237,11.493662213086674,0.9164097293593696,11.493662213086674,0.6380609797875985,2.462315861596437,10.506594724220623,9.79573484069887,0.5823912298732442,1.856372045220966,0.16272696128811237,2.6357485440219253
78fdf0597902a3ff069f,psychiatric_mood,clozapine,Bipolar Disorder,TriNet,13,44429,ADRA1A,148,lowest ten-seed median rank percentile; ties by mean then index,11.088985954093868,17.53061836245289,7.267578794107571,25.710324597464886,1.8071257279890374,46.995974648852346,31.74674546077424,14.418465227817746,1.8071257279890374,7.123586844809866,7.6995546420006855,46.995974648852346,25.599520383693047,6.408444672833162,7.75950668036999,25.747259335388833
78fdf0597902a3ff069f,psychiatric_mood,clozapine,Bipolar Disorder,N2V-MLP,13,18014,DRD2,1813,lowest ten-seed median rank percentile; ties by mean then index,6.496231586159643,14.368148338472079,2.504068174032203,17.925659472422062,0.2740664611168208,53.90758821514217,37.31372045220966,53.90758821514217,7.723107228502912,0.2740664611168208,19.89979445015416,12.003254539225763,0.4860397396368619,1.6058581706063721,5.198698184309695,5.269355943816375
78fdf0597902a3ff069f,psychiatric_mood,clozapine,Bipolar Disorder,RF,13,18014,DRD2,1813,lowest ten-seed median rank percentile; ties by mean then index,9.44565775950668,8.880930969510107,6.008853631380609,11.31862367249058,1.3532031517643028,16.741606714628297,16.741606714628297,10.029119561493662,1.3532031517643028,11.748458376156218,14.512675573826654,9.080592668722165,1.6872216512504283,8.75085645769099,5.0948526892771495,9.810722850291196
7a0221a906093ebce243,psychiatric_mood,lurasidone,"Depressive Disorder, Major",HANAMI,3,18979,DRD2,1813,lowest ten-seed median rank percentile; ties by mean then index,4.101361767728674,6.6332648167180555,3.383543165467626,10.60080507022953,3.0596951010620077,13.825368276807126,4.5991778006166495,11.652106885919835,13.825368276807126,3.380866735183282,3.0596951010620077,3.263103802672148,3.3915724563206577,8.134206920178142,3.603545734840699,11.423004453579994
7a0221a906093ebce243,psychiatric_mood,lurasidone,"Depressive Disorder, Major",TriMoGCL,3,18979,DRD2,1813,lowest ten-seed median rank percentile; ties by mean then index,5.00171291538198,7.5787941075710865,3.7994604316546763,11.683153477218225,0.6123672490578965,18.204008221993835,11.855515587529975,11.166067146282973,18.204008221993835,3.652792052072628,12.829736211031175,4.239465570400823,5.260791366906475,0.6123672490578965,4.7426344638574855,3.224563206577595
7a0221a906093ebce243,psychiatric_mood,lurasidone,"Depressive Disorder, Major",TriNet,3,18979,DRD2,1813,lowest ten-seed median rank percentile; ties by mean then index,12.053571428571427,12.779633436108256,3.4627655018842067,17.286527920520726,1.1669236039739637,38.5684309695101,2.725676601575882,11.827680712572798,21.041024323398425,1.1669236039739637,14.270726276121959,1.9505823912298732,5.674032202809181,12.279462144570058,18.291795135320314,38.5684309695101
7a0221a906093ebce243,psychiatric_mood,lurasidone,"Depressive Disorder, Major",N2V-MLP,3,18979,DRD2,1813,lowest ten-seed median rank percentile; ties by mean then index,3.0554128126070577,8.630738266529635,0.9447798903734156,15.410350291195615,0.4988866050017129,26.171205892428915,0.9442446043165468,25.91212744090442,18.29393627954779,1.1519355943816376,4.958890030832477,0.9463857485440219,6.759592326139089,0.4988866050017129,0.6701781431997259,26.171205892428915
7a0221a906093ebce243,psychiatric_mood,lurasidone,"Depressive Disorder, Major",RF,3,18979,DRD2,1813,lowest ten-seed median rank percentile; ties by mean then index,6.898766700924974,9.621552757793765,2.2393692189105856,8.745503597122301,0.7579650565262076,34.978802672148,1.3082391229873245,6.239294278862624,34.978802672148,2.4023638232271325,7.740236382322713,9.080592668722165,23.96475676601576,2.1850376841384036,7.558239122987325,0.7579650565262076
7a5e8a4c610201805175,psychiatric_mood,Morphine,Depressive Disorder,HANAMI,2,28671,OPRM1,4988,lowest ten-seed median rank percentile; ties by mean then index,23.320272353545736,23.561151079136692,18.615643199725934,27.345623501199043,10.12761219595752,41.977132579650565,10.12761219595752,18.328194587187394,27.56723192874272,19.477989037341555,26.680798218568004,21.417865707434053,28.866906474820144,15.945101062007536,41.977132579650565,25.22267899965742
7a5e8a4c610201805175,psychiatric_mood,Morphine,Depressive Disorder,TriMoGCL,2,15990,OPRK1,4986,lowest ten-seed median rank percentile; ties by mean then index,22.531260705721138,25.307254196642685,13.648723878040425,30.87744090441932,8.975676601575882,59.09129838985954,25.192702980472763,8.975676601575882,31.301387461459402,17.891401164782458,19.86981843096951,37.1809695101062,11.729188078108942,29.605601233299076,59.09129838985954,12.23449811579308
7a5e8a4c610201805175,psychiatric_mood,Morphine,Depressive Disorder,TriNet,2,28671,OPRM1,4988,lowest ten-seed median rank percentile; ties by mean then index,48.50226961288112,44.5079650565262,30.765030832476874,58.18452380952381,16.23201438848921,65.0950668036999,48.91658102089757,65.0950668036999,16.23201438848921,60.06551901336074,27.49657416923604,48.08795820486468,22.788198013018157,52.541538198013015,63.28579993148338,40.57040082219938
7a5e8a4c610201805175,psychiatric_mood,Morphine,Depressive Disorder,N2V-MLP,2,28671,OPRM1,4988,lowest ten-seed median rank percentile; ties by mean then index,38.22691846522782,43.0650479616307,28.255609797875984,59.92795049674546,21.34934909215485,71.41572456320658,64.99871531346352,54.06817403220281,61.88120931825968,38.964542651593014,30.089499828708462,37.48929427886262,21.34934909215485,71.41572456320658,22.749657416923604,27.644313120931827
7a5e8a4c610201805175,psychiatric_mood,Morphine,Depressive Disorder,RF,2,28671,OPRM1,4988,lowest ten-seed median rank percentile; ties by mean then index,38.583954265159306,45.150201267557385,31.616135662898255,57.09254025351147,16.58102089756766,90.7159986296677,58.021796848235695,34.927415210688594,30.512375813634808,28.107870846180198,40.323098663926004,90.7159986296677,16.58102089756766,54.30477046933881,61.162855429941764,36.8448098663926
7a64f88d69ab880ae2c1,psychiatric_mood,vortioxetine,Bipolar Disorder,HANAMI,6,23430,HTR2A,3356,lowest ten-seed median rank percentile; ties by mean then index,5.173004453579993,7.239208633093526,4.1870075368276805,6.8168679342240495,1.511647824597465,25.387547105173006,3.5328879753340185,4.768328194587188,5.8003597122302155,1.511647824597465,25.387547105173006,5.125899280575539,5.220109626584446,7.155704008221994,3.9932339842411784,9.896368619390202
7a64f88d69ab880ae2c1,psychiatric_mood,vortioxetine,Bipolar Disorder,TriMoGCL,6,23430,HTR2A,3356,lowest ten-seed median rank percentile; ties by mean then index,4.043550873586845,4.233684480986639,1.6529633436108258,5.543422404933196,0.6038026721479959,9.26901336073998,3.432254196642686,5.896711202466598,3.971822541966427,1.0598663926002057,8.802243919150394,9.26901336073998,4.115279205207263,4.483556012332991,0.7022953066118534,0.6038026721479959
7a64f88d69ab880ae2c1,psychiatric_mood,vortioxetine,Bipolar Disorder,TriNet,6,23430,HTR2A,3356,lowest ten-seed median rank percentile; ties by mean then index,21.913540596094553,24.819501541623843,8.097807468311064,33.77762076053443,1.5223535457348407,56.5861596437136,18.818516615279204,1.5223535457348407,34.29470709146968,4.524237752655019,20.756252141144227,56.5861596437136,23.07082905104488,32.226361767728676,2.8712744090441933,53.524323398424116
7a64f88d69ab880ae2c1,psychiatric_mood,vortioxetine,Bipolar Disorder,N2V-MLP,6,23430,HTR2A,3356,lowest ten-seed median rank percentile; ties by mean then index,11.543979102432338,19.47306440561836,5.083076396026036,16.025393970537856,2.7321000342583077,75.6380609797876,16.264131551901336,2.7321000342583077,15.309181226447414,4.301558752997602,13.227989037341555,47.13943131209318,75.6380609797876,9.859969167523124,2.830592668722165,7.427629325111339
7a64f88d69ab880ae2c1,psychiatric_mood,vortioxetine,Bipolar Disorder,RF,6,5309,HTR2C,3358,lowest ten-seed median rank percentile; ties by mean then index,7.120910414525522,14.225441075710862,4.780639773895169,14.021282973621103,3.7726961288112366,52.17326139088729,7.899751627269612,12.73017300445358,6.217882836587872,14.45165296334361,30.215827338129497,52.17326139088729,3.7726961288112366,6.342069201781432,4.149537512846865,4.301558752997602
7a6e7019c40e91cdae51,neurological_seizure,perampanel,Status Epilepticus,HANAMI,1,25076,GRIA2,2891,lowest ten-seed median rank percentile; ties by mean then index,52.04051044878383,54.41289825282631,47.35622216512504,56.632194244604314,44.049760191846524,78.57999314833847,47.12658444672833,53.37230215827338,50.832905104487836,47.03237410071942,78.57999314833847,53.24811579307982,44.049760191846524,57.71882494004796,48.045135320315175,64.12298732442618
7a6e7019c40e91cdae51,neurological_seizure,perampanel,Status Epilepticus,TriMoGCL,1,25076,GRIA2,2891,lowest ten-seed median rank percentile; ties by mean then index,46.47674717368962,48.27702124015074,39.575304042480305,60.72177971908188,27.535114765330594,71.47995889003083,39.692531688934565,62.28374443302501,63.302929085303184,27.535114765330594,71.47995889003083,51.43884892086331,39.53622816032888,56.035885577252486,41.51464542651593,29.950325453922577
7a6e7019c40e91cdae51,neurological_seizure,perampanel,Status Epilepticus,TriNet,1,25076,GRIA2,2891,lowest ten-seed median rank percentile; ties by mean then index,31.184695101062008,34.22062350119904,16.38778263103803,42.394120417951356,6.38275094210346,71.87392942788627,71.87392942788627,41.615279205207266,6.38275094210346,29.689105858170606,25.08992805755396,70.55926687221651,42.65373415553272,8.174888660500171,13.48706748886605,32.68028434395341
7a6e7019c40e91cdae51,neurological_seizure,perampanel,Status Epilepticus,N2V-MLP,1,25076,GRIA2,2891,lowest ten-seed median rank percentile; ties by mean then index,47.623329907502566,48.61639260020554,35.35724991435423,62.974263446385756,20.749828708461802,75.41324083590271,75.41324083590271,57.90938677629325,65.13574854402192,64.66255566974992,41.756594724220626,20.749828708461802,32.06577595066803,42.67942788626242,52.56723192874272,33.2241349777321
7a6e7019c40e91cdae51,neurological_seizure,perampanel,Status Epilepticus,RF,1,25076,GRIA2,2891,lowest ten-seed median rank percentile; ties by mean then index,28.7973192874272,29.29010363138061,20.001498800959233,32.55984498115793,8.948912298732443,68.88810380267215,68.88810380267215,24.947541966426858,32.72417780061665,26.352132579650565,8.948912298732443,31.242505995203835,18.352817745803357,37.798689619732784,32.06684652278177,11.57930798218568
7adf2d2c4b63c8304715,psychiatric_mood,venlafaxine,Bipolar Disorder,HANAMI,3,30129,SLC6A4,6532,lowest ten-seed median rank percentile; ties by mean then index,8.333333333333332,9.475633778691332,6.301922747516272,11.04883949982871,5.252226789996574,19.713514902363823,6.736039739636862,6.235011990407674,10.639345666324084,5.252226789996574,9.930626927029804,6.412726961288112,12.386519355943816,6.264988009592326,19.713514902363823,11.18533744433025
7adf2d2c4b63c8304715,psychiatric_mood,venlafaxine,Bipolar Disorder,TriMoGCL,3,23895,SLC6A3,6531,lowest ten-seed median rank percentile; ties by mean then index,6.072285029119561,10.04389345666324,4.3304642000685165,14.563527749229188,2.1068859198355603,28.057553956834532,14.570486467968482,5.065947242206235,28.057553956834532,6.085131894484412,4.08530318602261,2.1068859198355603,16.334789311408016,6.05943816375471,14.542651593011305,3.5307468311065433
7adf2d2c4b63c8304715,psychiatric_mood,venlafaxine,Bipolar Disorder,TriNet,3,23895,SLC6A3,6531,lowest ten-seed median rank percentile; ties by mean then index,28.810166152792053,32.21672661870504,16.322477732100033,45.19206063720452,4.781175059952038,75.63591983556012,44.34737923946557,17.25334018499486,75.63591983556012,40.366992120589245,6.7253340184994865,16.760877012675575,4.781175059952038,45.47362110311751,54.646282973621105,16.176344638574854
7adf2d2c4b63c8304715,psychiatric_mood,venlafaxine,Bipolar Disorder,N2V-MLP,3,23895,SLC6A3,6531,lowest ten-seed median rank percentile; ties by mean then index,12.27410928400137,18.65429085303186,3.565005138746146,23.298325625214115,1.8863480644056183,58.08281945871874,23.88018156903049,5.402106885919835,46.034600890716,58.08281945871874,2.9526378896882495,2.2032374100719423,5.868876327509421,21.55275779376499,18.67934224049332,1.8863480644056183
7adf2d2c4b63c8304715,psychiatric_mood,venlafaxine,Bipolar Disorder,RF,3,23895,SLC6A3,6531,lowest ten-seed median rank percentile; ties by mean then index,30.423518328194586,29.795520726276116,20.05502740664611,40.46735825625214,5.418165467625899,48.9486981843097,45.395469338814664,28.780190133607398,42.19338814662556,48.9486981843097,35.28926858513189,16.348706748886606,18.352817745803357,25.161656389174375,32.06684652278177,5.418165467625899
7b6bc726eeb50159296a,cardiovascular_hypertensive,L-Arginine,Hypertension,HANAMI,1,26187,NOS2,4843,lowest ten-seed median rank percentile; ties by mean then index,25.926044878383006,30.744904076738607,15.560230387118876,50.69212487153135,3.502911956149366,62.215227817745806,20.68345323741007,55.110911270983216,14.534087016101404,53.95255224391915,18.63866050017129,6.731757451181911,3.502911956149366,31.168636519355942,62.215227817745806,40.910842754367934
7b6bc726eeb50159296a,cardiovascular_hypertensive,L-Arginine,Hypertension,TriMoGCL,1,26187,NOS2,4843,lowest ten-seed median rank percentile; ties by mean then index,26.935594381637546,34.66940733127784,23.510298903734157,43.59423175745118,3.7684138403562866,78.53288797533402,34.17908530318602,22.726104830421377,3.7684138403562866,26.166923603973963,78.53288797533402,6.020897567660158,27.70426515930113,46.7326139088729,75.0,25.86288112367249
7b6bc726eeb50159296a,cardiovascular_hypertensive,L-Arginine,Hypertension,TriNet,1,26187,NOS2,4843,lowest ten-seed median rank percentile; ties by mean then index,47.95092497430627,51.883778691332644,31.121531346351492,70.29911784857828,14.808153477218225,90.19570058239123,43.80566974991435,30.44492977046934,89.49768756423433,52.096180198698185,90.19570058239123,26.284686536485097,14.808153477218225,67.23192874272011,71.32151421719767,33.151336073997946
7b6bc726eeb50159296a,cardiovascular_hypertensive,L-Arginine,Hypertension,N2V-MLP,1,26187,NOS2,4843,lowest ten-seed median rank percentile; ties by mean then index,15.73633949982871,26.440133607399794,8.526036313806099,26.811408016443988,3.275950668036999,85.30104487838301,6.303528605686879,20.604230900993493,9.444587187392942,10.868448098663926,28.72130866735183,21.081706063720453,3.275950668036999,70.58067831449127,85.30104487838301,8.21985268927715
7b6bc726eeb50159296a,cardiovascular_hypertensive,L-Arginine,Hypertension,RF,1,26187,NOS2,4843,lowest ten-seed median rank percentile; ties by mean then index,48.02479445015416,50.13671205892429,44.72288240835903,56.588836073997946,10.699297704693388,90.6078708461802,43.03699897225077,44.23068687906817,49.810508735868446,46.19946899623159,57.477946214457006,10.699297704693388,56.64504110996917,56.42022096608427,90.6078708461802,46.239080164439876
7ccbfeae030b9887bc1e,psychiatric_mood,Sertindole,"Depressive Disorder, Major",HANAMI,4,18908,DRD2,1813,lowest ten-seed median rank percentile; ties by mean then index,4.591683795820487,5.770811921891059,3.0800359712230216,8.8707605344296,1.6658102089756766,10.607228502911957,4.749057896539911,8.994946899623159,10.607228502911957,3.61639260020555,4.434309695101062,2.9012504282288454,2.56723192874272,8.498201438848922,1.6658102089756766,9.673689619732786
7ccbfeae030b9887bc1e,psychiatric_mood,Sertindole,"Depressive Disorder, Major",TriMoGCL,4,18908,DRD2,1813,lowest ten-seed median rank percentile; ties by mean then index,5.214756766015759,6.081706063720452,4.0617505995203835,8.827937649880095,0.5374272010962658,11.667094895512161,8.36545049674546,9.106286399451868,8.982100034258307,3.5885577252483727,11.667094895512161,5.522010962658444,4.087444330250086,0.5374272010962658,4.053186022610483,4.907502569373073
7ccbfeae030b9887bc1e,psychiatric_mood,Sertindole,"Depressive Disorder, Major",TriNet,4,44643,ADRA1A,148,lowest ten-seed median rank percentile; ties by mean then index,13.294364508393286,16.879710517300445,7.495610654333676,25.444287427201097,1.8606543336759165,40.184994861253855,40.184994861253855,17.437478588557724,1.8606543336759165,7.080763960260363,8.740150736553614,35.81706063720452,13.735440219253169,2.974049331963001,12.853288797533402,28.113223706748887
7ccbfeae030b9887bc1e,psychiatric_mood,Sertindole,"Depressive Disorder, Major",N2V-MLP,4,18908,DRD2,1813,lowest ten-seed median rank percentile; ties by mean then index,3.3894313120931825,8.820871873929429,1.4725719424460433,16.092304727646454,0.5781089414182939,27.982613908872903,7.374100719424461,27.982613908872903,18.998372730387118,0.5781089414182939,4.706235011990407,2.0726276121959577,1.9784172661870503,0.6530489893799246,1.3039568345323742,22.56123672490579
7ccbfeae030b9887bc1e,psychiatric_mood,Sertindole,"Depressive Disorder, Major",RF,4,18908,DRD2,1813,lowest ten-seed median rank percentile; ties by mean then index,7.340912983898596,9.277684994861254,2.9098150051387464,11.947317146282973,2.1208033573141485,26.19154676258993,12.049289140116478,10.029119561493662,26.19154676258993,2.4023638232271325,11.64140116478246,3.304856115107914,4.652706406303529,2.7781346351490237,2.1208033573141485,17.606628982528264
7d14b9f6d6a06db73d12,cardiovascular_hypertensive,aspirin,Atherosclerosis,HANAMI,1,11686,PTGS2,5743,lowest ten-seed median rank percentile; ties by mean then index,16.38724734498116,15.500385405960944,7.966127098321342,22.777492291880783,0.8436108256252142,29.102432339842412,23.120075368276808,24.488266529633435,9.350376841384035,21.437136005481328,21.7497430626927,6.070143884892087,7.504710517300445,11.337358684480987,29.102432339842412,0.8436108256252142
7d14b9f6d6a06db73d12,cardiovascular_hypertensive,aspirin,Atherosclerosis,TriMoGCL,1,11686,PTGS2,5743,lowest ten-seed median rank percentile; ties by mean then index,29.838985954093868,29.45079650565262,14.552286742034944,42.28813377869133,3.5050531003768413,58.11707776635834,13.465656046591299,30.269355943816375,13.559866392600206,46.293679342240495,43.3967112024666,17.52954779033916,58.11707776635834,3.5050531003768413,29.40861596437136,38.962401507365534
7d14b9f6d6a06db73d12,cardiovascular_hypertensive,aspirin,Atherosclerosis,TriNet,1,11686,PTGS2,5743,lowest ten-seed median rank percentile; ties by mean then index,33.24447584789311,30.12054642000685,8.73747430626927,48.3775479616307,1.237581363480644,66.18919150393971,8.421120246659815,9.686536485097637,50.11348064405618,35.11690647482014,31.372045220966083,1.237581363480644,43.16974991435423,66.18919150393971,54.04033915724563,1.8585131894484412
7d14b9f6d6a06db73d12,cardiovascular_hypertensive,aspirin,Atherosclerosis,N2V-MLP,1,11686,PTGS2,5743,lowest ten-seed median rank percentile; ties by mean then index,32.44582905104488,36.04616306954437,18.83939277149709,56.59954179513532,9.637290167865707,68.87846865364851,9.637290167865707,63.1123672490579,68.87846865364851,30.5862452894827,37.06106543336759,18.043422404933196,67.80361425145598,21.227303871188763,34.30541281260706,9.806440561836245
7d14b9f6d6a06db73d12,cardiovascular_hypertensive,aspirin,Atherosclerosis,RF,1,11686,PTGS2,5743,lowest ten-seed median rank percentile; ties by mean then index,7.281496231586159,10.293336759164097,3.155778948269955,11.23833076396026,0.38219424460431656,32.72417780061665,0.38219424460431656,10.029119561493662,32.72417780061665,4.963172319287427,11.64140116478246,0.7055070229530661,8.220923261390887,6.342069201781432,25.37148852346694,2.5533144912641315
7f249cec43f1b727afad,psychiatric_mood,topiramate,Depressive Disorder,HANAMI,4,37726,GABRA3,2556,lowest ten-seed median rank percentile; ties by mean then index,9.261519355943816,13.860911270983213,7.361789140116478,13.457091469681398,4.759763617677287,51.492377526550186,9.326824254881808,7.279890373415554,7.070058239122988,4.759763617677287,51.492377526550186,14.043764988009592,9.196214457005825,11.697070914696814,7.6074854402192535,16.135662898252825
7f249cec43f1b727afad,psychiatric_mood,topiramate,Depressive Disorder,TriMoGCL,4,37726,GABRA3,2556,lowest ten-seed median rank percentile; ties by mean then index,13.328622816032887,21.706491949297703,9.64531945871874,18.614572627612194,1.8135491606714629,90.43550873586845,11.30095923261391,8.68876327509421,1.8135491606714629,18.073398424117848,90.43550873586845,18.794964028776977,14.86382322713258,32.207091469681394,9.093439534087016,11.793422404933196
7f249cec43f1b727afad,psychiatric_mood,topiramate,Depressive Disorder,TriNet,4,24607,GABRB3,2562,lowest ten-seed median rank percentile; ties by mean then index,10.561193902021241,17.279033915724565,4.418786399451867,17.747409215484755,0.2419492977046934,70.043251113395,7.802329564919493,14.958033573141487,5.836759164097294,3.9461288112367248,18.677201096265843,13.320058239122988,2.620760534429599,35.34386776293251,70.043251113395,0.2419492977046934
7f249cec43f1b727afad,psychiatric_mood,topiramate,Depressive Disorder,N2V-MLP,4,24607,GABRB3,2562,lowest ten-seed median rank percentile; ties by mean then index,4.139902363823227,10.732913669064747,0.9522738951695786,19.61234583761562,0.02355258650222679,32.89011647824597,19.964028776978417,3.4643713600548134,0.3747002398081535,18.557297019527237,4.815433367591641,24.513960260363138,0.04068174032202809,32.89011647824597,2.684994861253854,0.02355258650222679
7f249cec43f1b727afad,psychiatric_mood,topiramate,Depressive Disorder,RF,4,24607,GABRB3,2562,lowest ten-seed median rank percentile; ties by mean then index,14.20381551901336,22.592497430626928,10.196664097293594,36.910650051387464,1.0405960945529291,60.24537512846865,43.03699897225077,10.029119561493662,1.0405960945529291,18.531603288797534,3.0083076396026036,10.699297704693388,12.895041109969167,60.24537512846865,50.92604487838301,15.512589928057555
7f484d20548b81164901,neurological_seizure,lacosamide,Status Epilepticus,HANAMI,3,31825,SCN1A,6323,lowest ten-seed median rank percentile; ties by mean then index,39.21291538198013,41.06329222336417,37.41756594724221,47.793550873586845,28.556440561836244,50.03639945186708,38.904590613223704,49.432596779719084,34.03776978417266,28.556440561836244,50.03639945186708,48.42840013703323,39.44415895854745,38.981671805412816,36.92189105858171,45.88900308324769
7f484d20548b81164901,neurological_seizure,lacosamide,Status Epilepticus,TriMoGCL,3,31825,SCN1A,6323,lowest ten-seed median rank percentile; ties by mean then index,23.92086330935252,30.438720452209658,19.57648167180541,42.14788883179171,10.32673860911271,63.10594381637547,13.596265844467283,46.867505995203835,53.08324768756423,23.9915210688592,63.10594381637547,18.36459403905447,23.21214457005824,23.85020554984584,10.32673860911271,27.989037341555328
7f484d20548b81164901,neurological_seizure,lacosamide,Status Epilepticus,TriNet,3,36374,SCN8A,6334,lowest ten-seed median rank percentile; ties by mean then index,19.161099691675233,24.13540596094553,12.315326310380268,30.733448955121617,4.314405618362453,66.66238437821171,35.1725762247345,31.98013018156903,19.66212744090442,4.314405618362453,66.66238437821171,10.680027406646111,26.993405275779377,11.016187050359711,18.66007194244604,16.212744090441934
7f484d20548b81164901,neurological_seizure,lacosamide,Status Epilepticus,N2V-MLP,3,36374,SCN8A,6334,lowest ten-seed median rank percentile; ties by mean then index,22.15334874957177,29.621873929427885,12.661121103117505,42.132365536142515,2.892685851318945,69.64071599862967,20.51644398766701,67.29616306954436,23.790253511476532,9.73792394655704,69.64071599862967,26.3018156903049,11.005481329222336,17.628040424803014,47.40921548475505,2.892685851318945
7f484d20548b81164901,neurological_seizure,lacosamide,Status Epilepticus,RF,3,36374,SCN8A,6334,lowest ten-seed median rank percentile; ties by mean then index,8.61382322713258,18.45719852689277,5.272300017129154,28.31743533744433,2.4023638232271325,57.477946214457006,23.60504453579993,38.75685166152792,11.80948098663926,2.4023638232271325,57.477946214457006,5.264003083247688,4.652706406303529,5.297190818773553,29.888232271325798,5.418165467625899
7f7ee3e9e22bde8cd746,psychiatric_mood,scopolamine,Bipolar Disorder,HANAMI,2,21487,CHRM3,1131,lowest ten-seed median rank percentile; ties by mean then index,4.301558752997602,5.282845152449469,3.3257322713257964,5.3732014388489215,1.1583590270640631,12.763360739979445,1.5951524494689961,3.5071942446043165,3.265244946899623,1.1583590270640631,12.763360739979445,4.166666666666667,5.087358684480987,5.468482356971566,4.436450839328537,11.38018156903049
7f7ee3e9e22bde8cd746,psychiatric_mood,scopolamine,Bipolar Disorder,TriMoGCL,2,21487,CHRM3,1131,lowest ten-seed median rank percentile; ties by mean then index,8.072113737581365,11.629410757108598,5.122152278177458,19.34256166495375,1.9141829393627954,24.75590955806783,16.238437821171633,8.031431997259336,1.9141829393627954,5.811065433367592,20.377269612881122,24.75590955806783,8.112795477903392,22.933795820486466,3.22670435080507,4.8925145597807465
7f7ee3e9e22bde8cd746,psychiatric_mood,scopolamine,Bipolar Disorder,TriNet,2,21487,CHRM3,1131,lowest ten-seed median rank percentile; ties by mean then index,26.307168550873588,35.176858513189444,16.862046077423777,48.15593953408701,8.881466255566975,85.76781431997259,14.960174717368963,71.67480301473107,26.43884892086331,85.76781431997259,26.175488180883864,55.273638232271324,26.802843439534087,8.881466255566975,13.22584789311408,22.567660157588215
7f7ee3e9e22bde8cd746,psychiatric_mood,scopolamine,Bipolar Disorder,N2V-MLP,2,21487,CHRM3,1131,lowest ten-seed median rank percentile; ties by mean then index,14.360654333675917,21.48509763617677,8.408273381294965,31.140266358341897,0.6359198355601233,68.10979787598492,35.223963686193905,68.10979787598492,10.348150051387462,33.50890715998629,14.59403905447071,7.761647824597465,14.127269612881124,0.6359198355601233,24.0343439534087,6.50693730729702
7f7ee3e9e22bde8cd746,psychiatric_mood,scopolamine,Bipolar Disorder,RF,2,35674,CHRM2,1129,lowest ten-seed median rank percentile; ties by mean then index,23.56543336759164,37.30569116135663,21.315626070572115,50.68971608427544,4.058538883179171,89.5651336073998,21.840741692360396,23.166109969167522,77.86378040424803,4.058538883179171,13.044921205892429,52.17326139088729,23.96475676601576,89.5651336073998,21.14058752997602,46.239080164439876
7fea23e3119ba5fdc280,psychiatric_mood,asenapine,Depressive Disorder,HANAMI,11,23367,HTR2A,3356,lowest ten-seed median rank percentile; ties by mean then index,8.832219938335047,10.167865707434052,7.447434909215485,14.77978331620418,2.665724563206578,17.272610483042136,7.438335046248715,9.230472764645427,7.474734498115793,2.665724563206578,16.760877012675575,17.272610483042136,5.40424803014731,16.060722850291196,8.433967112024666,10.936964713943132
7fea23e3119ba5fdc280,psychiatric_mood,asenapine,Depressive Disorder,TriMoGCL,11,18945,DRD2,1813,lowest ten-seed median rank percentile; ties by mean then index,7.049717368961973,10.476618705035971,2.1117034943473794,12.442189105858171,1.1626413155190134,37.5428228845495,2.344552929085303,21.152363823227134,2.0340870161014046,12.275179856115107,37.5428228845495,10.79136690647482,1.1626413155190134,3.3080678314491263,1.657245632065776,12.497858855772526
7fea23e3119ba5fdc280,psychiatric_mood,asenapine,Depressive Disorder,TriNet,11,18945,DRD2,1813,lowest ten-seed median rank percentile; ties by mean then index,12.763360739979445,14.54158102089757,8.70642771497088,21.51742891401165,1.2311579307982186,30.123758136348066,8.168465227817746,14.844552929085303,30.123758136348066,1.2311579307982186,6.5476190476190474,10.320315176430285,23.27852004110997,22.92523124357657,17.29402192531689,10.682168550873588
7fea23e3119ba5fdc280,psychiatric_mood,asenapine,Depressive Disorder,N2V-MLP,11,18945,DRD2,1813,lowest ten-seed median rank percentile; ties by mean then index,10.504453579993148,18.25004282288455,2.892150565262076,31.897160842754367,0.1905618362452895,56.98441247002398,28.84121274409044,56.98441247002398,32.91581020897568,0.1905618362452895,0.6594724220623501,34.241178485782804,7.588215142171976,13.42069201781432,1.9548646796848235,5.704008221993833
7fea23e3119ba5fdc280,psychiatric_mood,asenapine,Depressive Disorder,RF,11,18945,DRD2,1813,lowest ten-seed median rank percentile; ties by mean then index,8.549053614251456,11.236189619732784,3.5401143371017474,15.918336759164097,0.8500342583076396,34.978802672148,21.840741692360396,17.658016443987666,34.978802672148,1.7503854059609456,0.8500342583076396,10.699297704693388,9.601961288112367,7.496145940390544,4.149537512846865,3.336973278520041
8051cacc64ea841140ab,breast_oncology,Eribulin,Breast Neoplasms,HANAMI,1,3579,BCL2,596,lowest ten-seed median rank percentile; ties by mean then index,30.5948098663926,29.02385234669407,14.361724905789654,40.79950325453923,4.87324426173347,62.38866050017129,17.15270640630353,33.35474477560808,42.44390202124015,41.1206748886605,27.834874957177114,13.431397738951695,62.38866050017129,4.87324426173347,7.802329564919493,39.835988352175406
8051cacc64ea841140ab,breast_oncology,Eribulin,Breast Neoplasms,TriMoGCL,1,3579,BCL2,596,lowest ten-seed median rank percentile; ties by mean then index,29.99743062692703,35.021411442274754,14.709125556697499,57.58928571428571,2.826310380267215,78.40870161014045,22.719681397738952,37.27517985611511,20.00685166152792,63.68619390202124,4.646282973621103,2.826310380267215,78.40870161014045,12.943216855087359,68.40313463514903,39.298561151079134
8051cacc64ea841140ab,breast_oncology,Eribulin,Breast Neoplasms,TriNet,1,3579,BCL2,596,lowest ten-seed median rank percentile; ties by mean then index,17.9010363138061,16.598578280232957,8.599370503597122,23.939063035286058,0.1091983556012333,32.83658787255909,0.1091983556012333,28.04042480301473,13.842497430626928,6.851661527920521,24.40690304898938,15.375556697499144,20.42651593011305,1.5608941418293936,32.83658787255909,22.535542994176087
8051cacc64ea841140ab,breast_oncology,Eribulin,Breast Neoplasms,N2V-MLP,1,3579,BCL2,596,lowest ten-seed median rank percentile; ties by mean then index,28.05434224049332,31.23329907502569,16.007194244604317,48.37701267557382,1.657245632065776,64.31569030489894,1.657245632065776,64.31569030489894,35.65433367591641,20.45435080507023,39.705378554299415,15.20854744775608,51.267557382665295,9.75077081192189,55.91598150051387,18.403134635149023
8051cacc64ea841140ab,breast_oncology,Eribulin,Breast Neoplasms,RF,1,3579,BCL2,596,lowest ten-seed median rank percentile; ties by mean then index,45.045392257622474,42.790981500513865,31.915895854744775,51.81194330250086,20.154590613223707,61.834104145255225,20.154590613223707,28.780190133607398,52.219295991778004,56.61292394655704,61.834104145255225,37.61026892771497,45.07001541623844,30.017771497088045,45.02076909900651,50.58988523466941
808485e901c7a129974e,psychiatric_mood,brexpiprazole,Depressive Disorder,HANAMI,3,19013,DRD2,1813,lowest ten-seed median rank percentile; ties by mean then index,9.599820143884891,10.019484412470025,6.695893285371703,13.152513703323056,1.5780232956491949,20.736981843096952,3.9504110996916753,10.53014731072285,16.030746831106544,1.5780232956491949,11.005481329222336,7.3462658444672835,6.479102432339842,13.868191161356629,20.736981843096952,8.669492977046934
808485e901c7a129974e,psychiatric_mood,brexpiprazole,Depressive Disorder,TriMoGCL,3,19013,DRD2,1813,lowest ten-seed median rank percentile; ties by mean then index,8.444672833162041,11.804128126070571,6.154183795820487,12.810465912983897,3.4279719081877356,33.905018842069204,9.251884206920177,13.996659815005138,22.762504282288454,7.17069201781432,33.905018842069204,7.780918122644741,5.815347721822542,4.821856800274066,9.108427543679342,3.4279719081877356
808485e901c7a129974e,psychiatric_mood,brexpiprazole,Depressive Disorder,TriNet,3,29731,HTR1A,3350,lowest ten-seed median rank percentile; ties by mean then index,9.278648509763617,17.464028776978417,6.5390544707091465,27.37185251798561,4.121702637889689,50.89928057553957,8.943559438163755,50.89928057553957,30.16229873244262,8.337615621788284,4.121702637889689,5.939534087016101,4.376498800959233,28.6206748886605,23.625385405960944,9.61373758136348
808485e901c7a129974e,psychiatric_mood,brexpiprazole,Depressive Disorder,N2V-MLP,3,19013,DRD2,1813,lowest ten-seed median rank percentile; ties by mean then index,10.018413840356285,15.776593011305241,5.102346694073312,19.864465570400824,0.710859883521754,51.78143199725933,16.007194244604317,51.78143199725933,31.907331277834874,0.710859883521754,4.038198013018157,8.29479273723878,3.839071599862967,9.506680369989722,21.150222678999658,10.53014731072285
808485e901c7a129974e,psychiatric_mood,brexpiprazole,Depressive Disorder,RF,3,19013,DRD2,1813,lowest ten-seed median rank percentile; ties by mean then index,1.5646411442274752,2.637782631038027,0.7459211202466598,2.1689791024323397,0.01605858170606372,13.500984926344639,0.5813206577595067,1.388532031517643,1.7407502569373072,0.01605858170606372,0.2997601918465228,3.304856115107914,1.2397225077081193,2.1850376841384036,2.1208033573141485,13.500984926344639
82327cd4b249ade222a1,cardiovascular_hypertensive,imatinib,Hypertension,HANAMI,1,9268,RET,5979,lowest ten-seed median rank percentile; ties by mean then index,22.294664268585134,28.530104487838305,13.990771668379583,29.82935080507023,1.631551901336074,86.4058752997602,28.978245974648853,30.05952380952381,14.705378554299418,29.13883179170949,13.752569373072971,4.168807810894142,1.631551901336074,60.84917780061665,86.4058752997602,15.611082562521412
82327cd4b249ade222a1,cardiovascular_hypertensive,imatinib,Hypertension,TriMoGCL,1,9268,RET,5979,lowest ten-seed median rank percentile; ties by mean then index,36.57395512161699,40.19869818430969,28.423154333675917,48.90105772524837,9.909215484755054,92.37324426173348,59.41032887975334,42.6815690304899,38.547019527235356,34.575196985268924,12.542822884549503,9.909215484755054,26.37247344981158,92.37324426173348,50.974220623501196,34.60089071599863
82327cd4b249ade222a1,cardiovascular_hypertensive,imatinib,Hypertension,TriNet,1,9268,RET,5979,lowest ten-seed median rank percentile; ties by mean then index,92.41071428571428,84.57434052757795,87.5171291538198,93.90469767043507,35.94981157930798,96.05601233299075,92.2147995889003,96.05601233299075,92.74366221308668,95.10106200753683,69.79701952723535,35.94981157930798,90.4397910243234,94.29170948955121,92.60662898252826,86.5429085303186
82327cd4b249ade222a1,cardiovascular_hypertensive,imatinib,Hypertension,N2V-MLP,1,9268,RET,5979,lowest ten-seed median rank percentile; ties by mean then index,57.7370246659815,61.68251113394998,50.4801515930113,75.95441503939706,25.408958547447757,97.26789996574169,67.60877012675574,92.66658102089757,48.606115107913666,56.102261048304214,34.95417951353203,25.408958547447757,78.73629667694416,97.26789996574169,57.35697156560466,58.11707776635834
82327cd4b249ade222a1,cardiovascular_hypertensive,imatinib,Hypertension,RF,1,9268,RET,5979,lowest ten-seed median rank percentile; ties by mean then index,86.02528691332648,84.29299417608769,76.23115793079822,93.57629967454608,67.7019099006509,96.36861939020213,94.56577595066804,96.36861939020213,85.81599006509079,82.71240150736554,67.7019099006509,69.13861767728675,74.07074340527578,95.71342925659472,90.6078708461802,86.23458376156218
831e9b9346a027abf9ca,prostate_oncology,gemcitabine,Prostatic Neoplasms,HANAMI,1,36867,TYMS,7298,lowest ten-seed median rank percentile; ties by mean then index,16.176344638574854,18.379153819801303,11.555220109626585,18.066439705378553,0.2697841726618705,44.63001027749229,16.109969167523126,17.814319972593353,16.242720109626585,39.58975676601576,13.930284343953408,18.150479616306953,0.2697841726618705,6.290681740322028,10.763532031517643,44.63001027749229
831e9b9346a027abf9ca,prostate_oncology,gemcitabine,Prostatic Neoplasms,TriMoGCL,1,36867,TYMS,7298,lowest ten-seed median rank percentile; ties by mean then index,2.0351575882151423,12.396368619390202,0.5208333333333334,3.3996017471736897,0.049246317231928745,61.945443645083934,2.2974477560808495,2.659301130524152,0.049246317231928745,50.43465227817746,0.5545563549160671,0.09421034600890715,1.7728674203494348,0.5095923261390888,3.646368619390202,61.945443645083934
831e9b9346a027abf9ca,prostate_oncology,gemcitabine,Prostatic Neoplasms,TriNet,1,36867,TYMS,7298,lowest ten-seed median rank percentile; ties by mean then index,42.342197670435084,48.74721651250429,37.89878811236725,67.43854916067147,9.748629667694416,90.2492291880781,42.047790339157245,42.636605001712915,45.801216169921204,41.04787598492634,29.64414182939363,9.748629667694416,36.849092154847554,90.2492291880781,74.65099349092155,74.79659129838986
831e9b9346a027abf9ca,prostate_oncology,gemcitabine,Prostatic Neoplasms,N2V-MLP,1,36867,TYMS,7298,lowest ten-seed median rank percentile; ties by mean then index,11.697070914696814,20.95559266872217,5.038112367249058,31.202359540938676,1.7300445357999314,73.9572627612196,9.889945186707777,36.5172147995889,13.504196642685852,9.585902706406303,3.5221822541966428,1.7300445357999314,2.4516101404590613,73.9572627612196,15.25779376498801,43.139773895169576
831e9b9346a027abf9ca,prostate_oncology,gemcitabine,Prostatic Neoplasms,RF,1,36867,TYMS,7298,lowest ten-seed median rank percentile; ties by mean then index,6.21895340870161,12.676644398766701,3.2165339157245634,10.90457990750257,1.2793336759164098,46.239080164439876,12.049289140116478,7.470452209660842,6.217882836587872,3.18709318259678,1.2793336759164098,3.304856115107914,2.999743062692703,37.798689619732784,6.2200239808153475,46.239080164439876
8358fa67bc531dc3e5cd,psychiatric_mood,donepezil,"Depressive Disorder, Major",HANAMI,1,22989,HTR2A,3356,lowest ten-seed median rank percentile; ties by mean then index,9.828922576224734,10.522867420349433,7.575368276807126,12.089970880438505,5.736125385405961,20.227389516957864,9.34823569715656,11.73347036656389,8.384720794792738,7.305584104145256,12.208804385063377,5.736125385405961,10.30960945529291,12.69484412470024,7.279890373415554,20.227389516957864
8358fa67bc531dc3e5cd,psychiatric_mood,donepezil,"Depressive Disorder, Major",TriMoGCL,1,22989,HTR2A,3356,lowest ten-seed median rank percentile; ties by mean then index,13.347893114080165,14.081235011990406,6.994582905104488,20.75625214114423,4.183795820486468,26.901336073997946,26.901336073997946,9.85782802329565,22.118019869818433,6.025179856115108,22.319287427201097,15.808067831449126,6.040167865707434,10.887718396711202,16.670948955121617,4.183795820486468
8358fa67bc531dc3e5cd,psychiatric_mood,donepezil,"Depressive Disorder, Major",TriNet,1,22989,HTR2A,3356,lowest ten-seed median rank percentile; ties by mean then index,37.35868448098664,30.23102946214457,10.099777321000342,47.183860054813294,1.8435251798561152,50.54813292223364,47.44561493662213,7.050787941075711,40.885149023638235,4.948184309695101,46.39859540938678,50.54813292223364,19.24674546077424,33.832219938335044,1.8435251798561152,50.11133949982871
8358fa67bc531dc3e5cd,psychiatric_mood,donepezil,"Depressive Disorder, Major",N2V-MLP,1,22989,HTR2A,3356,lowest ten-seed median rank percentile; ties by mean then index,15.292052072627612,16.952937649880095,6.801879924631724,20.292694415895856,1.4538369304556356,39.384206920178144,20.929684823569715,2.787769784172662,16.313377869133266,5.166581020897568,11.70777663583419,39.13369304556355,39.384206920178144,18.381723192874272,1.4538369304556356,14.270726276121959
8358fa67bc531dc3e5cd,psychiatric_mood,donepezil,"Depressive Disorder, Major",RF,1,22989,HTR2A,3356,lowest ten-seed median rank percentile; ties by mean then index,12.837230215827338,15.02729958890031,7.402470880438506,21.190101490236383,1.1851233299075026,30.017771497088045,10.651121959575198,8.736939020212402,15.023338472079478,1.1851233299075026,21.388960260363138,20.593525179856115,6.957648167180541,30.017771497088045,6.2200239808153475,29.498544021925316
83a751dca28e70558c2d,breast_oncology,regorafenib,Breast Neoplasms,HANAMI,1,15412,KIT,3815,lowest ten-seed median rank percentile; ties by mean then index,15.343439534087015,19.796591298389863,8.360097636176773,28.763060979787596,0.9185508735868448,51.34249743062693,15.294193216855087,20.7241349777321,51.34249743062693,31.442702980472763,9.493833504624872,7.982185680027406,0.9185508735868448,4.648424117848578,15.392685851318944,40.72670435080507
83a751dca28e70558c2d,breast_oncology,regorafenib,Breast Neoplasms,TriMoGCL,1,15412,KIT,3815,lowest ten-seed median rank percentile; ties by mean then index,11.413369304556355,15.112838300787942,5.3967540253511475,14.947327852004111,2.0726276121959577,49.113566289825286,10.378126070572113,2.130438506337787,15.028691332648167,32.530404248030145,4.432168550873587,2.0726276121959577,14.703237410071942,8.29051044878383,12.448612538540596,49.113566289825286
83a751dca28e70558c2d,breast_oncology,regorafenib,Breast Neoplasms,TriNet,1,15412,KIT,3815,lowest ten-seed median rank percentile; ties by mean then index,14.945186707776635,16.946728331620417,10.156517643028433,23.270490750256936,3.42154847550531,35.181140801644396,3.42154847550531,14.878811236724905,9.09129838985954,15.011562178828365,16.23201438848921,25.616649537512846,5.434224049331963,35.181140801644396,31.247858855772524,13.352175402535115
83a751dca28e70558c2d,breast_oncology,regorafenib,Breast Neoplasms,N2V-MLP,1,15412,KIT,3815,lowest ten-seed median rank percentile; ties by mean then index,10.171505652620759,11.697499143542307,5.791795135320315,14.66041452552244,1.4516957862281603,32.35911270983213,8.738009592326138,12.971051730044536,15.223535457348406,11.605001712915382,3.702038369304556,32.35911270983213,18.009164097293592,7.789482699554642,1.4516957862281603,5.125899280575539
83a751dca28e70558c2d,breast_oncology,regorafenib,Breast Neoplasms,RF,1,15412,KIT,3815,lowest ten-seed median rank percentile; ties by mean then index,24.809438163754713,26.919107571085988,8.67350762247345,41.92547747516273,0.46891058581706063,62.29230900993491,35.79350805070229,5.013489208633094,5.234027064063035,26.352132579650565,47.80853888317917,43.969467283316206,0.46891058581706063,18.991949297704693,23.266743747858857,62.29230900993491
83e9bec649a64111a392,psychiatric_mood,amlodipine,"Depressive Disorder, Major",HANAMI,1,748,CACNA1C,775,lowest ten-seed median rank percentile; ties by mean then index,17.33791538198013,17.61133949982871,14.86810551558753,19.987046077423777,3.776978417266187,29.654847550531002,18.662213086673518,16.578879753340185,16.217026378896882,20.428657074340528,29.654847550531002,18.096951010620074,3.776978417266187,14.152963343610825,14.418465227817746,24.126413155190132
83e9bec649a64111a392,psychiatric_mood,amlodipine,"Depressive Disorder, Major",TriMoGCL,1,748,CACNA1C,775,lowest ten-seed median rank percentile; ties by mean then index,18.254325111339497,20.78708461801987,11.14519099006509,27.96976704350805,3.905447070914697,57.18353888317917,30.9138403562864,29.821856800274066,11.45512161699212,11.041880781089414,18.358170606372045,22.413497773210004,3.905447070914697,4.627012675573827,57.18353888317917,18.150479616306953
83e9bec649a64111a392,psychiatric_mood,amlodipine,"Depressive Disorder, Major",TriNet,1,748,CACNA1C,775,lowest ten-seed median rank percentile; ties by mean then index,29.16987838300788,31.076139088729015,15.621252997601918,40.76685080507023,12.082476875642342,57.75522439191504,28.766272696128812,52.697841726618705,12.345837615621788,12.136005481329223,57.75522439191504,41.555327166837955,12.082476875642342,38.40142171976704,29.57348406988695,25.44749914354231
83e9bec649a64111a392,psychiatric_mood,amlodipine,"Depressive Disorder, Major",N2V-MLP,1,748,CACNA1C,775,lowest ten-seed median rank percentile; ties by mean then index,14.107999314833847,18.693902021240152,6.071749743062693,31.29817574511819,1.6615279205207263,44.95760534429599,4.404333675916409,11.547190818773553,3.806954436450839,16.66880781089414,44.95760534429599,35.05053100376841,11.073997944501542,1.6615279205207263,33.71231586159644,24.055755395683452
83e9bec649a64111a392,psychiatric_mood,amlodipine,"Depressive Disorder, Major",RF,1,748,CACNA1C,775,lowest ten-seed median rank percentile; ties by mean then index,30.592133436108256,36.4347807468311,22.723160757108598,46.87954993148338,15.512589928057555,65.81235011990408,33.47250770811922,60.796719767043506,22.033444672833163,46.19946899623159,65.81235011990408,24.792309009934907,27.711759164097295,20.91041452552244,47.106243576567316,15.512589928057555
83ed50195d3806a0af6a,psychiatric_mood,pregabalin,Depressive Disorder,HANAMI,1,720,CACNA1C,775,lowest ten-seed median rank percentile; ties by mean then index,22.159772182254194,22.699340527577938,19.337744090441934,25.69533658787256,10.98192874272011,31.853802672147996,19.52081192189106,21.886776293251113,22.43276807125728,23.6896197327852,26.36390887290168,31.853802672147996,10.98192874272011,19.27672147995889,19.201781431997258,31.78528605686879
83ed50195d3806a0af6a,psychiatric_mood,pregabalin,Depressive Disorder,TriMoGCL,1,720,CACNA1C,775,lowest ten-seed median rank percentile; ties by mean then index,21.085988352175402,24.01121959575197,9.42799331963001,32.74077166837958,1.8242548818088387,59.8364165810209,25.612367249057897,59.8364165810209,9.262589928057555,21.64910928400137,51.92488866050017,9.92420349434738,1.8242548818088387,4.438591983556012,35.11690647482014,20.522867420349435
83ed50195d3806a0af6a,psychiatric_mood,pregabalin,Depressive Disorder,TriNet,1,720,CACNA1C,775,lowest ten-seed median rank percentile; ties by mean then index,25.46462829736211,26.24229188078109,9.426387461459404,38.278305926687224,4.340099349092155,59.31825967797191,4.340099349092155,59.31825967797191,26.160500171291538,20.850462487153134,42.510277492291884,24.76875642343268,5.618362452894827,39.315690304898936,35.166152792052074,4.374357656731758
83ed50195d3806a0af6a,psychiatric_mood,pregabalin,Depressive Disorder,N2V-MLP,1,720,CACNA1C,775,lowest ten-seed median rank percentile; ties by mean then index,27.360611510791365,30.224391915039398,9.99860825625214,48.4203708461802,4.419321685508736,63.696899623158615,13.703323055841041,47.10517300445358,38.050274066461114,16.670948955121617,48.858770126755736,53.594981157930796,7.380524152106886,8.763703323055841,63.696899623158615,4.419321685508736
83ed50195d3806a0af6a,psychiatric_mood,pregabalin,Depressive Disorder,RF,1,720,CACNA1C,775,lowest ten-seed median rank percentile; ties by mean then index,52.864850976361765,55.47340698869475,38.625974220623505,67.48137204522097,28.330549845837616,94.43730729701953,58.021796848235695,69.6075282631038,28.330549845837616,61.102903391572454,79.76725762247345,43.969467283316206,34.944544364508396,47.707905104487836,94.43730729701953,36.8448098663926
840ecd23b8d1e69401f8,breast_oncology,cholecalciferol,Breast Neoplasms,HANAMI,1,20716,VDR,7421,lowest ten-seed median rank percentile; ties by mean then index,14.747130866735183,18.34468139773895,5.780554128126071,27.431804556354916,1.618705035971223,43.450239808153476,18.42668722165125,22.61904761904762,29.03605686879068,39.47841726618705,10.474477560808497,11.067574511819116,1.618705035971223,4.215912983898596,3.0596951010620077,43.450239808153476
840ecd23b8d1e69401f8,breast_oncology,cholecalciferol,Breast Neoplasms,TriMoGCL,1,20716,VDR,7421,lowest ten-seed median rank percentile; ties by mean then index,7.394441589585474,11.78956834532374,3.714349948612538,13.113437821171633,0.4539225762247345,43.867762932511134,10.65005138746146,0.4539225762247345,13.934566632408359,23.280661185337443,4.059609455292908,3.5992634463857485,7.189962315861597,7.598920863309353,3.2609626584446727,43.867762932511134
840ecd23b8d1e69401f8,breast_oncology,cholecalciferol,Breast Neoplasms,TriNet,1,20716,VDR,7421,lowest ten-seed median rank percentile; ties by mean then index,7.316289825282631,19.830207262761217,2.104744775608085,37.429877526550186,1.2846865364850977,60.72070914696814,34.57305584104145,1.2846865364850977,42.358256252141146,9.292565947242206,3.383007879410757,1.6786570743405276,1.288968824940048,60.72070914696814,38.38215142171977,5.340013703323056
840ecd23b8d1e69401f8,breast_oncology,cholecalciferol,Breast Neoplasms,N2V-MLP,1,20716,VDR,7421,lowest ten-seed median rank percentile; ties by mean then index,7.041152792052072,10.689020212401507,0.6840955806783144,12.510705721137375,0.14559780746831105,48.6724905789654,17.955635491606714,10.930541281260705,6.763874614594039,7.318430969510106,0.14559780746831105,0.26764302843439536,1.329650565262076,48.6724905789654,0.46891058581706063,13.037427201096266
840ecd23b8d1e69401f8,breast_oncology,cholecalciferol,Breast Neoplasms,RF,1,20716,VDR,7421,lowest ten-seed median rank percentile; ties by mean then index,4.0371274409044196,5.544064748201438,1.394687821171634,9.846587016101404,0.4357228502911956,13.342540253511476,10.651121959575198,10.029119561493662,1.7407502569373072,9.298989379924631,1.2793336759164098,0.4357228502911956,3.7726961288112366,13.342540253511476,0.5888146625556697,4.301558752997602
8563b74e9a04eed6e546,psychiatric_mood,Flurazepam,Depressive Disorder,HANAMI,1,24731,GABRB3,2562,lowest ten-seed median rank percentile; ties by mean then index,24.88973107228503,32.24456149366221,14.151892771497089,29.911784857828025,10.684309695101062,91.56603288797534,30.806783144912643,10.684309695101062,10.810637204522097,12.266615279205208,69.49725933538883,27.22678999657417,25.107057211373757,19.80772524837273,91.56603288797534,24.6724049331963
8563b74e9a04eed6e546,psychiatric_mood,Flurazepam,Depressive Disorder,TriMoGCL,1,24731,GABRB3,2562,lowest ten-seed median rank percentile; ties by mean then index,47.32035799931484,41.751455978074674,19.099541795135323,55.61140373415553,9.061322370674889,87.42505995203837,57.29059609455293,25.807211373758136,14.148681055155876,16.863651935594383,87.42505995203837,50.57382665296334,46.61270983213429,61.70349434737924,48.02800616649537,9.061322370674889
8563b74e9a04eed6e546,psychiatric_mood,Flurazepam,Depressive Disorder,TriNet,1,24731,GABRB3,2562,lowest ten-seed median rank percentile; ties by mean then index,16.834746488523468,23.40763103802672,6.062649880095924,37.078729873244264,3.28879753340185,69.40304898937993,16.63454950325454,25.897139431312095,3.721308667351833,10.228245974648852,17.034943473792396,42.3882322713258,3.28879753340185,40.80592668722165,69.40304898937993,4.67411784857828
8563b74e9a04eed6e546,psychiatric_mood,Flurazepam,Depressive Disorder,N2V-MLP,1,24731,GABRB3,2562,lowest ten-seed median rank percentile; ties by mean then index,37.98925145597808,34.403691332648165,9.01689362795478,50.30725419664269,1.894912641315519,68.46736896197328,45.56140801644399,30.41709489551216,3.702038369304556,50.92069201781432,24.961459403905447,66.69450154162385,1.894912641315519,48.466940733127785,68.46736896197328,2.9504967454607742
8563b74e9a04eed6e546,psychiatric_mood,Flurazepam,Depressive Disorder,RF,1,24731,GABRB3,2562,lowest ten-seed median rank percentile; ties by mean then index,44.2456748886605,41.86418722165125,16.41106757451182,55.974595323741006,3.861553614251456,97.57622473449811,54.082091469681394,3.861553614251456,11.80948098663926,69.04226618705036,30.215827338129497,48.21749743062693,6.957648167180541,40.27385234669407,97.57622473449811,56.605429941760875
8588c31cdcf498afdd65,prostate_oncology,methylprednisolone,Prostatic Neoplasms,HANAMI,1,3041,NR3C1,2908,lowest ten-seed median rank percentile; ties by mean then index,2.284600890715999,10.570400822199385,1.1958290510448784,10.629175231243577,0.021411442274751627,66.59815005138746,14.135834189791025,3.8604830421377185,0.894998287084618,2.23535457348407,2.0983213429256593,2.3338472079479273,0.021411442274751627,0.6402021240150737,66.59815005138746,12.88540596094553
8588c31cdcf498afdd65,prostate_oncology,methylprednisolone,Prostatic Neoplasms,TriMoGCL,1,3041,NR3C1,2908,lowest ten-seed median rank percentile; ties by mean then index,17.601276121959575,34.371360054813294,9.789846694073313,56.26338215142172,4.757622473449811,97.6897053785543,74.71308667351833,9.673689619732786,4.757622473449811,41.992120589242894,10.138317917094895,22.850291195614936,12.352261048304214,8.526036313806099,97.6897053785543,61.020469338814664
8588c31cdcf498afdd65,prostate_oncology,methylprednisolone,Prostatic Neoplasms,TriNet,1,3041,NR3C1,2908,lowest ten-seed median rank percentile; ties by mean then index,60.854530661185336,56.800059952038374,48.935316032887975,67.90906560465913,3.145340870161014,82.95435080507023,45.35157588215142,77.42163412127441,67.45460774237753,46.91889345666324,3.145340870161014,59.05704008221994,62.65202124015074,54.98458376156218,82.95435080507023,68.06055155875299
8588c31cdcf498afdd65,prostate_oncology,methylprednisolone,Prostatic Neoplasms,N2V-MLP,1,3041,NR3C1,2908,lowest ten-seed median rank percentile; ties by mean then index,30.71471394313121,38.66542480301474,19.301344638574854,54.027492291880776,2.0148167180541283,90.7673860911271,59.592326139088726,79.35080507022953,25.21197327852004,13.703323055841041,17.371103117505996,2.0148167180541283,25.09206920178143,36.217454607742376,90.7673860911271,37.33299075025694
8588c31cdcf498afdd65,prostate_oncology,methylprednisolone,Prostatic Neoplasms,RF,1,3041,NR3C1,2908,lowest ten-seed median rank percentile; ties by mean then index,51.104295135320314,51.634228331620406,34.323344895512164,67.93582990750257,13.500984926344639,98.42625899280576,68.88810380267215,56.05087358684481,79.956748886605,34.001370332305584,35.28926858513189,46.15771668379582,65.07900822199383,18.991949297704693,98.42625899280576,13.500984926344639
858b0dc05495d22942ce,prostate_oncology,sorafenib,Prostatic Neoplasms,HANAMI,1,9524,BRAF,673,lowest ten-seed median rank percentile; ties by mean then index,21.79577766358342,23.649366221308664,7.636390887290168,33.54048903734155,0.4239465570400822,61.43585131894484,26.834960602946214,30.33359027064063,16.756594724220623,61.43585131894484,8.628811236724905,3.5992634463857485,0.4239465570400822,7.305584104145256,34.60945529290853,46.56560465912984
858b0dc05495d22942ce,prostate_oncology,sorafenib,Prostatic Neoplasms,TriMoGCL,1,9524,BRAF,673,lowest ten-seed median rank percentile; ties by mean then index,32.5775094210346,33.54188078108941,8.570465056526208,54.98565433367592,3.9033059266872216,68.91700924974306,58.60097636176773,13.688335046248715,6.6568174032202805,31.483384720794792,6.864508393285372,3.9033059266872216,33.67163412127441,44.13968824940048,68.91700924974306,67.49314833847208
858b0dc05495d22942ce,prostate_oncology,sorafenib,Prostatic Neoplasms,TriNet,1,9524,BRAF,673,lowest ten-seed median rank percentile; ties by mean then index,29.663412127440903,32.56637547105173,19.337208804385064,37.43951267557382,12.088900308324769,71.48638232271325,71.48638232271325,38.07168550873587,30.838900308324767,13.170178143199726,16.296248715313464,28.460089071599864,35.5429941760877,12.088900308324769,28.48792394655704,51.22045220966084
858b0dc05495d22942ce,prostate_oncology,sorafenib,Prostatic Neoplasms,N2V-MLP,1,9524,BRAF,673,lowest ten-seed median rank percentile; ties by mean then index,17.884977732100033,21.065861596437138,7.528263103802672,34.91992120589243,3.8604830421377185,45.07965056526208,39.45914696813978,21.302243919150396,18.565861596437134,7.10431654676259,8.80010277492292,6.6075710859883525,3.8604830421377185,17.204093867762932,42.67514559780747,45.07965056526208
858b0dc05495d22942ce,prostate_oncology,sorafenib,Prostatic Neoplasms,RF,1,9524,BRAF,673,lowest ten-seed median rank percentile; ties by mean then index,13.70385834189791,21.017471736896198,10.061504367934223,26.211084703665637,8.687692702980472,58.021796848235695,58.021796848235695,10.029119561493662,8.687692702980472,9.298989379924631,14.512675573826654,16.348706748886606,12.895041109969167,10.15865878725591,40.72349263446386,29.498544021925316
8679f78f84d6897806fe,psychiatric_mood,memantine,Bipolar Disorder,HANAMI,6,19050,DRD2,1813,lowest ten-seed median rank percentile; ties by mean then index,4.023210003425831,6.328579993148337,2.3927286742034943,6.933560294621445,0.6616135662898253,24.20777663583419,1.9034772182254196,4.113138060979788,10.13617677286742,0.6616135662898253,24.20777663583419,1.9805584104145255,3.9332819458718737,5.213686193902022,3.629239465570401,7.506851661527921
8679f78f84d6897806fe,psychiatric_mood,memantine,Bipolar Disorder,TriMoGCL,6,19050,DRD2,1813,lowest ten-seed median rank percentile; ties by mean then index,2.814534087016101,9.23389859540939,1.5871231586159644,17.09543079821857,0.3383007879410757,30.17086330935252,19.212487153134635,3.6549331963001026,30.17086330935252,1.2975334018499487,21.57416923603974,1.8842069201781433,10.744261733470367,1.9741349777321,1.4880952380952381,0.3383007879410757
8679f78f84d6897806fe,psychiatric_mood,memantine,Bipolar Disorder,TriNet,6,19050,DRD2,1813,lowest ten-seed median rank percentile; ties by mean then index,27.28567146282974,32.93400993490921,20.386904761904763,37.53104659129839,2.1111682082905103,78.35945529290854,37.718396711202466,10.223963686193901,36.96899623158616,2.1111682082905103,78.35945529290854,22.028091812264474,32.00796505652621,19.839842411784858,22.563377869133266,67.51884206920178
8679f78f84d6897806fe,psychiatric_mood,memantine,Bipolar Disorder,N2V-MLP,6,19050,DRD2,1813,lowest ten-seed median rank percentile; ties by mean then index,14.08979958890031,21.76451695786228,4.569737067488866,31.049803014731072,0.18199725933538882,71.7840013703323,9.478845495032546,27.076909900650907,71.7840013703323,0.18199725933538882,32.37410071942446,2.9333675916409727,43.53802672147996,2.0983213429256593,13.073826652963344,15.105772524837272
8679f78f84d6897806fe,psychiatric_mood,memantine,Bipolar Disorder,RF,6,19050,DRD2,1813,lowest ten-seed median rank percentile; ties by mean then index,31.90037255909558,38.54552072627612,27.23241050017129,39.04644141829394,17.32078622816033,98.45944672833161,31.28961116820829,24.947541966426858,98.45944672833161,31.912684138403563,40.323098663926004,48.21749743062693,25.880010277492293,35.21646968139774,17.32078622816033,31.8880609797876
86e04359aaeb3585e220,psychiatric_mood,estradiol,"Depressive Disorder, Major",HANAMI,1,6338,ESR2,2100,lowest ten-seed median rank percentile; ties by mean then index,18.25004282288455,20.683025008564577,14.49233470366564,23.041388317917097,1.498800959232614,55.42137718396711,22.651164782459748,17.726533059266874,12.407930798218567,24.038626241863653,55.42137718396711,17.902106885919835,1.498800959232614,13.414268585131895,18.597978759849262,23.17146282973621
86e04359aaeb3585e220,psychiatric_mood,estradiol,"Depressive Disorder, Major",TriMoGCL,1,6338,ESR2,2100,lowest ten-seed median rank percentile; ties by mean then index,35.46377183967112,36.077852004110994,17.79933196300103,46.023359883521756,10.889859540938678,83.39970880438506,34.81072285029119,10.889859540938678,83.39970880438506,17.246916752312437,54.20092497430627,44.332391229873245,13.737581363480643,36.11682082905104,46.58701610140459,19.456577595066804
86e04359aaeb3585e220,psychiatric_mood,estradiol,"Depressive Disorder, Major",TriNet,1,6338,ESR2,2100,lowest ten-seed median rank percentile; ties by mean then index,57.87726961288112,59.88459232613909,43.730729701952725,77.44411613566291,30.277920520726276,88.77612195957519,44.81628982528263,42.19552929085303,57.686707776635835,81.44698526892772,65.43550873586845,30.277920520726276,86.77415210688592,43.36887632750942,88.77612195957519,58.067831449126416
86e04359aaeb3585e220,psychiatric_mood,estradiol,"Depressive Disorder, Major",N2V-MLP,1,6338,ESR2,2100,lowest ten-seed median rank percentile; ties by mean then index,32.98753854059609,37.37581363480645,23.818088386433708,52.627183967112025,5.256509078451525,74.49040767386091,33.2412641315519,18.480215827338128,31.571171634121274,58.66092840013703,21.233727303871188,5.256509078451525,32.73381294964029,41.880781089414185,56.20931825967797,74.49040767386091
86e04359aaeb3585e220,psychiatric_mood,estradiol,"Depressive Disorder, Major",RF,1,6338,ESR2,2100,lowest ten-seed median rank percentile; ties by mean then index,75.33080678314491,72.92726533059266,60.886380181569024,82.67519912641316,50.150950668037,92.13236553614252,58.021796848235695,72.76464542651593,91.74588900308325,77.89696813977389,69.48013018156902,50.150950668037,78.81230729701953,54.30477046933881,83.96282973621103,92.13236553614252
86f7de19ea4c46d149bf,psychiatric_mood,bezafibrate,Bipolar Disorder,HANAMI,1,15607,PPARD,5467,lowest ten-seed median rank percentile; ties by mean then index,36.57181397738951,43.38707605344296,27.63253682768071,58.29586330935252,20.14388489208633,87.84044193216855,34.95203836930455,25.192702980472763,20.14388489208633,65.53186022610483,65.24708804385064,35.98835217540253,24.376927029804726,37.155275779376495,87.84044193216855,37.44218910585817
86f7de19ea4c46d149bf,psychiatric_mood,bezafibrate,Bipolar Disorder,TriMoGCL,1,15607,PPARD,5467,lowest ten-seed median rank percentile; ties by mean then index,42.30472764645427,44.654205207262756,30.13446385748544,60.377055498458375,6.185765673175745,78.7320143884892,46.66623843782117,29.07245632065776,6.185765673175745,63.86390887290168,27.42591640972936,73.41555327166839,37.94321685508736,49.91649537512847,78.7320143884892,33.32048646796848
86f7de19ea4c46d149bf,psychiatric_mood,bezafibrate,Bipolar Disorder,TriNet,1,15607,PPARD,5467,lowest ten-seed median rank percentile; ties by mean then index,65.11754881808838,63.51725762247345,45.0860739979445,81.63968824940048,28.393713600548132,94.4737067488866,28.393713600548132,59.26258992805755,85.84275436793422,94.4737067488866,42.03922576224735,43.3881466255567,70.97250770811922,77.65073655361425,82.96933881466255,50.17985611510792
86f7de19ea4c46d149bf,psychiatric_mood,bezafibrate,Bipolar Disorder,N2V-MLP,1,15607,PPARD,5467,lowest ten-seed median rank percentile; ties by mean then index,52.80061664953752,58.72302158273381,43.85331020897568,68.46951010620076,34.77860568687907,92.43319630010278,50.23766700924974,42.10988352175403,39.180798218568,87.62632750942103,55.363566289825286,34.77860568687907,67.68585131894484,68.73072970195273,92.43319630010278,49.08359027064063
86f7de19ea4c46d149bf,psychiatric_mood,bezafibrate,Bipolar Disorder,RF,1,15607,PPARD,5467,lowest ten-seed median rank percentile; ties by mean then index,92.88390715998631,88.58502483727304,83.18050916409729,95.83708033573141,71.17912812607057,99.78695614936622,91.26199040767386,71.17912812607057,96.14594039054471,99.78695614936622,83.2583932853717,94.50582391229874,74.07074340527578,83.15454779033915,97.57622473449811,94.91050017129155
873a9148104e0f54abf0,psychiatric_mood,fluspirilene,"Depressive Disorder, Major",HANAMI,3,18835,DRD2,1813,lowest ten-seed median rank percentile; ties by mean then index,6.111896197327852,6.371188763275094,3.6324511819116134,9.43655789653991,1.7279033915724564,11.044021925316889,4.731928742720109,9.74648852346694,11.044021925316889,3.5735697156560464,1.7279033915724564,3.8090955806783144,3.0018842069201783,8.50676601575882,7.491863651935595,10.078365878725592
873a9148104e0f54abf0,psychiatric_mood,fluspirilene,"Depressive Disorder, Major",TriMoGCL,3,18835,DRD2,1813,lowest ten-seed median rank percentile; ties by mean then index,6.873072970195272,8.7671291538198,3.533958547447756,12.916987838300788,0.6873072970195272,23.045135320315175,8.952124015073656,13.863908872901678,23.045135320315175,3.639945186707777,12.932511133949983,12.870417951353204,3.3872901678657072,0.6873072970195272,4.79402192531689,3.498629667694416
873a9148104e0f54abf0,psychiatric_mood,fluspirilene,"Depressive Disorder, Major",TriNet,3,18835,DRD2,1813,lowest ten-seed median rank percentile; ties by mean then index,17.836801986981843,21.640972935936965,12.928764131551901,30.529504967454606,1.3532031517643028,48.07939362795478,33.331192189105856,16.45255224391915,22.124443302500858,1.3532031517643028,48.07939362795478,9.241178485782802,13.392857142857142,19.221051730044536,12.77406646111682,40.4397910243234
873a9148104e0f54abf0,psychiatric_mood,fluspirilene,"Depressive Disorder, Major",N2V-MLP,3,18835,DRD2,1813,lowest ten-seed median rank percentile; ties by mean then index,9.005652620760534,12.041581020897567,1.5662470023980815,19.420178143199724,0.5716855087358684,30.930969510106202,6.703922576224734,29.51995546420007,30.930969510106202,0.5716855087358684,11.307382665296334,1.485954093867763,16.24057896539911,1.3681911613566289,1.8071257279890374,20.48004453579993
873a9148104e0f54abf0,psychiatric_mood,fluspirilene,"Depressive Disorder, Major",RF,3,18835,DRD2,1813,lowest ten-seed median rank percentile; ties by mean then index,8.116542480301472,9.575304042480301,5.349113566289825,10.991563891743748,1.7503854059609456,22.27753511476533,5.604445015416238,8.736939020212402,18.374229188078107,1.7503854059609456,4.610954093867763,5.264003083247688,11.163926002055499,7.496145940390544,10.474477560808497,22.27753511476533
88e78091b6402cffd9fa,psychiatric_mood,diclofenac,"Depressive Disorder, Major",HANAMI,1,11030,PTGS2,5743,lowest ten-seed median rank percentile; ties by mean then index,4.397910243233984,5.317959917780062,3.5355644056183624,7.080763960260363,0.42822884549503254,11.776293251113396,3.3530318602261047,11.776293251113396,4.083162041795135,4.226618705035971,10.067660157588215,0.5695443645083933,6.997259335388832,4.569201781431997,7.10859883521754,0.42822884549503254
88e78091b6402cffd9fa,psychiatric_mood,diclofenac,"Depressive Disorder, Major",TriMoGCL,1,11030,PTGS2,5743,lowest ten-seed median rank percentile; ties by mean then index,7.629967454607742,11.435208975676602,6.056761733470366,14.811900479616307,1.0620075368276807,32.391229873244264,24.73878040424803,7.622473449811579,7.637461459403905,6.543336759164097,32.391229873244264,2.3852346694073314,16.58530318602261,1.0620075368276807,9.491692360397396,5.894570058239123
88e78091b6402cffd9fa,psychiatric_mood,diclofenac,"Depressive Disorder, Major",TriNet,1,11030,PTGS2,5743,lowest ten-seed median rank percentile; ties by mean then index,24.665981500513876,27.100676601575884,6.693216855087359,42.586823398424116,1.449554642000685,64.19150393970538,4.140972935936965,14.34994861253854,46.882494004796165,29.699811579307983,29.38720452209661,3.6270983213429258,19.944758478931142,64.19150393970538,57.33341897910243,1.449554642000685
88e78091b6402cffd9fa,psychiatric_mood,diclofenac,"Depressive Disorder, Major",N2V-MLP,1,11030,PTGS2,5743,lowest ten-seed median rank percentile; ties by mean then index,12.943216855087359,14.599606029462143,10.133500342583076,15.821985268927714,4.79402192531689,37.22165125042823,9.553785542994175,18.216855087358685,37.22165125042823,13.003168893456664,16.67737238780404,4.79402192531689,13.255823912298732,12.883264816718054,10.318174032202808,10.071942446043165
88e78091b6402cffd9fa,psychiatric_mood,diclofenac,"Depressive Disorder, Major",RF,1,11030,PTGS2,5743,lowest ten-seed median rank percentile; ties by mean then index,34.95310894141829,31.136412298732445,16.248072970195274,43.475933538883176,9.249743062692703,48.9486981843097,9.249743062692703,34.927415210688594,34.978802672148,48.9486981843097,47.80853888317917,12.491435423090099,38.84142685851319,27.51798561151079,45.02076909900651,11.57930798218568
89524bc327993114860e,psychiatric_mood,mifepristone,Bipolar Disorder,HANAMI,1,2966,NR3C1,2908,lowest ten-seed median rank percentile; ties by mean then index,9.429599177800617,11.156646111682083,5.267750085645769,17.436943302500858,4.46642685851319,21.599862966769443,5.155875299760192,4.665553271668379,4.46642685851319,12.116735183281946,21.599862966769443,10.367420349434738,8.491778006166495,5.603374443302501,19.21034600890716,19.889088729016787
89524bc327993114860e,psychiatric_mood,mifepristone,Bipolar Disorder,TriMoGCL,1,2966,NR3C1,2908,lowest ten-seed median rank percentile; ties by mean then index,21.488523466940734,38.873115793079826,14.999250599520384,62.76121959575197,7.43191161356629,98.36844809866393,88.35217540253511,7.43191161356629,11.465827338129497,20.837615621788284,71.31080849606029,22.139431312093183,14.14225762247345,37.112452894826994,98.36844809866393,17.570229530661184
89524bc327993114860e,psychiatric_mood,mifepristone,Bipolar Disorder,TriNet,1,2966,NR3C1,2908,lowest ten-seed median rank percentile; ties by mean then index,37.492505995203835,33.03528605686879,13.559866392600206,44.02567231928743,5.143028434395341,72.77749229188078,10.067660157588215,40.47190818773553,45.21026036313806,11.384463857485441,5.143028434395341,20.086073997944503,37.26447413497773,50.22696128811237,72.77749229188078,37.72053785542994
89524bc327993114860e,psychiatric_mood,mifepristone,Bipolar Disorder,N2V-MLP,1,2966,NR3C1,2908,lowest ten-seed median rank percentile; ties by mean then index,14.141187050359711,20.646197327852004,5.005459917780062,25.532609626584446,0.7515416238437821,85.93482356971566,28.684909215484755,9.185508735868448,1.9441589585474477,12.11887632750942,3.6121103117505995,0.7515416238437821,21.034600890716,27.03194587187393,85.93482356971566,16.163497773210004
89524bc327993114860e,psychiatric_mood,mifepristone,Bipolar Disorder,RF,1,2966,NR3C1,2908,lowest ten-seed median rank percentile; ties by mean then index,55.3667780061665,58.338365022267894,45.129967454607744,62.31719981157931,37.771925316889345,97.09339671120247,83.32798047276465,63.727946214457006,44.77346694073313,46.19946899623159,37.771925316889345,58.08496060294622,54.31333504624872,56.42022096608427,97.09339671120247,41.67094895512162
8963064602bfaef10cfd,psychiatric_mood,Midazolam,Depressive Disorder,HANAMI,1,24722,GABRB3,2562,lowest ten-seed median rank percentile; ties by mean then index,20.448997944501542,26.117034943473794,15.564512675573827,24.399944330250086,9.864251455978074,86.42086330935251,15.065090784515245,9.864251455978074,17.06277834874957,11.566461116820829,86.42086330935251,22.54196642685851,24.689534087016103,18.35602946214457,32.072199383350465,23.531175059952037
8963064602bfaef10cfd,psychiatric_mood,Midazolam,Depressive Disorder,TriMoGCL,1,24722,GABRB3,2562,lowest ten-seed median rank percentile; ties by mean then index,41.72983042137719,38.934994861253855,18.39082305584104,52.38791109969167,9.765758821514217,86.37804042480302,54.14311408016444,22.56123672490579,11.767728674203495,17.000685166152792,86.37804042480302,37.99246317231929,45.467197670435084,57.15142171976704,47.12230215827338,9.765758821514217
8963064602bfaef10cfd,psychiatric_mood,Midazolam,Depressive Disorder,TriNet,1,24722,GABRB3,2562,lowest ten-seed median rank percentile; ties by mean then index,25.791152792052074,26.77929085303186,10.900565262076054,37.183110654333674,2.82845152449469,70.0946385748544,15.673175745118192,35.909129838985955,2.82845152449469,9.397482014388489,37.51284686536485,36.19390202124015,4.978160328879754,39.79530661185338,70.0946385748544,15.409815005138746
8963064602bfaef10cfd,psychiatric_mood,Midazolam,Depressive Disorder,N2V-MLP,1,24722,GABRB3,2562,lowest ten-seed median rank percentile; ties by mean then index,36.22280746831107,30.910628639945184,8.87022524837273,47.30108770126756,1.2311579307982186,62.8361596437136,23.706748886605002,32.76164782459747,3.924717368961973,39.68396711202467,41.0864165810209,62.8361596437136,2.4580335731414866,52.04479273723878,49.37264474134978,1.2311579307982186
8963064602bfaef10cfd,psychiatric_mood,Midazolam,Depressive Disorder,RF,1,24722,GABRB3,2562,lowest ten-seed median rank percentile; ties by mean then index,60.86898338472079,50.99424032202809,42.22737881123672,63.54782245632066,14.73963686193902,68.98017300445358,59.90386262418637,38.75685166152792,18.374229188078107,63.1294964028777,61.834104145255225,63.68726447413498,14.73963686193902,68.98017300445358,67.89782459746489,52.638960260363135
8a5f83fdef285cc5742c,prostate_oncology,trilostane,Prostatic Neoplasms,HANAMI,1,1736,ESR1,2099,lowest ten-seed median rank percentile; ties by mean then index,6.8837786913326475,9.812435765673175,4.261412298732442,12.731778862624186,0.6808838643371018,28.958975676601575,18.777834874957176,6.1450839328537175,9.34823569715656,6.436279547790339,2.9526378896882495,3.633521754025351,0.6808838643371018,7.331277834874957,13.859626584446728,28.958975676601575
8a5f83fdef285cc5742c,prostate_oncology,trilostane,Prostatic Neoplasms,TriMoGCL,1,1736,ESR1,2099,lowest ten-seed median rank percentile; ties by mean then index,7.10431654676259,9.057040082219938,1.2365107913669064,16.065005138746145,0.7151421719767044,24.61459403905447,0.7386947584789312,1.8306783144912642,8.849349092154847,9.840698869475847,0.7151421719767044,19.443730729701954,1.0384549503254539,5.359284001370332,24.61459403905447,18.13977389516958
8a5f83fdef285cc5742c,prostate_oncology,trilostane,Prostatic Neoplasms,TriNet,1,1736,ESR1,2099,lowest ten-seed median rank percentile; ties by mean then index,31.540125042822883,35.25993490921548,20.75518156903049,48.753318773552586,9.832134292565947,69.95118191161356,20.460774237752656,49.51824254881809,10.662898252826311,46.45854744775608,21.638403562863996,69.95118191161356,38.585560123329905,9.832134292565947,24.49468996231586,60.99691675231244
8a5f83fdef285cc5742c,prostate_oncology,trilostane,Prostatic Neoplasms,N2V-MLP,1,1736,ESR1,2099,lowest ten-seed median rank percentile; ties by mean then index,20.77338129496403,22.82973621103117,7.130545563549161,28.560722850291196,3.3209146968139773,62.2066632408359,3.3209146968139773,21.925316889345666,19.62144570058239,6.76815690304899,8.217711545049674,44.25745118191161,26.325368276807126,6.348492634463858,29.305841041452553,62.2066632408359
8a5f83fdef285cc5742c,prostate_oncology,trilostane,Prostatic Neoplasms,RF,1,1736,ESR1,2099,lowest ten-seed median rank percentile; ties by mean then index,14.162598492634464,15.737410071942445,9.343685765673175,20.463985954093868,5.604445015416238,33.34082733812949,5.604445015416238,8.736939020212402,15.023338472079478,14.45165296334361,7.740236382322713,33.34082733812949,11.163926002055499,25.161656389174375,13.873544021925317,22.27753511476533
8b4b65d150d90d8b18c4,psychiatric_mood,diclofenac,Depressive Disorder,HANAMI,1,11031,PTGS2,5743,lowest ten-seed median rank percentile; ties by mean then index,5.168722165125043,11.109540938677629,2.786163926002055,13.231200753682767,2.2738951695786227,45.7070058239123,2.7834874957177114,13.337187392942788,5.228674203494347,2.4580335731414866,18.490921548475505,2.2738951695786227,45.7070058239123,5.108770126755738,12.913240835902707,2.794193216855087
8b4b65d150d90d8b18c4,psychiatric_mood,diclofenac,Depressive Disorder,TriMoGCL,1,11031,PTGS2,5743,lowest ten-seed median rank percentile; ties by mean then index,9.469210346008907,12.17497430626927,7.252055498458375,14.516422576224734,2.7278177458033572,25.957091469681398,24.42403220280918,13.532031517643029,8.742291880781089,9.005652620760534,25.957091469681398,6.755310037684138,14.844552929085303,2.7278177458033572,9.93276807125728,5.828194587187393
8b4b65d150d90d8b18c4,psychiatric_mood,diclofenac,Depressive Disorder,TriNet,1,11031,PTGS2,5743,lowest ten-seed median rank percentile; ties by mean then index,22.567660157588215,26.196043165467625,5.816953579993148,42.01246145940391,0.948526892771497,63.84677971908188,3.2438335046248716,13.53631380609798,46.687649880095925,27.98689619732785,27.083333333333332,3.153905447070915,18.051986981843097,63.84677971908188,57.421205892428915,0.948526892771497
8b4b65d150d90d8b18c4,psychiatric_mood,diclofenac,Depressive Disorder,N2V-MLP,1,11031,PTGS2,5743,lowest ten-seed median rank percentile; ties by mean then index,22.99481843096951,24.360868448098664,16.942338985954095,29.402192531688932,4.528520041109969,51.16264131551901,20.190990065090784,34.1812264474135,51.16264131551901,14.202209660842755,15.85945529290853,21.921034600890717,24.068602261048305,30.057382665296334,27.436622130866734,4.528520041109969
8b4b65d150d90d8b18c4,psychiatric_mood,diclofenac,Depressive Disorder,RF,1,11031,PTGS2,5743,lowest ten-seed median rank percentile; ties by mean then index,34.95310894141829,31.471715484755055,16.248072970195274,42.98106157930798,9.249743062692703,51.65831620417951,9.249743062692703,34.927415210688594,34.978802672148,51.65831620417951,50.43144056183625,12.491435423090099,36.861939020212404,27.51798561151079,45.02076909900651,11.57930798218568
8be019991bb4637af5aa,prostate_oncology,celecoxib,Prostatic Neoplasms,HANAMI,1,10769,PTGS2,5743,lowest ten-seed median rank percentile; ties by mean then index,5.365707434052758,5.909129838985954,2.0592454607742376,6.882172833162042,0.3511476533059267,17.508136348064404,17.508136348064404,7.093610825625214,6.160071942446043,1.4045906132237067,6.247858855772525,0.3511476533059267,0.5031688934566633,4.023210003425831,11.228160328879753,4.571342925659472
8be019991bb4637af5aa,prostate_oncology,celecoxib,Prostatic Neoplasms,TriMoGCL,1,10769,PTGS2,5743,lowest ten-seed median rank percentile; ties by mean then index,7.349477560808497,11.627055498458377,2.1705849606029464,13.4073098663926,0.12418636519355944,54.716940733127785,13.504196642685852,1.7985611510791366,0.948526892771497,3.2866563891743747,54.716940733127785,0.12418636519355944,14.07588215142172,8.842925659472423,5.85602946214457,13.116649537512847
8be019991bb4637af5aa,prostate_oncology,celecoxib,Prostatic Neoplasms,TriNet,1,10769,PTGS2,5743,lowest ten-seed median rank percentile; ties by mean then index,43.364594039054474,39.71330078794108,32.01171205892429,49.98501199040768,5.841041452552244,68.72216512504282,44.18893456663241,28.776978417266186,47.6468824940048,50.764388489208635,41.7159129838986,7.598920863309353,42.540253511476536,68.72216512504282,59.337529976019184,5.841041452552244
8be019991bb4637af5aa,prostate_oncology,celecoxib,Prostatic Neoplasms,N2V-MLP,1,10769,PTGS2,5743,lowest ten-seed median rank percentile; ties by mean then index,21.433924289140116,26.44612881123673,15.612688420692017,31.895019698526895,2.0319458718739294,75.31688934566633,23.24212058924289,36.819116135662895,15.157159986296676,13.172319287427202,75.31688934566633,2.0319458718739294,19.62572798903734,32.731671805412816,16.97927372387804,29.385063377869134
8be019991bb4637af5aa,prostate_oncology,celecoxib,Prostatic Neoplasms,RF,1,10769,PTGS2,5743,lowest ten-seed median rank percentile; ties by mean then index,17.880160157588215,22.97544107571086,13.303464371360054,23.71263703323056,1.030960945529291,59.74006509078451,18.439534087016103,12.73017300445358,15.023338472079478,22.956277834874957,59.74006509078451,6.4309266872216515,23.96475676601576,52.11759164097293,17.32078622816033,1.030960945529291
8c48f965dec85563e104,breast_oncology,omeprazole,Breast Neoplasms,HANAMI,1,20152,AHR,196,lowest ten-seed median rank percentile; ties by mean then index,46.725119904076735,45.42309009934909,24.653669921205893,59.19889088729017,5.933110654333676,84.37178828365879,45.36442274751627,80.37213086673518,84.37178828365879,58.09566632408359,59.56663240835903,17.7500856457691,47.88026721479959,5.933110654333676,9.326824254881808,45.56997259335389
8c48f965dec85563e104,breast_oncology,omeprazole,Breast Neoplasms,TriMoGCL,1,20152,AHR,196,lowest ten-seed median rank percentile; ties by mean then index,79.24160671462829,73.94398766700924,66.09819287427202,90.0709789311408,19.426601575882152,99.00436793422405,95.0775094210346,79.29941760877013,99.00436793422405,79.18379582048647,93.1890202124015,64.00950668037,57.168550873586845,80.71685508735868,19.426601575882152,72.36425145597808
8c48f965dec85563e104,breast_oncology,omeprazole,Breast Neoplasms,TriNet,1,20152,AHR,196,lowest ten-seed median rank percentile; ties by mean then index,67.17090613223706,66.62298732442618,51.42064919492977,78.22402792052073,42.495289482699555,94.00907845152449,45.47147995889003,87.04607742377526,64.70109626584447,42.495289482699555,94.00907845152449,70.30875299760191,46.993833504624874,66.64953751284686,80.862452894827,67.69227475162727
8c48f965dec85563e104,breast_oncology,omeprazole,Breast Neoplasms,N2V-MLP,1,20152,AHR,196,lowest ten-seed median rank percentile; ties by mean then index,50.5727560808496,45.26121959575197,27.869668550873588,59.75612367249058,9.988437821171635,71.88249400479616,52.43448098663926,71.88249400479616,52.88626241863652,9.988437821171635,62.046077423775266,43.30678314491264,48.71103117505995,71.04744775608086,17.585217540253513,22.7239636861939
8c48f965dec85563e104,breast_oncology,omeprazole,Breast Neoplasms,RF,1,20152,AHR,196,lowest ten-seed median rank percentile; ties by mean then index,43.08678057553957,57.2735739979445,40.4234647995889,77.70346223021583,34.23689619732785,98.36951867077767,95.4393627954779,85.52693559438164,42.19338814662556,54.2330421377184,98.36951867077767,37.61026892771497,40.87230215827338,40.27385234669407,34.23689619732785,43.98017300445358
8c603cec02c8ff01ebeb,cardiovascular_hypertensive,progesterone,Coronary Artery Disease,HANAMI,1,1393,ESR1,2099,lowest ten-seed median rank percentile; ties by mean then index,18.38707605344296,18.85662898252826,12.68574426173347,22.454179513532033,11.718482356971565,31.065861596437134,13.795392257622474,31.065861596437134,12.315861596437136,19.574340527577938,17.199811579307983,21.741178485782804,11.718482356971565,22.691846522781773,26.24400479616307,12.219510106200755
8c603cec02c8ff01ebeb,cardiovascular_hypertensive,progesterone,Coronary Artery Disease,TriMoGCL,1,1393,ESR1,2099,lowest ten-seed median rank percentile; ties by mean then index,5.2468739294278866,10.309609455292907,2.302265330592669,9.416217026378897,1.0470195272353546,37.43362452894827,7.545392257622473,10.039825282631037,3.524323398424118,29.224477560808495,1.8927714970880438,5.292908530318602,1.0470195272353546,1.894912641315519,5.20083932853717,37.43362452894827
8c603cec02c8ff01ebeb,cardiovascular_hypertensive,progesterone,Coronary Artery Disease,TriNet,1,1393,ESR1,2099,lowest ten-seed median rank percentile; ties by mean then index,6.46732613908873,9.52766358341898,3.9086587872559093,14.99657416923604,1.51378896882494,21.319373072970194,7.536827680712573,1.51378896882494,5.3978245974648855,13.615536142514559,15.4569201781432,20.06466255566975,4.451438848920863,2.1925316889345665,21.319373072970194,3.7277321000342583
8c603cec02c8ff01ebeb,cardiovascular_hypertensive,progesterone,Coronary Artery Disease,N2V-MLP,1,1393,ESR1,2099,lowest ten-seed median rank percentile; ties by mean then index,3.209575196985269,6.642471736896198,1.1733470366563892,11.196043165467625,0.28905447070914697,22.445614936622132,0.9635149023638232,0.948526892771497,4.278006166495375,12.491435423090099,1.802843439534087,22.445614936622132,2.141144227475163,0.28905447070914697,9.204779033915724,11.859797875984926
8c603cec02c8ff01ebeb,cardiovascular_hypertensive,progesterone,Coronary Artery Disease,RF,1,1393,ESR1,2099,lowest ten-seed median rank percentile; ties by mean then index,1.025608084960603,2.691739465570401,0.15362709832134291,4.344649280575539,0.019270298047276466,8.081748886605002,0.1434566632408359,0.18413840356286398,4.316546762589928,8.081748886605002,0.08136348064405619,7.685637204522097,0.46891058581706063,4.354016786570743,1.5823055841041453,0.019270298047276466
8ca98279e64650c64560,breast_oncology,etoposide,Breast Neoplasms,HANAMI,1,22343,TOP2A,7153,lowest ten-seed median rank percentile; ties by mean then index,7.744518670777664,8.712529976019187,6.255888146625557,12.08408273381295,1.0170435080507023,17.43533744433025,13.324340527577938,8.363309352517986,7.716683795820487,14.414182939362796,6.235011990407674,7.77235354573484,1.0170435080507023,4.528520041109969,6.318516615279205,17.43533744433025
8ca98279e64650c64560,breast_oncology,etoposide,Breast Neoplasms,TriMoGCL,1,22343,TOP2A,7153,lowest ten-seed median rank percentile; ties by mean then index,3.5307468311065433,14.432810894141829,1.063613394998287,26.400843610825625,0.3211716341212744,54.449297704693386,0.7986467968482357,3.02329564919493,0.3211716341212744,27.9569201781432,1.8585131894484412,0.6123672490578965,54.449297704693386,21.732613908872903,4.038198013018157,29.53708461801987
8ca98279e64650c64560,breast_oncology,etoposide,Breast Neoplasms,TriNet,1,22343,TOP2A,7153,lowest ten-seed median rank percentile; ties by mean then index,38.168036998972255,43.30143028434395,25.20983213429257,64.67112024665983,2.6871360054813294,81.78528605686878,2.6871360054813294,35.28605686879068,41.05001712915382,15.634635149023639,66.86793422404934,25.50531003768414,81.78528605686878,81.00590955806783,58.080678314491266,25.11133949982871
8ca98279e64650c64560,breast_oncology,etoposide,Breast Neoplasms,N2V-MLP,1,22343,TOP2A,7153,lowest ten-seed median rank percentile; ties by mean then index,16.410799931483385,24.318687906817406,8.288904590613225,30.748436964713942,1.145512161699212,65.81235011990408,1.145512161699212,31.956577595066804,10.635063377869134,15.467625899280575,17.353973963686194,7.506851661527921,64.28357314148681,65.81235011990408,1.9013360739979446,27.12401507365536
8ca98279e64650c64560,breast_oncology,etoposide,Breast Neoplasms,RF,1,22343,TOP2A,7153,lowest ten-seed median rank percentile; ties by mean then index,49.631723192874276,44.040767386091126,8.471704779033916,68.42802543679342,2.7781346351490237,98.99473278520041,7.899751627269612,66.58530318602261,10.187564234326825,69.04226618705036,81.50693730729702,33.34082733812949,98.99473278520041,2.7781346351490237,4.149537512846865,65.92261904761905
8ccd5637da8187b566b5,breast_oncology,lasofoxifene,Breast Neoplasms,HANAMI,1,2296,ESR1,2099,lowest ten-seed median rank percentile; ties by mean then index,7.568944844124701,15.221180198698184,4.790810208975676,25.006958718739295,1.0812778348749572,41.60243233984241,13.825368276807126,7.997173689619733,41.60243233984241,7.140715998629668,4.1623843782117165,4.755481329222336,1.0812778348749572,4.896796848235697,28.734155532716684,38.01601575882152
8ccd5637da8187b566b5,breast_oncology,lasofoxifene,Breast Neoplasms,TriMoGCL,1,2296,ESR1,2099,lowest ten-seed median rank percentile; ties by mean then index,7.581791709489551,14.094724220623501,3.4258307639602603,11.510791366906474,1.959146968139774,52.978331620417954,2.462315861596437,2.807040082219938,37.971051730044536,7.286313806097978,5.282202809181227,52.978331620417954,1.959146968139774,10.46377183967112,7.877269612881124,11.859797875984926
8ccd5637da8187b566b5,breast_oncology,lasofoxifene,Breast Neoplasms,TriNet,1,2296,ESR1,2099,lowest ten-seed median rank percentile; ties by mean then index,47.41670948955122,40.51023466940733,18.957155704008223,50.51762161699212,15.264217197670435,80.36784857828023,17.482442617334705,49.250599520383695,15.264217197670435,50.07922233641658,57.181397738951695,80.36784857828023,45.58281945871874,15.848749571771155,23.381294964028775,50.6637547105173
8ccd5637da8187b566b5,breast_oncology,lasofoxifene,Breast Neoplasms,N2V-MLP,1,2296,ESR1,2099,lowest ten-seed median rank percentile; ties by mean then index,18.589414182939365,22.749015073655364,10.387761219595752,28.212251627269612,5.4898937992463175,70.22096608427543,5.4898937992463175,13.970966084275437,29.689105858170606,10.119047619047619,11.19390202124015,70.22096608427543,23.78168893456663,6.954436450839329,23.20786228160329,32.8622816032888
8ccd5637da8187b566b5,breast_oncology,lasofoxifene,Breast Neoplasms,RF,1,2296,ESR1,2099,lowest ten-seed median rank percentile; ties by mean then index,11.33628811236725,15.836866221308668,6.4970345152449465,23.46988480644056,3.697756080849606,43.98017300445358,3.697756080849606,5.013489208633094,7.328066118533744,14.45165296334361,19.50261219595752,24.792309009934907,8.220923261390887,25.161656389174375,6.2200239808153475,43.98017300445358
8efb1ebda496a39b1432,psychiatric_mood,paracetamol,Depressive Disorder,HANAMI,1,10483,PTGS2,5743,lowest ten-seed median rank percentile; ties by mean then index,4.903220280918123,13.870974648852348,3.0522010962658443,21.26798561151079,1.9206063720452209,54.155960945529294,3.2159986296676943,15.51901336073998,4.410757108598835,2.997601918465228,23.184309695101064,1.9206063720452209,54.155960945529294,5.39568345323741,25.077081192189105,2.83273381294964
8efb1ebda496a39b1432,psychiatric_mood,paracetamol,Depressive Disorder,TriMoGCL,1,10483,PTGS2,5743,lowest ten-seed median rank percentile; ties by mean then index,27.178614251455976,25.842112024665983,12.222186536485097,38.754710517300445,7.065775950668037,46.000342583076396,41.3968824940048,29.924631723192874,24.43259677971908,13.238694758478932,46.000342583076396,11.144655704008223,40.842326139088726,11.883350462487153,32.491863651935596,7.065775950668037
8efb1ebda496a39b1432,psychiatric_mood,paracetamol,Depressive Disorder,TriNet,1,10483,PTGS2,5743,lowest ten-seed median rank percentile; ties by mean then index,35.80956663240836,34.90214970880437,18.05841041452552,54.80900993490921,1.224734498115793,72.0773381294964,34.508821514217196,17.863566289825282,59.88994518670778,37.11031175059952,18.642942788626243,3.314491264131552,39.566204179513534,72.0773381294964,64.82314148681056,1.224734498115793
8efb1ebda496a39b1432,psychiatric_mood,paracetamol,Depressive Disorder,N2V-MLP,1,10483,PTGS2,5743,lowest ten-seed median rank percentile; ties by mean then index,31.9651421719767,34.62594210346008,27.42966341212744,48.298860911270985,5.5155875299760195,61.24957177115451,30.65262076053443,27.41735183281946,27.466598150051386,37.986039739636865,61.24957177115451,11.071856800274066,59.885662898252825,51.73646796848236,33.27766358341898,5.5155875299760195
8efb1ebda496a39b1432,psychiatric_mood,paracetamol,Depressive Disorder,RF,1,10483,PTGS2,5743,lowest ten-seed median rank percentile; ties by mean then index,49.79016786570743,49.54607742377526,40.79067103460089,60.55584104145255,17.606628982528264,77.47195101062007,47.64902363823227,52.834874957177114,42.19338814662556,63.1294964028777,40.323098663926004,33.34082733812949,51.9313120931826,68.98017300445358,77.47195101062007,17.606628982528264
8f8fdd245fd932ed21a7,psychiatric_mood,amitriptyline,"Depressive Disorder, Major",HANAMI,8,21205,CHRM3,1131,lowest ten-seed median rank percentile; ties by mean then index,6.062649880095924,9.517386091127099,4.647888831791709,13.3318345323741,2.3102946214457005,29.038198013018157,4.768328194587188,6.331363480644056,5.793936279547791,10.643627954779033,4.6077423775265505,14.292137718396711,3.16032887975334,14.227903391572456,2.3102946214457005,29.038198013018157
8f8fdd245fd932ed21a7,psychiatric_mood,amitriptyline,"Depressive Disorder, Major",TriMoGCL,8,22662,HTR2A,3356,lowest ten-seed median rank percentile; ties by mean then index,4.758693045563549,8.28108941418294,3.325196985268928,11.60607228502912,0.790082219938335,29.41289825282631,1.5694587187392943,3.607828023295649,4.813292223364166,13.42497430626927,6.149366221308667,29.41289825282631,3.2309866392600206,0.790082219938335,4.704093867762933,15.107913669064748
8f8fdd245fd932ed21a7,psychiatric_mood,amitriptyline,"Depressive Disorder, Major",TriNet,8,44423,ADRA1A,148,lowest ten-seed median rank percentile; ties by mean then index,13.314705378554299,13.412983898595408,2.7064063035286057,21.752954779033914,1.1497944501541624,32.39551216169921,20.561408016443988,4.145255224391915,1.1497944501541624,12.57065775950668,1.7964200068516616,32.39551216169921,22.150137033230557,2.226789996574169,14.058752997601918,23.075111339499827
8f8fdd245fd932ed21a7,psychiatric_mood,amitriptyline,"Depressive Disorder, Major",N2V-MLP,8,44423,ADRA1A,148,lowest ten-seed median rank percentile; ties by mean then index,11.060080507022953,16.091127098321344,7.992356115107913,16.57192103460089,1.5309181226447413,47.721822541966425,17.799331963001027,7.4468996231586155,9.628725590955806,10.718568002740664,1.5309181226447413,38.600548132922235,11.401593011305241,12.88968824940048,3.1731757451181912,47.721822541966425
8f8fdd245fd932ed21a7,psychiatric_mood,amitriptyline,"Depressive Disorder, Major",RF,8,22662,HTR2A,3356,lowest ten-seed median rank percentile; ties by mean then index,6.145619218910586,16.27001969852689,4.26489165810209,25.231511219595752,0.30725419664268583,48.47550531003768,20.154590613223707,0.4239465570400822,7.328066118533744,4.963172319287427,4.610954093867763,26.923818088386433,0.30725419664268583,45.36335217540253,4.149537512846865,48.47550531003768
8fc8fb9f6ee9183a27b8,psychiatric_mood,fluphenazine,"Depressive Disorder, Major",HANAMI,3,18299,DRD2,1813,lowest ten-seed median rank percentile; ties by mean then index,4.210560123329907,5.375128468653649,2.5554556354916067,8.345644912641315,1.224734498115793,10.705721137375814,5.106628982528263,8.55601233299075,10.705721137375814,3.314491264131552,2.079051044878383,2.82845152449469,2.4644570058239124,7.714542651593011,1.224734498115793,9.757194244604317
8fc8fb9f6ee9183a27b8,psychiatric_mood,fluphenazine,"Depressive Disorder, Major",TriMoGCL,3,18299,DRD2,1813,lowest ten-seed median rank percentile; ties by mean then index,4.5413669064748206,5.327166837958204,3.161399451867078,6.93623672490579,0.5352860568687907,11.221736896197328,7.260620075368277,11.221736896197328,3.567146282973621,3.370161014045906,10.183281945871874,5.963086673518328,2.5629496402877696,0.5352860568687907,3.091812264474135,5.5155875299760195
8fc8fb9f6ee9183a27b8,psychiatric_mood,fluphenazine,"Depressive Disorder, Major",TriNet,3,18299,DRD2,1813,lowest ten-seed median rank percentile; ties by mean then index,7.939362795477903,9.305626927029804,3.30646197327852,15.708504624871532,0.7643884892086331,20.743405275779377,3.28879753340185,3.3594552929085304,18.030575539568346,0.7643884892086331,10.5344295991778,3.02329564919493,8.108513189448441,17.433196300102775,7.770212401507366,20.743405275779377
8fc8fb9f6ee9183a27b8,psychiatric_mood,fluphenazine,"Depressive Disorder, Major",N2V-MLP,3,18299,DRD2,1813,lowest ten-seed median rank percentile; ties by mean then index,1.7043508050702294,6.32151421719767,1.0769955464200067,13.297576224734497,0.049246317231928745,17.977046933881468,9.530232956491949,17.977046933881468,14.55335731414868,0.9313977389516958,1.815690304898938,0.4582048646796848,1.51378896882494,1.5930113052415211,0.049246317231928745,14.793165467625899
8fc8fb9f6ee9183a27b8,psychiatric_mood,fluphenazine,"Depressive Disorder, Major",RF,3,18299,DRD2,1813,lowest ten-seed median rank percentile; ties by mean then index,1.9677115450496747,4.495974648852347,0.8489636861939021,4.8135598663926,0.09528091812264475,20.154590613223707,20.154590613223707,0.18413840356286398,10.187564234326825,1.7503854059609456,1.2793336759164098,0.7055070229530661,2.999743062692703,2.1850376841384036,0.09528091812264475,5.418165467625899
8ff14c4c656d425e0f70,psychiatric_mood,dextromethorphan,Bipolar Disorder,HANAMI,4,38854,SLC6A2,6530,lowest ten-seed median rank percentile; ties by mean then index,9.287213086673518,9.37585645769099,7.135363138060979,9.870139602603631,4.445015416238438,20.916837958204866,5.284343953408702,4.445015416238438,9.926344638574854,7.020811921891059,10.410243233984241,9.333247687564235,9.241178485782802,9.701524494689963,7.479016786570743,20.916837958204866
8ff14c4c656d425e0f70,psychiatric_mood,dextromethorphan,Bipolar Disorder,TriMoGCL,4,38854,SLC6A2,6530,lowest ten-seed median rank percentile; ties by mean then index,2.7695700582391227,6.981414868105517,1.5566118533744433,6.851126241863652,0.9228331620417951,37.47644741349777,7.020811921891059,2.725676601575882,37.47644741349777,2.813463514902364,0.9656560465912984,7.680284343953408,6.342069201781432,1.1797704693388147,0.9228331620417951,2.6871360054813294
8ff14c4c656d425e0f70,psychiatric_mood,dextromethorphan,Bipolar Disorder,TriNet,4,22029,CHRNA7,1139,lowest ten-seed median rank percentile; ties by mean then index,39.71929599177801,46.195400822199375,30.579821856800276,62.085688591983555,16.09926344638575,79.8197156560466,58.36330935251799,30.492034943473794,16.09926344638575,73.51832819458718,79.8197156560466,63.32648167180541,45.79265159301131,30.84318259677972,30.053100376841385,33.64594039054471
8ff14c4c656d425e0f70,psychiatric_mood,dextromethorphan,Bipolar Disorder,N2V-MLP,4,38854,SLC6A2,6530,lowest ten-seed median rank percentile; ties by mean then index,12.674503254539225,20.67531688934567,3.3530318602261047,34.38570572113737,0.4389345666324084,60.714285714285715,40.22995889003083,34.645854744775605,33.60525865022268,8.934994861253854,1.342497430626927,14.457005823912299,60.714285714285715,0.4389345666324084,10.892000685166153,1.4923775265501884
8ff14c4c656d425e0f70,psychiatric_mood,dextromethorphan,Bipolar Disorder,RF,4,16028,OPRK1,4986,lowest ten-seed median rank percentile; ties by mean then index,34.802158273381295,41.9786313806098,28.606222165125043,53.32198526892771,20.15244946899623,81.50693730729702,31.28961116820829,54.43859198355601,20.15244946899623,36.263489208633096,81.50693730729702,33.34082733812949,27.711759164097295,49.97216512504282,62.83294792737239,22.27753511476533
90db5324162ae855c937,prostate_oncology,ibuprofen,Prostatic Neoplasms,HANAMI,3,12045,PTGS2,5743,lowest ten-seed median rank percentile; ties by mean then index,2.3070829051044877,4.468782117163412,0.9019570058239123,5.393007022953066,0.12846865364850976,14.846694073312777,14.846694073312777,5.659044193216855,4.594895512161699,0.8179170948955121,1.3853203151764304,0.12846865364850976,0.1605858170606372,1.1540767386091126,12.711973278520041,3.2288454950325454
90db5324162ae855c937,prostate_oncology,ibuprofen,Prostatic Neoplasms,TriMoGCL,3,12045,PTGS2,5743,lowest ten-seed median rank percentile; ties by mean then index,5.145169578622816,7.070272353545734,1.6700924974306268,12.45075368276807,0.09206920178143199,17.007108598835217,17.007108598835217,1.1497944501541624,3.2309866392600206,5.2629325111339496,5.027406646111682,0.26121959575196985,8.36545049674546,0.09206920178143199,16.49323398424118,13.812521411442274
90db5324162ae855c937,prostate_oncology,ibuprofen,Prostatic Neoplasms,TriNet,3,3448,BCL2,596,lowest ten-seed median rank percentile; ties by mean then index,8.01537341555327,13.36716341212744,5.695978931140802,19.734391058581707,2.117591640972936,42.690133607399794,42.690133607399794,5.579821856800274,8.459660842754367,7.571085988352175,6.0444501541623845,21.858941418293938,3.393713600548133,2.117591640972936,13.360739979445015,22.595495032545394
90db5324162ae855c937,prostate_oncology,ibuprofen,Prostatic Neoplasms,N2V-MLP,3,3448,BCL2,596,lowest ten-seed median rank percentile; ties by mean then index,12.580292908530318,18.715313463514903,6.538519184652278,24.997858855772524,4.010363138060979,61.61784857828023,4.010363138060979,28.702038369304557,33.596694073312776,11.70349434737924,5.740407673860911,13.457091469681398,5.5070229530661186,8.93285371702638,61.61784857828023,13.88532031517643
90db5324162ae855c937,prostate_oncology,ibuprofen,Prostatic Neoplasms,RF,3,3448,BCL2,596,lowest ten-seed median rank percentile; ties by mean then index,9.639431312093183,19.81575453922576,6.319319544364508,19.214360654333674,3.336973278520041,90.6078708461802,9.249743062692703,10.029119561493662,5.234027064063035,8.081748886605002,30.215827338129497,20.593525179856115,5.73184309695101,15.076867077766359,90.6078708461802,3.336973278520041
910e40850c6b9e349f07,psychiatric_mood,amlodipine,Depressive Disorder,HANAMI,1,749,CACNA1C,775,lowest ten-seed median rank percentile; ties by mean then index,21.362195957519695,26.193045563549163,19.982763788968825,30.2329564919493,17.840013703323056,53.01901336073998,17.840013703323056,20.18028434395341,20.974648852346693,21.7497430626927,53.01901336073998,33.36330935251799,19.916923603973963,19.619304556354916,22.434909215484755,32.83230558410415
910e40850c6b9e349f07,psychiatric_mood,amlodipine,Depressive Disorder,TriMoGCL,1,749,CACNA1C,775,lowest ten-seed median rank percentile; ties by mean then index,26.408872901678656,27.913454950325455,11.664953751284687,41.77265330592669,3.4643713600548134,59.917780061664956,34.47456320657759,47.173689619732784,10.553699897225076,14.998715313463515,40.086502226789996,42.33470366563892,3.4643713600548134,7.787341555327167,59.917780061664956,18.34318259677972
910e40850c6b9e349f07,psychiatric_mood,amlodipine,Depressive Disorder,TriNet,1,749,CACNA1C,775,lowest ten-seed median rank percentile; ties by mean then index,27.20002569373073,29.35915553271668,14.356907331277835,39.012183110654334,10.643627954779033,55.560551558753,24.762332990750256,51.072713257965056,12.1638403562864,11.328794107571087,55.560551558753,39.28143199725933,10.643627954779033,38.20443645083933,29.637718396711204,20.93610825625214
910e40850c6b9e349f07,psychiatric_mood,amlodipine,Depressive Disorder,N2V-MLP,1,749,CACNA1C,775,lowest ten-seed median rank percentile; ties by mean then index,19.807725248372734,27.401507365536144,13.021368619390202,38.40516872216512,7.975762247344981,63.88317917094896,12.671291538198012,24.27843439534087,7.975762247344981,18.109797875984928,43.114080164439876,63.88317917094896,21.505652620760536,11.998972250770812,56.40630352860569,14.07159986296677
910e40850c6b9e349f07,psychiatric_mood,amlodipine,Depressive Disorder,RF,1,749,CACNA1C,775,lowest ten-seed median rank percentile; ties by mean then index,30.592133436108256,36.637440047961626,24.24310551558753,46.87954993148338,15.512589928057555,65.81235011990408,33.47250770811922,60.796719767043506,24.060037684138404,46.19946899623159,65.81235011990408,24.792309009934907,27.711759164097295,20.91041452552244,47.106243576567316,15.512589928057555
923f8e8b12e849a28481,psychiatric_mood,fluspirilene,Depressive Disorder,HANAMI,4,18836,DRD2,1813,lowest ten-seed median rank percentile; ties by mean then index,9.354659129838986,10.159943473792396,6.7745803357314145,11.667094895512163,1.3788968824940049,26.145512161699212,4.0360568687906815,10.082648167180542,14.720366563891744,1.3788968824940049,7.8087529976019185,10.221822541966427,6.429856115107913,12.148852346694074,26.145512161699212,8.62667009249743
923f8e8b12e849a28481,psychiatric_mood,fluspirilene,Depressive Disorder,TriMoGCL,4,18836,DRD2,1813,lowest ten-seed median rank percentile; ties by mean then index,7.5475334018499485,12.781346351490235,4.373822370674889,19.011219595751967,3.1367762932511134,39.00950668036999,8.260534429599177,20.17386091127098,19.39234326824255,6.83453237410072,39.00950668036999,17.86784857828023,3.432254196642686,3.1367762932511134,5.811065433367592,3.894741349777321
923f8e8b12e849a28481,psychiatric_mood,fluspirilene,Depressive Disorder,TriNet,4,18836,DRD2,1813,lowest ten-seed median rank percentile; ties by mean then index,17.0948955121617,19.71779719081877,11.934737923946557,26.615493319630012,1.1219595751969853,44.76062007536828,28.295220966084276,15.388403562863994,21.576310380267216,1.1219595751969853,44.76062007536828,8.164182939362796,11.643542309009934,18.801387461459402,12.808324768756423,34.61801986981843
923f8e8b12e849a28481,psychiatric_mood,fluspirilene,Depressive Disorder,N2V-MLP,4,18836,DRD2,1813,lowest ten-seed median rank percentile; ties by mean then index,11.191760877012676,18.94805584104145,9.225655190133608,25.83558153477218,0.6145083932853717,47.94450154162384,14.255738266529633,47.15227817745804,47.94450154162384,0.6145083932853717,10.72070914696814,7.986467968482357,29.69552929085303,10.992634463857485,8.727303871188763,11.390887290167866
923f8e8b12e849a28481,psychiatric_mood,fluspirilene,Depressive Disorder,RF,4,23289,HTR2A,3356,lowest ten-seed median rank percentile; ties by mean then index,8.313527749229188,10.927008393285371,3.9271261562178825,15.597165125042824,0.06744604316546762,34.32254196642686,5.604445015416238,0.06744604316546762,7.328066118533744,9.298989379924631,3.0083076396026036,16.348706748886606,16.58102089756766,13.342540253511476,3.368019869818431,34.32254196642686
933d96fbb33f0e616f53,psychiatric_mood,clonazepam,Depressive Disorder,HANAMI,3,37906,GABRA3,2556,lowest ten-seed median rank percentile; ties by mean then index,14.333890030832478,15.34857828023296,8.706963001027749,17.8426901336074,5.519869818430969,38.49777321000342,9.667266187050359,8.386861939020212,7.982185680027406,5.519869818430969,38.49777321000342,16.238437821171633,15.559695101062008,13.108084960602946,20.148167180541282,18.377440904419323
933d96fbb33f0e616f53,psychiatric_mood,clonazepam,Depressive Disorder,TriMoGCL,3,37906,GABRA3,2556,lowest ten-seed median rank percentile; ties by mean then index,21.795777663583422,27.45974648852347,16.830999486125386,27.274430455635493,8.628811236724905,84.98629667694416,18.439534087016103,17.221223021582734,10.06551901336074,16.700924974306268,84.98629667694416,27.847721822541967,25.554556354916066,40.00085645769099,25.152021240150738,8.628811236724905
933d96fbb33f0e616f53,psychiatric_mood,clonazepam,Depressive Disorder,TriNet,3,24783,GABRB3,2562,lowest ten-seed median rank percentile; ties by mean then index,7.415853031860227,18.5215399109284,2.915703151764303,28.083247687564235,1.789996574169236,69.1032887975334,2.5843610825625216,18.56372045220966,3.839071599862967,8.673775265501884,6.157930798218568,31.256423432682425,2.6079136690647484,40.63891743747859,69.1032887975334,1.789996574169236
933d96fbb33f0e616f53,psychiatric_mood,clonazepam,Depressive Disorder,N2V-MLP,3,24783,GABRB3,2562,lowest ten-seed median rank percentile; ties by mean then index,22.975548132922235,23.00509592326139,3.953087529976019,38.48599691675231,0.14773895169578624,49.081449126413155,18.19116135662898,27.759934909215485,3.4515244946899624,35.91341212744091,4.455721137375813,47.92094895512162,0.14773895169578624,49.081449126413155,39.343525179856115,3.7855429941760876
933d96fbb33f0e616f53,psychiatric_mood,clonazepam,Depressive Disorder,RF,3,24783,GABRB3,2562,lowest ten-seed median rank percentile; ties by mean then index,17.196064576909897,25.432832305584107,11.757558239122988,39.81243576567317,2.2867420349434737,58.92428914011648,10.651121959575198,2.8552158273381294,18.374229188078107,58.92428914011648,16.01789996574169,54.23411270983213,2.2867420349434737,15.076867077766359,34.23689619732785,41.67094895512162
93cb7facab53b1559570,psychiatric_mood,diazepam,Depressive Disorder,HANAMI,3,37875,GABRA3,2556,lowest ten-seed median rank percentile; ties by mean then index,14.223621103117505,17.29552072627612,8.778691332648167,18.12585645769099,7.331277834874957,56.2243062692703,9.47242206235012,8.54744775608085,8.226276121959575,7.331277834874957,56.2243062692703,14.133693045563549,15.668893456663241,14.313549160671462,20.092497430626928,18.94484412470024
93cb7facab53b1559570,psychiatric_mood,diazepam,Depressive Disorder,TriMoGCL,3,37875,GABRA3,2556,lowest ten-seed median rank percentile; ties by mean then index,23.700325453922577,30.113908872901682,17.176258992805757,27.8728802672148,9.042052072627612,88.37144570058238,24.023638232271328,20.381551901336074,9.042052072627612,16.10782802329565,88.37144570058238,23.377012675573827,26.20760534429599,54.95246659815005,28.427971908187736,10.247516272696128
93cb7facab53b1559570,psychiatric_mood,diazepam,Depressive Disorder,TriNet,3,24758,GABRB3,2562,lowest ten-seed median rank percentile; ties by mean then index,13.095238095238095,22.60855601233299,6.816867934224049,34.993255395683455,2.9033915724563206,71.20161014045907,14.19578622816033,25.513874614594037,4.564919492977047,11.994689962315862,11.478674203494347,38.153048989379926,2.9033915724563206,40.81663240835903,71.20161014045907,5.2629325111339496
93cb7facab53b1559570,psychiatric_mood,diazepam,Depressive Disorder,N2V-MLP,3,24758,GABRB3,2562,lowest ten-seed median rank percentile; ties by mean then index,32.14392771497088,26.762589928057555,4.905896711202466,46.285650051387464,0.07279890373415553,51.603717026378895,34.20263788968825,49.952894826995546,3.794107571085988,51.603717026378895,8.241264131551901,41.69450154162384,0.16272696128811237,47.81603288797533,30.085217540253513,0.07279890373415553
93cb7facab53b1559570,psychiatric_mood,diazepam,Depressive Disorder,RF,3,37875,GABRA3,2556,lowest ten-seed median rank percentile; ties by mean then index,36.489915210688594,35.23627526550188,21.924513960260363,45.10427372387804,8.948912298732443,64.51160500171291,45.395469338814664,44.23068687906817,39.63900308324769,28.107870846180198,8.948912298732443,33.34082733812949,18.352817745803357,49.97216512504282,64.51160500171291,19.863394998287085
93e3a4ae450b824254f3,psychiatric_mood,progesterone,Bipolar Disorder,HANAMI,4,1391,ESR1,2099,lowest ten-seed median rank percentile; ties by mean then index,4.950325453922576,5.932040082219937,4.446085988352175,7.18835645769099,3.0083076396026036,10.53871188763275,3.0083076396026036,4.609883521754026,3.393713600548133,5.160157588215142,10.53871188763275,4.391486810551559,5.474905789653991,4.74049331963001,7.75950668036999,10.24323398424118
93e3a4ae450b824254f3,psychiatric_mood,progesterone,Bipolar Disorder,TriMoGCL,4,1391,ESR1,2099,lowest ten-seed median rank percentile; ties by mean then index,1.296462829736211,2.577509421034601,0.6059438163754711,4.65217112024666,0.06637547105173004,7.890116478245974,1.8049845837615621,0.9849263446385749,0.47533401849948614,7.890116478245974,0.47961630695443647,1.3039568345323742,0.06637547105173004,1.288968824940048,5.601233299075026,5.879582048646797
93e3a4ae450b824254f3,psychiatric_mood,progesterone,Bipolar Disorder,TriNet,4,1391,ESR1,2099,lowest ten-seed median rank percentile; ties by mean then index,7.219938335046249,10.93375299760192,4.96210174717369,14.895405104487839,2.839157245632066,25.516015758821514,4.168807810894142,5.2672147995889,6.369904076738609,16.03717026378897,11.470109626584447,25.516015758821514,4.86039739636862,2.839157245632066,24.73878040424803,8.069972593353889
93e3a4ae450b824254f3,psychiatric_mood,progesterone,Bipolar Disorder,N2V-MLP,4,1391,ESR1,2099,lowest ten-seed median rank percentile; ties by mean then index,1.703280232956492,2.2060208975676603,0.24462572798903734,4.205742548818089,0.02355258650222679,5.7082905104487836,0.11348064405618362,1.5865878725590956,0.24623158615964372,5.177286742034943,0.24409044193216856,4.841127098321343,2.2995889003083247,0.02355258650222679,5.7082905104487836,1.8199725933538884
93e3a4ae450b824254f3,psychiatric_mood,progesterone,Bipolar Disorder,RF,4,1391,ESR1,2099,lowest ten-seed median rank percentile; ties by mean then index,1.331791709489551,2.721394313120932,0.2293700753682768,3.297629753340185,0.03961116820829051,10.699297704693388,0.1434566632408359,0.4239465570400822,2.23963686193902,6.946942446043166,0.03961116820829051,10.699297704693388,0.30725419664268583,3.4900650907845154,2.7203237410071943,0.20340870161014046
940209b2e904432d41e3,psychiatric_mood,cariprazine,"Depressive Disorder, Major",HANAMI,4,18890,DRD2,1813,lowest ten-seed median rank percentile; ties by mean then index,6.260170435080507,6.935273210003426,4.150072798903734,9.551644398766701,2.329564919492977,12.77406646111682,5.173004453579993,10.144741349777322,12.77406646111682,3.8090955806783144,2.329564919492977,3.794107571085988,5.32502569373073,9.108427543679342,7.1953151764302845,9.699383350462487
940209b2e904432d41e3,psychiatric_mood,cariprazine,"Depressive Disorder, Major",TriMoGCL,4,18890,DRD2,1813,lowest ten-seed median rank percentile; ties by mean then index,7.376241863651936,9.134549503254538,4.3384934909215485,12.683067831449126,0.5181569030489894,24.293422404933196,5.990921548475505,13.22156560465913,24.293422404933196,3.787684138403563,14.060894141829394,11.067574511819116,7.192103460089071,0.5181569030489894,7.5603802672148,3.652792052072628
940209b2e904432d41e3,psychiatric_mood,cariprazine,"Depressive Disorder, Major",TriNet,4,18890,DRD2,1813,lowest ten-seed median rank percentile; ties by mean then index,16.092840013703324,16.465827338129497,9.182297019527235,22.780168722165122,0.6915895854744776,35.4916067146283,10.251798561151078,22.895255224391914,24.533230558410416,0.6915895854744776,35.4916067146283,7.348406988694759,8.82579650565262,18.030575539568346,14.155104487838301,22.434909215484755
940209b2e904432d41e3,psychiatric_mood,cariprazine,"Depressive Disorder, Major",N2V-MLP,4,18890,DRD2,1813,lowest ten-seed median rank percentile; ties by mean then index,10.805284343953408,16.44570058239123,2.306547619047619,24.727539397053786,0.9934909215484755,58.1813120931826,16.600291195614936,58.1813120931826,33.2583932853717,0.9934909215484755,9.256166495375128,2.091897910243234,2.9504967454607742,1.3339328537170263,12.354402192531689,27.436622130866734
940209b2e904432d41e3,psychiatric_mood,cariprazine,"Depressive Disorder, Major",RF,4,18890,DRD2,1813,lowest ten-seed median rank percentile; ties by mean then index,6.123672490578965,6.9351661527920525,4.620053956834532,8.292116306954437,1.7503854059609456,13.873544021925317,5.604445015416238,8.736939020212402,11.80948098663926,1.7503854059609456,6.642899965741693,4.204136690647482,6.957648167180541,4.354016786570743,13.873544021925317,5.418165467625899
947c06f6ee5ce876818e,neurological_seizure,ibuprofen,Seizures,HANAMI,1,12058,PTGS2,5743,lowest ten-seed median rank percentile; ties by mean then index,2.9547790339157247,9.730858170606371,1.2959275436793423,9.212808324768757,0.044964028776978415,53.81123672490579,2.3488352175402536,9.121274409044194,9.243319630010278,0.9014217197670435,0.044964028776978415,1.1412298732442618,53.81123672490579,3.5607228502911954,15.375556697499144,1.7600205549845838
947c06f6ee5ce876818e,neurological_seizure,ibuprofen,Seizures,TriMoGCL,1,12058,PTGS2,5743,lowest ten-seed median rank percentile; ties by mean then index,7.6149794450154165,9.556783144912641,3.8963472079479273,13.634806440561837,0.5245803357314148,24.47756080849606,24.47756080849606,3.5307468311065433,4.993148338472079,9.234755053100377,13.262247344981159,2.8455806783144912,16.945015416238437,0.5245803357314148,13.758992805755396,5.995203836930456
947c06f6ee5ce876818e,neurological_seizure,ibuprofen,Seizures,TriNet,1,12058,PTGS2,5743,lowest ten-seed median rank percentile; ties by mean then index,41.48895169578623,37.36810551558752,15.163583418979103,58.360097636176775,0.7708119218910586,68.0948098663926,59.19193216855087,14.626156217882837,55.584104145255225,65.44621445700582,9.93276807125728,16.7758650222679,27.393799246317233,68.0948098663926,55.864594039054474,0.7708119218910586
947c06f6ee5ce876818e,neurological_seizure,ibuprofen,Seizures,N2V-MLP,1,12058,PTGS2,5743,lowest ten-seed median rank percentile; ties by mean then index,14.017000685166153,20.073013018156903,11.193366735183282,21.995439362795477,4.504967454607742,53.51789996574169,12.245203836930456,13.917437478588557,14.116563891743748,20.40082219938335,10.842754367934225,10.238951695786229,38.418550873586845,22.526978417266186,53.51789996574169,4.504967454607742
947c06f6ee5ce876818e,neurological_seizure,ibuprofen,Seizures,RF,1,12058,PTGS2,5743,lowest ten-seed median rank percentile; ties by mean then index,23.999015073655364,28.50954950325454,10.951417437478588,42.87132793764988,3.336973278520041,74.27950496745461,35.79350805070229,6.239294278862624,49.810508735868446,13.05348578280233,45.230601233299076,10.699297704693388,34.944544364508396,11.70777663583419,74.27950496745461,3.336973278520041
947d5d46ae3d71d3cdf9,psychiatric_mood,pipamperone,Depressive Disorder,HANAMI,7,19270,DRD2,1813,lowest ten-seed median rank percentile; ties by mean then index,8.907159986296676,9.104145255224392,6.259635149023638,12.144034772182255,1.6079993148338472,15.955806783144913,5.7746659815005135,9.149109284001371,15.955806783144913,1.6079993148338472,7.714542651593011,11.262418636519357,4.995289482699555,12.43790681740322,13.478502911956149,8.665210688591984
947d5d46ae3d71d3cdf9,psychiatric_mood,pipamperone,Depressive Disorder,TriMoGCL,7,19270,DRD2,1813,lowest ten-seed median rank percentile; ties by mean then index,5.593739294278862,11.313806097978759,2.406646111682083,14.355836759164097,1.7750085645769098,42.40750256937307,2.6121959575196985,25.104916067146284,2.0640630352860567,9.761476533059266,42.40750256937307,15.887290167865707,1.7750085645769098,2.338129496402878,2.672147995889003,8.515330592668722
947d5d46ae3d71d3cdf9,psychiatric_mood,pipamperone,Depressive Disorder,TriNet,7,19270,DRD2,1813,lowest ten-seed median rank percentile; ties by mean then index,16.818152620760536,16.5237452894827,13.54006080849606,20.37834018499486,0.948526892771497,29.509249743062693,13.01815690304899,20.634206920178144,29.509249743062693,0.948526892771497,23.661784857828025,9.112709832134293,15.155018842069202,19.610739979445015,18.481286399451868,15.105772524837272
947d5d46ae3d71d3cdf9,psychiatric_mood,pipamperone,Depressive Disorder,N2V-MLP,7,19270,DRD2,1813,lowest ten-seed median rank percentile; ties by mean then index,7.623544021925317,16.722764645426516,5.022589071599864,29.23197156560466,1.3210859883521755,51.37247344981158,7.453323055841041,51.37247344981158,16.16992120589243,1.3210859883521755,7.793764988009593,4.749057896539911,33.585988352175406,5.8431825967797195,34.47670435080507,4.462144570058239
947d5d46ae3d71d3cdf9,psychiatric_mood,pipamperone,Depressive Disorder,RF,7,19270,DRD2,1813,lowest ten-seed median rank percentile; ties by mean then index,10.150629496402878,11.509720794792738,8.865140030832478,14.603138917437478,1.1851233299075026,27.06727475162727,9.249743062692703,8.736939020212402,15.023338472079478,1.1851233299075026,4.610954093867763,10.699297704693388,9.601961288112367,13.342540253511476,15.58003597122302,27.06727475162727
959b75d8dbbbcfcc8faa,psychiatric_mood,topiramate,Bipolar Disorder,HANAMI,9,33576,GABRA1,2554,lowest ten-seed median rank percentile; ties by mean then index,3.922576224734498,4.789739636861939,3.2090399109284,4.967989893799246,2.010534429599178,10.431654676258994,3.066118533744433,3.639945186707777,4.4236039739636865,4.20520726276122,10.431654676258994,3.6378040424803015,2.907673860911271,5.149451867077766,2.010534429599178,8.425402535114765
959b75d8dbbbcfcc8faa,psychiatric_mood,topiramate,Bipolar Disorder,TriMoGCL,9,33576,GABRA1,2554,lowest ten-seed median rank percentile; ties by mean then index,2.689277149708804,8.750642343268241,1.3644441589585474,7.8333761562178825,0.6359198355601233,32.757365536142515,3.9375642343268242,1.7129153819801302,0.6359198355601233,2.4130695443645083,32.757365536142515,2.9654847550531005,9.131980130181569,31.716769441589584,1.2482870846180198,0.98706748886605
959b75d8dbbbcfcc8faa,psychiatric_mood,topiramate,Bipolar Disorder,TriNet,9,36258,SCN8A,6334,lowest ten-seed median rank percentile; ties by mean then index,8.723021582733814,14.656132237067487,2.871274409044193,14.634720794792738,0.14559780746831105,72.12872559095581,14.519099006509078,12.399366221308668,14.67326139088729,0.15202124015073656,72.12872559095581,0.14559780746831105,5.046676944158959,4.522096608427543,20.65347721822542,2.3210003425830763
959b75d8dbbbcfcc8faa,psychiatric_mood,topiramate,Bipolar Disorder,N2V-MLP,9,36258,SCN8A,6334,lowest ten-seed median rank percentile; ties by mean then index,1.8445957519698526,4.0054385063377875,0.9474563206577594,5.7002612195957525,0.03854059609455293,13.090955806783144,6.652535114765331,2.843439534087016,0.8264816718054128,1.9505823912298732,13.090955806783144,1.7386091127098322,1.3103802672147995,11.423004453579994,0.17985611510791366,0.03854059609455293
959b75d8dbbbcfcc8faa,psychiatric_mood,topiramate,Bipolar Disorder,RF,9,36258,SCN8A,6334,lowest ten-seed median rank percentile; ties by mean then index,4.724434737923946,6.7902106885919835,2.0469338814662557,6.870931825967798,0.46891058581706063,27.06727475162727,3.697756080849606,11.355558410414526,0.777235354573484,6.946942446043166,6.642899965741693,1.4966598150051387,0.46891058581706063,4.354016786570743,5.0948526892771495,27.06727475162727
96881d08e0b9193babeb,psychiatric_mood,pindolol,Depressive Disorder,HANAMI,4,23070,HTR2A,3356,lowest ten-seed median rank percentile; ties by mean then index,8.884677971908188,9.685894141829396,7.705442788626241,11.682618191161357,2.4837273038711887,17.39893799246317,5.297190818773553,8.329051044878383,7.8965399109284,2.4837273038711887,15.91298389859541,12.136005481329223,7.641743747858856,17.39893799246317,10.322456320657759,9.440304898937992
96881d08e0b9193babeb,psychiatric_mood,pindolol,Depressive Disorder,TriMoGCL,4,23070,HTR2A,3356,lowest ten-seed median rank percentile; ties by mean then index,10.426301815690305,16.26841384035629,9.076845666324084,24.31429856115108,3.8883179170948954,37.11031175059952,25.488180883864338,10.178999657416924,10.673603973963687,8.87504282288455,30.04239465570401,20.792651593011307,9.682254196642686,37.11031175059952,5.9523809523809526,3.8883179170948954
96881d08e0b9193babeb,psychiatric_mood,pindolol,Depressive Disorder,TriNet,4,23070,HTR2A,3356,lowest ten-seed median rank percentile; ties by mean then index,14.951610140459062,23.03271668379582,8.1315304898938,41.83314063035286,0.6594724220623501,51.03845495032545,7.6074854402192535,9.703665638917437,44.919064748201436,10.412384378211716,6.479102432339842,43.657930798218565,19.490835902706408,36.358770126755736,0.6594724220623501,51.03845495032545
96881d08e0b9193babeb,psychiatric_mood,pindolol,Depressive Disorder,N2V-MLP,4,23070,HTR2A,3356,lowest ten-seed median rank percentile; ties by mean then index,17.39144398766701,20.033401849948614,4.314940904419322,28.13838215142172,1.3382151421719768,59.69510106200754,28.907588215142173,1.3382151421719768,36.84266872216512,6.924460431654676,3.4451010620075366,59.69510106200754,25.07494004796163,25.830763960260363,2.56723192874272,9.707947927372388
96881d08e0b9193babeb,psychiatric_mood,pindolol,Depressive Disorder,RF,4,23070,HTR2A,3356,lowest ten-seed median rank percentile; ties by mean then index,10.74265587529976,17.576652963343612,4.420659900650907,28.897953066118536,2.9430027406646113,41.918251113395,2.9430027406646113,15.888360739979445,5.234027064063035,3.18709318259678,5.596951010620075,41.918251113395,29.508179170948956,40.27385234669407,4.149537512846865,27.06727475162727
96e4541599e2ee4f24ef,psychiatric_mood,fluvoxamine,"Depressive Disorder, Major",HANAMI,1,30065,SLC6A4,6532,lowest ten-seed median rank percentile; ties by mean then index,11.430498458376157,11.954008221993835,9.77753511476533,14.642750085645769,6.187906817403221,17.004967454607744,11.983984241178486,13.63266529633436,17.004967454607744,14.979445015416239,9.626584446728332,6.187906817403221,9.637290167865707,10.1982699554642,15.41195614936622,10.877012675573827
96e4541599e2ee4f24ef,psychiatric_mood,fluvoxamine,"Depressive Disorder, Major",TriMoGCL,1,30065,SLC6A4,6532,lowest ten-seed median rank percentile; ties by mean then index,9.742206235011992,13.263103802672148,5.138746145940391,16.964285714285715,3.141058581706064,32.558239122987324,31.673946557040082,11.885491606714629,12.10174717368962,7.598920863309353,4.849691675231243,3.141058581706064,32.558239122987324,4.230900993490922,18.585131894484412,6.005909558067832
96e4541599e2ee4f24ef,psychiatric_mood,fluvoxamine,"Depressive Disorder, Major",TriNet,1,30065,SLC6A4,6532,lowest ten-seed median rank percentile; ties by mean then index,34.78824083590271,42.15142171976704,29.3085174717369,50.087251627269616,21.863223706748887,89.16795135320315,32.06149366221309,37.51498800959233,28.61639260020555,50.78151764302844,31.384892086330936,21.863223706748887,27.190390544707093,54.92891401164783,89.16795135320315,48.00445357999315
96e4541599e2ee4f24ef,psychiatric_mood,fluvoxamine,"Depressive Disorder, Major",N2V-MLP,1,30065,SLC6A4,6532,lowest ten-seed median rank percentile; ties by mean then index,21.280832476875645,23.091384035628643,17.07241349777321,25.75689448441247,3.104659129838986,45.537855429941764,18.91272696128811,26.436707776635835,19.028348749571773,44.97045220966084,3.104659129838986,9.213343610825625,16.458975676601575,23.533316204179513,23.71745460774238,45.537855429941764
96e4541599e2ee4f24ef,psychiatric_mood,fluvoxamine,"Depressive Disorder, Major",RF,1,30065,SLC6A4,6532,lowest ten-seed median rank percentile; ties by mean then index,46.6314448441247,38.50558838643371,12.852753511476532,62.009945614936626,0.2997601918465228,67.0777663583419,7.899751627269612,47.89953751284686,63.36823398424118,67.0777663583419,0.2997601918465228,1.9805584104145255,27.711759164097295,45.36335217540253,61.162855429941764,62.29230900993491
9728d7920ee49b4bf215,prostate_oncology,prednisone,Prostatic Neoplasms,HANAMI,1,2887,NR3C1,2908,lowest ten-seed median rank percentile; ties by mean then index,1.7996317231928742,10.504239465570402,0.35864165810208976,12.440047961630697,0.0021411442274751626,63.981671805412816,14.463429256594724,2.807040082219938,0.24837273038711888,0.7922233641658102,13.866050017129155,0.6894484412470024,0.0021411442274751626,0.02997601918465228,63.981671805412816,8.16204179513532
9728d7920ee49b4bf215,prostate_oncology,prednisone,Prostatic Neoplasms,TriMoGCL,1,2887,NR3C1,2908,lowest ten-seed median rank percentile; ties by mean then index,9.310765673175744,28.39114422747516,4.282288454950326,49.55678314491264,0.6808838643371018,96.67052072627612,60.62007536827681,6.7745803357314145,0.6808838643371018,43.197584789311406,2.8862624186365196,11.846951010620076,5.772524837273039,3.7855429941760876,96.67052072627612,51.676515930113055
9728d7920ee49b4bf215,prostate_oncology,prednisone,Prostatic Neoplasms,TriNet,1,2887,NR3C1,2908,lowest ten-seed median rank percentile; ties by mean then index,50.357571085988354,49.6809695101062,37.17347550531004,65.43497344981158,2.1561322370674887,82.60962658444673,32.348406988694755,70.83761562178829,66.98141486810552,34.1640972935937,2.1561322370674887,46.20161014045906,48.85234669407331,51.86279547790339,82.60962658444673,60.79564919492977
9728d7920ee49b4bf215,prostate_oncology,prednisone,Prostatic Neoplasms,N2V-MLP,1,2887,NR3C1,2908,lowest ten-seed median rank percentile; ties by mean then index,16.854016786570742,29.920135320315175,9.43281089414183,49.82014388489208,0.6294964028776978,84.31611853374443,52.19895512161699,57.31200753682768,9.744347379239466,9.279719081877355,10.936964713943132,0.6294964028776978,9.328965399109284,22.771068859198355,84.31611853374443,42.68371017471737
9728d7920ee49b4bf215,prostate_oncology,prednisone,Prostatic Neoplasms,RF,1,2887,NR3C1,2908,lowest ten-seed median rank percentile; ties by mean then index,48.62163840356287,48.66328365878725,33.77360611510791,58.65611082562521,11.70777663583419,91.63669064748201,72.21758307639602,59.2497430626927,56.87521411442275,28.107870846180198,32.74987153134635,52.17326139088729,45.07001541623844,11.70777663583419,91.63669064748201,36.8448098663926
98a24e9019c174e1557d,cardiovascular_hypertensive,Oxygen,Heart Failure,HANAMI,2,36440,HBA2,3040,lowest ten-seed median rank percentile; ties by mean then index,33.96711202466598,35.82862281603289,25.486575025693732,46.538305070229534,13.902449468996231,58.17060637204522,26.23972250770812,58.17060637204522,57.95006851661528,49.80301473107229,13.902449468996231,22.306440561836244,36.74417608770127,32.9222336416581,25.235525865022268,35.01199040767386
98a24e9019c174e1557d,cardiovascular_hypertensive,Oxygen,Heart Failure,TriMoGCL,2,36440,HBA2,3040,lowest ten-seed median rank percentile; ties by mean then index,34.27971908187736,34.801515930113055,20.78783401849949,49.5128896882494,9.804299417608771,62.05678314491264,32.393371017471736,20.70272353545735,54.71908187735526,62.05678314491264,36.16606714628298,9.804299417608771,40.671034600890714,21.0431654676259,17.99845837615622,52.460174717368965
98a24e9019c174e1557d,cardiovascular_hypertensive,Oxygen,Heart Failure,TriNet,2,36440,HBA2,3040,lowest ten-seed median rank percentile; ties by mean then index,23.208932853717027,36.810765673175744,10.00824340527578,68.15850890715998,0.7044364508393285,90.23424117848579,17.34755053100377,43.92771497088044,83.28622816032887,29.070315176430285,0.7044364508393285,15.476190476190476,8.185594381637546,76.23544021925316,90.23424117848579,3.639945186707777
98a24e9019c174e1557d,cardiovascular_hypertensive,Oxygen,Heart Failure,N2V-MLP,2,36440,HBA2,3040,lowest ten-seed median rank percentile; ties by mean then index,24.036485097636177,31.539054470709154,9.384635149023639,52.95531431997259,0.7729530661185338,77.39808153477219,26.91204179513532,61.08256252141144,76.10911270983213,21.160928400137035,13.823227132579651,7.905104487838301,0.7729530661185338,77.39808153477219,1.6529633436108255,28.573569715656046
98a24e9019c174e1557d,cardiovascular_hypertensive,Oxygen,Heart Failure,RF,2,36440,HBA2,3040,lowest ten-seed median rank percentile; ties by mean then index,68.29500685166153,66.19636433710176,59.33806526207606,70.37753725590956,42.84215484755053,91.74588900308325,68.88810380267215,69.6075282631038,91.74588900308325,48.9486981843097,67.7019099006509,58.08496060294622,63.09737923946557,70.63420692017814,42.84215484755053,80.4128126070572
99f4bf464ee64bfd216a,psychiatric_mood,aspirin,Depressive Disorder,HANAMI,1,11698,PTGS2,5743,lowest ten-seed median rank percentile; ties by mean then index,3.5050531003768413,6.348706748886604,1.4286784857828025,8.225740835902705,0.8800102774922919,26.235440219253167,1.6807982185680028,11.348064405618363,3.305926687221651,0.8800102774922919,3.7041795135320315,1.0598663926002057,26.235440219253167,4.440733127783488,9.487410071942445,1.3446385748544023
99f4bf464ee64bfd216a,psychiatric_mood,aspirin,Depressive Disorder,TriMoGCL,1,11698,PTGS2,5743,lowest ten-seed median rank percentile; ties by mean then index,7.147139431312093,8.599477560808497,5.289161527920521,11.717947070914697,1.0748544021925317,21.402877697841728,12.146711202466598,6.155789653991093,5.232956491949298,10.431654676258994,14.827423775265501,1.1262418636519356,21.402877697841728,1.0748544021925317,8.138489208633093,5.45777663583419
99f4bf464ee64bfd216a,psychiatric_mood,aspirin,Depressive Disorder,TriNet,1,11698,PTGS2,5743,lowest ten-seed median rank percentile; ties by mean then index,25.825411099691678,28.23077252483727,4.73621103117506,48.24961459403906,1.1219595751969853,67.51455978074684,1.7535971223021583,13.684052757793765,51.57588215142172,33.8707605344296,17.780061664953752,1.2589928057553956,38.27081192189106,67.51455978074684,55.47704693388147,1.1219595751969853
99f4bf464ee64bfd216a,psychiatric_mood,aspirin,Depressive Disorder,N2V-MLP,1,11698,PTGS2,5743,lowest ten-seed median rank percentile; ties by mean then index,15.338086673518328,16.569886947584784,7.616585303186023,20.73377012675574,0.2590784515244947,39.791024323398425,6.123672490578965,31.16649537512847,39.791024323398425,12.095323741007194,17.68371017471737,4.549931483384721,20.948955121616994,20.088215142171975,12.992463172319287,0.2590784515244947
99f4bf464ee64bfd216a,psychiatric_mood,aspirin,Depressive Disorder,RF,1,11698,PTGS2,5743,lowest ten-seed median rank percentile; ties by mean then index,9.995931825967798,13.52635748544022,3.5912341555327165,15.60117977046934,0.38219424460431656,38.59733641658102,0.38219424460431656,15.888360739979445,37.267685851318944,6.946942446043166,13.044921205892429,0.7055070229530661,14.73963686193902,4.354016786570743,38.59733641658102,3.336973278520041
9b49bd5839e800c86318,gynecologic_reproductive,raloxifene,Endometriosis,HANAMI,1,6293,ESR2,2100,lowest ten-seed median rank percentile; ties by mean then index,33.21449982870846,34.79530661185338,26.61924032202809,41.2373672490579,13.380010277492293,64.03948269955464,36.891915039397055,26.590870161014045,44.696385748544024,26.70435080507023,30.115193559438165,36.31380609797876,13.380010277492293,26.53520041109969,64.03948269955464,42.68585131894484
9b49bd5839e800c86318,gynecologic_reproductive,raloxifene,Endometriosis,TriMoGCL,1,6293,ESR2,2100,lowest ten-seed median rank percentile; ties by mean then index,24.124272010962656,31.192617334703662,18.13442103460089,37.97479873244262,7.3377012675573825,73.39200068516615,15.53186022610483,23.6810551558753,73.39200068516615,20.167437478588557,17.456748886605002,7.3377012675573825,25.640202124015072,42.0863309352518,62.06534772182254,24.567488866050017
9b49bd5839e800c86318,gynecologic_reproductive,raloxifene,Endometriosis,TriNet,1,6293,ESR2,2100,lowest ten-seed median rank percentile; ties by mean then index,78.79624871531347,74.00608084960604,58.89859540938678,90.0468910585817,47.56337786913326,94.8184309695101,57.810894141829394,78.75556697499144,62.16169921205893,91.12709832134293,78.8369304556355,49.58890030832477,94.8184309695101,47.56337786913326,89.00308324768757,90.39482699554642
9b49bd5839e800c86318,gynecologic_reproductive,raloxifene,Endometriosis,N2V-MLP,1,6293,ESR2,2100,lowest ten-seed median rank percentile; ties by mean then index,70.50359712230215,63.239551216169936,50.496745460774235,76.95432939362794,19.370931825967798,90.07579650565262,29.16024323398424,77.04907502569372,76.67009249743063,73.7752655018842,46.32579650565262,19.370931825967798,63.00959232613909,67.23192874272011,89.72678999657417,90.07579650565262
9b49bd5839e800c86318,gynecologic_reproductive,raloxifene,Endometriosis,RF,1,6293,ESR2,2100,lowest ten-seed median rank percentile; ties by mean then index,71.47460602946214,74.9290210688592,69.25584532374101,83.41737324426174,50.43144056183625,99.698098663926,65.46120246659815,69.6075282631038,85.81599006509079,76.22152278177458,50.43144056183625,69.13861767728675,72.31500513874614,70.63420692017814,99.698098663926,89.96659815005138
9cdf4a3dd16e076c4c62,prostate_oncology,minocycline,Prostatic Neoplasms,HANAMI,2,19784,MMP9,4318,lowest ten-seed median rank percentile; ties by mean then index,21.324725933538886,33.76241863651935,17.27956920178143,54.69981157930798,5.937392942788626,71.00248372730387,17.499571771154503,57.74665981500514,22.46916752312436,68.55729701952724,45.55926687221651,17.206235011990408,5.937392942788626,11.465827338129497,20.18028434395341,71.00248372730387
9cdf4a3dd16e076c4c62,prostate_oncology,minocycline,Prostatic Neoplasms,TriMoGCL,2,22101,VEGFA,7422,lowest ten-seed median rank percentile; ties by mean then index,23.478717026378895,31.04637718396711,9.032416923603975,44.63643371017472,5.102346694073312,91.59600890715998,19.058324768756425,8.14491264131552,11.694929770469338,27.89910928400137,91.59600890715998,7.821599862966769,30.106628982528264,5.102346694073312,49.47970195272354,59.5602089756766
9cdf4a3dd16e076c4c62,prostate_oncology,minocycline,Prostatic Neoplasms,TriNet,2,19784,MMP9,4318,lowest ten-seed median rank percentile; ties by mean then index,43.5562264474135,41.83817231928742,31.97905960945529,58.02447327852004,0.5631209318259678,76.33179170948955,33.62667009249743,43.983384720794795,43.129068174032206,53.66135662898253,0.5631209318259678,31.429856115107913,4.704093867762933,71.4735354573484,76.33179170948955,59.478845495032544
9cdf4a3dd16e076c4c62,prostate_oncology,minocycline,Prostatic Neoplasms,N2V-MLP,2,19784,MMP9,4318,lowest ten-seed median rank percentile; ties by mean then index,19.686750599520384,24.02834874957177,8.273381294964029,40.814491264131554,1.8606543336759165,58.15775950668037,58.15775950668037,24.576053442959918,1.8606543336759165,9.840698869475847,46.22730387118877,7.750942103460089,2.590784515244947,49.90578965399109,18.764988009592326,20.60851318944844
9cdf4a3dd16e076c4c62,prostate_oncology,minocycline,Prostatic Neoplasms,RF,2,19784,MMP9,4318,lowest ten-seed median rank percentile; ties by mean then index,20.140137889688248,26.352239636861935,15.71144869818431,27.39781389174375,5.234027064063035,89.69574340527578,20.154590613223707,19.490835902706408,5.234027064063035,14.45165296334361,89.69574340527578,29.10457348406989,20.125685166152792,8.75085645769099,34.23689619732785,22.27753511476533
9cec6838d2913d6b991b,prostate_oncology,leflunomide,Prostatic Neoplasms,HANAMI,1,20229,AHR,196,lowest ten-seed median rank percentile; ties by mean then index,51.62512846865365,48.3052843439534,37.07658872901679,62.421848235697155,11.082562521411443,75.39182939362796,43.95769099006509,63.35645769099006,52.03194587187393,75.39182939362796,70.40938677629325,34.78288797533402,51.21831106543337,11.082562521411443,21.203751284686536,59.61801986981843
9cec6838d2913d6b991b,prostate_oncology,leflunomide,Prostatic Neoplasms,TriMoGCL,1,20229,AHR,196,lowest ten-seed median rank percentile; ties by mean then index,47.263617677286746,45.32845152449469,30.524152106885918,55.82712401507366,18.13120931825968,82.33984241178486,56.00162726961288,61.288112367249056,24.47327852004111,55.303614251455976,48.421976704350804,30.43850633778691,30.78108941418294,18.13120931825968,46.10525865022268,82.33984241178486
9cec6838d2913d6b991b,prostate_oncology,leflunomide,Prostatic Neoplasms,TriNet,1,20229,AHR,196,lowest ten-seed median rank percentile; ties by mean then index,55.48132922233641,49.581620417951356,28.75396111682083,65.55487752655019,10.823484069886948,82.70383693045564,26.665810208975678,66.55104487838301,60.02055498458376,26.710774237752656,82.70383693045564,34.88352175402535,10.823484069886948,62.56637547105173,73.94869818430969,50.94210346008907
9cec6838d2913d6b991b,prostate_oncology,leflunomide,Prostatic Neoplasms,N2V-MLP,1,20229,AHR,196,lowest ten-seed median rank percentile; ties by mean then index,25.431440561836247,33.908230558410416,21.248180027406647,44.196963857485436,5.704008221993833,79.98672490578966,26.751455978074684,79.98672490578966,19.013360739979444,5.704008221993833,48.30635491606714,22.11373758136348,24.111425145597806,60.266786570743406,20.959660842754367,31.86879068174032
9cec6838d2913d6b991b,prostate_oncology,leflunomide,Prostatic Neoplasms,RF,1,20229,AHR,196,lowest ten-seed median rank percentile; ties by mean then index,14.306590441932169,26.938806097978762,11.807339842411785,37.34717583076396,6.342069201781432,88.17660157588215,51.95914696813978,44.23068687906817,16.69664268585132,9.298989379924631,88.17660157588215,12.491435423090099,14.73963686193902,6.342069201781432,13.873544021925317,11.57930798218568
9d522150e17e439867a7,psychiatric_mood,levomepromazine,Depressive Disorder,HANAMI,7,19253,DRD2,1813,lowest ten-seed median rank percentile; ties by mean then index,7.764859540938677,7.3704607742377535,4.2801473107228505,9.81339928057554,0.9421034600890716,15.103631380609798,4.13883179170949,8.504624871531346,15.103631380609798,0.9421034600890716,10.249657416923604,7.198526892771497,4.562778348749572,10.487324426173346,4.185936964713943,8.331192189105858
9d522150e17e439867a7,psychiatric_mood,levomepromazine,Depressive Disorder,TriMoGCL,7,23602,HTR2A,3356,lowest ten-seed median rank percentile; ties by mean then index,6.916966426858513,14.88801815690305,4.163990236382323,17.782738095238095,1.5330592668722165,54.15167865707434,1.5330592668722165,5.858170606372045,1.6272696128811237,18.578708461801988,54.15167865707434,34.30327166837958,3.5992634463857485,7.5689448441247,6.264988009592326,15.39482699554642
9d522150e17e439867a7,psychiatric_mood,levomepromazine,Depressive Disorder,TriNet,7,19253,DRD2,1813,lowest ten-seed median rank percentile; ties by mean then index,8.006808838643371,9.410114765330594,2.450004282288455,14.46985268927715,1.5202124015073655,21.886776293251113,2.049075025693731,2.2696128811236727,14.34138403562864,1.5202124015073655,5.113052415210689,2.9911784857828025,18.516615279205208,14.512675573826654,10.900565262076054,21.886776293251113
9d522150e17e439867a7,psychiatric_mood,levomepromazine,Depressive Disorder,N2V-MLP,7,19253,DRD2,1813,lowest ten-seed median rank percentile; ties by mean then index,6.111896197327852,8.389217197670435,2.1962786913326484,9.154997430626926,1.1390887290167866,25.727989037341555,7.213514902363824,20.59138403562864,25.727989037341555,1.2054642000685165,1.1390887290167866,1.9762761219595752,5.0102774922918805,8.947841726618705,2.856286399451867,9.224049331963
9d522150e17e439867a7,psychiatric_mood,levomepromazine,Depressive Disorder,RF,7,23602,HTR2A,3356,lowest ten-seed median rank percentile; ties by mean then index,2.4639217197670433,8.5753896882494,0.9506680369989723,7.165339157245632,0.37791195614936623,41.67094895512162,5.604445015416238,0.85431654676259,1.7407502569373072,3.18709318259678,0.44642857142857145,7.685637204522097,1.2397225077081193,22.94664268585132,0.37791195614936623,41.67094895512162
9dbf344cbaf136b08189,cardiovascular_hypertensive,macitentan,Hypertension,HANAMI,1,24978,EDNRA,1909,lowest ten-seed median rank percentile; ties by mean then index,38.58020726276122,39.65099349092154,30.407459746488524,49.22972336416581,21.032459746488524,66.73518328194587,22.479873244261732,50.946385748544024,30.106628982528264,46.64910928400137,21.032459746488524,45.030404248030145,50.089928057553955,31.309952038369303,32.13001027749229,66.73518328194587
9dbf344cbaf136b08189,cardiovascular_hypertensive,macitentan,Hypertension,TriMoGCL,1,24978,EDNRA,1909,lowest ten-seed median rank percentile; ties by mean then index,20.842968482356973,28.798603973963687,16.649002226789996,38.6663883179171,15.13360739979445,58.92643028434395,58.92643028434395,19.839842411784858,27.680712572798903,21.434994861253855,15.58538883179171,20.25094210346009,42.328280232956494,15.13360739979445,15.435508735868448,51.37033230558411
9dbf344cbaf136b08189,cardiovascular_hypertensive,macitentan,Hypertension,TriNet,1,24978,EDNRA,1909,lowest ten-seed median rank percentile; ties by mean then index,45.50359712230215,52.30408530318603,36.796098835217535,53.32947927372388,30.160157588215142,94.42660157588215,94.42660157588215,45.17600205549846,47.06663240835903,45.831192189105856,92.9577766358342,34.536656389174375,55.417094895512164,30.160157588215142,34.857828023295646,42.610911270983216
9dbf344cbaf136b08189,cardiovascular_hypertensive,macitentan,Hypertension,N2V-MLP,1,24978,EDNRA,1909,lowest ten-seed median rank percentile; ties by mean then index,62.66272696128811,60.95687735525864,44.72743233984241,83.3938206577595,23.18002740664611,87.14885234669407,34.635149023638235,86.2667009249743,44.85911270983213,59.82142857142857,78.41726618705036,87.14885234669407,85.05267214799589,44.68353888317917,23.18002740664611,65.50402535114765
9dbf344cbaf136b08189,cardiovascular_hypertensive,macitentan,Hypertension,RF,1,24978,EDNRA,1909,lowest ten-seed median rank percentile; ties by mean then index,60.37170263788968,63.6373758136348,54.365793079821856,75.75475334018499,48.47550531003768,79.52530832476876,68.88810380267215,60.796719767043506,59.13840356286399,79.52530832476876,78.04363651935594,59.94668550873587,78.81230729701953,49.97216512504282,52.77492291880781,48.47550531003768
9dcea7bb69cd90835161,breast_oncology,lenvatinib,Breast Neoplasms,HANAMI,3,15456,KIT,3815,lowest ten-seed median rank percentile; ties by mean then index,19.269227475162726,23.10615793079822,7.5234455292908535,35.594916923603975,0.5973792394655704,54.17309009934909,15.017985611510792,20.190990065090784,43.880609797875984,32.898681055155876,54.17309009934909,5.025265501884207,0.5973792394655704,4.436450839328537,18.34746488523467,36.49366221308667
9dcea7bb69cd90835161,breast_oncology,lenvatinib,Breast Neoplasms,TriMoGCL,3,15456,KIT,3815,lowest ten-seed median rank percentile; ties by mean then index,25.186279547790342,27.308688763275093,14.68182596779719,42.72037726961288,5.98021582733813,49.84369647139431,31.596865364850977,13.733299075025693,45.78194587187393,33.53567146282974,49.84369647139431,6.864508393285372,18.775693730729703,5.98021582733813,17.527406646111682,49.447584789311406
9dcea7bb69cd90835161,breast_oncology,lenvatinib,Breast Neoplasms,TriNet,3,15456,KIT,3815,lowest ten-seed median rank percentile; ties by mean then index,26.32001541623844,25.723706748886606,15.913519184652278,37.240921548475505,4.562778348749572,40.97079479273724,4.562778348749572,27.511562178828367,13.437821171634122,23.34061322370675,25.12846865364851,38.46993833504625,11.414439876670093,38.28151764302844,34.11913326481672,40.97079479273724
9dcea7bb69cd90835161,breast_oncology,lenvatinib,Breast Neoplasms,N2V-MLP,3,15456,KIT,3815,lowest ten-seed median rank percentile; ties by mean then index,16.57673860911271,21.726832819458718,9.602496574169235,33.38204436450839,1.0705721137375814,58.63309352517986,8.523895169578623,58.63309352517986,38.00316889345666,14.048047276464542,19.518670777663583,38.335046248715315,9.189791024323398,10.840613223706749,1.0705721137375814,19.105429941760878
9dcea7bb69cd90835161,breast_oncology,lenvatinib,Breast Neoplasms,RF,3,15456,KIT,3815,lowest ten-seed median rank percentile; ties by mean then index,29.698741007194243,34.14878811236725,24.281913754710516,42.76159429599178,14.73963686193902,59.74006509078451,31.28961116820829,24.947541966426858,24.060037684138404,28.107870846180198,59.74006509078451,46.15771668379582,14.73963686193902,32.57322713257965,23.266743747858857,56.605429941760875
9e16c7a1c1d0e7e3692e,breast_oncology,sorafenib,Breast Neoplasms,HANAMI,3,15281,KIT,3815,lowest ten-seed median rank percentile; ties by mean then index,15.676387461459404,18.871188763275093,7.46724049331963,28.43011305241521,0.5310037684138403,45.67274751627269,15.763103802672148,19.694244604316548,45.67274751627269,31.34206920178143,15.58967112024666,5.464200068516615,0.5310037684138403,4.579907502569373,13.476361767728674,36.59857828023296
9e16c7a1c1d0e7e3692e,breast_oncology,sorafenib,Breast Neoplasms,TriMoGCL,3,15281,KIT,3815,lowest ten-seed median rank percentile; ties by mean then index,16.18383864337102,19.87410071942446,7.349477560808497,32.305584104145254,0.49674546077423776,46.23158615964371,32.11930455635492,4.0617505995203835,32.36767728674204,32.408359027064066,13.332905104487839,0.49674546077423776,17.219081877355258,5.355001712915382,15.148595409386777,46.23158615964371
9e16c7a1c1d0e7e3692e,breast_oncology,sorafenib,Breast Neoplasms,TriNet,3,15281,KIT,3815,lowest ten-seed median rank percentile; ties by mean then index,16.042523124357658,17.552886262418635,10.659151250428229,23.07885834189791,3.7598492634463856,36.17677286742035,3.7598492634463856,16.300531003768413,9.418893456663241,16.296248715313464,15.78879753340185,25.338300787941076,5.359284001370332,36.17677286742035,32.71026036313806,14.379924631723194
9e16c7a1c1d0e7e3692e,breast_oncology,sorafenib,Breast Neoplasms,N2V-MLP,3,15281,KIT,3815,lowest ten-seed median rank percentile; ties by mean then index,7.44475847893114,8.353674203494347,5.729701952723536,10.88022439191504,0.30832476875642345,20.00685166152792,12.876841384035629,7.29916067146283,20.00685166152792,11.684224049331963,5.459917780061665,7.590356286399452,3.3037855429941763,8.468225419664268,0.30832476875642345,6.539054470709147
9e16c7a1c1d0e7e3692e,breast_oncology,sorafenib,Breast Neoplasms,RF,3,15281,KIT,3815,lowest ten-seed median rank percentile; ties by mean then index,26.634763617677287,28.430113052415216,12.303817660157588,42.52553314491264,4.652706406303529,58.56243576567318,38.193730729701954,10.029119561493662,8.687692702980472,28.107870846180198,47.80853888317917,43.969467283316206,4.652706406303529,25.161656389174375,19.127911956149365,58.56243576567318
9e970190f2d757ffc77c,cardiovascular_hypertensive,aspirin,Cardiomyopathies,HANAMI,1,11725,PTGS2,5743,lowest ten-seed median rank percentile; ties by mean then index,14.08016443987667,14.227689277149711,8.587594210346008,19.675509592326136,0.9035628639945187,26.0084789311408,20.128896882494004,24.56106543336759,8.508907159986297,17.454607742377526,18.31534772182254,6.8666495375128465,8.823655361425146,10.705721137375814,26.0084789311408,0.9035628639945187
9e970190f2d757ffc77c,cardiovascular_hypertensive,aspirin,Cardiomyopathies,TriMoGCL,1,11725,PTGS2,5743,lowest ten-seed median rank percentile; ties by mean then index,23.35774237752655,22.55459917780062,10.366349777321,27.630395683453237,4.954607742377527,59.80001712915382,8.36973278520041,25.353288797533402,16.356200753682767,28.389431312093183,25.068516615279204,5.168722165125043,59.80001712915382,4.954607742377527,21.646968139773897,30.43850633778691
9e970190f2d757ffc77c,cardiovascular_hypertensive,aspirin,Cardiomyopathies,TriNet,1,11725,PTGS2,5743,lowest ten-seed median rank percentile; ties by mean then index,27.331706063720453,28.437607057211373,4.0355215827338125,48.67944929770469,0.6102261048304214,66.77372387804043,2.3852346694073314,8.986382322713258,49.237752655018845,36.37804042480302,18.28537170263789,0.948526892771497,47.004539225762244,66.77372387804043,53.76627269612881,0.6102261048304214
9e970190f2d757ffc77c,cardiovascular_hypertensive,aspirin,Cardiomyopathies,N2V-MLP,1,11725,PTGS2,5743,lowest ten-seed median rank percentile; ties by mean then index,25.19591469681398,30.268285371702643,14.068388146625557,46.81879496402878,6.38703323055841,66.86365193559438,6.38703323055841,55.38283658787256,52.88412127440905,21.83538883179171,28.622816032887975,12.041795135320315,66.86365193559438,20.148167180541282,28.556440561836244,9.960602946214458
9e970190f2d757ffc77c,cardiovascular_hypertensive,aspirin,Cardiomyopathies,RF,1,11725,PTGS2,5743,lowest ten-seed median rank percentile; ties by mean then index,7.8419407331277835,10.597593353888318,2.735044107571086,13.291955721137377,0.5813206577595067,30.512375813634808,0.5813206577595067,8.736939020212402,30.512375813634808,6.946942446043166,8.948912298732443,0.7055070229530661,14.73963686193902,5.297190818773553,27.62611339499829,1.8809952038369304
9f243eb24e8bb6aedeb0,psychiatric_mood,biperiden,Depressive Disorder,HANAMI,2,35699,CHRM2,1129,lowest ten-seed median rank percentile; ties by mean then index,14.484840698869476,17.124871531346354,5.694908359027064,20.984284001370334,3.4386776293251113,56.89234326824255,5.023124357656732,7.710260363138061,3.4386776293251113,4.233042137718397,56.89234326824255,21.008907159986297,16.615279205207262,20.91041452552244,12.354402192531689,23.062264474134977
9f243eb24e8bb6aedeb0,psychiatric_mood,biperiden,Depressive Disorder,TriMoGCL,2,35699,CHRM2,1129,lowest ten-seed median rank percentile; ties by mean then index,17.327209660842755,28.229701952723538,14.096758307639604,29.5108556012333,7.571085988352175,76.79213771839672,16.60457348406989,18.04984583761562,16.529633436108256,11.801986981843097,76.79213771839672,67.758650222679,21.833247687564235,32.070058239122986,7.571085988352175,13.285799931483385
9f243eb24e8bb6aedeb0,psychiatric_mood,biperiden,Depressive Disorder,TriNet,2,35699,CHRM2,1129,lowest ten-seed median rank percentile; ties by mean then index,35.977646454265155,40.238523466940734,32.30130181569031,46.12613480644056,19.358084960602945,68.28537170263789,35.88985954093868,48.57185680027407,35.78922576224735,19.358084960602945,64.56192189105859,68.28537170263789,38.78896882494005,36.06543336759164,23.935851318944845,31.13866050017129
9f243eb24e8bb6aedeb0,psychiatric_mood,biperiden,Depressive Disorder,N2V-MLP,2,35699,CHRM2,1129,lowest ten-seed median rank percentile; ties by mean then index,46.95208119218911,43.39093011305241,22.530190133607398,62.51338215142172,3.5735697156560464,73.80310037684139,48.117934224049336,45.78622816032888,73.80310037684139,19.00693730729702,72.01952723535457,30.25436793422405,57.06149366221309,64.33067831449127,19.955464200068516,3.5735697156560464
9f243eb24e8bb6aedeb0,psychiatric_mood,biperiden,Depressive Disorder,RF,2,35699,CHRM2,1129,lowest ten-seed median rank percentile; ties by mean then index,41.71002483727304,43.51961288112367,32.78198869475848,51.58257322713258,11.748458376156218,94.1257708119219,15.08971394313121,34.927415210688594,49.810508735868446,11.748458376156218,61.834104145255225,52.17326139088729,34.944544364508396,94.1257708119219,32.06684652278177,48.47550531003768
9fcf766430d6d11ddc42,cardiovascular_hypertensive,albuterol,Hypertension,HANAMI,1,388,ADRB1,153,lowest ten-seed median rank percentile; ties by mean then index,12.143499486125386,19.994433025008565,10.76995546420007,24.325539568345324,8.140630352860569,46.84395340870161,10.748544021925317,8.140630352860569,13.02243919150394,15.313463514902363,46.84395340870161,10.06123672490579,11.264559780746831,46.38574854402192,27.329564919492977,10.834189791024324
9fcf766430d6d11ddc42,cardiovascular_hypertensive,albuterol,Hypertension,TriMoGCL,1,388,ADRB1,153,lowest ten-seed median rank percentile; ties by mean then index,25.11026892771497,32.33277663583419,18.384934909215485,44.035842754367934,10.72070914696814,71.45640630352861,44.17180541281261,19.974734498115794,30.24580335731415,18.09052757793765,48.69604316546763,43.627954779033914,19.26815690304899,71.45640630352861,10.72070914696814,17.075625214114424
9fcf766430d6d11ddc42,cardiovascular_hypertensive,albuterol,Hypertension,TriNet,1,388,ADRB1,153,lowest ten-seed median rank percentile; ties by mean then index,56.8966255566975,51.9006937307297,35.15812350119904,71.96332219938334,13.859626584446728,81.17291880781089,72.8438677629325,34.06132237067489,69.32168550873587,13.859626584446728,68.97267899965742,19.80772524837273,81.17291880781089,75.6980130181569,38.4485268927715,44.82057211373758
9fcf766430d6d11ddc42,cardiovascular_hypertensive,albuterol,Hypertension,N2V-MLP,1,388,ADRB1,153,lowest ten-seed median rank percentile; ties by mean then index,25.21197327852004,22.104530661185333,13.947948783830078,31.32761647824597,3.2995032545392258,37.39080164439876,37.39080164439876,5.695443645083933,27.648595409386775,3.2995032545392258,15.381980130181569,24.07502569373073,32.55395683453237,35.181140801644396,26.348920863309353,13.46993833504625
9fcf766430d6d11ddc42,cardiovascular_hypertensive,albuterol,Hypertension,RF,1,388,ADRB1,153,lowest ten-seed median rank percentile; ties by mean then index,51.060936964713946,46.42707262761219,28.681162213086672,62.33861125385406,18.437392942788627,67.19017643028434,67.19017643028434,59.2497430626927,63.36823398424118,22.956277834874957,47.80853888317917,18.437392942788627,54.31333504624872,65.55648338472079,40.72349263446386,24.667052072627612
a0582e56872aa1f4641e,psychiatric_mood,quetiapine,"Depressive Disorder, Major",HANAMI,10,18675,DRD2,1813,lowest ten-seed median rank percentile; ties by mean then index,4.037127440904419,5.619218910585817,2.0881509078451526,8.223064405618363,0.4667694415895855,15.157159986296676,4.310123329907502,7.513275094210346,10.189705378554299,2.8541452552243918,1.644398766700925,3.764131551901336,1.8328194587187392,8.459660842754367,0.4667694415895855,15.157159986296676
a0582e56872aa1f4641e,psychiatric_mood,quetiapine,"Depressive Disorder, Major",TriMoGCL,10,23189,HTR2A,3356,lowest ten-seed median rank percentile; ties by mean then index,7.520769099006509,11.180626927029806,4.0954736211031175,17.356650393970536,0.6423432682425488,32.48758136348064,2.0319458718739294,9.907074340527577,4.048903734155533,15.91298389859541,17.83787255909558,32.48758136348064,4.235183281945872,0.6423432682425488,5.13446385748544,19.567917094895513
a0582e56872aa1f4641e,psychiatric_mood,quetiapine,"Depressive Disorder, Major",TriNet,10,44609,ADRA1A,148,lowest ten-seed median rank percentile; ties by mean then index,7.446899623158616,11.490878725590957,3.963257965056526,18.13977389516958,1.3510620075368276,31.558324768756425,18.043422404933196,6.596865364850976,1.8627954779033915,8.136348064405619,1.3510620075368276,31.558324768756425,18.171891058581707,3.0853888317917093,6.757451181911613,19.345238095238095
a0582e56872aa1f4641e,psychiatric_mood,quetiapine,"Depressive Disorder, Major",N2V-MLP,10,18675,DRD2,1813,lowest ten-seed median rank percentile; ties by mean then index,3.4001370332305587,6.619561493662213,1.0962658444672833,7.611767728674203,0.40467625899280574,20.62778348749572,6.558324768756424,20.59994861253854,7.96291538198013,0.8264816718054128,4.263018156903049,1.9056183624528948,2.537255909558068,0.5095923261390888,0.40467625899280574,20.62778348749572
a0582e56872aa1f4641e,psychiatric_mood,quetiapine,"Depressive Disorder, Major",RF,10,18675,DRD2,1813,lowest ten-seed median rank percentile; ties by mean then index,3.2454393627954783,7.011069715656046,1.8060551558752997,9.141079993148338,0.10598663926002055,24.667052072627612,10.651121959575198,1.388532031517643,18.374229188078107,0.10598663926002055,4.610954093867763,4.204136690647482,2.2867420349434737,1.7011390887290168,2.1208033573141485,24.667052072627612
a0cad97f9aed75e3ffbb,psychiatric_mood,mecamylamine,Depressive Disorder,HANAMI,1,33038,CHRNA4,1137,lowest ten-seed median rank percentile; ties by mean then index,31.28854059609455,31.457262761219596,23.279590613223707,34.22137290167866,20.655618362452895,53.20957519698527,21.809695101062008,23.173603973963687,20.655618362452895,32.04222336416581,53.20957519698527,30.534857828023295,23.59755053100377,33.14063035286057,34.581620417951356,41.82725248372731
a0cad97f9aed75e3ffbb,psychiatric_mood,mecamylamine,Depressive Disorder,TriMoGCL,1,33038,CHRNA4,1137,lowest ten-seed median rank percentile; ties by mean then index,45.268071257279885,45.815133607399794,34.50507451181912,54.653241692360396,22.674717368961975,72.91238437821171,40.00513874614594,46.55489893799246,44.552929085303184,22.674717368961975,71.0089071599863,45.983213429256594,32.671719767043506,57.35268927714971,72.91238437821171,24.434737923946557
a0cad97f9aed75e3ffbb,psychiatric_mood,mecamylamine,Depressive Disorder,TriNet,1,33038,CHRNA4,1137,lowest ten-seed median rank percentile; ties by mean then index,65.48475505310037,64.81093696471395,60.5601233299075,80.57875128468653,12.851147653305926,87.20666324083591,59.61587872559095,84.14696813977389,82.88155190133607,63.392857142857146,87.20666324083591,64.66041452552244,12.851147653305926,73.67034943473793,53.37444330250086,66.30909558067832
a0cad97f9aed75e3ffbb,psychiatric_mood,mecamylamine,Depressive Disorder,N2V-MLP,1,33038,CHRNA4,1137,lowest ten-seed median rank percentile; ties by mean then index,43.14405618362453,45.82262761219596,32.91902192531689,63.7332990750257,21.255138746145942,66.76515930113052,65.22567660157588,37.604916067146284,62.76978417266187,36.98184309695101,66.76515930113052,48.68319630010277,21.255138746145942,64.05447070914697,31.56474820143885,23.321342925659472
a0cad97f9aed75e3ffbb,psychiatric_mood,mecamylamine,Depressive Disorder,RF,1,33038,CHRNA4,1137,lowest ten-seed median rank percentile; ties by mean then index,65.49920777663584,68.6312735525865,60.606693216855085,77.0099991435423,54.31333504624872,91.26199040767386,91.26199040767386,74.44865536142514,77.86378040424803,61.102903391572454,78.04363651935594,63.68726447413498,54.31333504624872,67.31115107913669,57.83872901678657,60.44128982528263
a112b14ca795defade47,breast_oncology,gemcitabine,Breast Neoplasms,HANAMI,1,36868,TYMS,7298,lowest ten-seed median rank percentile; ties by mean then index,13.648723878040425,18.00338300787941,6.845773381294964,30.094852689277147,0.6273552586502227,40.182853717026376,13.878896882494004,21.143799246317233,33.078537170263786,36.26884206920178,10.187564234326825,13.418550873586845,0.6273552586502227,5.73184309695101,5.5155875299760195,40.182853717026376
a112b14ca795defade47,breast_oncology,gemcitabine,Breast Neoplasms,TriMoGCL,1,36868,TYMS,7298,lowest ten-seed median rank percentile; ties by mean then index,1.0577252483727304,9.80001712915382,0.6166495375128469,2.122944501541624,0.14559780746831105,46.81611853374444,1.1091127098321343,2.143285371702638,0.14559780746831105,46.81611853374444,1.0063377869133265,0.1884206920178143,2.061921891058582,0.552415210688592,0.8093525179856115,43.167608770126755
a112b14ca795defade47,breast_oncology,gemcitabine,Breast Neoplasms,TriNet,1,36868,TYMS,7298,lowest ten-seed median rank percentile; ties by mean then index,42.69762761219596,50.53657074340528,39.27072627612196,67.05796077423776,12.380095923261392,90.29419321685509,36.84266872216512,40.57254196642686,52.250342583076396,39.34138403562864,44.822713257965056,12.380095923261392,39.247173689619736,90.29419321685509,77.62076053442959,71.99383350462487
a112b14ca795defade47,breast_oncology,gemcitabine,Breast Neoplasms,N2V-MLP,1,36868,TYMS,7298,lowest ten-seed median rank percentile; ties by mean then index,7.242420349434738,16.678871188763274,4.970666324083591,20.14334960602946,2.920520726276122,72.24006509078451,5.429941760877012,20.28520041109969,22.89739636861939,8.75513874614594,3.9953751284686536,2.920520726276122,5.729701952723535,72.24006509078451,4.8175745118191164,19.717797190818775
a112b14ca795defade47,breast_oncology,gemcitabine,Breast Neoplasms,RF,1,36868,TYMS,7298,lowest ten-seed median rank percentile; ties by mean then index,7.5143456663240835,11.679085303186023,3.0760213257965057,11.583857913669064,1.2793336759164098,35.21646968139774,12.049289140116478,7.470452209660842,10.187564234326825,2.4023638232271325,1.2793336759164098,3.304856115107914,2.999743062692703,35.21646968139774,7.558239122987325,34.32254196642686
a202c2e53faa42c33557,prostate_oncology,propranolol,Prostatic Neoplasms,HANAMI,1,26436,ADRB2,154,lowest ten-seed median rank percentile; ties by mean then index,2.7267471736896196,4.998715313463515,1.7059566632408358,7.393371017471736,0.6616135662898253,13.844638574854402,13.844638574854402,3.314491264131552,4.875385405960945,2.1390030832476876,1.631551901336074,1.9291709489551216,0.6616135662898253,8.232699554642,1.4666837958204864,11.891915039397054
a202c2e53faa42c33557,prostate_oncology,propranolol,Prostatic Neoplasms,TriMoGCL,1,26436,ADRB2,154,lowest ten-seed median rank percentile; ties by mean then index,5.008136348064406,14.346736896197324,2.5506380609797876,18.241478245974648,0.05566974991435423,70.65775950668036,70.65775950668036,3.8883179170948954,4.00608084960603,6.0101918465227815,1.406731757451182,0.05566974991435423,18.375299760191847,19.122559095580677,2.104744775608085,17.840013703323056
a202c2e53faa42c33557,prostate_oncology,propranolol,Prostatic Neoplasms,TriNet,1,26436,ADRB2,154,lowest ten-seed median rank percentile; ties by mean then index,65.539354230901,59.043979102432345,49.41546762589928,72.82673860911271,16.613138060979786,86.16606714628297,47.01524494689962,66.0607228502912,71.29153819801301,65.0179856115108,23.107228502911955,16.613138060979786,73.33847207947927,85.21325796505653,56.61613566289825,86.16606714628297
a202c2e53faa42c33557,prostate_oncology,propranolol,Prostatic Neoplasms,N2V-MLP,1,26436,ADRB2,154,lowest ten-seed median rank percentile; ties by mean then index,27.202166837958202,32.82952209660843,10.387225933538883,50.29761904761905,1.736467968482357,75.3275950668037,69.8783830078794,25.0,20.91041452552244,38.30507022953066,6.558324768756424,6.879496402877698,29.40433367591641,75.3275950668037,1.736467968482357,54.295135320315175
a202c2e53faa42c33557,prostate_oncology,propranolol,Prostatic Neoplasms,RF,1,26436,ADRB2,154,lowest ten-seed median rank percentile; ties by mean then index,53.203151764302845,52.553849777321,36.865418379582046,69.93753211716341,18.374229188078107,81.87842583076396,72.21758307639602,51.26113394998287,18.374229188078107,54.2330421377184,27.79419321685509,52.17326139088729,63.09737923946557,72.44240322028092,32.06684652278177,81.87842583076396
a3008fe7f288088288f8,cardiovascular_hypertensive,potassium chloride,Hypertension,HANAMI,1,17151,SLC12A2,6558,lowest ten-seed median rank percentile; ties by mean then index,28.721308667351835,40.04667694415896,25.323848064405617,51.74342668722165,10.889859540938678,82.63746145940391,29.038198013018157,82.63746145940391,74.18636519355944,49.02149708804385,10.889859540938678,21.52064063035286,27.52869133264817,28.40441932168551,24.588900308324767,52.65073655361425
a3008fe7f288088288f8,cardiovascular_hypertensive,potassium chloride,Hypertension,TriMoGCL,1,17151,SLC12A2,6558,lowest ten-seed median rank percentile; ties by mean then index,34.497045220966086,30.241949297704696,24.404761904761905,36.16124957177116,5.978074683110655,49.64885234669407,16.955721137375814,34.536656389174375,35.04838985954094,29.86467968482357,5.978074683110655,49.64885234669407,34.45743405275779,36.81269270298047,22.584789311408016,36.53220280918123
a3008fe7f288088288f8,cardiovascular_hypertensive,potassium chloride,Hypertension,TriNet,1,17151,SLC12A2,6558,lowest ten-seed median rank percentile; ties by mean then index,32.544321685508734,28.92942788626242,12.536934737923946,40.98364165810209,0.7536827680712572,63.82108598835217,63.82108598835217,11.521497088043851,34.24760191846523,6.554042480301473,0.7536827680712572,30.841041452552243,15.583247687564235,42.20837615621788,46.45426515930113,37.30943816375471
a3008fe7f288088288f8,cardiovascular_hypertensive,potassium chloride,Hypertension,N2V-MLP,1,17151,SLC12A2,6558,lowest ten-seed median rank percentile; ties by mean then index,14.11121103117506,25.335945529290854,10.11797704693388,42.434802158273385,1.1562178828365879,72.98090099349092,13.409986296676944,51.16050017129154,14.812435765673175,16.25770811921891,1.1562178828365879,54.3186879068174,7.980044535799932,72.98090099349092,9.594467283316204,11.688506337786913
a3008fe7f288088288f8,cardiovascular_hypertensive,potassium chloride,Hypertension,RF,1,17151,SLC12A2,6558,lowest ten-seed median rank percentile; ties by mean then index,42.696557040082226,42.721608427543686,33.754335817060635,47.2523766700925,24.608170606372045,74.19064748201438,47.64902363823227,46.06243576567318,32.72417780061665,24.608170606372045,40.323098663926004,74.19064748201438,45.07001541623844,52.11759164097293,27.62611339499829,36.8448098663926
a4cb74de1a3b6ec23b09,cardiovascular_hypertensive,prednisolone,Hypertension,HANAMI,3,3001,NR3C1,2908,lowest ten-seed median rank percentile; ties by mean then index,2.9547790339157247,11.222379239465571,0.700689448441247,4.906967283316204,0.051387461459403906,82.4832990750257,12.756937307297019,4.40861596437136,0.11133949982870846,0.6894484412470024,4.417180541281261,0.7344124700239808,0.051387461459403906,5.0702295306611855,82.4832990750257,1.5009421034600892
a4cb74de1a3b6ec23b09,cardiovascular_hypertensive,prednisolone,Hypertension,TriMoGCL,3,3001,NR3C1,2908,lowest ten-seed median rank percentile; ties by mean then index,16.65703151764303,27.617120589242887,8.26374614594039,34.09665125042823,3.1924460431654675,94.88480644056183,55.543422404933196,7.6074854402192535,3.1924460431654675,35.98621103117506,9.29470709146968,17.60877012675574,7.920092497430627,15.70529290853032,94.88480644056183,28.427971908187736
a4cb74de1a3b6ec23b09,cardiovascular_hypertensive,prednisolone,Hypertension,TriNet,3,44931,NR3C2,4306,lowest ten-seed median rank percentile; ties by mean then index,29.079950325453922,31.53520041109969,19.650886433710173,33.47518413840356,8.209146968139773,80.70400822199383,80.70400822199383,17.777920520726276,17.805755395683452,41.42685851318945,30.879582048646796,27.280318602261048,25.18627954779034,8.209146968139773,33.90930113052415,32.1728331620418
a4cb74de1a3b6ec23b09,cardiovascular_hypertensive,prednisolone,Hypertension,N2V-MLP,3,44931,NR3C2,4306,lowest ten-seed median rank percentile; ties by mean then index,10.132965056526208,19.596180198698185,6.224841555327167,35.111553614251456,1.076995546420007,55.9994861253854,55.9994861253854,41.4397053785543,7.234926344638575,20.482185680027406,10.046248715313464,39.98800959232614,5.888146625556698,1.076995546420007,3.5864165810208974,10.219681397738952
a4cb74de1a3b6ec23b09,cardiovascular_hypertensive,prednisolone,Hypertension,RF,3,44931,NR3C2,4306,lowest ten-seed median rank percentile; ties by mean then index,29.895726276121962,37.98229273723878,21.706652535114767,35.32593568002741,14.211844809866392,98.51404590613224,75.35757108598835,14.211844809866392,32.72417780061665,98.51404590613224,23.404847550531002,35.45306611853375,34.944544364508396,17.004967454607744,21.14058752997602,27.06727475162727
a5e2c0865662a9986a6a,prostate_oncology,carvedilol,Prostatic Neoplasms,HANAMI,2,26666,ADRB2,154,lowest ten-seed median rank percentile; ties by mean then index,3.570357999314834,6.9854830421377185,2.9729787598492634,11.014045906132237,0.8007879410757108,21.15878725590956,12.88540596094553,3.2588215142171975,5.399965741692361,3.3958547447756082,0.8007879410757108,3.7448612538540598,1.3382151421719768,14.994433025008565,2.8776978417266186,21.15878725590956
a5e2c0865662a9986a6a,prostate_oncology,carvedilol,Prostatic Neoplasms,TriMoGCL,2,26666,ADRB2,154,lowest ten-seed median rank percentile; ties by mean then index,2.5308324768756423,5.486039739636863,0.4887161699212059,7.64870246659815,0.019270298047276466,18.72858855772525,16.857228502911955,2.565090784515245,0.9528091812264474,3.8604830421377185,0.13489208633093525,0.019270298047276466,8.911442274751627,2.4965741692360397,0.3340184994861254,18.72858855772525
a5e2c0865662a9986a6a,prostate_oncology,carvedilol,Prostatic Neoplasms,TriNet,2,26666,ADRB2,154,lowest ten-seed median rank percentile; ties by mean then index,61.284900650907844,58.35774237752655,53.45098920863309,68.14940904419322,12.489294278862625,86.38660500171291,53.46223021582734,64.74391915039396,69.04761904761905,57.82588215142172,36.19604316546763,12.489294278862625,65.45477903391573,86.38660500171291,53.44724220623501,84.52380952380952
a5e2c0865662a9986a6a,prostate_oncology,carvedilol,Prostatic Neoplasms,N2V-MLP,2,26666,ADRB2,154,lowest ten-seed median rank percentile; ties by mean then index,19.452295306611852,23.114936622130866,4.7249700239808154,35.750149880095925,0.45178143199725934,71.7154847550531,43.3967112024666,18.600119904076738,10.093353888317917,20.30447070914697,2.935508735868448,1.5908701610140459,21.591298389859542,71.7154847550531,0.45178143199725934,40.46976704350805
a5e2c0865662a9986a6a,prostate_oncology,carvedilol,Prostatic Neoplasms,RF,2,26666,ADRB2,154,lowest ten-seed median rank percentile; ties by mean then index,39.99871531346352,36.98848064405619,15.964639003083247,59.60035542994176,6.217882836587872,64.12619904076739,63.64658273381295,34.927415210688594,6.217882836587872,17.118448098663926,8.948912298732443,52.17326139088729,45.07001541623844,62.07605344295992,15.58003597122302,64.12619904076739
a5f475dc14f804452aee,prostate_oncology,calcitriol,Prostatic Neoplasms,HANAMI,1,20677,VDR,7421,lowest ten-seed median rank percentile; ties by mean then index,18.80459917780062,20.4352946214457,8.371873929427887,27.579008221993835,0.7665296334361082,57.348406988694755,31.042309009934907,18.715741692360396,18.893456663240837,29.228759849263447,22.629753340184994,15.85517300445358,0.7665296334361082,3.9953751284686536,5.877440904419322,57.348406988694755
a5f475dc14f804452aee,prostate_oncology,calcitriol,Prostatic Neoplasms,TriMoGCL,1,20677,VDR,7421,lowest ten-seed median rank percentile; ties by mean then index,7.196385748544022,13.569715656046592,2.7021240150736556,19.10435936964714,0.07065775950668036,59.02278177458034,21.886776293251113,0.07065775950668036,7.286313806097978,22.717540253511476,0.7429770469338814,2.350976361767729,3.7555669749914355,7.106457690990065,10.757108598835218,59.02278177458034
a5f475dc14f804452aee,prostate_oncology,calcitriol,Prostatic Neoplasms,TriNet,1,20677,VDR,7421,lowest ten-seed median rank percentile; ties by mean then index,13.35431654676259,21.92938506337787,2.174331963001028,38.45976789996574,1.1390887290167866,61.47653305926687,46.88677629325111,3.2438335046248716,38.782545392257624,11.744176087701268,1.8178314491264131,1.1390887290167866,1.7471736896197327,61.47653305926687,37.4914354230901,14.964457005823911
a5f475dc14f804452aee,prostate_oncology,calcitriol,Prostatic Neoplasms,N2V-MLP,1,20677,VDR,7421,lowest ten-seed median rank percentile; ties by mean then index,5.9523809523809526,18.896882494004796,2.621295820486468,40.04689105858171,0.13917437478588557,52.109027064063035,49.15424803014731,23.105087358684482,5.8346180198698185,4.774751627269612,0.13917437478588557,0.18413840356286398,6.070143884892087,52.109027064063035,1.9034772182254196,45.69415895854745
a5f475dc14f804452aee,prostate_oncology,calcitriol,Prostatic Neoplasms,RF,1,20677,VDR,7421,lowest ten-seed median rank percentile; ties by mean then index,3.741114251455978,7.464135834189792,0.6551901336073999,11.99335174717369,0.1552329564919493,29.28014731072285,29.28014731072285,7.470452209660842,0.25372559095580677,1.7503854059609456,0.5995203836930456,0.1552329564919493,5.73184309695101,15.076867077766359,0.8221993833504625,13.500984926344639
a61d4211abd36295c128,psychiatric_mood,haloperidol,Depressive Disorder,HANAMI,9,18172,DRD2,1813,lowest ten-seed median rank percentile; ties by mean then index,7.570015416238437,7.459104145255225,3.393713600548133,7.894398766700925,0.8221993833504625,19.567917094895513,2.8520041109969165,7.616050017129154,19.567917094895513,0.8221993833504625,12.754796163069544,7.523980815347722,5.018842069201781,7.9843268242548815,2.826310380267215,7.624614594039055
a61d4211abd36295c128,psychiatric_mood,haloperidol,Depressive Disorder,TriMoGCL,9,18172,DRD2,1813,lowest ten-seed median rank percentile; ties by mean then index,5.780018842069202,11.152149708804385,2.188784686536485,9.561279547790338,0.907845152449469,45.28091812264474,1.882065775950668,29.564919492977047,10.200411099691674,7.643884892086331,45.28091812264474,4.5413669064748206,1.3724734498115794,0.907845152449469,3.108941418293936,7.0186707776635835
a61d4211abd36295c128,psychiatric_mood,haloperidol,Depressive Disorder,TriNet,9,18172,DRD2,1813,lowest ten-seed median rank percentile; ties by mean then index,16.01897053785543,17.087829736211035,8.543700753682767,21.837529976019184,0.9442446043165468,46.93602261048304,4.6077423775265505,23.601832819458718,28.813377869133266,0.9442446043165468,46.93602261048304,9.001370332305584,8.391144227475163,15.92154847550531,16.54462144570058,16.11639260020555
a61d4211abd36295c128,psychiatric_mood,haloperidol,Depressive Disorder,N2V-MLP,9,18172,DRD2,1813,lowest ten-seed median rank percentile; ties by mean then index,6.270340870161014,19.544578622816033,5.587851147653306,14.644355943816375,0.3725590955806783,78.74272010962659,8.911442274751627,78.74272010962659,64.8102946214457,0.3725590955806783,16.55532716683796,5.72756080849606,6.5476190476190474,5.541281260705722,5.99306269270298,2.2439191503939706
a61d4211abd36295c128,psychiatric_mood,haloperidol,Depressive Disorder,RF,9,22799,HTR2A,3356,lowest ten-seed median rank percentile; ties by mean then index,8.7198098663926,22.470987495717715,3.0548775265501886,34.96595580678315,0.8885748544021925,92.36253854059609,0.8885748544021925,34.927415210688594,34.978802672148,4.058538883179171,92.36253854059609,35.45306611853375,5.73184309695101,11.70777663583419,2.7203237410071943,1.8809952038369304
a64ebc0f963bc49a162f,psychiatric_mood,guanfacine,Depressive Disorder,HANAMI,1,32554,ADRA2A,150,lowest ten-seed median rank percentile; ties by mean then index,19.335602946214458,23.399280575539567,12.13279376498801,25.578108941418293,6.631123672490579,68.95769099006509,6.631123672490579,11.343782117163412,24.678828365878726,7.2199383350462485,36.11253854059609,22.715399109284,15.955806783144913,25.877869133264817,68.95769099006509,14.499828708461802
a64ebc0f963bc49a162f,psychiatric_mood,guanfacine,Depressive Disorder,TriMoGCL,1,32554,ADRA2A,150,lowest ten-seed median rank percentile; ties by mean then index,28.292009249743064,29.98586844809866,20.723064405618363,36.68368876327509,8.221993833504625,64.28571428571429,26.610140459061324,27.644313120931827,39.919492977046936,12.846865364850977,64.28571428571429,35.57725248372731,28.9397053785543,18.760705721137377,37.05250085645769,8.221993833504625
a64ebc0f963bc49a162f,psychiatric_mood,guanfacine,Depressive Disorder,TriNet,1,32554,ADRA2A,150,lowest ten-seed median rank percentile; ties by mean then index,49.67882836587873,43.813163754710516,41.71805412812607,52.70533573141487,10.98621103117506,55.9138403562864,10.98621103117506,48.186450839328536,49.59532374100719,22.965912983898594,55.9138403562864,52.47730387118877,55.90099349092155,49.76233299075026,39.56192189105858,52.781346351490235
a64ebc0f963bc49a162f,psychiatric_mood,guanfacine,Depressive Disorder,N2V-MLP,1,32554,ADRA2A,150,lowest ten-seed median rank percentile; ties by mean then index,38.87140287769784,39.98950839328537,32.72203665638918,43.89452723535457,21.602004110996916,66.48038711887632,31.46197327852004,39.02663583418979,66.48038711887632,21.602004110996916,36.50222678999658,51.90561836245289,38.71616992120589,44.822713257965056,41.109969167523126,28.267386091127097
a64ebc0f963bc49a162f,psychiatric_mood,guanfacine,Depressive Disorder,RF,1,32554,ADRA2A,150,lowest ten-seed median rank percentile; ties by mean then index,42.1618062692703,41.14711801986982,38.20952166837958,50.78687050359712,10.474477560808497,58.33868619390202,25.517086330935253,42.4053614251456,37.267685851318944,41.03502911956149,45.230601233299076,41.918251113395,56.64504110996917,58.33868619390202,10.474477560808497,52.638960260363135
a7515aaab2146d7768b8,cardiovascular_hypertensive,progesterone,Atherosclerosis,HANAMI,1,1384,ESR1,2099,lowest ten-seed median rank percentile; ties by mean then index,25.021411442274754,24.117420349434735,19.256915895854743,30.58196300102775,12.43362452894827,33.27980472764646,22.788198013018157,33.27980472764646,18.079821856800272,24.19492977046934,25.847893114080165,32.731671805412816,12.43362452894827,26.445272353545736,31.960859883521753,13.412127440904419
a7515aaab2146d7768b8,cardiovascular_hypertensive,progesterone,Atherosclerosis,TriMoGCL,1,1384,ESR1,2099,lowest ten-seed median rank percentile; ties by mean then index,3.8915296334361082,16.659815005138746,2.913026721479959,15.377697841726617,1.1647824597464884,60.77423775265502,2.734241178485783,11.45940390544707,2.2010962658444675,60.348150051387464,3.449383350462487,4.260877012675574,3.5221822541966428,1.1647824597464884,16.683795820486466,60.77423775265502
a7515aaab2146d7768b8,cardiovascular_hypertensive,progesterone,Atherosclerosis,TriNet,1,1384,ESR1,2099,lowest ten-seed median rank percentile; ties by mean then index,7.4008650222679,10.633778691332648,5.033294792737238,17.58093525179856,1.7878554299417608,22.649023638232272,9.022781774580336,1.7878554299417608,5.384977732100034,14.66469681397739,18.553014731072285,21.426430284343954,4.916067146282973,2.153991092840014,22.649023638232272,5.778948269955464
a7515aaab2146d7768b8,cardiovascular_hypertensive,progesterone,Atherosclerosis,N2V-MLP,1,1384,ESR1,2099,lowest ten-seed median rank percentile; ties by mean then index,12.550316889345666,14.969167523124359,3.652792052072628,24.32661014045906,0.3361596437136006,39.73963686193902,0.552415210688592,10.78708461801987,4.776892771497088,25.794364508393286,3.278091812264474,39.73963686193902,30.190133607399794,0.3361596437136006,19.923347036656388,14.313549160671462
a7515aaab2146d7768b8,cardiovascular_hypertensive,progesterone,Atherosclerosis,RF,1,1384,ESR1,2099,lowest ten-seed median rank percentile; ties by mean then index,0.7815176430284344,2.381915895854745,0.1378361596437136,3.9680755395683454,0.005352860568687907,7.685637204522097,0.06530489893799246,0.4239465570400822,2.810251798561151,6.946942446043166,0.08136348064405619,7.685637204522097,0.30725419664268583,4.354016786570743,1.1390887290167866,0.005352860568687907
a807841b839707baa6e5,cardiovascular_hypertensive,quinidine,Ventricular Fibrillation,HANAMI,1,32057,SCN5A,6331,lowest ten-seed median rank percentile; ties by mean then index,44.73599691675231,45.59331106543337,39.42274751627269,47.157095751969855,14.28357314148681,90.32202809181227,44.78417266187051,44.68782117163412,29.070315176430285,41.28554299417609,90.32202809181227,47.63617677286742,38.8018156903049,45.71985268927715,14.28357314148681,59.341812264474136
a807841b839707baa6e5,cardiovascular_hypertensive,quinidine,Ventricular Fibrillation,TriMoGCL,1,32057,SCN5A,6331,lowest ten-seed median rank percentile; ties by mean then index,31.183624528948272,34.43238266529634,14.909857828023295,42.91174203494347,7.414782459746489,94.43302500856457,12.510705721137375,33.38257965056526,10.754967454607742,51.83496060294622,94.43302500856457,22.107314148681056,38.527749229188075,28.98466940733128,7.414782459746489,44.373072970195274
a807841b839707baa6e5,cardiovascular_hypertensive,quinidine,Ventricular Fibrillation,TriNet,1,32057,SCN5A,6331,lowest ten-seed median rank percentile; ties by mean then index,11.699212058924289,22.48276378896882,6.501049160671463,30.49551430284344,1.2953922576224735,74.57605344295992,13.097379239465571,10.301044878383008,1.2953922576224735,48.47550531003768,74.57605344295992,3.213857485440219,30.58196300102775,6.476961288112367,6.5733127783487495,30.23616820829051
a807841b839707baa6e5,cardiovascular_hypertensive,quinidine,Ventricular Fibrillation,N2V-MLP,1,32057,SCN5A,6331,lowest ten-seed median rank percentile; ties by mean then index,31.044450154162384,35.5903134635149,23.87108170606372,41.21381466255567,5.939534087016101,88.68405275779376,30.59052757793765,37.65202124015074,5.939534087016101,42.40107913669065,88.68405275779376,23.34061322370675,25.462487153134635,22.728245974648853,47.60620075368277,31.498372730387118
a807841b839707baa6e5,cardiovascular_hypertensive,quinidine,Ventricular Fibrillation,RF,1,32057,SCN5A,6331,lowest ten-seed median rank percentile; ties by mean then index,22.553742720109625,23.09812863994519,1.4749807297019528,29.716137804042482,0.5406389174374786,67.0777663583419,21.840741692360396,24.947541966426858,1.0405960945529291,67.0777663583419,57.477946214457006,0.7055070229530661,31.305669749914355,2.7781346351490237,23.266743747858857,0.5406389174374786
a83dc13abb34676fc975,psychiatric_mood,Thioridazine,Depressive Disorder,HANAMI,3,19397,DRD2,1813,lowest ten-seed median rank percentile; ties by mean then index,9.91885063377869,10.641915039397052,6.923389859540939,13.930819630010276,1.7300445357999314,22.248629667694416,5.164439876670093,10.945529290853031,16.52749229188078,1.7300445357999314,6.327081192189106,10.223963686193901,8.712315861596437,14.925916409729359,22.248629667694416,9.61373758136348
a83dc13abb34676fc975,psychiatric_mood,Thioridazine,Depressive Disorder,TriMoGCL,3,19397,DRD2,1813,lowest ten-seed median rank percentile; ties by mean then index,7.354830421377184,10.951310380267214,5.3389431312093185,12.29659129838986,2.5715142171976706,36.96685508735868,7.5475334018499485,13.735440219253169,7.980044535799932,7.1621274409044196,36.96685508735868,17.527406646111682,4.575625214114423,2.5715142171976706,6.491949297704694,4.954607742377527
a83dc13abb34676fc975,psychiatric_mood,Thioridazine,Depressive Disorder,TriNet,3,19397,DRD2,1813,lowest ten-seed median rank percentile; ties by mean then index,9.123415553271668,9.431312093182596,2.619154676258993,13.727946214457006,1.4281431997259335,23.293508050702297,1.4923775265501884,1.7964200068516616,16.55532716683796,1.4281431997259335,7.121445700582391,5.087358684480987,12.1638403562864,14.249314833847208,11.125385405960946,23.293508050702297
a83dc13abb34676fc975,psychiatric_mood,Thioridazine,Depressive Disorder,N2V-MLP,3,19397,DRD2,1813,lowest ten-seed median rank percentile; ties by mean then index,11.381252141144227,17.686707776635835,9.43709318259678,24.12320143884892,1.7386091127098322,54.185936964713946,7.494004796163069,27.162555669749914,18.67934224049332,1.7386091127098322,10.320315176430285,54.185936964713946,9.421034600890716,9.485268927714971,12.442189105858171,25.93782117163412
a83dc13abb34676fc975,psychiatric_mood,Thioridazine,Depressive Disorder,RF,3,23693,HTR2A,3356,lowest ten-seed median rank percentile; ties by mean then index,11.072392086330936,19.33260534429599,6.005374272010963,14.045906132237068,2.3755995203836933,81.87842583076396,9.249743062692703,8.736939020212402,2.810251798561151,13.05348578280233,2.3755995203836933,14.37671291538198,12.895041109969167,42.85500171291538,5.0948526892771495,81.87842583076396
a8c0d8b828a54d83550d,psychiatric_mood,vortioxetine,Depressive Disorder,HANAMI,7,23428,HTR2A,3356,lowest ten-seed median rank percentile; ties by mean then index,10.381337786913328,13.123929427886264,8.822049503254538,16.348171462829736,3.659215484755053,32.04222336416581,8.258393285371703,12.521411442274752,8.738009592326138,3.659215484755053,32.04222336416581,17.623758136348066,9.07416923603974,18.55943816375471,9.971308667351833,10.79136690647482
a8c0d8b828a54d83550d,psychiatric_mood,vortioxetine,Depressive Disorder,TriMoGCL,7,23428,HTR2A,3356,lowest ten-seed median rank percentile; ties by mean then index,8.234840698869476,11.730900993490922,6.364551216169922,11.948655361425146,4.166666666666667,30.871017471736895,5.541281260705722,12.722678999657417,7.935080507022953,8.534600890715998,30.871017471736895,24.803014731072285,6.933025008564577,9.626584446728332,4.166666666666667,6.175059952038369
a8c0d8b828a54d83550d,psychiatric_mood,vortioxetine,Depressive Disorder,TriNet,7,29723,HTR1A,3350,lowest ten-seed median rank percentile; ties by mean then index,14.270726276121959,18.271882494004796,12.418101233299074,27.46071000342583,5.748972250770812,29.121702637889687,13.257965056526208,29.121702637889687,29.06389174374786,10.754967454607742,5.748972250770812,14.600462487153134,12.138146625556697,27.875556697499142,26.216169921205893,13.940990065090784
a8c0d8b828a54d83550d,psychiatric_mood,vortioxetine,Depressive Disorder,N2V-MLP,7,23428,HTR2A,3356,lowest ten-seed median rank percentile; ties by mean then index,18.100162726961287,23.948912298732445,4.419856971565605,23.10508735868448,2.4665981500513876,74.53108941418294,20.336587872559097,3.9161527920520727,23.987238780404248,5.930969510106201,15.86373758136348,68.15690304898938,74.53108941418294,20.45863309352518,2.4665981500513876,3.8412127440904418
a8c0d8b828a54d83550d,psychiatric_mood,vortioxetine,Depressive Disorder,RF,7,5307,HTR2C,3358,lowest ten-seed median rank percentile; ties by mean then index,7.613908872901678,14.066354059609457,4.81168636519356,13.346019612881124,3.7726961288112366,52.17326139088729,7.899751627269612,10.029119561493662,7.328066118533744,14.45165296334361,30.215827338129497,52.17326139088729,3.7726961288112366,6.342069201781432,4.149537512846865,4.301558752997602
a9b7c2a83dba150f3bcb,cardiovascular_hypertensive,pentoxifylline,Atherosclerosis,HANAMI,1,13882,TNF,7124,lowest ten-seed median rank percentile; ties by mean then index,15.616435423090099,23.042565947242206,9.548432682425489,29.263553442959918,4.980301473107229,81.82168550873587,26.02774922918808,31.22002398081535,30.342154847550532,81.82168550873587,20.07322713257965,5.1622987324426175,11.159643713600548,4.980301473107229,10.360996916752313,9.27757793764988
a9b7c2a83dba150f3bcb,cardiovascular_hypertensive,pentoxifylline,Atherosclerosis,TriMoGCL,1,13882,TNF,7124,lowest ten-seed median rank percentile; ties by mean then index,17.579329393627955,24.329928914011646,9.82249914354231,27.835945529290854,3.973963686193902,74.39619732785201,4.6248715313463515,29.07673860911271,9.014217197670435,74.39619732785201,3.973963686193902,16.33800102774923,24.113566289825282,18.82065775950668,12.24734498115793,50.693730729701954
a9b7c2a83dba150f3bcb,cardiovascular_hypertensive,pentoxifylline,Atherosclerosis,TriNet,1,13882,TNF,7124,lowest ten-seed median rank percentile; ties by mean then index,30.303614251455976,37.197028091812264,20.399751627269612,57.60962658444673,5.781089414182939,76.15835902706407,28.937564234326825,62.95178143199726,76.15835902706407,41.583162041795134,23.35774237752655,19.4137547105173,14.311408016443988,31.66966426858513,67.80575539568345,5.781089414182939
a9b7c2a83dba150f3bcb,cardiovascular_hypertensive,pentoxifylline,Atherosclerosis,N2V-MLP,1,13882,TNF,7124,lowest ten-seed median rank percentile; ties by mean then index,24.48077252483727,28.222850291195613,15.750256937307297,45.95805498458376,2.642171976704351,51.51593011305241,2.642171976704351,51.51593011305241,48.12435765673176,39.58761562178828,14.095152449468996,48.08153477218225,25.359712230215827,23.601832819458718,20.715570400822198,8.504624871531346
a9b7c2a83dba150f3bcb,cardiovascular_hypertensive,pentoxifylline,Atherosclerosis,RF,1,13882,TNF,7124,lowest ten-seed median rank percentile; ties by mean then index,14.724648852346693,18.588557725248375,6.434138403562864,31.733630952380956,0.20340870161014046,48.9486981843097,6.71034600890716,36.87157416923604,13.431397738951695,48.9486981843097,16.01789996574169,16.348706748886606,36.861939020212404,6.342069201781432,4.149537512846865,0.20340870161014046
aa579a5431c0a3310369,cardiovascular_hypertensive,amiodarone,Heart Failure,HANAMI,2,6804,PPARG,5468,lowest ten-seed median rank percentile; ties by mean then index,14.200068516615278,15.908487495717711,9.753982528263103,22.751798561151077,7.592497430626927,26.897053785542994,16.743747858855773,25.524580335731414,26.897053785542994,24.30841041452552,7.973621103117506,18.08196300102775,7.592497430626927,11.656389174374786,10.951952723535458,9.354659129838986
aa579a5431c0a3310369,cardiovascular_hypertensive,amiodarone,Heart Failure,TriMoGCL,2,419,ADRB1,153,lowest ten-seed median rank percentile; ties by mean then index,19.497259335388833,24.367720109626582,14.178657074340528,29.004474991435423,8.87504282288455,64.20006851661527,30.03811236724906,25.90356286399452,13.435680027406645,18.97267899965742,15.38626241863652,8.87504282288455,33.067831449126416,64.20006851661527,13.776121959575198,20.021839671120247
aa579a5431c0a3310369,cardiovascular_hypertensive,amiodarone,Heart Failure,TriNet,2,6804,PPARG,5468,lowest ten-seed median rank percentile; ties by mean then index,3.571428571428571,5.197199383350463,1.4099434737923946,7.115022267899966,0.5181569030489894,14.459146968139773,0.5181569030489894,1.0877012675573827,7.6738609112709835,2.3766700924974304,12.662726961288111,14.459146968139773,0.6123672490578965,2.8498629667694417,5.438506337786913,4.292994176087701
aa579a5431c0a3310369,cardiovascular_hypertensive,amiodarone,Heart Failure,N2V-MLP,2,6804,PPARG,5468,lowest ten-seed median rank percentile; ties by mean then index,3.4461716341212743,7.180541281260706,2.8573569715656046,12.117805755395684,1.0341726618705036,20.850462487153134,1.0341726618705036,20.850462487153134,2.7984755053100376,1.5073655361425145,3.4087016101404592,6.802415210688592,13.889602603631381,3.4836416581020897,14.99657416923604,3.0340013703323057
aa579a5431c0a3310369,cardiovascular_hypertensive,amiodarone,Heart Failure,RF,2,6804,PPARG,5468,lowest ten-seed median rank percentile; ties by mean then index,12.100676601575882,14.852046933881464,10.606157930798219,17.044043336759163,3.7726961288112366,37.61026892771497,12.049289140116478,8.736939020212402,18.374229188078107,13.05348578280233,10.281774580335732,37.61026892771497,3.7726961288112366,20.91041452552244,12.152064063035287,11.57930798218568
aa6d589e4c9a1acb261e,psychiatric_mood,zolpidem,Depressive Disorder,HANAMI,2,37789,GABRA3,2556,lowest ten-seed median rank percentile; ties by mean then index,21.81290681740322,25.439362795477905,11.833033573141487,29.06870931825968,8.710174717368963,77.29958890030832,12.189534087016101,11.714200068516615,10.386690647482014,8.710174717368963,77.29958890030832,19.46728331620418,35.129753340185,24.15853031860226,30.468482356971567,24.869390202124016
aa6d589e4c9a1acb261e,psychiatric_mood,zolpidem,Depressive Disorder,TriMoGCL,2,37789,GABRA3,2556,lowest ten-seed median rank percentile; ties by mean then index,43.28644227475163,39.41118533744433,24.97216512504282,46.17538112367249,7.301301815690305,90.12504282288455,28.99323398424118,23.63180883864337,43.867762932511134,14.776036313806099,90.12504282288455,51.40244946899623,46.69621445700582,44.61288112367249,42.70512161699212,7.301301815690305
aa6d589e4c9a1acb261e,psychiatric_mood,zolpidem,Depressive Disorder,TriNet,2,24668,GABRB3,2562,lowest ten-seed median rank percentile; ties by mean then index,16.41187050359712,25.6294964028777,12.023060123329907,38.825903562864,3.61639260020555,68.14405618362453,16.62598492634464,27.52226789996574,7.316289825282631,14.953751284686536,16.197756080849604,48.27852004110997,11.046163069544365,42.593782117163414,68.14405618362453,3.61639260020555
aa6d589e4c9a1acb261e,psychiatric_mood,zolpidem,Depressive Disorder,N2V-MLP,2,24668,GABRB3,2562,lowest ten-seed median rank percentile; ties by mean then index,39.60688591983556,35.01777149708805,17.716897910243233,51.010084789311406,2.025522439191504,70.86545049674547,40.72670435080507,38.48706748886605,16.223449811579307,53.06825967797191,22.19724220623501,70.86545049674547,2.025522439191504,57.59677971908188,44.835560123329905,4.15167865707434
aa6d589e4c9a1acb261e,psychiatric_mood,zolpidem,Depressive Disorder,RF,2,37789,GABRA3,2556,lowest ten-seed median rank percentile; ties by mean then index,47.44507965056526,46.37236639260021,41.263060979787596,52.207787341555324,29.9310551558753,57.83872901678657,49.82014388489208,44.23068687906817,52.219295991778004,29.9310551558753,52.87234498115793,52.17326139088729,45.07001541623844,40.27385234669407,57.83872901678657,39.29427886262419
abb93af94e1f280b98e1,cardiovascular_hypertensive,estradiol,Atherosclerosis,HANAMI,1,1588,ESR1,2099,lowest ten-seed median rank percentile; ties by mean then index,35.14474134977732,34.174374785885576,27.938185166152792,40.45477903391573,16.24914354230901,48.633949982870845,44.572199383350465,32.2499143542309,24.094295991778004,34.83855772524837,37.82117163412128,41.332648167180544,16.24914354230901,35.45092497430627,48.633949982870845,26.50094210346009
abb93af94e1f280b98e1,cardiovascular_hypertensive,estradiol,Atherosclerosis,TriMoGCL,1,1588,ESR1,2099,lowest ten-seed median rank percentile; ties by mean then index,19.5561408016444,27.5820058239123,15.108448955121617,41.544621445700585,7.8751284686536485,63.16161356628982,7.8751284686536485,15.90870161014046,15.534001370332305,45.26164782459747,14.966598150051388,63.16161356628982,10.30960945529291,23.203579993148338,43.28965399109284,36.30952380952381
abb93af94e1f280b98e1,cardiovascular_hypertensive,estradiol,Atherosclerosis,TriNet,1,1588,ESR1,2099,lowest ten-seed median rank percentile; ties by mean then index,16.280190133607398,20.958376156217884,10.16294107571086,33.33922147995889,6.093696471394313,45.49075025693731,38.18302500856458,7.097893114080165,6.093696471394313,19.315262076053443,38.01387461459404,45.49075025693731,17.27689277149709,8.911442274751627,13.917437478588557,15.283487495717711
abb93af94e1f280b98e1,cardiovascular_hypertensive,estradiol,Atherosclerosis,N2V-MLP,1,1588,ESR1,2099,lowest ten-seed median rank percentile; ties by mean then index,25.102774922918808,33.27231072285029,16.97873843782117,46.782930798218565,8.363309352517986,77.62504282288455,15.514731072285029,25.149880095923262,21.3707605344296,25.055669749914355,9.048475505310037,66.96214457005824,77.62504282288455,8.363309352517986,51.74931483384721,31.883778691332648
abb93af94e1f280b98e1,cardiovascular_hypertensive,estradiol,Atherosclerosis,RF,1,1588,ESR1,2099,lowest ten-seed median rank percentile; ties by mean then index,5.326096265844467,6.32633179170949,2.8913476361767727,7.177115450496745,1.7482442617334704,14.512675573826654,1.7482442617334704,2.8552158273381294,5.234027064063035,2.4023638232271325,14.512675573826654,14.37671291538198,2.999743062692703,7.496145940390544,6.2200239808153475,5.418165467625899
ac93e9842ecfdef097b4,psychiatric_mood,mirtazapine,Depressive Disorder,HANAMI,13,18030,DRD2,1813,lowest ten-seed median rank percentile; ties by mean then index,8.06890202124015,8.123287084618019,4.568666495375128,10.921976704350804,1.3039568345323742,15.927971908187736,3.894741349777321,9.213343610825625,15.927971908187736,1.3039568345323742,7.292737238780404,11.491521068859198,3.899023638232271,12.786913326481672,6.5775950668037,8.845066803699897
ac93e9842ecfdef097b4,psychiatric_mood,mirtazapine,Depressive Disorder,TriMoGCL,13,22699,HTR2A,3356,lowest ten-seed median rank percentile; ties by mean then index,5.911699212058924,11.673732442617336,3.2004753340184995,15.196235868448099,1.014902363823227,38.056697499143546,1.014902363823227,6.151507365536142,1.5180712572798905,15.66461116820829,38.056697499143546,28.353031860226103,3.3723021582733814,5.671891058581706,3.1431997259335387,13.791109969167524
ac93e9842ecfdef097b4,psychiatric_mood,mirtazapine,Depressive Disorder,TriNet,13,18030,DRD2,1813,lowest ten-seed median rank percentile; ties by mean then index,18.480215827338128,19.636433710174718,11.879603460089072,24.095366563891744,1.091983556012333,47.850291195614936,11.341640972935936,9.436022610483041,23.34061322370675,1.091983556012333,28.502911956149365,18.165467625899282,47.850291195614936,18.794964028776977,13.493490921548476,24.346951010620074
ac93e9842ecfdef097b4,psychiatric_mood,mirtazapine,Depressive Disorder,N2V-MLP,13,18030,DRD2,1813,lowest ten-seed median rank percentile; ties by mean then index,7.34305412812607,12.936579307982186,5.2880909558067835,17.52901250428229,1.2033230558410415,34.07845152449469,7.7830592668722165,33.28194587187393,19.47156560465913,1.2033230558410415,6.25,11.701353203151765,34.07845152449469,4.967454607742377,6.903048989379925,3.725590955806783
ac93e9842ecfdef097b4,psychiatric_mood,mirtazapine,Depressive Disorder,RF,13,22699,HTR2A,3356,lowest ten-seed median rank percentile; ties by mean then index,3.6147867420349433,15.290017985611513,2.537523552586502,16.99131766015759,0.5995203836930456,68.85384549503254,2.9430027406646113,3.861553614251456,5.234027064063035,2.4023638232271325,0.5995203836930456,43.969467283316206,68.85384549503254,20.91041452552244,3.368019869818431,0.7579650565262076
ae241a84250d746b4731,psychiatric_mood,melatonin,Depressive Disorder,HANAMI,1,1721,ESR1,2099,lowest ten-seed median rank percentile; ties by mean then index,9.551644398766701,11.526421719767042,7.63050274066461,14.857399794450153,5.181569030489894,23.796676944158957,8.669492977046934,10.258221993833505,5.181569030489894,6.832391229873244,7.284172661870503,11.536485097636177,23.796676944158957,8.845066803699897,16.895769099006507,15.964371360054812
ae241a84250d746b4731,psychiatric_mood,melatonin,Depressive Disorder,TriMoGCL,1,1721,ESR1,2099,lowest ten-seed median rank percentile; ties by mean then index,6.97584789311408,9.84134121274409,4.785457348406989,9.861039739636862,1.1733470366563892,34.37392942788626,17.1120246659815,7.703836930455635,9.984155532716684,9.491692360397396,1.1733470366563892,34.37392942788626,2.1775436793422407,6.247858855772525,4.496402877697841,5.65262076053443
ae241a84250d746b4731,psychiatric_mood,melatonin,Depressive Disorder,TriNet,1,1721,ESR1,2099,lowest ten-seed median rank percentile; ties by mean then index,20.173860911270985,25.17471736896197,15.307575368276806,30.158551730044536,7.2199383350462485,55.18371017471737,17.927800616649538,28.97182254196643,10.92411784857828,30.554128126070573,7.2199383350462485,55.18371017471737,47.497002398081534,22.41992120589243,15.957947927372388,15.090784515244946
ae241a84250d746b4731,psychiatric_mood,melatonin,Depressive Disorder,N2V-MLP,1,1721,ESR1,2099,lowest ten-seed median rank percentile; ties by mean then index,10.306397738951695,16.851233299075027,7.3377012675573825,19.999357656731757,0.8436108256252142,60.67360397396369,9.714371360054812,21.813977389516957,4.117420349434738,14.555498458376157,0.8436108256252142,60.67360397396369,29.635577252483728,9.896368619390202,6.545477903391572,10.71642685851319
ae241a84250d746b4731,psychiatric_mood,melatonin,Depressive Disorder,RF,1,1721,ESR1,2099,lowest ten-seed median rank percentile; ties by mean then index,14.085517300445357,15.963836073997944,7.471790424803015,22.943966255566973,1.7482442617334704,35.45306611853375,1.7482442617334704,23.166109969167522,13.431397738951695,5.911699212058925,5.596951010620075,35.45306611853375,14.73963686193902,25.161656389174375,12.152064063035287,22.27753511476533
ae7e262357ee7ac6217f,prostate_oncology,prednisolone,Prostatic Neoplasms,HANAMI,1,2999,NR3C1,2908,lowest ten-seed median rank percentile; ties by mean then index,2.165767386091127,10.778520041109967,0.3773766700924974,8.661463686193903,0.004282288454950325,69.8783830078794,15.690304898937992,2.9397910243233984,0.27834874957177114,0.6744604316546763,8.894313120931827,1.3917437478588557,0.004282288454950325,0.07065775950668036,69.8783830078794,7.96291538198013
ae7e262357ee7ac6217f,prostate_oncology,prednisolone,Prostatic Neoplasms,TriMoGCL,1,2999,NR3C1,2908,lowest ten-seed median rank percentile; ties by mean then index,11.896197327852004,31.772867420349435,5.498993662213087,55.025265501884206,3.4151250428228845,97.59977732100035,75.59095580678314,7.055070229530661,3.4151250428228845,40.7331277834875,6.830250085645769,16.73732442617335,4.922490578965399,5.055241521068859,97.59977732100035,59.789311408016445
ae7e262357ee7ac6217f,prostate_oncology,prednisolone,Prostatic Neoplasms,TriNet,1,2999,NR3C1,2908,lowest ten-seed median rank percentile; ties by mean then index,59.982014388489205,56.53412983898596,48.56489808153477,69.70762675573826,2.697841726618705,83.46180198698184,43.34104145255225,76.25685166152792,68.39885234669407,46.59129838985954,2.697841726618705,59.75077081192189,60.21325796505653,54.48569715656046,83.46180198698184,70.14388489208633
ae7e262357ee7ac6217f,prostate_oncology,prednisolone,Prostatic Neoplasms,N2V-MLP,1,2999,NR3C1,2908,lowest ten-seed median rank percentile; ties by mean then index,28.92685851318945,40.35264645426516,21.938699040767386,65.36163926002055,1.6743747858855773,84.67583076396026,67.91495375128468,78.60568687906817,20.231671805412812,28.145340870161014,27.059780746831105,1.6743747858855773,7.8087529976019185,29.708376156217884,84.67583076396026,57.70169578622816
ae7e262357ee7ac6217f,prostate_oncology,prednisolone,Prostatic Neoplasms,RF,1,2999,NR3C1,2908,lowest ten-seed median rank percentile; ties by mean then index,55.53914011647825,53.8601618705036,33.145715570400824,68.11381252141145,20.91041452552244,98.42625899280576,70.55284343953409,60.796719767043506,77.86378040424803,31.912684138403563,30.215827338129497,52.17326139088729,58.905018842069204,20.91041452552244,98.42625899280576,36.8448098663926
afcf3e97407b8cb02119,prostate_oncology,fulvestrant,Prostatic Neoplasms,HANAMI,1,2187,ESR1,2099,lowest ten-seed median rank percentile; ties by mean then index,8.044278862624186,12.218653648509765,5.407995032545393,18.127997601918466,0.9913497773210004,29.487838300787942,16.840099349092156,8.463943131209318,23.663926002055497,6.755310037684138,4.8432682425488185,4.958890030832477,0.9913497773210004,7.624614594039055,18.557297019527237,29.487838300787942
afcf3e97407b8cb02119,prostate_oncology,fulvestrant,Prostatic Neoplasms,TriMoGCL,1,2187,ESR1,2099,lowest ten-seed median rank percentile; ties by mean then index,5.997344981157931,14.372858855772524,2.251413155190134,21.849841555327167,0.5331449126413155,44.61288112367249,2.2118019869818433,2.370246659815005,44.61288112367249,7.96719767043508,0.5331449126413155,39.829564919492974,1.106971565604659,4.027492291880781,23.165039397053786,17.90424803014731
afcf3e97407b8cb02119,prostate_oncology,fulvestrant,Prostatic Neoplasms,TriNet,1,2187,ESR1,2099,lowest ten-seed median rank percentile; ties by mean then index,25.448569715656046,30.19741349777321,20.1872430626927,39.49554642000685,9.615878725590957,61.95400822199383,18.88275094210346,31.787427201096264,9.615878725590957,42.06491949297705,24.558924289140116,61.95400822199383,26.338215142171975,12.767643028434396,24.100719424460433,49.90364850976362
afcf3e97407b8cb02119,prostate_oncology,fulvestrant,Prostatic Neoplasms,N2V-MLP,1,2187,ESR1,2099,lowest ten-seed median rank percentile; ties by mean then index,17.05421377183967,25.182211373758133,11.13287941075711,42.30098064405618,4.637718396711202,50.91426858513189,4.637718396711202,40.24708804385063,50.91426858513189,12.465741692360398,4.909643713600548,50.86502226789997,13.302929085303186,10.688591983556012,20.805498458376157,42.985611510791365
afcf3e97407b8cb02119,prostate_oncology,fulvestrant,Prostatic Neoplasms,RF,1,2187,ESR1,2099,lowest ten-seed median rank percentile; ties by mean then index,6.040703151764303,7.641957862281602,3.125535286056869,10.065251370332305,0.4764045906132237,21.14058752997602,2.279248030147311,7.470452209660842,3.502911956149366,0.4764045906132237,4.610954093867763,10.699297704693388,2.999743062692703,15.076867077766359,21.14058752997602,8.163112367249058
b025fba85547b70e20bc,breast_oncology,dasatinib,Breast Neoplasms,HANAMI,1,15324,KIT,3815,lowest ten-seed median rank percentile; ties by mean then index,12.168122644741349,20.72798903734155,5.592668722165125,24.34052757793765,0.17129153819801302,85.60080507022953,12.853288797533402,18.411699212058924,85.60080507022953,26.316803699897225,8.650222678999658,4.031774580335731,0.17129153819801302,4.5734840698869474,11.482956491949297,35.18756423432682
b025fba85547b70e20bc,breast_oncology,dasatinib,Breast Neoplasms,TriMoGCL,1,15324,KIT,3815,lowest ten-seed median rank percentile; ties by mean then index,5.8431825967797195,16.38103802672148,3.1619347379239464,21.99918636519356,0.14773895169578624,62.29230900993491,3.879753340184995,8.982100034258307,62.29230900993491,26.338215142171975,2.6314662555669748,0.14773895169578624,6.483384720794793,2.922661870503597,5.202980472764645,44.92977046933881
b025fba85547b70e20bc,breast_oncology,dasatinib,Breast Neoplasms,TriNet,1,15324,KIT,3815,lowest ten-seed median rank percentile; ties by mean then index,21.867505995203835,22.365964371360057,14.43505909558068,30.416559609455295,6.566889345666324,39.28357314148681,6.566889345666324,30.907416923603975,13.889602603631381,16.071428571428573,20.053956834532375,28.94398766700925,6.789568345323741,37.47216512504282,39.28357314148681,23.6810551558753
b025fba85547b70e20bc,breast_oncology,dasatinib,Breast Neoplasms,N2V-MLP,1,15324,KIT,3815,lowest ten-seed median rank percentile; ties by mean then index,11.491521068859198,12.7843439534087,6.770833333333334,14.065176430284344,0.7922233641658102,39.46342925659472,4.753340184994861,14.334960602946214,39.46342925659472,7.62675573826653,6.485525865022268,13.204436450839328,9.778605686879068,13.255823912298732,0.7922233641658102,18.14833847207948
b025fba85547b70e20bc,breast_oncology,dasatinib,Breast Neoplasms,RF,1,15324,KIT,3815,lowest ten-seed median rank percentile; ties by mean then index,13.821621274409043,22.58007879410757,10.91555327166838,36.75247302158273,6.957648167180541,48.47550531003768,12.049289140116478,14.211844809866392,13.431397738951695,10.537641315519013,45.230601233299076,39.830635491606714,6.957648167180541,27.51798561151079,7.558239122987325,48.47550531003768
b0a3d2a7f99e955e3971,psychiatric_mood,propofol,Depressive Disorder,HANAMI,1,38042,GABRA3,2556,lowest ten-seed median rank percentile; ties by mean then index,18.478074683110655,18.7761219595752,10.032866563891744,21.217668722165126,7.449040767386091,50.96993833504625,9.947756080849606,10.288198013018157,8.785114765330592,7.449040767386091,50.96993833504625,18.283230558410416,21.88891743747859,19.203922576224734,18.672918807810895,22.272182254196643
b0a3d2a7f99e955e3971,psychiatric_mood,propofol,Depressive Disorder,TriMoGCL,1,38042,GABRA3,2556,lowest ten-seed median rank percentile; ties by mean then index,28.95148167180541,33.0874229188078,18.606543336759163,33.87905746831106,10.320315176430285,87.83401849948612,28.93542309009935,20.25094210346009,18.05841041452552,15.060808496060295,87.83401849948612,35.18756423432682,29.95353717026379,56.30566974991435,28.967540253511476,10.320315176430285
b0a3d2a7f99e955e3971,psychiatric_mood,propofol,Depressive Disorder,TriNet,1,38042,GABRA3,2556,lowest ten-seed median rank percentile; ties by mean then index,31.456620417951353,27.877697841726622,15.516336930455635,39.17865707434053,3.1817403220280918,47.246488523466944,44.0861596437136,40.30704008221994,29.841127098321344,13.071685508735868,22.850291195614936,47.246488523466944,35.79350805070229,9.326824254881808,3.1817403220280918,33.07211373758136
b0a3d2a7f99e955e3971,psychiatric_mood,propofol,Depressive Disorder,N2V-MLP,1,38042,GABRA3,2556,lowest ten-seed median rank percentile; ties by mean then index,46.029248030147315,41.35748544021926,38.704928914011646,48.59755053100377,7.211373758136348,74.10928400137033,36.84052757793765,46.17805755395683,49.24417608770127,46.657673860911274,7.211373758136348,44.29813292223364,55.654761904761905,45.88043850633779,74.10928400137033,7.500428228845495
b0a3d2a7f99e955e3971,psychiatric_mood,propofol,Depressive Disorder,RF,1,38042,GABRA3,2556,lowest ten-seed median rank percentile; ties by mean then index,32.7284600890716,36.05055241521069,29.203066118533744,44.74697028091812,13.05348578280233,62.83294792737239,27.39808153477218,47.89953751284686,30.512375813634808,13.05348578280233,35.28926858513189,29.10457348406989,34.944544364508396,49.97216512504282,62.83294792737239,29.498544021925316
b0add92a3f28d5dcb49f,cardiovascular_hypertensive,betrixaban,"Arrhythmias, Cardiac",HANAMI,1,17514,KCNH2,3757,lowest ten-seed median rank percentile; ties by mean then index,29.892514559780746,33.60975505310038,28.622280746831105,41.27376670092497,12.953922576224734,53.10251798561151,29.08958547447756,29.32082905104488,26.732185680027406,43.450239808153476,12.953922576224734,30.464200068516615,28.46651250428229,47.77321000342583,53.10251798561151,34.744347379239464
b0add92a3f28d5dcb49f,cardiovascular_hypertensive,betrixaban,"Arrhythmias, Cardiac",TriMoGCL,1,17514,KCNH2,3757,lowest ten-seed median rank percentile; ties by mean then index,26.825325453922574,29.139260020554985,23.6810551558753,29.384528091812264,19.039054470709146,49.993576567317575,23.764559780746833,42.71368619390202,30.053100376841385,26.879924631723192,27.378811236724907,19.039054470709146,49.993576567317575,26.77072627612196,21.145940390544705,23.653220280918124
b0add92a3f28d5dcb49f,cardiovascular_hypertensive,betrixaban,"Arrhythmias, Cardiac",TriNet,1,17514,KCNH2,3757,lowest ten-seed median rank percentile; ties by mean then index,35.04838985954094,35.90591812264474,20.436151079136692,48.56061579307982,1.8007022953066119,70.27877697841727,1.8007022953066119,16.861510791366907,4.07245632065776,70.27877697841727,31.16007194244604,36.50222678999658,33.5945529290853,69.93833504624871,49.695957519698524,45.154590613223704
b0add92a3f28d5dcb49f,cardiovascular_hypertensive,betrixaban,"Arrhythmias, Cardiac",N2V-MLP,1,17514,KCNH2,3757,lowest ten-seed median rank percentile; ties by mean then index,38.58984241178486,41.43135491606715,28.938099520383695,53.251862795477905,10.913412127440905,73.14576909900651,10.913412127440905,53.50933538883179,26.479530661185336,73.14576909900651,28.275950668036998,38.04170948955122,52.47944501541624,61.40587529976019,39.1379753340185,30.924546077423777
b0add92a3f28d5dcb49f,cardiovascular_hypertensive,betrixaban,"Arrhythmias, Cardiac",RF,1,17514,KCNH2,3757,lowest ten-seed median rank percentile; ties by mean then index,43.57228502911956,46.112431483384725,38.29463215142172,55.500867163412124,22.033444672833163,74.19064748201438,38.193730729701954,44.23068687906817,22.033444672833163,58.92428914011648,45.230601233299076,74.19064748201438,42.91388317917095,67.31115107913669,38.59733641658102,29.498544021925316
b0b49e3e3ffed2ecccde,psychiatric_mood,bromperidol,"Depressive Disorder, Major",HANAMI,1,19196,DRD2,1813,lowest ten-seed median rank percentile; ties by mean then index,5.79821856800274,9.753768413840357,3.7448612538540593,10.23413412127441,3.0511305241521067,34.521668379582046,4.969595751969853,10.333162041795136,17.02423775265502,3.7234498115793078,3.541452552243919,3.0511305241521067,3.8090955806783144,9.93705035971223,6.626841384035629,34.521668379582046
b0b49e3e3ffed2ecccde,psychiatric_mood,bromperidol,"Depressive Disorder, Major",TriMoGCL,1,19196,DRD2,1813,lowest ten-seed median rank percentile; ties by mean then index,18.04984583761562,15.6119390202124,5.488823227132579,20.43293936279548,2.7042651593011304,39.03734155532717,20.736981843096952,17.50599520383693,39.03734155532717,4.704093867762933,19.52081192189106,7.643884892086331,18.593696471394313,2.7042651593011304,20.90184994861254,4.770469338814663
b0b49e3e3ffed2ecccde,psychiatric_mood,bromperidol,"Depressive Disorder, Major",TriNet,1,19196,DRD2,1813,lowest ten-seed median rank percentile; ties by mean then index,16.233084960602945,18.400779376498804,10.066054299417608,24.035949811579307,1.2846865364850977,47.736810551558754,6.359198355601233,24.93790681740322,28.958975676601575,1.2846865364850977,47.736810551558754,11.268842069201781,9.665125042822885,16.469681397738952,15.99648852346694,21.33007879410757
b0b49e3e3ffed2ecccde,psychiatric_mood,bromperidol,"Depressive Disorder, Major",N2V-MLP,1,19196,DRD2,1813,lowest ten-seed median rank percentile; ties by mean then index,8.992805755395684,17.4008650222679,5.039718225419664,14.237538540596095,0.5952380952380952,58.32476875642343,5.571257279890373,56.38275094210346,58.32476875642343,0.5952380952380952,14.377783487495718,11.16820829051045,6.8174032202809185,2.091897910243234,4.862538540596095,13.816803699897225
b0b49e3e3ffed2ecccde,psychiatric_mood,bromperidol,"Depressive Disorder, Major",RF,1,19196,DRD2,1813,lowest ten-seed median rank percentile; ties by mean then index,12.733920006851662,21.078173175745114,2.643777834874957,34.0053849777321,0.9827852004110997,66.58530318602261,5.604445015416238,66.58530318602261,49.810508735868446,2.4023638232271325,37.771925316889345,22.705763960260363,1.6872216512504283,0.9827852004110997,3.368019869818431,19.863394998287085
b0eda47e645fabe2fd0a,prostate_oncology,lenalidomide,Prostatic Neoplasms,HANAMI,1,10707,PTGS2,5743,lowest ten-seed median rank percentile; ties by mean then index,3.9803871188763273,5.301473107228503,1.3077038369304557,7.0609583761562185,0.3789825282631038,15.538283658787256,15.538283658787256,7.256337786913327,4.177372387804042,1.4281431997259335,1.2675573826652964,0.3789825282631038,1.076995546420007,3.7834018499486124,11.632836587872559,6.474820143884892
b0eda47e645fabe2fd0a,prostate_oncology,lenalidomide,Prostatic Neoplasms,TriMoGCL,1,10707,PTGS2,5743,lowest ten-seed median rank percentile; ties by mean then index,7.4897225077081195,12.906817403220282,2.3788112367249057,19.845195272353546,0.08136348064405619,43.64080164439876,26.94201781431997,2.0854744775608083,10.238951695786229,4.74049331963001,1.6679513532031518,0.08136348064405619,43.64080164439876,3.2588215142171975,21.48424117848578,14.928057553956835
b0eda47e645fabe2fd0a,prostate_oncology,lenalidomide,Prostatic Neoplasms,TriNet,1,10707,PTGS2,5743,lowest ten-seed median rank percentile; ties by mean then index,53.88082391229873,48.10551558752998,29.852903391572458,66.22398509763617,8.425402535114765,70.05609797875985,48.27637889688249,47.976618705035975,59.48526892771497,69.52937649880096,22.993747858855773,8.425402535114765,70.05609797875985,67.19767043508051,63.302929085303184,23.811664953751286
b0eda47e645fabe2fd0a,prostate_oncology,lenalidomide,Prostatic Neoplasms,N2V-MLP,1,10707,PTGS2,5743,lowest ten-seed median rank percentile; ties by mean then index,36.85123329907502,35.883007879410755,27.450539568345324,44.71083847207948,3.213857485440219,63.07596779719082,37.714114422747514,46.79256594724221,63.07596779719082,24.346951010620074,35.98835217540253,3.213857485440219,54.07673860911271,27.323141486810552,27.83273381294964,38.4656560465913
b0eda47e645fabe2fd0a,prostate_oncology,lenalidomide,Prostatic Neoplasms,RF,1,10707,PTGS2,5743,lowest ten-seed median rank percentile; ties by mean then index,42.64731072285029,42.37078194587187,35.43111939020213,48.66365835902707,16.348706748886606,78.81230729701953,23.60504453579993,38.75685166152792,49.810508735868446,48.9486981843097,47.80853888317917,16.348706748886606,78.81230729701953,40.27385234669407,45.02076909900651,34.32254196642686
b26add0a4baaf58dc829,psychiatric_mood,mifepristone,Depressive Disorder,HANAMI,2,5566,AR,367,lowest ten-seed median rank percentile; ties by mean then index,12.14992291880781,14.079307982185682,10.580464200068516,13.661570743405276,6.369904076738609,34.1469681397739,7.605344295991778,11.694929770469338,6.369904076738609,11.89405618362453,34.1469681397739,13.613394998287085,19.17608770126756,10.208975676601575,13.67762932511134,12.405789653991093
b26add0a4baaf58dc829,psychiatric_mood,mifepristone,Depressive Disorder,TriMoGCL,2,5566,AR,367,lowest ten-seed median rank percentile; ties by mean then index,4.110996916752312,8.670991778006167,1.8328194587187392,11.028498629667695,0.21411442274751627,34.03991092840014,3.3615964371360056,1.7750085645769098,0.4624871531346352,8.34832134292566,34.03991092840014,11.921891058581705,0.21411442274751627,4.86039739636862,19.719938335046248,2.0062521411442273
b26add0a4baaf58dc829,psychiatric_mood,mifepristone,Depressive Disorder,TriNet,2,5566,AR,367,lowest ten-seed median rank percentile; ties by mean then index,8.572070914696814,10.453066118533744,3.3669492977046938,13.491349777321,1.0491606714628297,35.97336416581021,13.75685166152792,2.8841212744090443,2.115450496745461,12.307297019527235,35.97336416581021,12.69484412470024,4.836844809866393,1.0491606714628297,14.097293593696472,4.815433367591641
b26add0a4baaf58dc829,psychiatric_mood,mifepristone,Depressive Disorder,N2V-MLP,2,5566,AR,367,lowest ten-seed median rank percentile; ties by mean then index,6.5979359369647135,9.837058924289142,1.6170991778006167,15.737410071942445,0.9099862966769442,28.854059609455295,0.9099862966769442,1.5416238437821173,1.8435251798561152,3.899023638232271,9.603031860226105,17.782202809181225,28.854059609455295,9.296848235697157,23.124357656731757,1.5159301130524152
b26add0a4baaf58dc829,psychiatric_mood,mifepristone,Depressive Disorder,RF,2,5566,AR,367,lowest ten-seed median rank percentile; ties by mean then index,15.294728502911957,17.833590270640634,11.993887033230559,23.63796462829736,8.687692702980472,31.305669749914355,9.249743062692703,12.73017300445358,8.687692702980472,11.748458376156218,30.215827338129497,18.437392942788627,31.305669749914355,15.076867077766359,25.37148852346694,15.512589928057555
b332e9a99eeff43c7a5b,psychiatric_mood,minocycline,"Depressive Disorder, Major",HANAMI,1,22114,VEGFA,7422,lowest ten-seed median rank percentile; ties by mean then index,46.422147995889006,41.41658102089757,23.245332305584103,53.716491092840016,13.547019527235355,79.10029119561494,14.317831449126412,49.263446385748544,25.541709489551216,55.20083932853717,79.10029119561494,22.479873244261732,47.71111682082905,61.8705035971223,45.13317917094896,13.547019527235355
b332e9a99eeff43c7a5b,psychiatric_mood,minocycline,"Depressive Disorder, Major",TriMoGCL,1,22114,VEGFA,7422,lowest ten-seed median rank percentile; ties by mean then index,25.781517643028437,37.60641486810552,20.732699554642,44.08080678314491,14.127269612881124,99.23132922233641,40.435508735868446,14.127269612881124,24.92505995203837,22.35782802329565,99.23132922233641,20.190990065090784,45.295906132237064,15.043679342240493,67.8186022610483,26.6379753340185
b332e9a99eeff43c7a5b,psychiatric_mood,minocycline,"Depressive Disorder, Major",TriNet,1,22114,VEGFA,7422,lowest ten-seed median rank percentile; ties by mean then index,63.23120075368277,55.605515587529986,34.56127954779034,82.27935508735868,3.633521754025351,85.80635491606715,3.633521754025351,31.008050702295307,80.76181911613567,83.64379924631723,53.04256594724221,16.733042137718396,45.22096608427544,82.7852004110997,85.80635491606715,73.41983556012333
b332e9a99eeff43c7a5b,psychiatric_mood,minocycline,"Depressive Disorder, Major",N2V-MLP,1,22114,VEGFA,7422,lowest ten-seed median rank percentile; ties by mean then index,11.860868448098664,19.906217882836586,5.11679941760877,31.269270298047278,2.0469338814662557,63.302929085303184,11.345923261390887,4.200924974306269,5.641915039397054,35.88557725248373,63.302929085303184,2.0469338814662557,4.941760877012675,41.90005138746146,17.420349434737926,12.375813634806441
b332e9a99eeff43c7a5b,psychiatric_mood,minocycline,"Depressive Disorder, Major",RF,1,22114,VEGFA,7422,lowest ten-seed median rank percentile; ties by mean then index,46.944051901336074,50.6188977389517,43.3787791195615,58.739080164439876,28.780190133607398,76.22152278177458,47.64902363823227,28.780190133607398,44.77346694073313,76.22152278177458,63.84892086330935,39.830635491606714,42.91388317917095,56.42022096608427,59.51203323055841,46.239080164439876
b5a4dc62ed1a9e89e2ad,psychiatric_mood,cariprazine,Depressive Disorder,HANAMI,4,18891,DRD2,1813,lowest ten-seed median rank percentile; ties by mean then index,9.92848578280233,10.954736211031175,8.771732613908872,12.666473963686194,1.4902363823227132,24.498972250770812,4.46642685851319,10.609369647139431,17.31115107913669,1.4902363823227132,9.399623158615965,10.187564234326825,9.669407331277835,13.352175402535115,24.498972250770812,8.562435765673175
b5a4dc62ed1a9e89e2ad,psychiatric_mood,cariprazine,Depressive Disorder,TriMoGCL,4,18891,DRD2,1813,lowest ten-seed median rank percentile; ties by mean then index,8.02072627612196,13.221137375813631,5.840506166495375,18.62206663240836,2.5458204864679685,40.238523466940734,5.4813292223364165,19.760620075368276,21.908187735525864,6.9180369989722506,40.238523466940734,15.206406303528606,7.260620075368277,2.5458204864679685,8.780832476875643,4.110996916752312
b5a4dc62ed1a9e89e2ad,psychiatric_mood,cariprazine,Depressive Disorder,TriNet,4,18891,DRD2,1813,lowest ten-seed median rank percentile; ties by mean then index,15.851961288112367,15.08436108256252,7.829093867762933,20.771775436793423,0.5245803357314148,32.474734498115794,8.102089756766016,21.606286399451868,24.00436793422405,0.5245803357314148,32.474734498115794,6.421291538198013,7.738095238095238,17.660157588215142,14.043764988009592,18.268242548818087
b5a4dc62ed1a9e89e2ad,psychiatric_mood,cariprazine,Depressive Disorder,N2V-MLP,4,18891,DRD2,1813,lowest ten-seed median rank percentile; ties by mean then index,13.761133949982872,24.6683367591641,9.188185166152792,35.461630695443645,1.11981843096951,74.34695101062007,30.939534087016103,74.34695101062007,49.71094552929085,1.11981843096951,8.986382322713258,10.870589242891402,7.294878383007879,9.793593696471394,36.96899623158616,16.651678657074342
b5a4dc62ed1a9e89e2ad,psychiatric_mood,cariprazine,Depressive Disorder,RF,4,18891,DRD2,1813,lowest ten-seed median rank percentile; ties by mean then index,6.1536485097636175,6.894698526892772,4.314673261390888,8.292116306954437,2.4023638232271325,13.873544021925317,6.71034600890716,8.736939020212402,11.80948098663926,2.4023638232271325,5.596951010620075,4.204136690647482,6.957648167180541,4.354016786570743,13.873544021925317,4.301558752997602
b62d007e049e4ff4d48d,psychiatric_mood,cariprazine,Bipolar Disorder,HANAMI,4,18892,DRD2,1813,lowest ten-seed median rank percentile; ties by mean then index,4.896796848235697,5.055241521068859,3.1469467283316206,7.1487452894827,0.7665296334361082,9.802158273381295,1.7814319972593353,4.487838300787941,9.802158273381295,0.7665296334361082,4.121702637889689,2.8220280918122644,5.305755395683454,5.920263788968825,7.558239122987325,7.986467968482357
b62d007e049e4ff4d48d,psychiatric_mood,cariprazine,Bipolar Disorder,TriMoGCL,4,18892,DRD2,1813,lowest ten-seed median rank percentile; ties by mean then index,3.8829650565262077,5.151164782459746,1.5025479616306954,8.253040424803014,0.1777149708804385,13.120931825967798,3.528605686879068,9.236896197327852,13.120931825967798,0.8500342583076396,11.831963001027749,5.301473107228503,4.237324426173347,1.3917437478588557,1.8349606029462144,0.1777149708804385
b62d007e049e4ff4d48d,psychiatric_mood,cariprazine,Bipolar Disorder,TriNet,4,18892,DRD2,1813,lowest ten-seed median rank percentile; ties by mean then index,17.647310722850293,18.72858855772525,10.78226704350805,27.2433838643371,0.7686707776635834,37.68413840356286,16.16563891743748,27.792052072627612,25.59737923946557,0.7686707776635834,37.68413840356286,8.690904419321685,9.821428571428571,19.128982528263105,13.664782459746489,27.971908187735526
b62d007e049e4ff4d48d,psychiatric_mood,cariprazine,Bipolar Disorder,N2V-MLP,4,18892,DRD2,1813,lowest ten-seed median rank percentile; ties by mean then index,16.042523124357658,21.208890030832478,4.15167865707434,31.241435423090095,0.6594724220623501,68.2489722507708,25.820058239122986,68.2489722507708,33.048561151079134,0.6594724220623501,6.393456663240836,3.4044193216855088,7.425488180883864,2.869133264816718,39.55978074683111,24.659558067831448
b62d007e049e4ff4d48d,psychiatric_mood,cariprazine,Bipolar Disorder,RF,4,18892,DRD2,1813,lowest ten-seed median rank percentile; ties by mean then index,6.123672490578965,6.9351661527920525,4.620053956834532,8.292116306954437,1.7503854059609456,13.873544021925317,5.604445015416238,8.736939020212402,11.80948098663926,1.7503854059609456,6.642899965741693,4.204136690647482,6.957648167180541,4.354016786570743,13.873544021925317,5.418165467625899
b635fb093604c761c4f5,psychiatric_mood,mifepristone,"Depressive Disorder, Major",HANAMI,1,2963,NR3C1,2908,lowest ten-seed median rank percentile; ties by mean then index,9.32575368276807,11.414439876670091,7.25473192874272,14.689319972593353,3.537170263788969,26.498800959232614,9.399623158615965,7.551815690304899,5.0445357999314835,13.048132922233641,17.420349434737926,7.155704008221994,3.537170263788969,9.251884206920177,26.498800959232614,15.236382322713258
b635fb093604c761c4f5,psychiatric_mood,mifepristone,"Depressive Disorder, Major",TriMoGCL,1,2963,NR3C1,2908,lowest ten-seed median rank percentile; ties by mean then index,20.336587872559097,37.934438163754706,14.436129667694416,64.94304556354916,9.097721822541967,98.48621103117506,85.05695443645084,9.097721822541967,12.116735183281946,23.85877012675574,78.6378040424803,13.163754710517301,18.25325453922576,20.092497430626928,98.48621103117506,20.580678314491266
b635fb093604c761c4f5,psychiatric_mood,mifepristone,"Depressive Disorder, Major",TriNet,1,2963,NR3C1,2908,lowest ten-seed median rank percentile; ties by mean then index,34.423175745118186,31.234583761562174,12.813677629325111,42.68745717711545,4.680541281260706,72.83316204179513,6.149366221308667,36.72490578965399,44.67497430626927,11.033316204179513,4.680541281260706,18.154761904761905,35.951952723535456,49.248458376156215,72.83316204179513,32.894398766700924
b635fb093604c761c4f5,psychiatric_mood,mifepristone,"Depressive Disorder, Major",N2V-MLP,1,2963,NR3C1,2908,lowest ten-seed median rank percentile; ties by mean then index,12.683067831449126,16.709917780061666,5.274173518328195,19.28207434052758,0.4389345666324084,70.52072627612196,19.473706748886606,5.551986981843097,1.8777834874957178,15.435508735868448,5.181569030489894,0.4389345666324084,9.930626927029804,19.98115793079822,70.52072627612196,18.707177115450495
b635fb093604c761c4f5,psychiatric_mood,mifepristone,"Depressive Disorder, Major",RF,1,2963,NR3C1,2908,lowest ten-seed median rank percentile; ties by mean then index,55.3667780061665,58.338365022267894,45.129967454607744,62.31719981157931,37.771925316889345,97.09339671120247,83.32798047276465,63.727946214457006,44.77346694073313,46.19946899623159,37.771925316889345,58.08496060294622,54.31333504624872,56.42022096608427,97.09339671120247,41.67094895512162
b8062edc606461e59683,cardiovascular_hypertensive,carvedilol,"Arrhythmias, Cardiac",HANAMI,1,17435,KCNH2,3757,lowest ten-seed median rank percentile; ties by mean then index,23.26567317574512,22.604916067146284,12.890223535457348,30.600162726961287,8.42326139088729,38.472079479273724,19.89979445015416,23.002312435765674,10.553699897225076,33.67591640972936,9.02064063035286,28.008307639602602,8.42326139088729,38.472079479273724,23.529033915724565,31.464114422747517
b8062edc606461e59683,cardiovascular_hypertensive,carvedilol,"Arrhythmias, Cardiac",TriMoGCL,1,17435,KCNH2,3757,lowest ten-seed median rank percentile; ties by mean then index,9.98522610483042,15.176644398766701,7.007429770469339,23.04406474820144,1.8756423432682425,38.64765330592669,6.686793422404933,38.64765330592669,9.34823569715656,26.732185680027406,10.622216512504282,6.813120931825968,7.590356286399452,11.979701952723536,1.8756423432682425,31.470537855429942
b8062edc606461e59683,cardiovascular_hypertensive,carvedilol,"Arrhythmias, Cardiac",TriNet,1,17435,KCNH2,3757,lowest ten-seed median rank percentile; ties by mean then index,36.062221651250425,35.574683110654334,22.75179856115108,45.00310465912984,0.6808838643371018,74.85226104830421,0.6808838643371018,22.0430798218568,2.813463514902364,74.85226104830421,36.78271668379582,35.34172661870504,24.877954779033917,71.81183624528948,46.73475505310038,39.80815347721823
b8062edc606461e59683,cardiovascular_hypertensive,carvedilol,"Arrhythmias, Cardiac",N2V-MLP,1,17435,KCNH2,3757,lowest ten-seed median rank percentile; ties by mean then index,12.325496745460775,23.89152963343611,9.105215827338128,42.72760363138061,1.70863309352518,62.54068174032203,1.70863309352518,48.63180883864337,9.159815005138746,62.54068174032203,10.01627269612881,25.014988009592326,14.634720794792738,56.288540596094556,1.8328194587187392,9.08701610140459
b8062edc606461e59683,cardiovascular_hypertensive,carvedilol,"Arrhythmias, Cardiac",RF,1,17435,KCNH2,3757,lowest ten-seed median rank percentile; ties by mean then index,37.62418636519356,36.9243533744433,20.651871360054812,47.769195357999315,7.899751627269612,79.67090613223706,7.899751627269612,44.23068687906817,11.80948098663926,48.9486981843097,17.702980472764647,54.23411270983213,38.84142685851319,79.67090613223706,36.40694587187393,29.498544021925316
b84ebbe34c9033ab7211,psychiatric_mood,naltrexone,Depressive Disorder,HANAMI,2,28805,OPRM1,4988,lowest ten-seed median rank percentile; ties by mean then index,19.924417608770128,23.621103117506,16.000235525865023,23.952980472764647,11.273124357656732,58.12778348749572,11.273124357656732,18.195443645083934,15.268499486125386,19.15253511476533,20.696300102774924,21.62769784172662,32.628896882494004,14.512675573826654,58.12778348749572,24.728074683110655
b84ebbe34c9033ab7211,psychiatric_mood,naltrexone,Depressive Disorder,TriMoGCL,2,28805,OPRM1,4988,lowest ten-seed median rank percentile; ties by mean then index,18.179385063377868,21.56217882836588,15.00139174374786,22.00828622816033,10.65861596437136,52.21394313120932,23.107228502911955,14.300702295306612,17.1034600890716,18.711459403905447,18.144056183624528,18.21471394313121,13.675488180883864,29.49212058924289,52.21394313120932,10.65861596437136
b84ebbe34c9033ab7211,psychiatric_mood,naltrexone,Depressive Disorder,TriNet,2,16043,OPRK1,4986,lowest ten-seed median rank percentile; ties by mean then index,46.02924803014731,47.22122302158274,36.03063977389517,48.38985954093868,34.29042480301473,90.28134635149024,35.433795820486466,47.90810208975677,34.73792394655704,46.98098663926002,90.28134635149024,34.29042480301473,48.550445357999315,45.0775094210346,51.13052415210689,37.82117163412128
b84ebbe34c9033ab7211,psychiatric_mood,naltrexone,Depressive Disorder,N2V-MLP,2,28805,OPRM1,4988,lowest ten-seed median rank percentile; ties by mean then index,28.0821771154505,29.763831791709485,18.304106714628297,34.557532545392256,11.868362452894827,62.142428914011646,30.733984241178486,50.26550188420692,11.868362452894827,35.67574511819116,19.079736211031175,31.202894826995546,18.045563549160672,62.142428914011646,25.430369989722507,13.193730729701953
b84ebbe34c9033ab7211,psychiatric_mood,naltrexone,Depressive Disorder,RF,2,28805,OPRM1,4988,lowest ten-seed median rank percentile; ties by mean then index,17.52473021582734,21.05654761904762,13.762204522096608,27.695165296334363,4.301558752997602,45.36335217540253,27.39808153477218,15.888360739979445,16.69664268585132,13.05348578280233,27.79419321685509,31.242505995203835,18.352817745803357,45.36335217540253,10.474477560808497,4.301558752997602
b9901165d43596ec37fe,psychiatric_mood,risperidone,Depressive Disorder,HANAMI,9,18392,DRD2,1813,lowest ten-seed median rank percentile; ties by mean then index,7.005823912298732,6.452766358341899,4.059609455292909,8.234840698869476,0.9506680369989723,12.660585817060637,3.305926687221651,7.676002055498459,12.660585817060637,0.9506680369989723,6.502655018842069,7.508992805755396,4.001798561151079,9.266872216512505,4.233042137718397,8.421120246659815
b9901165d43596ec37fe,psychiatric_mood,risperidone,Depressive Disorder,TriMoGCL,9,18392,DRD2,1813,lowest ten-seed median rank percentile; ties by mean then index,5.609797875984927,10.675316889345666,1.442595923261391,10.075689448441246,0.999914354230901,44.49511819116135,1.3317917094895513,25.897139431312095,0.999914354230901,10.223963686193901,44.49511819116135,9.630866735183282,1.1797704693388147,1.7750085645769098,2.0083932853717026,9.21120246659815
b9901165d43596ec37fe,psychiatric_mood,risperidone,Depressive Disorder,TriNet,9,18392,DRD2,1813,lowest ten-seed median rank percentile; ties by mean then index,16.472893114080165,17.052714970880437,12.837230215827338,22.039868105515588,0.4218054128126071,33.45966084275437,11.885491606714629,23.488352175402536,30.136605001712915,0.4218054128126071,16.49323398424118,4.80258650222679,16.45255224391915,15.692446043165468,17.694415895854746,33.45966084275437
b9901165d43596ec37fe,psychiatric_mood,risperidone,Depressive Disorder,N2V-MLP,9,18392,DRD2,1813,lowest ten-seed median rank percentile; ties by mean then index,5.835688591983557,7.364251455978075,2.550102774922919,9.500256937307297,0.2012675573826653,22.890972935936965,3.28879753340185,22.890972935936965,9.108427543679342,0.2012675573826653,2.226789996574169,2.3038711887632752,8.371873929427887,3.2995032545392258,9.630866735183282,12.320143884892087
b9901165d43596ec37fe,psychiatric_mood,risperidone,Depressive Disorder,RF,9,18392,DRD2,1813,lowest ten-seed median rank percentile; ties by mean then index,3.402278177458034,5.976040596094553,1.518606543336759,6.589906646111682,0.36613566289825283,20.15244946899623,2.9430027406646113,3.861553614251456,20.15244946899623,1.1851233299075026,6.642899965741693,6.4309266872216515,14.73963686193902,1.3178742720109626,2.1208033573141485,0.36613566289825283
ba6cb59e988ce2e7d6ab,psychiatric_mood,Levomilnacipran,Depressive Disorder,HANAMI,2,30514,SLC6A4,6532,lowest ten-seed median rank percentile; ties by mean then index,18.030575539568346,19.22533401849949,16.38617677286742,22.500214114422747,7.476875642343268,32.727389516957864,13.170178143199726,16.34121274409044,19.460859883521753,7.476875642343268,32.727389516957864,16.521068859198355,22.869561493662214,16.600291195614936,25.693730729701954,21.39217197670435
ba6cb59e988ce2e7d6ab,psychiatric_mood,Levomilnacipran,Depressive Disorder,TriMoGCL,2,30514,SLC6A4,6532,lowest ten-seed median rank percentile; ties by mean then index,12.594210346008907,17.209232613908874,10.20201695786228,24.263981671805414,8.284087016101404,34.673689619732784,34.673689619732784,24.413326481671806,23.815947242206235,9.926344638574854,9.470280918122645,11.121103117505996,25.291195614936623,11.029033915724563,14.067317574511819,8.284087016101404
ba6cb59e988ce2e7d6ab,psychiatric_mood,Levomilnacipran,Depressive Disorder,TriNet,2,39063,SLC6A2,6530,lowest ten-seed median rank percentile; ties by mean then index,41.14315690304899,39.045263788968825,13.294364508393286,51.28789825282631,6.271411442274752,84.85996916752312,73.233556012333,51.366050017129155,51.05344295991778,41.70734840698869,6.271411442274752,25.755823912298734,84.85996916752312,6.485525865022268,40.578965399109286,9.14054470709147
ba6cb59e988ce2e7d6ab,psychiatric_mood,Levomilnacipran,Depressive Disorder,N2V-MLP,2,39063,SLC6A2,6530,lowest ten-seed median rank percentile; ties by mean then index,28.147482014388487,40.04667694415895,19.29010363138061,65.02119732785201,4.5071085988352175,93.00916409729359,74.85226104830421,88.17874272010962,35.52800616649537,17.561664953751286,24.475419664268586,28.23098663926002,93.00916409729359,4.5071085988352175,28.063977389516957,6.05943816375471
ba6cb59e988ce2e7d6ab,psychiatric_mood,Levomilnacipran,Depressive Disorder,RF,2,39063,SLC6A2,6530,lowest ten-seed median rank percentile; ties by mean then index,29.418251113394998,34.47777492291881,16.877034087016103,51.42198741007194,1.1390887290167866,74.44865536142514,51.95914696813978,74.44865536142514,49.810508735868446,31.912684138403563,2.3755995203836933,26.923818088386433,68.85384549503254,15.076867077766359,1.1390887290167866,22.27753511476533
ba804aaa049661fd8a2e,prostate_oncology,Rofecoxib,Prostatic Neoplasms,HANAMI,1,12842,PTGS2,5743,lowest ten-seed median rank percentile; ties by mean then index,5.1280404248030145,5.779162384378212,1.600505310037684,7.86121103117506,0.44535799931483383,17.857142857142858,17.857142857142858,8.147053785542994,7.003682768071258,1.5459061322370675,1.764302843439534,0.44535799931483383,1.0084789311408016,3.9525522439191505,9.763617677286742,6.303528605686879
ba804aaa049661fd8a2e,prostate_oncology,Rofecoxib,Prostatic Neoplasms,TriMoGCL,1,12842,PTGS2,5743,lowest ten-seed median rank percentile; ties by mean then index,13.923860911270983,20.672105173004454,5.686879068174032,30.518263960260363,1.498800959232614,54.704093867762936,27.648595409386775,5.579821856800274,31.47482014388489,6.008050702295306,12.050359712230216,1.498800959232614,54.704093867762936,5.52843439534087,46.4307125727989,15.79736211031175
ba804aaa049661fd8a2e,prostate_oncology,Rofecoxib,Prostatic Neoplasms,TriNet,1,12842,PTGS2,5743,lowest ten-seed median rank percentile; ties by mean then index,57.059352517985616,46.76130524152107,30.88707605344296,63.862838300787935,9.714371360054812,68.68790681740322,68.68790681740322,33.53031860226105,55.93739294278863,62.549246317231926,30.00599520383693,9.714371360054812,58.1813120931826,68.31106543336759,64.3007022953066,16.39474134977732
ba804aaa049661fd8a2e,prostate_oncology,Rofecoxib,Prostatic Neoplasms,N2V-MLP,1,12842,PTGS2,5743,lowest ten-seed median rank percentile; ties by mean then index,53.37872559095581,44.073955121617,33.7781560465913,56.56153648509764,10.707862281603289,63.00531003768414,35.812778348749575,59.48955121616992,57.142857142857146,19.90621788283659,52.13257965056526,10.707862281603289,54.62487153134635,33.09994861253854,54.81757451181912,63.00531003768414
ba804aaa049661fd8a2e,prostate_oncology,Rofecoxib,Prostatic Neoplasms,RF,1,12842,PTGS2,5743,lowest ten-seed median rank percentile; ties by mean then index,38.74132836587873,39.61395169578623,27.743608684480986,50.294942617334705,14.37671291538198,65.11540767386091,27.39808153477218,28.780190133607398,42.19338814662556,65.11540767386091,35.28926858513189,14.37671291538198,65.07900822199383,42.85500171291538,52.77492291880781,22.27753511476533
bcff103b4df786da6db1,psychiatric_mood,nortriptyline,"Depressive Disorder, Major",HANAMI,9,18208,DRD2,1813,lowest ten-seed median rank percentile; ties by mean then index,3.8583418979102433,6.415082219938334,2.3461587872559093,8.562435765673175,1.4388489208633093,17.358256252141143,4.1880781089414185,8.624528948269955,13.846779719081878,3.263103802672148,1.4388489208633093,3.528605686879068,2.04051044878383,8.376156217882837,1.485954093867763,17.358256252141143
bcff103b4df786da6db1,psychiatric_mood,nortriptyline,"Depressive Disorder, Major",TriMoGCL,9,22811,HTR2A,3356,lowest ten-seed median rank percentile; ties by mean then index,5.449212058924289,8.23462658444673,3.6966855087358685,10.727667865707435,0.35328879753340187,27.595066803699897,1.552329564919493,5.393542309009935,7.6652963343610825,11.748458376156218,5.504881808838643,27.595066803699897,4.322970195272354,0.35328879753340187,3.48792394655704,14.722507708119219
bcff103b4df786da6db1,psychiatric_mood,nortriptyline,"Depressive Disorder, Major",TriNet,9,18208,DRD2,1813,lowest ten-seed median rank percentile; ties by mean then index,13.307211373758136,13.574854402192532,5.706149366221308,18.012375813634808,1.9505823912298732,35.125471051730045,5.706149366221308,5.307896539910929,21.02817745803357,1.9505823912298732,11.204607742377526,5.706149366221308,15.409815005138746,15.439791024323398,18.86990407673861,35.125471051730045
bcff103b4df786da6db1,psychiatric_mood,nortriptyline,"Depressive Disorder, Major",N2V-MLP,9,18208,DRD2,1813,lowest ten-seed median rank percentile; ties by mean then index,4.870032545392258,11.13523466940733,1.1540767386091129,13.647653305926688,0.7750942103460089,48.66820829051045,6.524066461116821,26.26113394998287,48.66820829051045,0.7750942103460089,6.309952038369304,1.3532031517643028,3.430113052415211,0.92069201781432,1.0877012675573827,16.022182254196643
bcff103b4df786da6db1,psychiatric_mood,nortriptyline,"Depressive Disorder, Major",RF,9,18208,DRD2,1813,lowest ten-seed median rank percentile; ties by mean then index,8.275522439191503,11.754453579993148,5.406656817403221,15.025747259335388,0.08564576909900651,31.8880609797876,12.049289140116478,7.470452209660842,28.330549845837616,1.1851233299075026,16.01789996574169,9.080592668722165,0.08564576909900651,6.342069201781432,5.0948526892771495,31.8880609797876
bde35db545f28225819b,prostate_oncology,naproxen,Prostatic Neoplasms,HANAMI,1,11317,PTGS2,5743,lowest ten-seed median rank percentile; ties by mean then index,4.010363138060979,6.05686879068174,1.1219595751969853,6.902513703323056,0.2740664611168208,19.48441247002398,16.73732442617335,7.359112709832134,5.532716683795821,0.9313977389516958,1.6936450839328536,0.2740664611168208,0.5352860568687907,2.7321000342583077,19.48441247002398,5.288626241863652
bde35db545f28225819b,prostate_oncology,naproxen,Prostatic Neoplasms,TriMoGCL,1,11317,PTGS2,5743,lowest ten-seed median rank percentile; ties by mean then index,10.434866392600206,14.336673518328194,3.2358042137718397,21.13095238095238,0.8136348064405619,35.44021925316889,21.739037341555328,2.2567660157588216,19.306697499143542,6.389174374785886,6.172918807810894,0.8136348064405619,35.292480301473105,1.4752483727303871,35.44021925316889,14.480558410414526
bde35db545f28225819b,prostate_oncology,naproxen,Prostatic Neoplasms,TriNet,1,11317,PTGS2,5743,lowest ten-seed median rank percentile; ties by mean then index,42.83573141486811,40.970152449469,20.107485440219254,62.147246488523464,7.181397738951696,68.62581363480643,28.226704350805072,34.380352860568685,58.596694073312776,68.31106543336759,17.401079136690647,12.356543336759165,51.29110996916752,68.62581363480643,63.33076396026036,7.181397738951696
bde35db545f28225819b,prostate_oncology,naproxen,Prostatic Neoplasms,N2V-MLP,1,11317,PTGS2,5743,lowest ten-seed median rank percentile; ties by mean then index,30.05417094895512,32.32035799931484,25.209832134292565,36.60071942446043,9.870674888660501,56.84309695101062,24.434737923946557,56.84309695101062,55.79393627954779,27.535114765330594,37.68413840356286,9.870674888660501,17.583076396026037,28.794107571085988,33.35046248715314,31.314234326824256
bde35db545f28225819b,prostate_oncology,naproxen,Prostatic Neoplasms,RF,1,11317,PTGS2,5743,lowest ten-seed median rank percentile; ties by mean then index,41.71323655361425,38.777085474477566,20.72734669407331,52.63601618705036,8.163112367249058,70.97571942446044,40.61108256252141,14.211844809866392,52.219295991778004,70.97571942446044,42.81539054470709,9.080592668722165,56.64504110996917,40.27385234669407,52.77492291880781,8.163112367249058
be7dfd6c729b5269c95e,psychiatric_mood,Triazolam,Depressive Disorder,HANAMI,2,37898,GABRA3,2556,lowest ten-seed median rank percentile; ties by mean then index,20.510020554984585,20.18435251798561,10.569223192874272,23.31759592326139,8.279804727646454,47.45203836930455,10.680027406646111,10.532288454950326,10.20255224391915,8.279804727646454,47.45203836930455,19.83770126755738,22.863138060979786,21.182339842411785,27.344552929085303,23.469081877355258
be7dfd6c729b5269c95e,psychiatric_mood,Triazolam,Depressive Disorder,TriMoGCL,2,37898,GABRA3,2556,lowest ten-seed median rank percentile; ties by mean then index,33.94355943816375,35.96287255909558,19.111318088386433,39.65559695101062,9.896368619390202,88.78040424803015,34.98629667694416,23.49049331963001,12.8190304898938,17.65159301130524,88.78040424803015,32.90082219938335,40.334874957177114,61.15107913669065,37.617762932511134,9.896368619390202
be7dfd6c729b5269c95e,psychiatric_mood,Triazolam,Depressive Disorder,TriNet,2,38148,GABRA6,2559,lowest ten-seed median rank percentile; ties by mean then index,23.826652963343612,32.197028091812264,19.79916067146283,43.410093353888314,14.776036313806099,64.19150393970538,64.19150393970538,57.24777321000342,14.776036313806099,19.55078794107571,46.56774580335731,33.93713600548133,21.925316889345666,17.50171291538198,20.544278862624186,25.727989037341555
be7dfd6c729b5269c95e,psychiatric_mood,Triazolam,Depressive Disorder,N2V-MLP,2,37898,GABRA3,2556,lowest ten-seed median rank percentile; ties by mean then index,41.18490921548475,43.73201438848921,32.52398081534772,47.85832048646797,17.782202809181225,91.27055498458377,40.08864337101747,48.576139088729015,30.393542309009934,25.64234326824255,42.28117505995204,56.665381980130185,38.91529633436108,45.704864679684825,91.27055498458377,17.782202809181225
be7dfd6c729b5269c95e,psychiatric_mood,Triazolam,Depressive Disorder,RF,2,37898,GABRA3,2556,lowest ten-seed median rank percentile; ties by mean then index,44.689427029804726,49.17105601233298,39.94732785200411,52.88331834532374,29.9310551558753,95.96180198698184,35.79350805070229,54.43859198355601,39.63900308324769,29.9310551558753,57.477946214457006,48.21749743062693,40.87230215827338,47.707905104487836,95.96180198698184,41.67094895512162
bfa057da4b57ed85587f,breast_oncology,erlotinib,Breast Neoplasms,HANAMI,1,1137,EGFR,1956,lowest ten-seed median rank percentile; ties by mean then index,37.68627954779034,38.24233470366564,25.10545135320315,50.98439105858171,8.22841726618705,71.7840013703323,17.561664953751286,57.21993833504625,43.77783487495718,71.7840013703323,23.638232271325798,29.507108598835217,46.6983556012333,8.22841726618705,31.5947242206235,52.41306954436451
bfa057da4b57ed85587f,breast_oncology,erlotinib,Breast Neoplasms,TriMoGCL,1,1137,EGFR,1956,lowest ten-seed median rank percentile; ties by mean then index,59.671548475505304,51.910757108598844,35.14152963343611,67.22229359369648,18.345323741007196,71.89319972593354,43.95769099006509,62.99032202809181,31.873072970195274,63.8275094210346,32.20280918122645,56.352774922918805,71.89319972593354,18.345323741007196,69.3109797875985,68.3538883179171
bfa057da4b57ed85587f,breast_oncology,erlotinib,Breast Neoplasms,TriNet,1,1137,EGFR,1956,lowest ten-seed median rank percentile; ties by mean then index,70.9093439534087,63.89174374785885,54.02909815005139,76.55447070914697,28.485782802329563,81.50265501884206,38.04385063377869,66.55746831106543,50.56097978759849,81.04016786570743,75.26121959575197,64.43345323741008,76.43884892086331,76.59301130524152,81.50265501884206,28.485782802329563
bfa057da4b57ed85587f,breast_oncology,erlotinib,Breast Neoplasms,N2V-MLP,1,1137,EGFR,1956,lowest ten-seed median rank percentile; ties by mean then index,39.04483556012333,37.04864679684823,24.303057553956833,49.34159815005139,15.32845152449469,61.5514731072285,22.417780061664953,42.93208290510449,15.32845152449469,52.12829736211031,29.958890030832478,35.15758821514217,43.743576567317575,51.20760534429599,61.5514731072285,16.060722850291196
bfa057da4b57ed85587f,breast_oncology,erlotinib,Breast Neoplasms,RF,1,1137,EGFR,1956,lowest ten-seed median rank percentile; ties by mean then index,29.978160328879753,38.21300102774923,23.389591897910243,51.86975419664269,6.342069201781432,90.6078708461802,21.840741692360396,23.166109969167522,24.060037684138404,61.102903391572454,35.28926858513189,56.212529976019184,38.84142685851319,6.342069201781432,90.6078708461802,24.667052072627612
c08f6143eb4b7a82a468,psychiatric_mood,gabapentin,Depressive Disorder,HANAMI,3,841,CACNA1C,775,lowest ten-seed median rank percentile; ties by mean then index,19.83020726276122,19.585902706406305,16.814940904419323,23.18591555327167,2.449468996231586,30.406389174374787,18.846351490236383,20.814063035286058,18.647225077081192,23.447670435080507,22.40065090784515,28.988951695786227,2.449468996231586,16.204179513532033,13.654076738609113,30.406389174374787
c08f6143eb4b7a82a468,psychiatric_mood,gabapentin,Depressive Disorder,TriMoGCL,3,841,CACNA1C,775,lowest ten-seed median rank percentile; ties by mean then index,20.47147995889003,21.55939534087016,8.06033744433025,29.698741007194243,1.0341726618705036,58.05498458376156,16.981414868105517,38.35645769099006,7.982185680027406,29.80686879068174,58.05498458376156,8.29479273723878,1.0341726618705036,1.7471736896197327,23.961545049674545,29.374357656731757
c08f6143eb4b7a82a468,psychiatric_mood,gabapentin,Depressive Disorder,TriNet,3,44216,,2903,lowest ten-seed median rank percentile; ties by mean then index,17.842154847550532,17.061279547790342,8.95908273381295,21.345602089756767,4.228759849263446,31.16649537512847,6.562607057211374,31.16649537512847,21.381466255566973,27.751370332305584,17.403220280918124,21.23800959232614,6.451267557382665,18.28108941418294,4.228759849263446,16.148509763617678
c08f6143eb4b7a82a468,psychiatric_mood,gabapentin,Depressive Disorder,N2V-MLP,3,44216,,2903,lowest ten-seed median rank percentile; ties by mean then index,14.523381294964029,19.54650565262076,11.386605001712915,23.60129753340185,5.888146625556698,42.29616306954436,18.274665981500515,15.99648852346694,40.58324768756423,25.37684138403563,5.888146625556698,42.29616306954436,13.050274066461117,12.24734498115793,10.652192531688934,11.099691675231243
c08f6143eb4b7a82a468,psychiatric_mood,gabapentin,Depressive Disorder,RF,3,44216,,2903,lowest ten-seed median rank percentile; ties by mean then index,4.772610483042138,6.481350633778691,1.7461031175059953,6.87655232956492,0.28263103802672146,22.033444672833163,4.582048646796848,7.470452209660842,22.033444672833163,4.963172319287427,14.512675573826654,1.0705721137375814,3.7726961288112366,0.28263103802672146,5.0948526892771495,1.030960945529291
c1ec2ad638c0bdb06636,psychiatric_mood,desvenlafaxine,Depressive Disorder,HANAMI,3,30493,SLC6A4,6532,lowest ten-seed median rank percentile; ties by mean then index,19.672833162041798,20.403819801301815,15.635705721137375,24.932553956834532,9.284001370332305,34.412470023980816,20.83119218910586,15.212829736211031,23.49049331963001,9.284001370332305,25.676601575882152,16.90433367591641,25.413240835902705,18.514474134977732,34.412470023980816,14.298561151079136
c1ec2ad638c0bdb06636,psychiatric_mood,desvenlafaxine,Depressive Disorder,TriMoGCL,3,30493,SLC6A4,6532,lowest ten-seed median rank percentile; ties by mean then index,13.782545392257623,18.21300102774923,11.05312178828366,24.0343439534087,6.277834874957177,42.12273038711888,42.12273038711888,23.12863994518671,25.289054470709146,10.427372387804043,12.930369989722507,12.986039739636862,24.3362452894827,10.052672147995889,14.579051044878383,6.277834874957177
c1ec2ad638c0bdb06636,psychiatric_mood,desvenlafaxine,Depressive Disorder,TriNet,3,24342,SLC6A3,6531,lowest ten-seed median rank percentile; ties by mean then index,27.437692702980474,30.87744090441932,11.09219767043508,44.76169064748201,2.892685851318945,76.55018842069202,38.514902363823225,10.930541281260705,76.55018842069202,38.36930455635492,7.401935594381637,11.577166837958204,2.892685851318945,46.84395340870161,59.187649880095925,16.50608084960603
c1ec2ad638c0bdb06636,psychiatric_mood,desvenlafaxine,Depressive Disorder,N2V-MLP,3,24342,SLC6A3,6531,lowest ten-seed median rank percentile; ties by mean then index,25.88108084960603,31.18469510106201,7.516486810551559,55.96469253168893,0.2997601918465228,66.88720452209661,66.7929941760877,2.061921891058582,58.022867420349435,66.88720452209661,16.947156560465913,6.9180369989722506,9.311836245289483,49.79016786570743,34.815005138746145,0.2997601918465228
c1ec2ad638c0bdb06636,psychiatric_mood,desvenlafaxine,Depressive Disorder,RF,3,24342,SLC6A3,6531,lowest ten-seed median rank percentile; ties by mean then index,31.987624186365196,35.579607742377526,25.60219681397739,44.36691718054128,13.044921205892429,68.88810380267215,68.88810380267215,42.4053614251456,56.87521411442275,36.263489208633096,13.044921205892429,26.923818088386433,27.711759164097295,25.161656389174375,45.02076909900651,13.500984926344639
c210636eac5876d55e07,prostate_oncology,letrozole,Prostatic Neoplasms,HANAMI,1,43454,CYP19A1,1588,lowest ten-seed median rank percentile; ties by mean then index,18.01130524152107,24.07566803699897,10.395790510448784,26.28308067831449,1.1412298732442618,77.6892771497088,17.94492977046934,25.78365878725591,18.0776807125728,46.07314148681055,9.624443302500856,26.449554642000685,1.1412298732442618,5.2629325111339496,12.709832134292565,77.6892771497088
c210636eac5876d55e07,prostate_oncology,letrozole,Prostatic Neoplasms,TriMoGCL,1,43454,CYP19A1,1588,lowest ten-seed median rank percentile; ties by mean then index,22.169407331277835,26.31637547105173,15.31506937307297,28.245974648852346,2.128297362110312,91.24914354230901,7.999314833847208,19.921205892428915,29.06817403220281,24.417608770126755,2.128297362110312,15.065090784515245,16.065005138746145,31.470537855429942,25.77937649880096,91.24914354230901
c210636eac5876d55e07,prostate_oncology,letrozole,Prostatic Neoplasms,TriNet,1,43454,CYP19A1,1588,lowest ten-seed median rank percentile; ties by mean then index,35.925188420692024,37.45824768756424,23.105087358684482,53.53770554984584,17.799331963001027,57.15784515244947,17.799331963001027,57.15784515244947,39.25359712230216,32.59677971908188,20.97250770811922,55.73184309695101,26.23972250770812,55.81534772182254,22.060208975676602,46.95529290853032
c210636eac5876d55e07,prostate_oncology,letrozole,Prostatic Neoplasms,N2V-MLP,1,43454,CYP19A1,1588,lowest ten-seed median rank percentile; ties by mean then index,40.95901849948612,36.822541966426854,18.163326481671803,47.856179342240495,6.592583076396026,64.4056183624529,36.121103117505996,63.8018156903049,47.064491264131554,23.796676944158957,16.24057896539911,45.79693388146625,16.285542994176087,64.4056183624529,6.592583076396026,48.12007536827681
c210636eac5876d55e07,prostate_oncology,letrozole,Prostatic Neoplasms,RF,1,43454,CYP19A1,1588,lowest ten-seed median rank percentile; ties by mean then index,55.48882322713258,45.42169835560124,21.626627269612882,65.76685080507023,5.0948526892771495,75.7119304556355,9.249743062692703,15.888360739979445,69.54115279205207,67.0777663583419,61.834104145255225,75.7119304556355,38.84142685851319,58.33868619390202,5.0948526892771495,52.638960260363135
c25a7dc3b8aadbd6311f,psychiatric_mood,melatonin,Bipolar Disorder,HANAMI,1,1723,ESR1,2099,lowest ten-seed median rank percentile; ties by mean then index,6.084061322370674,7.420349434737924,5.350719424460432,9.156603288797534,3.597122302158273,13.459232613908872,6.712487153134635,5.320743405275779,3.597122302158273,5.440647482014389,8.202723535457348,5.4556354916067145,11.590013703323056,4.950325453922576,9.474563206577596,13.459232613908872
c25a7dc3b8aadbd6311f,psychiatric_mood,melatonin,Bipolar Disorder,TriMoGCL,1,1723,ESR1,2099,lowest ten-seed median rank percentile; ties by mean then index,3.3134206920178144,6.449554642000686,2.074233470366564,7.973621103117505,0.6145083932853717,18.263960260363138,17.088472079479274,3.434395340870161,8.142771497088043,3.1517643028434397,0.6145083932853717,18.263960260363138,1.4260020554984583,7.466169921205893,3.1924460431654675,1.7150565262076054
c25a7dc3b8aadbd6311f,psychiatric_mood,melatonin,Bipolar Disorder,TriNet,1,1723,ESR1,2099,lowest ten-seed median rank percentile; ties by mean then index,26.672233641658103,29.78524323398424,17.586823398424116,35.43647225077081,8.907159986296676,60.72927372387804,29.200924974306268,36.106115107913666,11.750599520383693,33.42754367934224,8.907159986296676,60.72927372387804,54.70623501199041,23.147910243233984,15.733127783487495,24.143542309009934
c25a7dc3b8aadbd6311f,psychiatric_mood,melatonin,Bipolar Disorder,N2V-MLP,1,1723,ESR1,2099,lowest ten-seed median rank percentile; ties by mean then index,8.576353203151765,13.381294964028779,4.189683967112025,16.826717197670433,0.4218054128126071,40.57682425488181,6.8666495375128465,16.002911956149365,1.9805584104145255,9.647995889003083,0.4218054128126071,40.57682425488181,30.412812607057212,3.2973621103117505,7.504710517300445,17.101318944844124
c25a7dc3b8aadbd6311f,psychiatric_mood,melatonin,Bipolar Disorder,RF,1,1723,ESR1,2099,lowest ten-seed median rank percentile; ties by mean then index,15.30168722165125,16.64397053785543,8.118683624528948,24.280040253511476,1.7482442617334704,35.45306611853375,1.7482442617334704,24.947541966426858,15.023338472079478,5.911699212058925,5.596951010620075,35.45306611853375,14.73963686193902,25.161656389174375,15.58003597122302,22.27753511476533
c2fcbe24e0a0c1767575,breast_oncology,chloroquine,Breast Neoplasms,HANAMI,1,13725,TNF,7124,lowest ten-seed median rank percentile; ties by mean then index,5.283273381294964,15.109198355601231,0.9115921548475505,24.48666067146283,0.049246317231928745,60.10620075368277,13.928143199725934,35.50445357999315,60.10620075368277,28.00616649537513,3.920435080507023,0.049246317231928745,0.3854059609455293,0.05566974991435423,2.4901507365536144,6.646111682082905
c2fcbe24e0a0c1767575,breast_oncology,chloroquine,Breast Neoplasms,TriMoGCL,1,13725,TNF,7124,lowest ten-seed median rank percentile; ties by mean then index,17.159129838985955,16.99404761904762,11.724905789653992,22.867955635491608,2.9826139088729016,26.87778348749572,26.87778348749572,23.48192874272011,18.004881808838643,15.79736211031175,21.0260363138061,2.9826139088729016,24.91649537512847,16.313377869133266,10.172576224734499,10.367420349434738
c2fcbe24e0a0c1767575,breast_oncology,chloroquine,Breast Neoplasms,TriNet,1,13725,TNF,7124,lowest ten-seed median rank percentile; ties by mean then index,62.53318773552587,59.26901336073998,37.73017300445358,79.37114594039053,23.663926002055497,87.24092154847551,23.663926002055497,87.24092154847551,85.20897567660158,54.19450154162384,79.6805412812607,70.87187392942789,45.96822541966427,34.984155532716684,78.44295991778006,32.434052757793765
c2fcbe24e0a0c1767575,breast_oncology,chloroquine,Breast Neoplasms,N2V-MLP,1,13725,TNF,7124,lowest ten-seed median rank percentile; ties by mean then index,19.695315176430285,24.120203836930454,11.62320143884892,33.00787941075711,3.194587187392943,60.63292223364166,3.194587187392943,60.63292223364166,43.69647139431312,9.8792394655704,36.00119904076739,24.027920520726276,16.87863994518671,16.855087358684482,7.523980815347722,22.51199040767386
c2fcbe24e0a0c1767575,breast_oncology,chloroquine,Breast Neoplasms,RF,1,13725,TNF,7124,lowest ten-seed median rank percentile; ties by mean then index,52.96976704350805,54.89776036313806,39.10077295306612,73.37406860226105,11.70777663583419,98.56222165125043,40.61108256252141,98.56222165125043,73.63716169921206,46.19946899623159,59.74006509078451,72.58478931140802,80.27042651593011,11.70777663583419,38.59733641658102,27.06727475162727
c3a2ffd9ffeafcfdaed8,cardiovascular_hypertensive,Ethanol,"Arrhythmias, Cardiac",HANAMI,1,932,CACNA1C,775,lowest ten-seed median rank percentile; ties by mean then index,33.43824940047961,29.015715998629666,27.25408958547448,36.303100376841385,1.5930113052415211,48.15861596437136,37.8104659129839,29.21805412812607,48.15861596437136,31.960859883521753,7.594638574854402,35.853460089071596,1.5930113052415211,36.452980472764644,26.599434737923946,34.91563891743748
c3a2ffd9ffeafcfdaed8,cardiovascular_hypertensive,Ethanol,"Arrhythmias, Cardiac",TriMoGCL,1,932,CACNA1C,775,lowest ten-seed median rank percentile; ties by mean then index,29.63129496402878,37.012247344981155,20.234883521754025,55.898317060637204,9.470280918122645,78.86690647482014,56.70178143199726,78.86690647482014,20.411527920520726,53.48792394655704,38.22798903734156,21.034600890716,9.470280918122645,11.59643713600548,20.176002055498458,60.14902363823227
c3a2ffd9ffeafcfdaed8,cardiovascular_hypertensive,Ethanol,"Arrhythmias, Cardiac",TriNet,1,932,CACNA1C,775,lowest ten-seed median rank percentile; ties by mean then index,38.17017814319973,33.259892086330936,17.81967283316204,42.85607228502912,5.282202809181227,66.48681055155875,37.25805070229531,42.525265501884206,15.242805755395683,42.96634121274409,66.48681055155875,48.79239465570401,9.412470023980815,39.08230558410415,25.550274066461117,5.282202809181227
c3a2ffd9ffeafcfdaed8,cardiovascular_hypertensive,Ethanol,"Arrhythmias, Cardiac",N2V-MLP,1,932,CACNA1C,775,lowest ten-seed median rank percentile; ties by mean then index,53.034001370332305,47.361253854059605,29.251241863651934,61.76398167180541,10.453066118533744,91.71377183967113,23.96368619390202,91.71377183967113,64.05232956491949,62.79119561493662,58.682339842411785,49.755909558067835,45.11390887290168,10.774237752655019,56.31209318259678,10.453066118533744
c3a2ffd9ffeafcfdaed8,cardiovascular_hypertensive,Ethanol,"Arrhythmias, Cardiac",RF,1,932,CACNA1C,775,lowest ten-seed median rank percentile; ties by mean then index,44.37146711202467,43.84281860226105,25.272460602946214,60.346008907159984,17.606628982528264,74.5385834189791,31.28961116820829,63.727946214457006,44.77346694073313,74.5385834189791,55.15587529976019,43.969467283316206,22.023809523809526,62.07605344295992,23.266743747858857,17.606628982528264
c463825b18adf163759d,cardiovascular_hypertensive,ranolazine,"Arrhythmias, Cardiac",HANAMI,1,31863,SCN5A,6331,lowest ten-seed median rank percentile; ties by mean then index,28.057553956834532,30.62521411442275,23.084211202466598,35.41452552243919,18.428828365878726,57.21779719081877,30.522010962658445,22.88883179170949,41.0864165810209,36.780575539568346,18.747858855772524,23.670349434737926,18.428828365878726,31.31637547105173,57.21779719081877,25.59309695101062
c463825b18adf163759d,cardiovascular_hypertensive,ranolazine,"Arrhythmias, Cardiac",TriMoGCL,1,31863,SCN5A,6331,lowest ten-seed median rank percentile; ties by mean then index,25.639131551901336,27.095323741007196,15.340763103802672,36.14037341555327,5.417094895512162,61.79128126070572,32.29916067146283,37.42077766358342,37.62632750942103,23.43268242548818,61.79128126070572,14.251455978074683,27.84558067831449,12.260191846522781,5.417094895512162,18.60868448098664
c463825b18adf163759d,cardiovascular_hypertensive,ranolazine,"Arrhythmias, Cardiac",TriNet,1,31863,SCN5A,6331,lowest ten-seed median rank percentile; ties by mean then index,11.343782117163412,16.329008221993835,3.5007708119218908,24.61512932511134,0.355429941760877,45.345152449469,20.422233641658103,3.2288454950325454,0.355429941760877,26.012761219595752,45.345152449469,4.316546762589928,17.63446385748544,5.0531003768413845,0.8907159986296677,40.030832476875645
c463825b18adf163759d,cardiovascular_hypertensive,ranolazine,"Arrhythmias, Cardiac",N2V-MLP,1,31863,SCN5A,6331,lowest ten-seed median rank percentile; ties by mean then index,27.385234669407332,23.387504282288454,11.510791366906476,33.30068088386434,6.365621788283659,37.94964028776978,18.52517985611511,28.40441932168551,8.121360054813293,37.94964028776978,35.517300445357996,34.87495717711545,28.577852004110998,6.365621788283659,9.172661870503598,26.366050017129155
c463825b18adf163759d,cardiovascular_hypertensive,ranolazine,"Arrhythmias, Cardiac",RF,1,31863,SCN5A,6331,lowest ten-seed median rank percentile; ties by mean then index,17.51188335046249,17.414033059266874,9.505074511819116,22.35836330935252,3.7726961288112366,34.001370332305584,13.53096094552929,28.780190133607398,7.328066118533744,34.001370332305584,17.702980472764647,20.593525179856115,3.7726961288112366,22.94664268585132,17.32078622816033,8.163112367249058
c4e20d40be51d821b91c,psychiatric_mood,Valproic Acid,Bipolar Disorder,HANAMI,1,15597,PPARD,5467,lowest ten-seed median rank percentile; ties by mean then index,29.295135320315175,33.99473278520041,19.265480472764647,41.84598749571771,6.661099691675231,75.99349092154847,41.24057896539911,22.52055498458376,12.56637547105173,62.1467112024666,18.180455635491608,29.841127098321344,6.661099691675231,28.74914354230901,75.99349092154847,42.047790339157245
c4e20d40be51d821b91c,psychiatric_mood,Valproic Acid,Bipolar Disorder,TriMoGCL,1,15597,PPARD,5467,lowest ten-seed median rank percentile; ties by mean then index,31.899837273038713,31.889773895169583,14.67326139088729,47.48094381637547,4.406474820143885,64.96231586159644,50.39182939362796,12.142428914011647,4.406474820143885,55.46420006851662,6.7167694415895856,26.789996574169237,22.26575882151422,38.74828708461802,64.96231586159644,37.00967797190819
c4e20d40be51d821b91c,psychiatric_mood,Valproic Acid,Bipolar Disorder,TriNet,1,15597,PPARD,5467,lowest ten-seed median rank percentile; ties by mean then index,62.79976019184652,57.23257108598834,31.435208975676602,81.77618619390202,10.247516272696128,94.29599177800617,10.247516272696128,50.92497430626927,86.5686022610483,94.29599177800617,29.913926002055497,30.45777663583419,74.67454607742377,77.75993490921549,83.11493662213087,34.367505995203835
c4e20d40be51d821b91c,psychiatric_mood,Valproic Acid,Bipolar Disorder,N2V-MLP,1,15597,PPARD,5467,lowest ten-seed median rank percentile; ties by mean then index,46.22730387118877,47.8834789311408,29.615236382322713,55.50488180883865,20.83119218910586,86.10611510791367,53.88617677286742,20.83119218910586,25.171291538198012,79.54993148338473,47.83744433025009,26.834960602946214,37.95606372045221,56.044450154162384,86.10611510791367,44.61716341212744
c4e20d40be51d821b91c,psychiatric_mood,Valproic Acid,Bipolar Disorder,RF,1,15597,PPARD,5467,lowest ten-seed median rank percentile; ties by mean then index,77.96334361082563,78.09063463514903,71.5878190304899,80.75967797190819,63.84892086330935,95.70486467968482,80.87529976019185,74.44865536142514,65.48475505310037,95.70486467968482,63.84892086330935,78.60033401849948,77.32635320315177,70.63420692017814,93.57014388489209,80.4128126070572
c613e746e7bf92e61902,cardiovascular_hypertensive,spironolactone,"Arrhythmias, Cardiac",HANAMI,1,781,CACNA1C,775,lowest ten-seed median rank percentile; ties by mean then index,24.17244775608085,21.111467968482355,20.27181825967797,26.154076738609113,3.1560465912983897,32.391229873244264,32.391229873244264,23.098663926002054,20.165296334361084,26.012761219595752,6.673946557040082,27.577937649880095,3.1560465912983897,25.246231586159645,26.201181911613567,20.59138403562864
c613e746e7bf92e61902,cardiovascular_hypertensive,spironolactone,"Arrhythmias, Cardiac",TriMoGCL,1,781,CACNA1C,775,lowest ten-seed median rank percentile; ties by mean then index,23.939063035286058,26.077852004110998,9.373929427886262,46.23158615964371,1.7728674203494348,50.43465227817746,37.66915039397054,50.43465227817746,9.209061322370674,49.73878040424803,9.868533744433025,13.405704008221994,5.12161699212059,1.7728674203494348,34.47242206235012,49.08573141486811
c613e746e7bf92e61902,cardiovascular_hypertensive,spironolactone,"Arrhythmias, Cardiac",TriNet,1,781,CACNA1C,775,lowest ten-seed median rank percentile; ties by mean then index,24.34159815005139,24.13005310037684,10.578323055841041,32.017064919492974,4.025351147653306,63.050274066461114,13.170178143199726,25.267643028434396,9.714371360054812,35.754967454607744,63.050274066461114,28.800531003768413,4.025351147653306,23.41555327166838,33.08924289140116,5.012418636519356
c613e746e7bf92e61902,cardiovascular_hypertensive,spironolactone,"Arrhythmias, Cardiac",N2V-MLP,1,781,CACNA1C,775,lowest ten-seed median rank percentile; ties by mean then index,10.962658444672833,19.41568174032203,4.301023466940733,23.294578622816033,0.7472593353888318,62.01181911613566,8.192017814319973,11.924032202809181,2.3338472079479273,24.732356971565604,62.01181911613566,18.98124357656732,10.001284686536485,0.7472593353888318,52.22893114080164,3.004025351147653
c613e746e7bf92e61902,cardiovascular_hypertensive,spironolactone,"Arrhythmias, Cardiac",RF,1,781,CACNA1C,775,lowest ten-seed median rank percentile; ties by mean then index,25.26443131209318,29.08112795477903,21.499496831106544,38.27910885577252,5.234027064063035,55.15587529976019,23.60504453579993,40.603588557725246,5.234027064063035,46.19946899623159,55.15587529976019,26.923818088386433,31.305669749914355,20.91041452552244,23.266743747858857,17.606628982528264
c639d444189805d423ca,neurological_seizure,clonazepam,Status Epilepticus,HANAMI,1,33883,GABRA1,2554,lowest ten-seed median rank percentile; ties by mean then index,22.855644056183625,25.514088729016784,18.773552586502227,32.7129367934224,15.608941418293936,39.870246659815,34.521668379582046,35.74640287769784,18.420263788968825,19.833418979102433,23.08795820486468,39.870246659815,15.608941418293936,27.286742034943472,18.141915039397055,22.62332990750257
c639d444189805d423ca,neurological_seizure,clonazepam,Status Epilepticus,TriMoGCL,1,33883,GABRA1,2554,lowest ten-seed median rank percentile; ties by mean then index,28.044707091469682,29.180798218568004,20.98000171291538,31.013938848920866,15.339157245632066,64.49340527577938,15.339157245632066,64.49340527577938,20.203836930455637,31.69749914354231,28.963257965056528,15.615364850976361,36.09755053100377,27.391658102089757,23.308496060294623,28.697756080849604
c639d444189805d423ca,neurological_seizure,clonazepam,Status Epilepticus,TriNet,1,33883,GABRA1,2554,lowest ten-seed median rank percentile; ties by mean then index,14.165810208975676,19.17351832819459,7.836587872559096,24.26398167180541,3.0704008221993835,62.50428228845495,9.230472764645427,12.741949297704693,24.895083932853716,62.50428228845495,5.4898937992463175,28.470794792737237,15.58967112024666,22.3706748886605,3.0704008221993835,7.3719595751969855
c639d444189805d423ca,neurological_seizure,clonazepam,Status Epilepticus,N2V-MLP,1,33883,GABRA1,2554,lowest ten-seed median rank percentile; ties by mean then index,19.375214114422747,21.356843096951007,12.448077252483728,25.049781603288796,7.119304556354916,47.16726618705036,7.267043508050702,26.19047619047619,38.04170948955122,47.16726618705036,21.62769784172662,16.210602946214458,17.959917780061666,20.79051044878383,11.19390202124015,7.119304556354916
c639d444189805d423ca,neurological_seizure,clonazepam,Status Epilepticus,RF,1,33883,GABRA1,2554,lowest ten-seed median rank percentile; ties by mean then index,4.226083418979102,10.956877355258651,1.3253682768071258,12.681729616306955,0.044964028776978415,43.55194415895855,0.1434566632408359,2.8552158273381294,30.512375813634808,43.55194415895855,5.596951010620075,10.699297704693388,1.2397225077081193,13.342540253511476,1.5823055841041453,0.044964028776978415
c6a81190093aca4b5b65,breast_oncology,Testosterone Propionate,Breast Neoplasms,HANAMI,1,5689,AR,367,lowest ten-seed median rank percentile; ties by mean then index,10.106200753682767,11.488951695786229,6.123672490578966,13.784151250428229,0.9292565947242206,26.57159986296677,14.024494689962316,8.01216169921206,26.57159986296677,13.063120931825967,9.67154847550531,2.8455806783144912,0.9292565947242206,5.494176087701268,10.540853031860227,23.736724905789654
c6a81190093aca4b5b65,breast_oncology,Testosterone Propionate,Breast Neoplasms,TriMoGCL,1,5689,AR,367,lowest ten-seed median rank percentile; ties by mean then index,2.4516101404590613,3.885962658444673,1.1353417266187051,4.216983556012333,0.6166495375128469,13.656217882836588,0.9677971908187736,0.6166495375128469,13.656217882836588,4.73621103117506,2.43019869818431,1.6379753340184995,0.762247344981158,2.659301130524152,8.920006851661528,2.473021582733813
c6a81190093aca4b5b65,breast_oncology,Testosterone Propionate,Breast Neoplasms,TriNet,1,5689,AR,367,lowest ten-seed median rank percentile; ties by mean then index,11.985054813292223,18.954586330935253,7.4056825967797195,27.49122130866735,0.636990407673861,56.282117163412124,13.463514902363823,10.506594724220623,4.455721137375813,19.118276807125728,56.282117163412124,39.60474477560808,7.213514902363824,0.636990407673861,30.282202809181225,7.982185680027406
c6a81190093aca4b5b65,breast_oncology,Testosterone Propionate,Breast Neoplasms,N2V-MLP,1,5689,AR,367,lowest ten-seed median rank percentile; ties by mean then index,6.958718739294278,10.783016443987666,4.215912983898595,9.10842754367934,0.47961630695443647,44.98544021925317,0.47961630695443647,4.838985954093868,5.969510106200754,4.008221993833504,44.98544021925317,9.247601918465227,20.443645083932854,1.2183110654333675,7.947927372387804,8.690904419321685
c6a81190093aca4b5b65,breast_oncology,Testosterone Propionate,Breast Neoplasms,RF,1,5689,AR,367,lowest ten-seed median rank percentile; ties by mean then index,2.846651250428229,3.745931825967797,0.699351233299075,5.000909986296677,0.15202124015073656,14.512675573826654,0.2408787255909558,5.013489208633094,1.0405960945529291,4.963172319287427,14.512675573826654,5.264003083247688,4.652706406303529,0.15202124015073656,0.5888146625556697,1.030960945529291
c7a5903bacfbd3734cb7,psychiatric_mood,chlorprothixene,Depressive Disorder,HANAMI,6,18747,DRD2,1813,lowest ten-seed median rank percentile; ties by mean then index,8.475719424460433,8.767343268242549,6.531560465912984,10.930541281260705,1.301815690304899,15.857314148681056,4.307982185680028,9.061322370674889,15.043679342240493,1.301815690304899,7.331277834874957,8.266957862281604,6.264988009592326,11.553614251455977,15.857314148681056,8.68448098663926
c7a5903bacfbd3734cb7,psychiatric_mood,chlorprothixene,Depressive Disorder,TriMoGCL,6,18747,DRD2,1813,lowest ten-seed median rank percentile; ties by mean then index,6.349563206577595,12.658444672833163,5.379089585474477,14.869711373758136,2.8220280918122644,50.537427201096264,5.344295991778006,16.79727646454265,5.984498115793079,6.71462829736211,50.537427201096264,18.655789653991093,5.483470366563892,2.8220280918122644,5.158016443987667,9.08701610140459
c7a5903bacfbd3734cb7,psychiatric_mood,chlorprothixene,Depressive Disorder,TriNet,6,18747,DRD2,1813,lowest ten-seed median rank percentile; ties by mean then index,5.131252141144227,7.309224049331962,1.803378725590956,11.813227989037342,0.7879410757108599,16.831534772182255,1.6636690647482015,0.7879410757108599,11.808410414525522,1.1348064405618363,2.672147995889003,2.222507708119219,7.590356286399452,16.831534772182255,11.814833847207948,16.566032887975332
c7a5903bacfbd3734cb7,psychiatric_mood,chlorprothixene,Depressive Disorder,N2V-MLP,6,18747,DRD2,1813,lowest ten-seed median rank percentile; ties by mean then index,5.438506337786913,8.78789825282631,2.865921548475505,12.624186365193559,0.9378211716341213,30.074511819116136,9.232613908872901,30.074511819116136,14.632579650565262,0.9378211716341213,2.0019698526892773,3.81980130181569,2.547961630695444,5.494176087701268,5.382836587872559,13.754710517300445
c7a5903bacfbd3734cb7,psychiatric_mood,chlorprothixene,Depressive Disorder,RF,6,23213,HTR2A,3356,lowest ten-seed median rank percentile; ties by mean then index,5.113587701267557,17.29209489551216,2.7923197156560464,10.832048646796848,0.18413840356286398,90.80485611510791,7.899751627269612,0.18413840356286398,11.80948098663926,4.963172319287427,3.0083076396026036,5.264003083247688,2.2867420349434737,90.80485611510791,2.7203237410071943,43.98017300445358
c7abb247b3149a307887,psychiatric_mood,pipamperone,"Depressive Disorder, Major",HANAMI,5,19269,DRD2,1813,lowest ten-seed median rank percentile; ties by mean then index,5.131252141144227,6.284686536485097,3.840142171976704,8.796355772524837,1.7814319972593353,12.067488866050017,6.091555327166838,8.847207947927373,12.067488866050017,3.8883179170948954,1.7814319972593353,4.170948955121617,2.460174717368962,8.643799246317231,3.8240835902706407,11.071856800274066
c7abb247b3149a307887,psychiatric_mood,pipamperone,"Depressive Disorder, Major",TriMoGCL,5,19269,DRD2,1813,lowest ten-seed median rank percentile; ties by mean then index,4.329393627954779,6.337144570058238,2.1748672490578964,10.701438848920862,0.32331277834874955,16.893627954779035,2.577937649880096,16.893627954779035,3.6270983213429258,5.031688934566632,11.838386433710175,11.784857828023295,1.802843439534087,0.32331277834874955,2.04051044878383,7.451181911613566
c7abb247b3149a307887,psychiatric_mood,pipamperone,"Depressive Disorder, Major",TriNet,5,44710,ADRA1A,148,lowest ten-seed median rank percentile; ties by mean then index,12.978545734840699,16.66623843782117,7.0438292223364165,23.84485268927715,2.8541452552243918,40.39482699554642,33.568859198355604,21.464970880438507,2.8541452552243918,7.517557382665296,6.885919835560124,40.39482699554642,24.638146625556697,3.380866735183282,13.504196642685852,12.452894826995546
c7abb247b3149a307887,psychiatric_mood,pipamperone,"Depressive Disorder, Major",N2V-MLP,5,19269,DRD2,1813,lowest ten-seed median rank percentile; ties by mean then index,8.300145597807468,9.563848920863311,1.6021111682082905,11.058474648852346,0.5202980472764646,32.866563891743745,2.971908187735526,32.866563891743745,8.853631380609798,1.145512161699212,7.746659815005139,0.828622816032888,19.21034600890716,0.5202980472764646,11.369475847893113,10.125471051730045
c7abb247b3149a307887,psychiatric_mood,pipamperone,"Depressive Disorder, Major",RF,5,19269,DRD2,1813,lowest ten-seed median rank percentile; ties by mean then index,11.797169407331278,12.0063591983556,8.865140030832478,15.020662041795134,1.1851233299075026,27.06727475162727,9.249743062692703,8.736939020212402,16.69664268585132,1.1851233299075026,4.610954093867763,10.699297704693388,12.895041109969167,13.342540253511476,15.58003597122302,27.06727475162727
c9ec0e8e36f4e8693e1b,psychiatric_mood,methylphenidate,Depressive Disorder,HANAMI,3,30188,SLC6A4,6532,lowest ten-seed median rank percentile; ties by mean then index,15.180712572798903,17.600205549845835,12.884335388831792,21.09508821514217,7.643884892086331,29.40433367591641,10.776378896882495,15.013703323055841,21.145940390544705,7.643884892086331,29.16024323398424,15.347721822541967,20.942531688934565,14.082305584104144,29.40433367591641,12.485011990407674
c9ec0e8e36f4e8693e1b,psychiatric_mood,methylphenidate,Depressive Disorder,TriMoGCL,3,38826,SLC6A2,6530,lowest ten-seed median rank percentile; ties by mean then index,15.377697841726619,21.797276464542655,12.631145083932854,28.256680369989724,6.468396711202467,60.14260020554985,29.30798218568003,25.102774922918808,60.14260020554985,12.459318259677971,17.146282973621105,10.444501541623843,30.145169578622816,13.146625556697499,13.609112709832134,6.468396711202467
c9ec0e8e36f4e8693e1b,psychiatric_mood,methylphenidate,Depressive Disorder,TriNet,3,23949,SLC6A3,6531,lowest ten-seed median rank percentile; ties by mean then index,26.082348406988693,31.916109969167525,12.284815005138746,49.48451952723535,3.9546933881466257,77.36596437136005,51.798561151079134,12.170263788968825,77.36596437136005,34.66298389859541,10.862024665981501,12.62846865364851,3.9546933881466257,42.54239465570401,55.67403220280918,17.50171291538198
c9ec0e8e36f4e8693e1b,psychiatric_mood,methylphenidate,Depressive Disorder,N2V-MLP,3,23949,SLC6A3,6531,lowest ten-seed median rank percentile; ties by mean then index,13.644441589585474,27.45846180198698,5.85602946214457,51.56731757451182,0.32545392257622474,73.26353203151764,58.5431654676259,3.9011647824597464,73.26353203151764,53.507194244604314,6.744604316546763,6.299246317231929,5.7082905104487836,45.747687564234326,20.544278862624186,0.32545392257622474
c9ec0e8e36f4e8693e1b,psychiatric_mood,methylphenidate,Depressive Disorder,RF,3,23949,SLC6A3,6531,lowest ten-seed median rank percentile; ties by mean then index,18.629560637204523,24.234005652620763,14.271796848235697,27.09751841384036,1.8809952038369304,65.46120246659815,65.46120246659815,14.211844809866392,44.77346694073313,14.45165296334361,25.511733470366565,16.348706748886606,11.163926002055499,20.91041452552244,27.62611339499829,1.8809952038369304
cb0bc8945e73659fdc37,cardiovascular_hypertensive,aspirin,Hypertension,HANAMI,2,4749,TP53,7157,lowest ten-seed median rank percentile; ties by mean then index,13.67762932511134,19.389131551901336,11.004410757108598,21.933881466255567,3.460089071599863,69.14825282631038,12.322285029119561,69.14825282631038,16.538198013018157,23.732442617334705,3.460089071599863,3.869047619047619,15.032973621103118,11.96471394313121,10.684309695101062,27.139003083247687
cb0bc8945e73659fdc37,cardiovascular_hypertensive,aspirin,Hypertension,TriMoGCL,2,24966,EDNRA,1909,lowest ten-seed median rank percentile; ties by mean then index,16.65274922918808,24.2542394655704,14.144934052757794,25.802393799246317,9.478845495032546,58.765844467283316,50.104916067146284,14.043764988009592,15.548989379924631,26.263275094210346,14.448441247002398,9.478845495032546,24.41974991435423,17.756509078451526,11.71205892428914,58.765844467283316
cb0bc8945e73659fdc37,cardiovascular_hypertensive,aspirin,Hypertension,TriNet,2,24966,EDNRA,1909,lowest ten-seed median rank percentile; ties by mean then index,34.26258992805755,47.87234498115793,29.278541452552243,66.03663497773209,27.31457690990065,89.71822541966426,86.39516957862281,27.31457690990065,46.03888317917095,37.72267899965742,89.71822541966426,28.948269955464202,72.70255224391914,29.016786570743406,30.80250085645769,30.06380609797876
cb0bc8945e73659fdc37,cardiovascular_hypertensive,aspirin,Hypertension,N2V-MLP,2,4749,TP53,7157,lowest ten-seed median rank percentile; ties by mean then index,21.48102946214457,28.879967454607744,4.197177971908188,34.06346351490236,1.132665296334361,85.97550531003769,17.31971565604659,85.97550531003769,36.50650907845152,26.734326824254882,1.132665296334361,10.31389174374786,2.158273381294964,81.25,1.7664439876670093,25.64234326824255
cb0bc8945e73659fdc37,cardiovascular_hypertensive,aspirin,Hypertension,RF,2,4749,TP53,7157,lowest ten-seed median rank percentile; ties by mean then index,21.709061322370676,32.988394998287085,18.99221694073313,35.77423775265502,10.537641315519013,82.32057211373758,23.60504453579993,82.32057211373758,77.86378040424803,10.537641315519013,13.044921205892429,39.830635491606714,18.352817745803357,20.91041452552244,21.14058752997602,22.27753511476533
cc8409c9813a3eb3a81f,cardiovascular_hypertensive,verapamil,Ventricular Fibrillation,HANAMI,1,31979,SCN5A,6331,lowest ten-seed median rank percentile; ties by mean then index,38.1980130181569,41.374828708461806,32.628896882494004,46.367013532031514,10.38454950325454,91.31766015758822,41.71805412812607,36.63497773210003,21.34292565947242,36.29667694415896,91.31766015758822,47.916666666666664,31.406303528605687,39.76104830421377,10.38454950325454,56.969424460431654
cc8409c9813a3eb3a81f,cardiovascular_hypertensive,verapamil,Ventricular Fibrillation,TriMoGCL,1,31979,SCN5A,6331,lowest ten-seed median rank percentile; ties by mean then index,20.583890030832478,31.422147995889002,15.3728802672148,48.8063120931826,4.787598492634464,72.29787598492635,14.120846180198699,17.392514559780746,15.077937649880097,49.040767386091126,72.29787598492635,16.25770811921891,23.775265501884206,53.36801986981843,4.787598492634464,48.102946214457006
cc8409c9813a3eb3a81f,cardiovascular_hypertensive,verapamil,Ventricular Fibrillation,TriNet,1,31979,SCN5A,6331,lowest ten-seed median rank percentile; ties by mean then index,12.148852346694072,17.974049331963002,2.3488352175402536,31.71088129496403,0.7130010277492291,44.81200753682768,19.704950325453922,2.153991092840014,0.7130010277492291,30.671891058581707,44.81200753682768,1.5352004110996917,32.057211373758136,4.592754367934224,2.9333675916409727,40.56611853374444
cc8409c9813a3eb3a81f,cardiovascular_hypertensive,verapamil,Ventricular Fibrillation,N2V-MLP,1,31979,SCN5A,6331,lowest ten-seed median rank percentile; ties by mean then index,16.69664268585132,17.055926687221653,12.96891058581706,21.63090955806783,2.2717540253511475,36.891915039397055,5.66546762589928,17.176258992805757,2.2717540253511475,16.217026378896882,36.891915039397055,21.26798561151079,21.751884206920177,13.28365878725591,12.863994518670777,23.169321685508734
cc8409c9813a3eb3a81f,cardiovascular_hypertensive,verapamil,Ventricular Fibrillation,RF,1,31979,SCN5A,6331,lowest ten-seed median rank percentile; ties by mean then index,9.080057382665297,10.964692531688934,2.5985461630695443,15.195968225419662,0.06530489893799246,27.51798561151079,0.8885748544021925,12.73017300445358,0.06530489893799246,26.352132579650565,16.01789996574169,7.685637204522097,1.2397225077081193,27.51798561151079,10.474477560808497,6.67501712915382
cd68d44aa0c6b965a410,cardiovascular_hypertensive,imipramine,"Arrhythmias, Cardiac",HANAMI,1,17343,KCNH2,3757,lowest ten-seed median rank percentile; ties by mean then index,28.506123672490578,28.60675745118191,25.422340698869476,35.802607913669064,9.75077081192189,44.27029804727646,29.136690647482013,24.869390202124016,27.875556697499142,40.489037341555324,12.709832134292565,33.22199383350463,9.75077081192189,44.27029804727646,27.08119218910586,36.66281260705721
cd68d44aa0c6b965a410,cardiovascular_hypertensive,imipramine,"Arrhythmias, Cardiac",TriMoGCL,1,17343,KCNH2,3757,lowest ten-seed median rank percentile; ties by mean then index,60.96801130524152,53.7153134635149,33.398638232271324,69.79059609455294,23.987238780404248,86.96685508735868,25.678742720109625,71.43071257279891,38.88103802672148,59.12769784172662,86.96685508735868,62.80832476875642,23.987238780404248,64.87024665981501,31.571171634121274,71.83110654333676
cd68d44aa0c6b965a410,cardiovascular_hypertensive,imipramine,"Arrhythmias, Cardiac",TriNet,1,17343,KCNH2,3757,lowest ten-seed median rank percentile; ties by mean then index,41.45469338814662,39.58483213429257,19.50154162384378,59.28935423090099,0.6658958547447756,78.03614251455978,0.6658958547447756,14.272867420349435,2.2032374100719423,78.03614251455978,62.23663926002055,36.343782117163414,35.18756423432682,69.88908872901679,50.44749914354231,46.56560465912984
cd68d44aa0c6b965a410,cardiovascular_hypertensive,imipramine,"Arrhythmias, Cardiac",N2V-MLP,1,17343,KCNH2,3757,lowest ten-seed median rank percentile; ties by mean then index,49.967882836587876,42.79226618705036,23.85823484069887,61.698676772867415,1.8756423432682425,75.40253511476533,1.8756423432682425,48.93585131894484,22.130866735183282,75.40253511476533,50.9999143542309,29.040339157245633,62.88968824940048,64.98800959232614,13.534172661870503,58.12564234326824
cd68d44aa0c6b965a410,cardiovascular_hypertensive,imipramine,"Arrhythmias, Cardiac",RF,1,17343,KCNH2,3757,lowest ten-seed median rank percentile; ties by mean then index,52.24070743405276,49.73064405618363,32.58098878040425,67.15243876327509,13.431397738951695,80.4128126070572,21.840741692360396,42.4053614251456,13.431397738951695,76.22152278177458,67.7019099006509,65.50402535114765,31.305669749914355,62.07605344295992,36.40694587187393,80.4128126070572
cf4bdbf68d7f7ec58ef2,psychiatric_mood,paroxetine,Bipolar Disorder,HANAMI,5,22927,HTR2A,3356,lowest ten-seed median rank percentile; ties by mean then index,4.226618705035971,4.729145255224393,3.45687735525865,5.309502398081535,1.0298903734155533,8.89217197670435,2.6764302843439536,4.104573484069887,4.916067146282973,1.0298903734155533,8.714457005823911,3.329479273723878,3.839071599862967,5.440647482014389,4.348663926002056,8.89217197670435
cf4bdbf68d7f7ec58ef2,psychiatric_mood,paroxetine,Bipolar Disorder,TriMoGCL,5,22927,HTR2A,3356,lowest ten-seed median rank percentile; ties by mean then index,4.38613394998287,5.04046762589928,2.9221265844467283,6.375256937307297,0.4260877012675574,10.79136690647482,9.536656389174375,4.301558752997602,4.359369647139431,1.4174374785885577,10.79136690647482,6.402021240150736,6.294964028776978,4.41289825282631,2.462315861596437,0.4260877012675574
cf4bdbf68d7f7ec58ef2,psychiatric_mood,paroxetine,Bipolar Disorder,TriNet,5,22927,HTR2A,3356,lowest ten-seed median rank percentile; ties by mean then index,20.792651593011307,23.530746831106544,10.470730558410416,36.31273552586502,1.1433710174717369,50.160585817060635,21.730472764645427,8.431825967797192,36.581449126413155,6.085131894484412,19.854830421377184,50.160585817060635,16.587444330250086,35.506594724220626,1.1433710174717369,39.22576224734498
cf4bdbf68d7f7ec58ef2,psychiatric_mood,paroxetine,Bipolar Disorder,N2V-MLP,5,21454,CHRM3,1131,lowest ten-seed median rank percentile; ties by mean then index,5.096993833504625,14.439234326824257,4.15167865707434,24.533230558410413,0.8029290853031861,45.340870161014045,23.306354916067146,45.340870161014045,4.712658444672833,29.916067146282973,24.94218910585817,4.021068859198356,4.543508050702295,1.3253682768071258,5.4813292223364165,0.8029290853031861
cf4bdbf68d7f7ec58ef2,psychiatric_mood,paroxetine,Bipolar Disorder,RF,5,22927,HTR2A,3356,lowest ten-seed median rank percentile; ties by mean then index,1.3419621445700582,2.495182425488181,0.6463579136690647,3.5700903562863995,0.1659386776293251,9.601961288112367,3.697756080849606,0.85431654676259,0.5770383693045563,3.18709318259678,3.748072970195272,0.4357228502911956,9.601961288112367,1.3178742720109626,0.1659386776293251,1.3660500171291539
cf94f7b17957a52c73b4,psychiatric_mood,flupentixol,"Depressive Disorder, Major",HANAMI,4,18443,DRD2,1813,lowest ten-seed median rank percentile; ties by mean then index,5.653691332648167,6.587658444672833,2.723000171291538,10.001284686536485,1.0984069886947585,15.454779033915724,7.723107228502912,15.454779033915724,9.94989722507708,3.584275436793422,1.0984069886947585,3.383007879410757,2.5029976019184654,10.018413840356287,2.104744775608085,10.05695443645084
cf94f7b17957a52c73b4,psychiatric_mood,flupentixol,"Depressive Disorder, Major",TriMoGCL,4,18443,DRD2,1813,lowest ten-seed median rank percentile; ties by mean then index,6.167565947242206,7.583932853717025,4.0280275779376495,10.585281774580336,0.657331277834875,18.349606029462144,6.78100376841384,11.88977389516958,9.947756080849606,3.88189448441247,18.349606029462144,10.797790339157245,3.5136176772867422,0.657331277834875,4.46642685851319,5.554128126070572
cf94f7b17957a52c73b4,psychiatric_mood,flupentixol,"Depressive Disorder, Major",TriNet,4,44549,ADRA1A,148,lowest ten-seed median rank percentile; ties by mean then index,7.173903734155532,8.9784600890716,2.5099563206577593,15.756145083932854,0.7857999314833847,22.54196642685851,17.7843439534087,2.423775265501884,1.0384549503254539,6.196471394313121,0.7857999314833847,22.54196642685851,17.465313463514903,2.7684994861253855,8.151336073997944,10.628639945186707
cf94f7b17957a52c73b4,psychiatric_mood,flupentixol,"Depressive Disorder, Major",N2V-MLP,4,18443,DRD2,1813,lowest ten-seed median rank percentile; ties by mean then index,5.371060294621445,9.445443645083934,1.5978288797533402,13.684052757793765,0.4582048646796848,34.58376156217883,20.94467283316204,34.58376156217883,15.677458033573142,0.6509078451524495,7.292737238780404,2.344552929085303,3.449383350462487,0.4582048646796848,1.3489208633093526,7.703836930455635
cf94f7b17957a52c73b4,psychiatric_mood,flupentixol,"Depressive Disorder, Major",RF,4,18443,DRD2,1813,lowest ten-seed median rank percentile; ties by mean then index,5.819094724220623,6.322798903734156,4.805530575539569,6.567692274751628,1.7503854059609456,13.431397738951695,10.651121959575198,2.8552158273381294,13.431397738951695,1.7503854059609456,6.642899965741693,5.264003083247688,4.652706406303529,6.342069201781432,6.2200239808153475,5.418165467625899
cfb79e0d10977fc3f5cd,psychiatric_mood,gabapentin,"Depressive Disorder, Major",HANAMI,1,840,CACNA1C,775,lowest ten-seed median rank percentile; ties by mean then index,13.92064919492977,13.726661527920522,10.032331277834874,18.82975762247345,0.2933367591640973,21.43285371702638,19.527235354573484,16.73732442617335,13.62838300787941,21.43285371702638,8.633093525179856,14.21291538198013,0.2933367591640973,12.091041452552243,9.346094552929085,21.364337101747175
cfb79e0d10977fc3f5cd,psychiatric_mood,gabapentin,"Depressive Disorder, Major",TriMoGCL,1,840,CACNA1C,775,lowest ten-seed median rank percentile; ties by mean then index,18.4566632408359,15.288626241863653,4.34652278177458,23.041388317917097,0.7536827680712572,28.804813292223365,15.032973621103118,22.43276807125728,9.196214457005825,23.244261733470367,28.804813292223365,2.7299588900308325,1.209746488523467,0.7536827680712572,21.88035286056869,27.601490236382322
cfb79e0d10977fc3f5cd,psychiatric_mood,gabapentin,"Depressive Disorder, Major",TriNet,1,840,CACNA1C,775,lowest ten-seed median rank percentile; ties by mean then index,23.753854059609456,24.280361425145596,10.005566974991435,35.536035457348405,4.986724905789654,47.15656046591298,6.695357999314834,47.15656046591298,21.704779033915724,19.274580335731414,40.49331963001028,25.802929085303187,4.986724905789654,36.18533744433025,33.58812949640288,6.915895854744775
cfb79e0d10977fc3f5cd,psychiatric_mood,gabapentin,"Depressive Disorder, Major",N2V-MLP,1,840,CACNA1C,775,lowest ten-seed median rank percentile; ties by mean then index,15.055455635491606,15.55177286742035,4.817039225762247,23.909087016101402,0.5181569030489894,37.397225077081195,1.8456663240835902,14.219338814662555,8.07853717026379,26.019184652278177,30.239379924631724,37.397225077081195,3.7298732442617335,0.5181569030489894,15.891572456320658,17.578794107571085
cfb79e0d10977fc3f5cd,psychiatric_mood,gabapentin,"Depressive Disorder, Major",RF,1,840,CACNA1C,775,lowest ten-seed median rank percentile; ties by mean then index,40.05599092154848,43.28344467283316,31.62255909558068,53.29334746488523,17.606628982528264,74.53751284686537,38.193730729701954,56.05087358684481,30.512375813634808,65.11540767386091,74.53751284686537,41.918251113395,31.305669749914355,32.57322713257965,45.02076909900651,17.606628982528264
d0fcf14d5ef0982df18d,cardiovascular_hypertensive,melatonin,Myocardial Infarction,HANAMI,1,1718,ESR1,2099,lowest ten-seed median rank percentile; ties by mean then index,21.254068174032202,21.095195272353543,14.992827166837957,24.48773124357657,4.5071085988352175,42.39037341555327,28.928999657416924,25.025693730729703,11.005481329222336,21.023895169578623,4.5071085988352175,22.873843782117163,21.48424117848578,20.58281945871874,42.39037341555327,13.129496402877697
d0fcf14d5ef0982df18d,cardiovascular_hypertensive,melatonin,Myocardial Infarction,TriMoGCL,1,1718,ESR1,2099,lowest ten-seed median rank percentile; ties by mean then index,13.890673175745118,13.935851318944845,8.500342583076396,21.22355686879068,2.749229188078109,24.173518328194586,15.66032887975334,24.173518328194586,16.651678657074342,22.91880781089414,2.749229188078109,12.121017471736897,3.8112367249057897,7.738095238095238,10.78708461801987,22.747516272696128
d0fcf14d5ef0982df18d,cardiovascular_hypertensive,melatonin,Myocardial Infarction,TriNet,1,1718,ESR1,2099,lowest ten-seed median rank percentile; ties by mean then index,17.338985954093868,28.524537512846866,12.119946899623159,46.572028091812264,9.303271668379582,61.341640972935934,47.77749229188078,16.101404590613225,9.303271668379582,42.955635491606714,10.870589242891402,61.341640972935934,52.9140972935937,18.57656731757451,9.536656389174375,15.868019869818431
d0fcf14d5ef0982df18d,cardiovascular_hypertensive,melatonin,Myocardial Infarction,N2V-MLP,1,1718,ESR1,2099,lowest ten-seed median rank percentile; ties by mean then index,11.831963001027749,15.495032545392258,7.407823741007195,19.757408359027064,0.8329051044878383,44.512247344981155,7.376241863651936,7.50256937307297,8.15347721822542,26.49237752655019,0.8329051044878383,44.512247344981155,20.584960602946214,6.71034600890716,15.510448783830078,17.274751627269612
d0fcf14d5ef0982df18d,cardiovascular_hypertensive,melatonin,Myocardial Infarction,RF,1,1718,ESR1,2099,lowest ten-seed median rank percentile; ties by mean then index,17.392514559780746,18.304642000685167,12.251091983556012,21.062971051730045,4.582048646796848,39.830635491606714,4.582048646796848,21.366478245974648,20.15244946899623,15.7930798218568,10.281774580335732,39.830635491606714,11.163926002055499,18.991949297704693,25.37148852346694,15.512589928057555
d2373fcd04bb239946b6,psychiatric_mood,Thioridazine,"Depressive Disorder, Major",HANAMI,3,19396,DRD2,1813,lowest ten-seed median rank percentile; ties by mean then index,5.967368961973278,7.437692702980473,4.299952894826996,10.392043508050703,0.9892086330935251,16.002911956149365,5.757536827680712,10.485183281945872,12.275179856115107,4.20948955121617,0.9892086330935251,3.7962487153134634,4.571342925659472,10.112624186365194,6.177201096265844,16.002911956149365
d2373fcd04bb239946b6,psychiatric_mood,Thioridazine,"Depressive Disorder, Major",TriMoGCL,3,19396,DRD2,1813,lowest ten-seed median rank percentile; ties by mean then index,6.799203494347379,7.335131894484412,4.500149880095924,11.270983213429256,0.5438506337786914,13.016015758821514,8.174888660500171,9.138403562863994,11.98184309695101,3.9140116478245974,12.121017471736897,13.016015758821514,4.556354916067146,0.5438506337786914,5.423518328194588,4.4814148681055155
d2373fcd04bb239946b6,psychiatric_mood,Thioridazine,"Depressive Disorder, Major",TriNet,3,44722,ADRA1A,148,lowest ten-seed median rank percentile; ties by mean then index,6.700710859883522,9.945186707776635,1.8119433025008564,17.539718225419666,1.1519355943816376,29.290853031860227,5.954522096608428,1.7386091127098322,1.222593353888318,9.579479273723878,1.1519355943816376,29.290853031860227,20.19313120931826,2.0319458718739294,7.4468996231586155,20.841897910243233
d2373fcd04bb239946b6,psychiatric_mood,Thioridazine,"Depressive Disorder, Major",N2V-MLP,3,19396,DRD2,1813,lowest ten-seed median rank percentile; ties by mean then index,6.966212744090441,10.318816375471052,2.764217197670435,12.622045220966084,0.9635149023638232,41.40758821514217,2.7042651593011304,13.189448441247002,10.119047619047619,1.5630352860568688,10.91983556012333,15.563977389516959,3.813377869133265,0.9635149023638232,2.944073312778349,41.40758821514217
d2373fcd04bb239946b6,psychiatric_mood,Thioridazine,"Depressive Disorder, Major",RF,3,23692,HTR2A,3356,lowest ten-seed median rank percentile; ties by mean then index,11.072392086330936,19.54928914011648,6.005374272010963,14.045906132237068,2.3755995203836933,83.3526036313806,9.249743062692703,8.736939020212402,3.502911956149366,13.05348578280233,2.3755995203836933,14.37671291538198,12.895041109969167,42.85500171291538,5.0948526892771495,83.3526036313806
d25ee58e2404f8480638,neurological_seizure,topiramate,Seizures,HANAMI,9,33573,GABRA1,2554,lowest ten-seed median rank percentile; ties by mean then index,6.94908359027064,6.475890715998629,3.4547362110311752,8.746038883179171,0.8179170948955121,13.054556354916068,3.2909386776293252,6.8923432682425485,10.009849263446386,3.9461288112367248,0.8179170948955121,8.044278862624186,13.054556354916068,7.005823912298732,2.7171120246659815,8.979958890030833
d25ee58e2404f8480638,neurological_seizure,topiramate,Seizures,TriMoGCL,9,33573,GABRA1,2554,lowest ten-seed median rank percentile; ties by mean then index,6.076567317574511,9.936622130866736,3.3027149708804386,16.06393456663241,1.1390887290167866,28.14319972593354,3.839071599862967,3.1239294278862624,1.1390887290167866,13.851062007536827,28.14319972593354,4.307982185680028,18.585131894484412,16.8015587529976,1.7300445357999314,7.845152449468996
d25ee58e2404f8480638,neurological_seizure,topiramate,Seizures,TriNet,9,36254,SCN8A,6334,lowest ten-seed median rank percentile; ties by mean then index,11.629624871531346,17.333418979102436,4.2458890030832475,17.934224049331963,1.1476533059266871,79.90107913669065,14.923775265501884,17.375385405960944,18.1205035971223,1.1476533059266871,79.90107913669065,3.460089071599863,8.335474477560808,6.603288797533402,20.841897910243233,2.6250428228845495
d25ee58e2404f8480638,neurological_seizure,topiramate,Seizures,N2V-MLP,9,31665,SCN1A,6323,lowest ten-seed median rank percentile; ties by mean then index,1.629410757108599,4.985011990407673,0.7718824940047961,4.570807639602604,0.025693730729701953,23.987238780404248,1.5587529976019185,4.318687906817403,1.0448783830078794,4.654847550531004,0.6808838643371018,23.987238780404248,11.435851318944843,1.7000685166152791,0.025693730729701953,0.4432168550873587
d25ee58e2404f8480638,neurological_seizure,topiramate,Seizures,RF,9,36254,SCN8A,6334,lowest ten-seed median rank percentile; ties by mean then index,5.627997601918466,8.158830078794107,1.0213257965056526,9.73176815690305,0.08564576909900651,34.32254196642686,3.697756080849606,14.211844809866392,0.13489208633093525,8.081748886605002,10.281774580335732,0.4357228502911956,0.08564576909900651,2.7781346351490237,7.558239122987325,34.32254196642686
d370b8170993920dc66e,cardiovascular_hypertensive,Ethanol,Atrial Fibrillation,HANAMI,1,928,CACNA1C,775,lowest ten-seed median rank percentile; ties by mean then index,53.25346865364851,46.424503254539225,33.49391915039397,61.39838129496403,6.759592326139089,69.63215142171977,56.2243062692703,52.652877697841724,63.123072970195274,41.542480301473105,24.047190818773554,69.63215142171977,6.759592326139089,53.85405960945529,30.81106543336759,65.59823569715655
d370b8170993920dc66e,cardiovascular_hypertensive,Ethanol,Atrial Fibrillation,TriMoGCL,1,928,CACNA1C,775,lowest ten-seed median rank percentile; ties by mean then index,25.2933367591641,34.816718054128124,16.65221394313121,51.42439619732785,8.675916409729359,74.3619390202124,45.95323741007194,53.24811579307982,20.61279547790339,65.51044878383009,29.973878040424804,16.467540253511476,8.675916409729359,17.206235011990408,16.15707434052758,74.3619390202124
d370b8170993920dc66e,cardiovascular_hypertensive,Ethanol,Atrial Fibrillation,TriNet,1,928,CACNA1C,775,lowest ten-seed median rank percentile; ties by mean then index,37.82331277834875,33.695186707776635,19.335067660157588,43.79871103117506,7.440476190476191,65.61108256252142,38.35431654676259,48.55686879068174,16.608855772524837,37.29230900993491,65.61108256252142,44.974734498115794,10.328879753340185,40.27064063035286,27.51370332305584,7.440476190476191
d370b8170993920dc66e,cardiovascular_hypertensive,Ethanol,Atrial Fibrillation,N2V-MLP,1,928,CACNA1C,775,lowest ten-seed median rank percentile; ties by mean then index,32.27132579650565,38.03935423090099,20.482720966084276,51.5625,11.585731414868105,88.54487838300788,18.610825625214115,88.54487838300788,44.0262076053443,54.07459746488524,57.38266529633436,27.006252141144227,15.52757793764988,11.585731414868105,37.53639945186708,26.09840698869476
d370b8170993920dc66e,cardiovascular_hypertensive,Ethanol,Atrial Fibrillation,RF,1,928,CACNA1C,775,lowest ten-seed median rank percentile; ties by mean then index,45.20544278862624,44.95171719767043,27.39674331963001,61.57475805070229,15.512589928057555,74.5385834189791,33.47250770811922,60.796719767043506,42.19338814662556,74.5385834189791,61.834104145255225,48.21749743062693,22.023809523809526,65.55648338472079,25.37148852346694,15.512589928057555
d3af6082fcc8d6ecad81,prostate_oncology,paclitaxel,Prostatic Neoplasms,HANAMI,1,3474,BCL2,596,lowest ten-seed median rank percentile; ties by mean then index,17.813249400479616,18.861553614251456,8.685016272696128,22.820850462487154,0.7558239122987325,46.728331620417954,20.06466255566975,23.276378896882495,21.45426515930113,37.60063377869133,8.296933881466256,15.561836245289483,0.7558239122987325,5.027406646111682,9.849263446385748,46.728331620417954
d3af6082fcc8d6ecad81,prostate_oncology,paclitaxel,Prostatic Neoplasms,TriMoGCL,1,3474,BCL2,596,lowest ten-seed median rank percentile; ties by mean then index,16.463257965056528,21.009121274409047,4.8256038026721475,30.601233299075027,0.7515416238437821,57.46402877697842,18.38386433710175,16.698783830078796,1.6786570743405276,34.673689619732784,0.9506680369989723,0.7515416238437821,16.22773210003426,48.99580335731415,14.266443987667008,57.46402877697842
d3af6082fcc8d6ecad81,prostate_oncology,paclitaxel,Prostatic Neoplasms,TriNet,1,3474,BCL2,596,lowest ten-seed median rank percentile; ties by mean then index,17.45246659815005,20.98342754367934,8.647546248715313,32.58553871188764,3.7148852346694072,44.0690304898938,42.4224905789654,19.4308838643371,4.823997944501541,6.727475162726961,22.974477560808495,35.78922576224735,14.40775950668037,3.7148852346694072,15.474049331963,44.0690304898938
d3af6082fcc8d6ecad81,prostate_oncology,paclitaxel,Prostatic Neoplasms,N2V-MLP,1,3474,BCL2,596,lowest ten-seed median rank percentile; ties by mean then index,13.625171291538198,16.265416238437822,9.062928228845497,16.014688249400482,5.138746145940391,52.45589242891401,5.138746145940391,52.45589242891401,14.771754025351148,8.194158958547447,18.084104145255225,15.561836245289483,12.478588557725248,8.224134977732101,16.16563891743748,11.57930798218568
d3af6082fcc8d6ecad81,prostate_oncology,paclitaxel,Prostatic Neoplasms,RF,1,3474,BCL2,596,lowest ten-seed median rank percentile; ties by mean then index,7.7075839328537175,8.342540253511476,3.2810358855772526,12.290970794792738,0.9303271668379582,20.91041452552244,5.604445015416238,10.029119561493662,13.431397738951695,4.963172319287427,13.044921205892429,1.9805584104145255,0.9303271668379582,20.91041452552244,2.7203237410071943,9.810722850291196
d4f73bec420597149cb0,breast_oncology,Thalidomide,Breast Neoplasms,HANAMI,3,11986,PTGS2,5743,lowest ten-seed median rank percentile; ties by mean then index,1.7932082905104487,4.998501199040769,0.4838985954093868,6.93141915039397,0.09206920178143199,23.95083932853717,7.080763960260363,6.483384720794793,23.95083932853717,1.0234669407331278,0.2547961630695444,0.09206920178143199,0.30404248030147313,2.027663583418979,7.209232613908873,1.5587529976019185
d4f73bec420597149cb0,breast_oncology,Thalidomide,Breast Neoplasms,TriMoGCL,3,11986,PTGS2,5743,lowest ten-seed median rank percentile; ties by mean then index,5.427800616649538,8.314919492977046,1.192082048646797,7.779847550531003,0.16915039397053785,36.063292223364165,17.906389174374787,1.171205892428914,4.946043165467626,5.909558067831449,0.8093525179856115,0.16915039397053785,36.063292223364165,1.2547105173004454,8.09994861253854,6.819544364508393
d4f73bec420597149cb0,breast_oncology,Thalidomide,Breast Neoplasms,TriNet,3,11986,PTGS2,5743,lowest ten-seed median rank percentile; ties by mean then index,43.236125385405956,41.88056697499143,18.8426044878383,65.35253939705379,5.235097636176773,74.48826652963344,15.47833162041795,34.43174032202809,64.5769099006509,52.04051044878383,28.93542309009935,10.172576224734499,74.48826652963344,67.8357314148681,65.61108256252142,5.235097636176773
d4f73bec420597149cb0,breast_oncology,Thalidomide,Breast Neoplasms,N2V-MLP,3,14020,TNF,7124,lowest ten-seed median rank percentile; ties by mean then index,10.792437478588557,14.94047619047619,6.0187564234326825,20.079650565262078,0.539568345323741,41.62170263788969,0.539568345323741,33.61810551558753,41.62170263788969,5.781089414182939,6.731757451181911,21.023895169578623,17.246916752312437,13.645512161699212,1.2568516615279206,7.939362795477903
d4f73bec420597149cb0,breast_oncology,Thalidomide,Breast Neoplasms,RF,3,11986,PTGS2,5743,lowest ten-seed median rank percentile; ties by mean then index,12.891829393627955,17.448291366906478,10.268392428914012,17.675680883864334,3.697756080849606,54.31333504624872,3.697756080849606,12.73017300445358,18.374229188078107,13.05348578280233,11.64140116478246,5.264003083247688,54.31333504624872,30.017771497088045,15.58003597122302,9.810722850291196
d7ff0eaa37bd1d54692e,psychiatric_mood,felbamate,Bipolar Disorder,HANAMI,4,31278,GRIN3A,116443,lowest ten-seed median rank percentile; ties by mean then index,25.934609455292907,26.26027749229188,15.653370161014045,37.45717711545049,5.230815347721823,43.88275094210346,22.383521754025352,22.700411099691674,13.409986296676944,43.88275094210346,40.352004110996916,29.16880781089414,5.230815347721823,12.003254539225763,38.178742720109625,35.292480301473105
d7ff0eaa37bd1d54692e,psychiatric_mood,felbamate,Bipolar Disorder,TriMoGCL,4,20882,GRIN2B,2904,lowest ten-seed median rank percentile; ties by mean then index,17.666581020897567,22.83016443987667,14.997644741349777,28.431718910585815,12.236639260020555,45.35799931483385,14.887375813634806,15.32845152449469,14.857399794450155,18.326053442959918,17.007108598835217,12.236639260020555,26.14979445015416,45.35799931483385,34.958461801986985,29.192360397396367
d7ff0eaa37bd1d54692e,psychiatric_mood,felbamate,Bipolar Disorder,TriNet,4,20882,GRIN2B,2904,lowest ten-seed median rank percentile; ties by mean then index,28.707391229873245,33.446385748544024,24.41921462829736,45.470409386776296,11.044021925316889,56.79813292223364,51.3617677286742,44.79916067146283,27.779205207262763,29.635577252483728,56.79813292223364,17.760791366906474,24.042908530318602,25.54813292223364,11.044021925316889,45.69415895854745
d7ff0eaa37bd1d54692e,psychiatric_mood,felbamate,Bipolar Disorder,N2V-MLP,4,20882,GRIN2B,2904,lowest ten-seed median rank percentile; ties by mean then index,24.076096265844466,30.226533059266878,20.96822541966427,44.046013189448445,10.416666666666666,57.549674546077426,23.53973963686194,47.0430798218568,20.28305926687222,39.05018842069202,11.03545734840699,23.023723878040425,10.416666666666666,24.612452894826994,57.549674546077426,45.71128811236725
d7ff0eaa37bd1d54692e,psychiatric_mood,felbamate,Bipolar Disorder,RF,4,44210,,2903,lowest ten-seed median rank percentile; ties by mean then index,14.5581748886605,19.381958718739295,12.113791109969167,31.252141144227476,1.7503854059609456,38.59733641658102,13.53096094552929,26.83603117505995,32.72417780061665,1.7503854059609456,11.64140116478246,14.37671291538198,14.73963686193902,2.7781346351490237,38.59733641658102,36.8448098663926
d80493dfd40cbd5a2783,psychiatric_mood,biperiden,"Depressive Disorder, Major",HANAMI,1,21541,CHRM3,1131,lowest ten-seed median rank percentile; ties by mean then index,7.954350805070229,8.915082219938336,7.032052929085303,10.221287255909559,3.8369304556354917,18.366735183281946,6.83453237410072,7.753083247687564,3.8369304556354917,8.491778006166495,18.366735183281946,8.155618362452895,7.624614594039055,10.797790339157245,4.4985440219253165,12.791195614936623
d80493dfd40cbd5a2783,psychiatric_mood,biperiden,"Depressive Disorder, Major",TriMoGCL,1,21541,CHRM3,1131,lowest ten-seed median rank percentile; ties by mean then index,12.609198355601233,18.38707605344296,8.415232100034258,20.664182939362796,5.5070229530661186,44.893371017471736,13.168036998972251,12.050359712230216,18.377440904419323,6.922319287427201,44.18893456663241,44.893371017471736,21.426430284343954,9.174803014731072,5.5070229530661186,8.16204179513532
d80493dfd40cbd5a2783,psychiatric_mood,biperiden,"Depressive Disorder, Major",TriNet,1,21541,CHRM3,1131,lowest ten-seed median rank percentile; ties by mean then index,50.717283316204174,44.473278520041106,20.436151079136692,60.85774237752655,6.408444672833162,80.59695101062007,58.553871188763274,78.20743405275779,22.456320657759505,61.08256252141144,60.183281945871876,80.59695101062007,42.88069544364508,14.600462487153134,6.408444672833162,19.762761219595752
d80493dfd40cbd5a2783,psychiatric_mood,biperiden,"Depressive Disorder, Major",N2V-MLP,1,21541,CHRM3,1131,lowest ten-seed median rank percentile; ties by mean then index,20.27770640630353,22.18867762932511,4.119026207605344,33.14919492977047,1.4581192189105858,58.973535457348405,25.149880095923262,43.65364850976362,29.59061322370675,34.33538883179171,58.973535457348405,9.493833504624872,15.405532716683796,2.327423775265502,1.4581192189105858,1.498800959232614
d80493dfd40cbd5a2783,psychiatric_mood,biperiden,"Depressive Disorder, Major",RF,1,21541,CHRM3,1131,lowest ten-seed median rank percentile; ties by mean then index,30.173004453579992,34.692959917780065,24.38790039397054,45.64196856800274,20.154590613223707,55.15587529976019,20.154590613223707,30.84746488523467,24.060037684138404,46.19946899623159,55.15587529976019,43.969467283316206,23.96475676601576,47.707905104487836,25.37148852346694,29.498544021925316
d808d98f90f9afc64f43,prostate_oncology,doxorubicin,Prostatic Neoplasms,HANAMI,1,22361,TOP2A,7153,lowest ten-seed median rank percentile; ties by mean then index,9.121274409044194,12.065347721822542,7.377312435765673,15.121831106543336,0.15416238437821173,32.57322713257965,15.52329564919493,9.241178485782802,5.466341212744091,19.36022610483042,9.001370332305584,13.917437478588557,0.15416238437821173,7.046505652620761,8.36973278520041,32.57322713257965
d808d98f90f9afc64f43,prostate_oncology,doxorubicin,Prostatic Neoplasms,TriMoGCL,1,22361,TOP2A,7153,lowest ten-seed median rank percentile; ties by mean then index,7.285243233984241,12.777492291880781,0.7376241863651936,18.761776293251113,0.027834874957177114,44.30883864337102,1.0106200753682768,0.6466255566974991,0.027834874957177114,31.112966769441588,2.6614422747516273,0.1563035286056869,19.552929085303187,16.388317917094895,11.909044193216856,44.30883864337102
d808d98f90f9afc64f43,prostate_oncology,doxorubicin,Prostatic Neoplasms,TriNet,1,22361,TOP2A,7153,lowest ten-seed median rank percentile; ties by mean then index,47.976618705035975,44.741349777321,29.203066118533744,59.758264816718054,6.924460431654676,80.46634121274408,6.924460431654676,46.19946899623159,30.641915039397055,28.723449811579307,70.61065433367591,19.66212744090442,62.30087358684481,80.46634121274408,52.13043850633779,49.753768413840355
d808d98f90f9afc64f43,prostate_oncology,doxorubicin,Prostatic Neoplasms,N2V-MLP,1,22361,TOP2A,7153,lowest ten-seed median rank percentile; ties by mean then index,23.244261733470367,25.57596779719082,3.676879924631723,42.29776892771497,1.764302843439534,66.57459746488523,3.318773552586502,48.985097636176775,1.764302843439534,37.016101404590614,44.05832476875642,4.7511990407673865,2.802757793764988,66.57459746488523,17.31971565604659,29.16880781089414
d808d98f90f9afc64f43,prostate_oncology,doxorubicin,Prostatic Neoplasms,RF,1,22361,TOP2A,7153,lowest ten-seed median rank percentile; ties by mean then index,14.295349434737926,20.686022610483043,6.2711437992463175,19.50876798561151,3.368019869818431,81.50693730729702,15.08971394313121,17.658016443987666,6.217882836587872,38.6080421377184,81.50693730729702,6.4309266872216515,20.125685166152792,4.354016786570743,3.368019869818431,13.500984926344639
d95bb8185f724e0d1662,psychiatric_mood,trimipramine,"Depressive Disorder, Major",HANAMI,9,18373,DRD2,1813,lowest ten-seed median rank percentile; ties by mean then index,4.635577252483727,5.852817745803358,2.0769099006509077,8.635234669407332,1.2911099691675232,13.499914354230901,5.826053442959918,9.174803014731072,12.050359712230216,2.250342583076396,2.0190990065090784,3.4451010620075366,1.2911099691675232,7.016529633436108,1.9548646796848235,13.499914354230901
d95bb8185f724e0d1662,psychiatric_mood,trimipramine,"Depressive Disorder, Major",TriMoGCL,9,22938,HTR2A,3356,lowest ten-seed median rank percentile; ties by mean then index,5.792865707434053,8.70781945871874,3.4638360739979444,12.514452723535458,0.6080849606029463,28.43439534087016,2.3167180541281263,7.089328537170264,4.496402877697841,13.8275094210346,9.969167523124357,28.43439534087016,3.5328879753340185,0.6080849606029463,3.4408187735525866,13.36288112367249
d95bb8185f724e0d1662,psychiatric_mood,trimipramine,"Depressive Disorder, Major",TriNet,9,44516,ADRA1A,148,lowest ten-seed median rank percentile; ties by mean then index,9.641572456320658,16.286399451867076,7.150351147653306,26.068966255566977,1.3724734498115794,43.17617334703666,15.600376841384035,8.997088043850633,1.3724734498115794,9.213343610825625,6.534772182254197,35.48090099349092,43.17617334703666,2.8605686879068175,10.06980130181569,29.558496060294623
d95bb8185f724e0d1662,psychiatric_mood,trimipramine,"Depressive Disorder, Major",N2V-MLP,9,44516,ADRA1A,148,lowest ten-seed median rank percentile; ties by mean then index,11.159643713600548,19.077380952380953,7.351083418979103,17.588429256594726,1.7171976704350804,90.6988694758479,20.008992805755394,10.031260705721138,1.7171976704350804,6.457690990065091,10.054813292223365,90.6988694758479,17.989893799246317,5.166581020897568,12.264474134977732,16.384035628639946
d95bb8185f724e0d1662,psychiatric_mood,trimipramine,"Depressive Disorder, Major",RF,9,18373,DRD2,1813,lowest ten-seed median rank percentile; ties by mean then index,2.4789097293593696,4.6213386433710175,0.7092540253511477,7.003950411099691,0.024623158615964372,14.512675573826654,5.604445015416238,7.470452209660842,0.40467625899280574,1.1851233299075026,14.512675573826654,1.0705721137375814,3.7726961288112366,0.024623158615964372,0.5888146625556697,11.57930798218568
d9d8cb8495ce8adffb4e,psychiatric_mood,pioglitazone,Depressive Disorder,HANAMI,1,41040,MAOB,4129,lowest ten-seed median rank percentile; ties by mean then index,25.72905960945529,27.701695786228157,20.659900650907844,30.804642000685167,18.68362452894827,52.89054470709147,21.00676601575882,20.544278862624186,24.15853031860226,30.85174717368962,52.89054470709147,30.663326481671806,18.68362452894827,19.734926344638573,27.299588900308326,31.18362452894827
d9d8cb8495ce8adffb4e,psychiatric_mood,pioglitazone,Depressive Disorder,TriMoGCL,1,41040,MAOB,4129,lowest ten-seed median rank percentile; ties by mean then index,14.977303871188763,17.500214114422747,12.453965399109283,18.89666837958205,2.1861082562521412,46.63626241863652,16.223449811579307,6.9351661527920525,2.1861082562521412,17.544535799931484,19.34737923946557,46.63626241863652,26.652963343610825,13.731157930798219,13.709746488523466,12.035371702637889
d9d8cb8495ce8adffb4e,psychiatric_mood,pioglitazone,Depressive Disorder,TriNet,1,41040,MAOB,4129,lowest ten-seed median rank percentile; ties by mean then index,17.869989722507707,20.467840013703324,14.677543679342241,27.77117591640973,1.406731757451182,47.580507022953064,1.406731757451182,16.71805412812607,19.021925316889345,14.649708804385064,47.580507022953064,14.761048304213771,28.368019869818433,25.980644056183625,32.16212744090442,4.029633436108257
d9d8cb8495ce8adffb4e,psychiatric_mood,pioglitazone,Depressive Disorder,N2V-MLP,1,41040,MAOB,4129,lowest ten-seed median rank percentile; ties by mean then index,26.215099349092156,24.136476533059266,8.296398595409388,37.58243405275779,2.6507365536142515,44.27029804727646,44.27029804727646,12.078194587187394,7.035799931483385,38.00745118191161,2.6507365536142515,36.30738266529634,41.67309009934909,24.297704693388148,28.132494004796165,6.911613566289826
d9d8cb8495ce8adffb4e,psychiatric_mood,pioglitazone,Depressive Disorder,RF,1,41040,MAOB,4129,lowest ten-seed median rank percentile; ties by mean then index,28.311279547790342,26.576203323055843,20.158605258650223,33.05471694073313,8.736939020212402,45.395469338814664,45.395469338814664,8.736939020212402,18.374229188078107,13.05348578280233,25.511733470366565,29.10457348406989,29.508179170948956,27.51798561151079,34.23689619732785,34.32254196642686
da24b79797d43c86c5fb,prostate_oncology,Thalidomide,Prostatic Neoplasms,HANAMI,1,11985,PTGS2,5743,lowest ten-seed median rank percentile; ties by mean then index,3.0265073655361423,4.1291966426858515,0.49246317231928743,6.121531346351491,0.15844467283316205,11.339499828708462,11.339499828708462,6.446985268927715,5.145169578622816,0.8521754025351148,0.3725590955806783,0.15844467283316205,0.3168893456663241,3.145340870161014,10.607228502911957,2.907673860911271
da24b79797d43c86c5fb,prostate_oncology,Thalidomide,Prostatic Neoplasms,TriMoGCL,1,11985,PTGS2,5743,lowest ten-seed median rank percentile; ties by mean then index,3.769484412470024,10.099991435423089,1.0272139431312093,16.104616306954437,0.051387461459403906,30.933110654333674,30.123758136348066,1.0106200753682768,1.909900650907845,5.629068174032203,0.36613566289825283,0.051387461459403906,30.933110654333674,1.076995546420007,17.259763617677287,12.639174374785886
da24b79797d43c86c5fb,prostate_oncology,Thalidomide,Prostatic Neoplasms,TriNet,1,11985,PTGS2,5743,lowest ten-seed median rank percentile; ties by mean then index,46.45426515930113,40.77809181226448,18.65632494004796,62.60919835560123,6.740322028091812,68.533744433025,22.454179513532033,38.037427201096264,59.21762589928058,54.871103117505996,17.39037341555327,6.740322028091812,66.1806269270298,68.533744433025,63.739722507708116,10.615793079821858
da24b79797d43c86c5fb,prostate_oncology,Thalidomide,Prostatic Neoplasms,N2V-MLP,1,11985,PTGS2,5743,lowest ten-seed median rank percentile; ties by mean then index,25.116692360397394,23.235911270983216,14.34620161014046,32.43458804385063,3.81551901336074,38.67334703665639,14.566204179513532,20.696300102774924,38.67334703665639,14.272867420349435,12.43362452894827,3.81551901336074,32.30772524837273,32.476875642343266,29.53708461801987,33.579564919492974
da24b79797d43c86c5fb,prostate_oncology,Thalidomide,Prostatic Neoplasms,RF,1,11985,PTGS2,5743,lowest ten-seed median rank percentile; ties by mean then index,10.234669407331278,16.39859540938678,3.8107014388489207,22.42420349434738,1.0705721137375814,66.99212058924289,3.697756080849606,14.211844809866392,10.187564234326825,26.352132579650565,10.281774580335732,1.0705721137375814,66.99212058924289,25.161656389174375,4.149537512846865,1.8809952038369304
daca720e1fbeb0dc0d8b,psychiatric_mood,haloperidol,"Depressive Disorder, Major",HANAMI,5,18171,DRD2,1813,lowest ten-seed median rank percentile; ties by mean then index,3.7095323741007196,5.143670777663583,2.5088857485440217,7.147139431312093,0.6380609797875985,14.180798218568002,3.511476533059267,7.380524152106886,14.180798218568002,2.1689791024323397,3.907588215142172,2.9697670435080505,2.355258650222679,6.446985268927715,0.6380609797875985,7.877269612881124
daca720e1fbeb0dc0d8b,psychiatric_mood,haloperidol,"Depressive Disorder, Major",TriMoGCL,5,18171,DRD2,1813,lowest ten-seed median rank percentile; ties by mean then index,3.607828023295649,6.8274665981500515,2.128297362110312,11.683153477218227,0.08778691332648167,21.135234669407332,1.9548646796848235,21.135234669407332,14.240750256937307,4.012504282288455,13.559866392600206,3.2031517643028433,1.3788968824940049,0.08778691332648167,2.6485954093867763,6.053014731072285
daca720e1fbeb0dc0d8b,psychiatric_mood,haloperidol,"Depressive Disorder, Major",TriNet,5,18171,DRD2,1813,lowest ten-seed median rank percentile; ties by mean then index,16.449340527577938,18.48171462829736,9.85301044878383,23.872687564234326,1.1904761904761905,50.26764302843439,5.913840356286399,25.11990407673861,29.295135320315175,1.1904761904761905,50.26764302843439,10.294621445700582,9.705806783144913,16.234155532716684,16.66452552243919,20.13103802672148
daca720e1fbeb0dc0d8b,psychiatric_mood,haloperidol,"Depressive Disorder, Major",N2V-MLP,5,18171,DRD2,1813,lowest ten-seed median rank percentile; ties by mean then index,3.3594552929085304,14.81286399451867,1.0743191161356629,14.179192360397398,0.3361596437136006,65.65390544707091,4.110996916752312,65.65390544707091,50.02783487495718,0.3361596437136006,16.994261733470367,1.0384549503254539,2.6079136690647484,0.4432168550873587,1.18191161356629,5.733984241178486
daca720e1fbeb0dc0d8b,psychiatric_mood,haloperidol,"Depressive Disorder, Major",RF,5,22798,HTR2A,3356,lowest ten-seed median rank percentile; ties by mean then index,8.7198098663926,22.385984069886952,3.0548775265501886,34.46492805755396,0.8885748544021925,93.51661527920521,0.8885748544021925,32.92330421377184,34.978802672148,4.058538883179171,93.51661527920521,35.45306611853375,5.73184309695101,11.70777663583419,2.7203237410071943,1.8809952038369304
db40a616c41f41cff0ad,psychiatric_mood,aripiprazole,Depressive Disorder,HANAMI,14,18730,DRD2,1813,lowest ten-seed median rank percentile; ties by mean then index,7.4554642000685165,6.88977389516958,3.7218439534087016,9.313442103460089,0.9442446043165468,11.962572798903734,4.250171291538198,11.78271668379582,11.962572798903734,0.9442446043165468,6.963001027749229,8.990664611168208,3.5457348406988696,9.421034600890716,3.08967112024666,7.947927372387804
db40a616c41f41cff0ad,psychiatric_mood,aripiprazole,Depressive Disorder,TriMoGCL,14,18730,DRD2,1813,lowest ten-seed median rank percentile; ties by mean then index,7.272396368619391,11.553828365878726,1.5667822884549503,11.739893799246317,1.2911099691675232,44.88480644056184,1.2953922576224735,26.957005823912297,1.2911099691675232,11.283830078794107,44.88480644056184,11.891915039397054,1.4388489208633093,3.6634977732100036,1.9505823912298732,10.881294964028777
db40a616c41f41cff0ad,psychiatric_mood,aripiprazole,Depressive Disorder,TriNet,14,18730,DRD2,1813,lowest ten-seed median rank percentile; ties by mean then index,11.151079136690647,12.24049331963001,8.595623501199041,18.283230558410416,0.08350462487153135,24.877954779033917,2.141144227475163,12.266615279205208,18.764988009592326,0.08350462487153135,24.877954779033917,8.140630352860569,10.035542994176089,16.83795820486468,9.960602946214458,19.295991778006165
db40a616c41f41cff0ad,psychiatric_mood,aripiprazole,Depressive Disorder,N2V-MLP,14,18730,DRD2,1813,lowest ten-seed median rank percentile; ties by mean then index,4.618448098663926,8.783830078794107,2.51423860911271,7.686707776635834,0.5053100376841384,36.230301473107225,4.200924974306269,36.230301473107225,21.31294964028777,0.5053100376841384,6.434138403562864,5.0359712230215825,8.10423090099349,2.7599349092154846,0.8221993833504625,2.432339842411785
db40a616c41f41cff0ad,psychiatric_mood,aripiprazole,Depressive Disorder,RF,14,18730,DRD2,1813,lowest ten-seed median rank percentile; ties by mean then index,1.3772910243233984,3.850954950325454,1.00473192874272,5.05898852346694,0.4764045906132237,12.895041109969167,0.8885748544021925,1.388532031517643,6.217882836587872,0.4764045906132237,11.64140116478246,1.0705721137375814,12.895041109969167,0.9827852004110997,1.5823055841041453,1.3660500171291539
db9fb3e367314f5649a8,cardiovascular_hypertensive,ranolazine,Atrial Fibrillation,HANAMI,1,31862,SCN5A,6331,lowest ten-seed median rank percentile; ties by mean then index,44.07545392257622,45.04924631723193,42.291345495032544,48.51725762247345,27.113309352517987,57.68456663240836,47.30644056183625,42.57237067488866,57.68456663240836,45.366563891743745,56.25428228845495,40.29205207262761,27.113309352517987,42.197670435080504,42.7843439534087,48.92086330935252
db9fb3e367314f5649a8,cardiovascular_hypertensive,ranolazine,Atrial Fibrillation,TriMoGCL,1,31862,SCN5A,6331,lowest ten-seed median rank percentile; ties by mean then index,27.795263788968825,28.244047619047613,22.926301815690305,34.01582305584105,4.86467968482357,58.9135834189791,29.051044878383006,35.26036313806098,34.98201438848921,31.11724905789654,58.9135834189791,14.08444672833162,26.539482699554643,22.03879753340185,4.86467968482357,25.58881466255567
db9fb3e367314f5649a8,cardiovascular_hypertensive,ranolazine,Atrial Fibrillation,TriNet,1,31862,SCN5A,6331,lowest ten-seed median rank percentile; ties by mean then index,12.582434052757794,17.178186022610483,4.193430969510106,22.066097122302157,0.43036998972250773,47.54410757108599,21.92959917780062,4.787598492634464,0.43036998972250773,22.111596437136004,44.29813292223364,3.9953751284686536,18.548732442617336,6.616135662898253,1.5202124015073655,47.54410757108599
db9fb3e367314f5649a8,cardiovascular_hypertensive,ranolazine,Atrial Fibrillation,N2V-MLP,1,31862,SCN5A,6331,lowest ten-seed median rank percentile; ties by mean then index,14.753554299417608,18.284943473792396,6.874678828365879,27.302265330592668,2.8113223706748887,48.745289482699555,14.356372045220967,19.96831106543337,2.8113223706748887,29.746916752312437,34.451010620075365,15.150736553614252,6.7253340184994865,7.322713257965057,3.5714285714285716,48.745289482699555
db9fb3e367314f5649a8,cardiovascular_hypertensive,ranolazine,Atrial Fibrillation,RF,1,31862,SCN5A,6331,lowest ten-seed median rank percentile; ties by mean then index,12.321749743062693,14.952252483727303,10.370364422747517,20.558463943131212,2.999743062692703,28.780190133607398,12.049289140116478,28.780190133607398,6.217882836587872,24.608170606372045,19.50261219595752,12.491435423090099,2.999743062692703,20.91041452552244,12.152064063035287,9.810722850291196
dc5af5355e86bdc5132b,cardiovascular_hypertensive,norepinephrine,Hypertension,HANAMI,2,212,ADRB1,153,lowest ten-seed median rank percentile; ties by mean then index,9.194073312778348,12.974691675231242,7.358042137718397,13.321664097293594,6.314234326824255,38.14876670092497,6.314234326824255,6.554042480301473,8.703751284686536,9.600890715998629,20.565690304898936,9.260448783830078,6.9094724220623505,38.14876670092497,14.561921891058581,9.127697841726619
dc5af5355e86bdc5132b,cardiovascular_hypertensive,norepinephrine,Hypertension,TriMoGCL,2,32367,ADRA2A,150,lowest ten-seed median rank percentile; ties by mean then index,13.91208461801987,25.872516272696128,8.235911270983213,43.38332905104488,3.8454950325453923,61.7677286742035,10.673603973963687,32.97576224734498,7.423347036656389,13.900308324768757,61.7677286742035,60.5429941760877,6.819544364508393,46.85251798561151,3.8454950325453923,13.923860911270983
dc5af5355e86bdc5132b,cardiovascular_hypertensive,norepinephrine,Hypertension,TriNet,2,212,ADRB1,153,lowest ten-seed median rank percentile; ties by mean then index,23.14898081534772,30.1162641315519,12.677714970880439,48.505481329222334,3.014731072285029,68.47807468311065,54.59061322370675,19.852689277149707,51.254710517300445,7.130010277492292,10.286056868790682,3.014731072285029,40.25779376498801,68.47807468311065,21.771154504967456,24.526807125727988
dc5af5355e86bdc5132b,cardiovascular_hypertensive,norepinephrine,Hypertension,N2V-MLP,2,212,ADRB1,153,lowest ten-seed median rank percentile; ties by mean then index,3.6667094895512164,8.444458718739295,2.982078622816033,8.998158615964371,0.552415210688592,35.04838985954094,7.260620075368277,3.237410071942446,2.8969681397738953,1.5694587187392943,3.973963686193902,16.968568002740664,35.04838985954094,9.577338129496402,3.3594552929085304,0.552415210688592
dc5af5355e86bdc5132b,cardiovascular_hypertensive,norepinephrine,Hypertension,RF,2,32367,ADRA2A,150,lowest ten-seed median rank percentile; ties by mean then index,19.496724049331966,20.446428571428573,5.7583397567660155,27.278980387118875,4.354016786570743,54.31333504624872,5.604445015416238,19.490835902706408,5.234027064063035,28.107870846180198,19.50261219595752,24.792309009934907,54.31333504624872,4.354016786570743,6.2200239808153475,36.8448098663926
dd26824c5461de6d2fdc,prostate_oncology,ruxolitinib,Prostatic Neoplasms,HANAMI,1,3318,JAK2,3717,lowest ten-seed median rank percentile; ties by mean then index,34.23903734155533,39.80237238780405,16.91396882494005,62.92127012675574,10.624357656731757,78.577852004111,29.943902021240152,78.577852004111,38.53417266187051,77.17968482356972,15.418379582048647,16.11639260020555,10.624357656731757,19.306697499143542,42.64088729016787,69.6813977389517
dd26824c5461de6d2fdc,prostate_oncology,ruxolitinib,Prostatic Neoplasms,TriMoGCL,1,3318,JAK2,3717,lowest ten-seed median rank percentile; ties by mean then index,37.647738951695786,38.77655018842069,27.077445186707777,54.54457862281603,1.802843439534087,76.14765330592668,54.29085303186022,36.73989379924632,36.79984583761562,54.6291538198013,1.802843439534087,9.821428571428571,38.49563206577595,23.856628982528264,55.1815690304899,76.14765330592668
dd26824c5461de6d2fdc,prostate_oncology,ruxolitinib,Prostatic Neoplasms,TriNet,1,3318,JAK2,3717,lowest ten-seed median rank percentile; ties by mean then index,42.83144912641316,39.94861253854059,22.40065090784515,56.55297190818773,8.421120246659815,66.60243233984241,49.55464200068516,64.95375128468653,8.421120246659815,39.85954093867763,37.95178143199726,45.803357314148684,66.60243233984241,10.236810551558753,17.21694073312778,58.88574854402192
dd26824c5461de6d2fdc,prostate_oncology,ruxolitinib,Prostatic Neoplasms,N2V-MLP,1,3318,JAK2,3717,lowest ten-seed median rank percentile; ties by mean then index,24.762332990750256,27.983898595409386,15.12022524837273,34.21816118533744,7.057211373758136,60.99691675231244,35.70786228160329,60.99691675231244,13.384292565947241,29.74905789653991,25.325453922576223,14.110140459061322,7.057211373758136,24.19921205892429,18.150479616306953,51.158359027064066
dd26824c5461de6d2fdc,prostate_oncology,ruxolitinib,Prostatic Neoplasms,RF,1,3318,JAK2,3717,lowest ten-seed median rank percentile; ties by mean then index,16.08534600890716,18.61093268242549,11.251712915381981,23.622173689619732,4.652706406303529,43.98017300445358,10.651121959575198,17.658016443987666,18.374229188078107,13.05348578280233,14.512675573826654,29.10457348406989,4.652706406303529,8.75085645769099,25.37148852346694,43.98017300445358
dd2ef982e9d384914d13,breast_oncology,aspirin,Breast Neoplasms,HANAMI,3,11682,PTGS2,5743,lowest ten-seed median rank percentile; ties by mean then index,1.0727132579650565,3.566503939705379,0.19591469681397738,4.5162084618019875,0.010705721137375813,19.019784172661872,5.076652963343611,5.9009934909215485,19.019784172661872,0.590955806783145,0.010705721137375813,0.021411442274751627,0.06423432682425488,0.7301301815690305,2.8348749571771155,1.4152963343610825
dd2ef982e9d384914d13,breast_oncology,aspirin,Breast Neoplasms,TriMoGCL,3,11682,PTGS2,5743,lowest ten-seed median rank percentile; ties by mean then index,1.8917009249743062,3.6900479616306954,0.7890116478245974,4.713193730729702,0.05566974991435423,14.960174717368963,1.2183110654333675,0.7472593353888318,4.72764645426516,4.66983556012333,2.565090784515245,0.07708119218910586,14.960174717368963,0.05566974991435423,0.9142685851318945,6.965142171976704
dd2ef982e9d384914d13,breast_oncology,aspirin,Breast Neoplasms,TriNet,3,11682,PTGS2,5743,lowest ten-seed median rank percentile; ties by mean then index,45.98428400137033,40.59245460774238,15.322028091812264,62.675573826652965,3.331620417951353,69.27029804727647,3.331620417951353,28.278091812264474,62.72482014388489,55.121616992120586,36.846951010620074,11.003340184994862,68.48235697156561,69.27029804727647,62.52783487495718,8.337615621788284
dd2ef982e9d384914d13,breast_oncology,aspirin,Breast Neoplasms,N2V-MLP,3,11682,PTGS2,5743,lowest ten-seed median rank percentile; ties by mean then index,11.164996574169237,18.413412127440903,4.501220452209661,25.681954436450837,2.2032374100719423,62.58350462487153,2.2032374100719423,37.870417951353204,62.58350462487153,8.48107228502912,19.377355258650223,4.4985440219253165,27.78348749571771,13.848920863309353,4.509249743062693,2.9783316204179515
dd2ef982e9d384914d13,breast_oncology,aspirin,Breast Neoplasms,RF,3,11682,PTGS2,5743,lowest ten-seed median rank percentile; ties by mean then index,13.908337615621788,16.955828194587188,7.331010191846523,20.943602261048305,1.9805584104145255,40.72349263446386,3.697756080849606,17.658016443987666,39.63900308324769,9.298989379924631,17.702980472764647,1.9805584104145255,22.023809523809526,10.15865878725591,40.72349263446386,6.67501712915382
ddf75a3c8844282064ac,psychiatric_mood,SULPIRIDE,"Depressive Disorder, Major",HANAMI,2,18047,DRD2,1813,lowest ten-seed median rank percentile; ties by mean then index,5.328237410071942,5.886647824597465,2.689277149708804,8.303892600205549,1.603717026378897,12.696985268927715,12.696985268927715,8.389003083247687,10.026978417266188,3.1860226104830422,2.7406646111682083,2.0319458718739294,2.672147995889003,7.470452209660842,1.603717026378897,8.048561151079136
ddf75a3c8844282064ac,psychiatric_mood,SULPIRIDE,"Depressive Disorder, Major",TriMoGCL,2,18047,DRD2,1813,lowest ten-seed median rank percentile; ties by mean then index,6.526207605344297,12.33277663583419,3.918293936279548,16.08159900650908,2.541538198013018,36.84052757793765,36.84052757793765,8.200582391229874,16.915039397053786,4.34224049331963,28.744861253854058,3.5328879753340185,13.581277834874957,4.851832819458719,2.541538198013018,3.776978417266187
ddf75a3c8844282064ac,psychiatric_mood,SULPIRIDE,"Depressive Disorder, Major",TriNet,2,18047,DRD2,1813,lowest ten-seed median rank percentile; ties by mean then index,25.205549845837616,25.704864679684825,20.18777834874957,34.56288540596094,1.9056183624528948,48.6810551558753,48.6810551558753,28.91187050359712,36.44655704008222,1.9056183624528948,25.453922576224734,12.236639260020555,36.75488180883865,24.957177115450495,19.52509421034601,22.17583076396026
ddf75a3c8844282064ac,psychiatric_mood,SULPIRIDE,"Depressive Disorder, Major",N2V-MLP,2,18047,DRD2,1813,lowest ten-seed median rank percentile; ties by mean then index,6.702852004110997,16.07057211373758,1.3521325796505652,29.405404248030145,0.7922233641658102,49.88866050017129,49.88866050017129,34.97987324426173,30.190133607399794,0.8307639602603631,6.483384720794793,0.92069201781432,2.646454265159301,0.7922233641658102,6.922319287427201,27.051216169921204
ddf75a3c8844282064ac,psychiatric_mood,SULPIRIDE,"Depressive Disorder, Major",RF,2,18047,DRD2,1813,lowest ten-seed median rank percentile; ties by mean then index,10.150094210346008,19.04044621445701,4.719884806440562,21.25272995889003,0.2997601918465228,80.87529976019185,80.87529976019185,23.166109969167522,37.267685851318944,2.4023638232271325,0.2997601918465228,6.4309266872216515,6.957648167180541,13.342540253511476,4.149537512846865,15.512589928057555
e118d5524e647081fe49,psychiatric_mood,doxepin,"Depressive Disorder, Major",HANAMI,8,18604,DRD2,1813,lowest ten-seed median rank percentile; ties by mean then index,3.9825282631038026,5.180712572798903,2.570443645083933,7.356971565604659,1.4688249400479616,11.05258650222679,4.851832819458719,7.125727989037341,11.05258650222679,2.9140972935936964,2.455892428914012,3.1132237067488866,1.959146968139774,7.434052757793765,1.4688249400479616,9.431740322028093
e118d5524e647081fe49,psychiatric_mood,doxepin,"Depressive Disorder, Major",TriMoGCL,8,18604,DRD2,1813,lowest ten-seed median rank percentile; ties by mean then index,3.4718653648509763,5.5241521068859205,1.7937435765673175,9.676901336073998,0.19484412470023982,13.506337786913326,2.1390030832476876,9.939191503939705,1.9655704008221995,4.804727646454265,10.523723878040425,8.890030832476876,1.5416238437821173,0.19484412470023982,1.736467968482357,13.506337786913326
e118d5524e647081fe49,psychiatric_mood,doxepin,"Depressive Disorder, Major",TriNet,8,44584,ADRA1A,148,lowest ten-seed median rank percentile; ties by mean then index,10.476618705035971,10.041538198013019,2.552243919150394,14.316225590955806,0.8907159986296677,26.545906132237068,11.221736896197328,2.931226447413498,0.8907159986296677,10.701438848920864,1.6508221993833505,26.545906132237068,18.448098663926,2.4259164097293593,10.251798561151078,15.347721822541967
e118d5524e647081fe49,psychiatric_mood,doxepin,"Depressive Disorder, Major",N2V-MLP,8,18604,DRD2,1813,lowest ten-seed median rank percentile; ties by mean then index,1.5309181226447413,2.5747259335388835,0.46784001370332307,4.059609455292908,0.09849263446385749,8.429684823569715,1.5180712572798905,8.429684823569715,3.905447070914697,0.34686536485097635,4.654847550531004,0.30832476875642345,1.5437649880095923,0.09849263446385749,0.8307639602603631,4.110996916752312
e118d5524e647081fe49,psychiatric_mood,doxepin,"Depressive Disorder, Major",RF,8,23124,HTR2A,3356,lowest ten-seed median rank percentile; ties by mean then index,0.7199597464885235,1.7773638232271325,0.28905447070914697,1.671430712572799,0.06744604316546762,9.080592668722165,0.38219424460431656,0.06744604316546762,0.25372559095580677,0.2580078794107571,3.0083076396026036,9.080592668722165,0.6819544364508393,1.7011390887290168,1.5823055841041453,0.7579650565262076
e14b783b64d36df5b0a2,psychiatric_mood,methylphenidate,"Depressive Disorder, Major",HANAMI,2,30187,SLC6A4,6532,lowest ten-seed median rank percentile; ties by mean then index,12.614551216169922,12.017814319972594,9.762547105173004,13.835003425830765,5.853888317917095,17.336844809866392,12.771925316889346,14.116563891743748,16.437564234326825,12.457177115450497,12.990322028091812,5.853888317917095,8.605258650222678,9.887804042480301,17.336844809866392,9.72079479273724
e14b783b64d36df5b0a2,psychiatric_mood,methylphenidate,"Depressive Disorder, Major",TriMoGCL,2,38825,SLC6A2,6530,lowest ten-seed median rank percentile; ties by mean then index,11.117891401164783,17.79547790339157,7.049182082905104,25.33080678314491,4.040339157245632,55.67403220280918,28.258821514217196,16.546762589928058,55.67403220280918,8.431825967797192,10.059095580678315,6.588300787941075,29.832562521411443,4.040339157245632,12.17668722165125,6.3463514902363825
e14b783b64d36df5b0a2,psychiatric_mood,methylphenidate,"Depressive Disorder, Major",TriNet,2,38825,SLC6A2,6530,lowest ten-seed median rank percentile; ties by mean then index,36.22816032887975,36.74653134635149,13.863373586844808,47.878126070572115,4.686964713943131,78.63566289825283,72.78605686879068,48.05369989722508,47.35140459061322,33.84292565947242,9.864251455978074,25.860739979445015,78.63566289825283,4.686964713943131,38.613394998287085,7.770212401507366
e14b783b64d36df5b0a2,psychiatric_mood,methylphenidate,"Depressive Disorder, Major",N2V-MLP,2,38825,SLC6A2,6530,lowest ten-seed median rank percentile; ties by mean then index,11.781646111682083,29.212701267557385,7.268649366221309,56.78100376841384,0.907845152449469,73.12435765673176,68.58513189448442,59.5687735525865,48.41769441589585,12.639174374785886,9.059181226447414,6.671805412812607,73.12435765673176,0.907845152449469,10.92411784857828,2.2289311408016443
e14b783b64d36df5b0a2,psychiatric_mood,methylphenidate,"Depressive Disorder, Major",RF,2,38825,SLC6A2,6530,lowest ten-seed median rank percentile; ties by mean then index,33.74925059952038,40.73398424117849,22.820582819458718,58.23564362795478,11.64140116478246,82.32057211373758,49.82014388489208,82.32057211373758,69.54115279205207,21.4050188420692,11.64140116478246,37.61026892771497,61.04081020897568,17.004967454607744,29.888232271325798,27.06727475162727
e2ef2f71066f2a949bf4,cardiovascular_hypertensive,carvedilol,Atrial Fibrillation,HANAMI,1,8648,NPPB,4879,lowest ten-seed median rank percentile; ties by mean then index,32.86335217540254,34.24588900308324,26.915788797533402,41.00880010277493,3.94398766700925,61.92189105858171,32.894398766700924,61.92189105858171,41.420435080507026,50.3190304898938,28.14748201438849,32.83230558410415,3.94398766700925,24.700239808153476,26.50522439191504,39.77389516957862
e2ef2f71066f2a949bf4,cardiovascular_hypertensive,carvedilol,Atrial Fibrillation,TriMoGCL,1,8648,NPPB,4879,lowest ten-seed median rank percentile; ties by mean then index,38.345751969852685,45.41623843782118,34.61373758136348,55.435829907502566,17.034943473792396,81.16221308667352,34.27543679342241,51.58016443987667,56.721051730044536,75.51173347036656,37.22165125042823,17.034943473792396,35.628639945186706,39.46985268927715,25.556697499143542,81.16221308667352
e2ef2f71066f2a949bf4,cardiovascular_hypertensive,carvedilol,Atrial Fibrillation,TriNet,1,8648,NPPB,4879,lowest ten-seed median rank percentile; ties by mean then index,76.23329907502568,72.5049246317232,66.3883179170949,81.37258050702295,50.832905104487836,84.91778006166496,60.2068345323741,84.91778006166496,66.05429941760877,82.3783830078794,67.39037341555327,78.41084275436793,50.832905104487836,78.45794792737239,74.05575539568345,82.3441247002398
e2ef2f71066f2a949bf4,cardiovascular_hypertensive,carvedilol,Atrial Fibrillation,N2V-MLP,1,8648,NPPB,4879,lowest ten-seed median rank percentile; ties by mean then index,37.032159986296676,37.137932511133954,18.32444758478931,51.51646539910928,8.990664611168208,68.48878040424803,40.63677629325111,55.14302843439534,37.467882836587876,68.48878040424803,36.596437136005484,15.388403562863994,13.953836930455635,67.58093525179856,8.990664611168208,27.132579650565262
e2ef2f71066f2a949bf4,cardiovascular_hypertensive,carvedilol,Atrial Fibrillation,RF,1,8648,NPPB,4879,lowest ten-seed median rank percentile; ties by mean then index,70.73751712915382,58.799246317231926,28.691600291195616,82.66476104830421,18.991949297704693,95.70486467968482,25.517086330935253,65.1689362795478,84.02813463514903,95.70486467968482,76.30609797875985,83.94891229873244,78.81230729701953,18.991949297704693,27.62611339499829,31.8880609797876
e3206cb5a700c2f9e1c3,neurological_seizure,diazepam,Seizures,HANAMI,5,33823,GABRA1,2554,lowest ten-seed median rank percentile; ties by mean then index,8.573141486810552,9.49233470366564,6.3383221993833505,9.787170263788969,1.0063377869133265,22.717540253511476,4.048903734155533,7.894398766700925,16.994261733470367,5.819630010277493,1.0063377869133265,8.5517300445358,22.717540253511476,8.594552929085303,9.369647139431311,9.926344638574854
e3206cb5a700c2f9e1c3,neurological_seizure,diazepam,Seizures,TriMoGCL,5,33823,GABRA1,2554,lowest ten-seed median rank percentile; ties by mean then index,10.04838985954094,14.737281603288801,6.615600376841384,19.66105686879068,5.845323741007194,35.112624186365196,10.273210003425831,6.50693730729702,6.890202124015073,11.853374443302501,22.263617677286742,5.845323741007194,32.279890373415554,35.112624186365196,9.823569715656047,6.524066461116821
e3206cb5a700c2f9e1c3,neurological_seizure,diazepam,Seizures,TriNet,5,33823,GABRA1,2554,lowest ten-seed median rank percentile; ties by mean then index,21.947798903734153,28.193302500856465,15.686022610483043,32.525586673518326,3.5307468311065433,76.85637204522097,33.73800959232614,19.173946557040082,28.888317917094895,76.85637204522097,9.558067831449126,51.76858513189448,19.923347036656388,23.97225077081192,3.5307468311065433,14.523381294964029
e3206cb5a700c2f9e1c3,neurological_seizure,diazepam,Seizures,N2V-MLP,5,33823,GABRA1,2554,lowest ten-seed median rank percentile; ties by mean then index,14.066247002398082,19.14118705035971,8.778156046591299,21.978845495032544,0.6294964028776978,64.93448098663926,8.213429256594724,23.18002740664611,11.930455635491606,64.93448098663926,10.47233641658102,16.202038369304557,35.77852004110997,18.375299760191847,1.6957862281603289,0.6294964028776978
e3206cb5a700c2f9e1c3,neurological_seizure,diazepam,Seizures,RF,5,33823,GABRA1,2554,lowest ten-seed median rank percentile; ties by mean then index,7.640673175745118,14.124914354230901,1.694448013018157,19.040660328879753,0.30725419664268583,51.65831620417951,4.582048646796848,2.0308752997601918,13.431397738951695,51.65831620417951,35.28926858513189,10.699297704693388,0.30725419664268583,20.91041452552244,1.5823055841041453,0.7579650565262076
e388bb74a07bfbf2df49,breast_oncology,bazedoxifene,Breast Neoplasms,HANAMI,1,1951,ESR1,2099,lowest ten-seed median rank percentile; ties by mean then index,6.822756080849606,12.98946557040082,3.8663711887632752,12.501605858170606,0.9742206235011991,54.57990750256937,13.816803699897225,6.541195614936622,54.57990750256937,7.10431654676259,3.6356628982528263,2.984755053100377,0.9742206235011991,4.558496060294622,8.55601233299075,27.14328537170264
e388bb74a07bfbf2df49,breast_oncology,bazedoxifene,Breast Neoplasms,TriMoGCL,1,1951,ESR1,2099,lowest ten-seed median rank percentile; ties by mean then index,8.5517300445358,13.415981500513874,1.9318473792394655,11.261348064405619,1.0041966426858513,58.17060637204522,2.042651593011305,1.0041966426858513,58.17060637204522,8.018585131894485,1.751455978074683,29.76618705035971,1.894912641315519,11.116820829051045,9.084874957177115,11.30952380952381
e388bb74a07bfbf2df49,breast_oncology,bazedoxifene,Breast Neoplasms,TriNet,1,1951,ESR1,2099,lowest ten-seed median rank percentile; ties by mean then index,45.73698184309695,40.116050017129155,24.97323569715656,46.99758050702295,15.00942103460089,78.48792394655705,32.39551216169921,48.34061322370675,15.00942103460089,46.925316889345666,46.64910928400137,78.48792394655705,47.021668379582046,19.00693730729702,22.49914354230901,44.82485440219253
e388bb74a07bfbf2df49,breast_oncology,bazedoxifene,Breast Neoplasms,N2V-MLP,1,1951,ESR1,2099,lowest ten-seed median rank percentile; ties by mean then index,14.313549160671464,23.426901336073996,7.2242206235012,31.295499314833847,5.432082905104488,64.64328537170263,6.399880095923262,17.89568345323741,52.0340870161014,9.697242206235012,10.731414868105515,64.64328537170263,29.183795820486466,5.432082905104488,6.252141144227475,31.999400479616305
e388bb74a07bfbf2df49,breast_oncology,bazedoxifene,Breast Neoplasms,RF,1,1951,ESR1,2099,lowest ten-seed median rank percentile; ties by mean then index,15.40820914696814,17.025950668036998,9.8200903562864,22.557222079479274,3.861553614251456,34.32254196642686,5.604445015416238,3.861553614251456,15.023338472079478,15.7930798218568,21.388960260363138,31.242505995203835,9.601961288112367,22.94664268585132,10.474477560808497,34.32254196642686
e3f52f01a632564efb9c,psychiatric_mood,taurine,Bipolar Disorder,HANAMI,6,34150,GABRA1,2554,lowest ten-seed median rank percentile; ties by mean then index,6.802415210688592,10.087572798903734,5.97111596437136,11.179984583761563,4.588472079479274,30.755395683453237,4.6034600890716,4.588472079479274,5.845323741007194,6.348492634463858,30.755395683453237,7.123586844809866,11.245289482699555,6.4812435765673175,12.900393970537856,10.984069886947585
e3f52f01a632564efb9c,psychiatric_mood,taurine,Bipolar Disorder,TriMoGCL,6,34150,GABRA1,2554,lowest ten-seed median rank percentile; ties by mean then index,8.173818088386433,14.791024323398423,4.302629325111339,23.980280061664956,0.9121274409044193,46.38360739979445,9.797875984926344,3.736296676944159,6.549760191846523,2.515844467283316,33.43610825625214,6.001627269612881,28.672062350119905,46.38360739979445,9.904933196300103,0.9121274409044193
e3f52f01a632564efb9c,psychiatric_mood,taurine,Bipolar Disorder,TriNet,6,34150,GABRA1,2554,lowest ten-seed median rank percentile; ties by mean then index,22.079479273723877,29.320829051044875,13.36234583761562,38.30988780404248,2.843439534087016,79.46214457005824,15.58967112024666,10.844895512161699,56.07014388489208,79.46214457005824,2.843439534087016,12.619904076738608,40.8102089756766,26.047019527235353,18.1119390202124,30.808924289140116
e3f52f01a632564efb9c,psychiatric_mood,taurine,Bipolar Disorder,N2V-MLP,6,34150,GABRA1,2554,lowest ten-seed median rank percentile; ties by mean then index,17.96205892428914,19.973449811579307,9.140009421034602,20.753040424803014,1.1990407673860912,56.10654333675917,19.50154162384378,4.001798561151079,56.10654333675917,40.67745803357314,1.1990407673860912,12.266615279205208,20.685594381637546,20.775522439191505,16.4225762247345,8.097807468311066
e3f52f01a632564efb9c,psychiatric_mood,taurine,Bipolar Disorder,RF,6,24927,GABRB3,2562,lowest ten-seed median rank percentile; ties by mean then index,53.1506937307297,52.050894998287085,43.37904676258993,64.15403391572457,19.863394998287085,69.5079650565262,54.082091469681394,42.4053614251456,52.219295991778004,69.04226618705036,42.81539054470709,59.94668550873587,45.07001541623844,65.55648338472079,69.5079650565262,19.863394998287085
e45428fcdb0c44157f10,psychiatric_mood,roflumilast,Depressive Disorder,HANAMI,1,36613,PDE4B,5142,lowest ten-seed median rank percentile; ties by mean then index,32.89225762247345,34.094295991778004,25.028370161014045,40.76417437478588,20.604230900993493,55.472764645426516,20.604230900993493,26.250428228845497,30.982356971565604,55.472764645426516,41.30695443645084,34.802158273381295,44.0861596437136,24.621017471736895,23.6810551558753,39.13583418979103
e45428fcdb0c44157f10,psychiatric_mood,roflumilast,Depressive Disorder,TriMoGCL,1,36613,PDE4B,5142,lowest ten-seed median rank percentile; ties by mean then index,59.61159643713601,56.13801815690306,33.76905618362453,78.48364165810209,20.820486467968482,86.56217882836587,86.56217882836587,79.97173689619733,45.21668379582049,28.933281945871872,33.35046248715314,74.00650907845153,35.02483727303871,74.01935594381638,83.47464885234669,20.820486467968482
e45428fcdb0c44157f10,psychiatric_mood,roflumilast,Depressive Disorder,TriNet,1,36613,PDE4B,5142,lowest ten-seed median rank percentile; ties by mean then index,32.893328194587184,32.56102261048305,20.217754367934223,42.15591812264474,13.551301815690305,56.57117163412128,31.256423432682425,44.65784515244947,13.551301815690305,16.538198013018157,43.53802672147996,32.601062007536825,56.57117163412128,15.701010620075369,33.18559438163755,38.00959232613909
e45428fcdb0c44157f10,psychiatric_mood,roflumilast,Depressive Disorder,N2V-MLP,1,36613,PDE4B,5142,lowest ten-seed median rank percentile; ties by mean then index,46.01318944844125,50.36014045906133,38.59573055841041,61.505973792394656,34.57091469681398,71.81183624528948,54.252312435765674,70.58496060294621,37.06534772182254,46.139516957862284,34.57091469681398,45.886861939020214,71.81183624528948,41.85722850291196,63.923860911270985,37.5085645769099
e45428fcdb0c44157f10,psychiatric_mood,roflumilast,Depressive Disorder,RF,1,36613,PDE4B,5142,lowest ten-seed median rank percentile; ties by mean then index,20.76321085988352,26.314769612881122,16.52561879068174,36.45244518670778,0.4764045906132237,56.87521411442275,15.08971394313121,15.888360739979445,56.87521411442275,0.4764045906132237,19.50261219595752,18.437392942788627,22.023809523809526,30.017771497088045,38.59733641658102,46.239080164439876
e46969b56a50d4d74d2e,neurological_seizure,naloxone,Seizures,HANAMI,1,28932,OPRM1,4988,lowest ten-seed median rank percentile; ties by mean then index,18.09909215484755,20.853031860226103,12.856500513874614,23.974391915039398,1.3874614594039054,50.19270298047277,6.586159643713601,16.148509763617678,50.19270298047277,18.415981500513876,1.3874614594039054,17.782202809181225,39.4484412470024,11.759164097293594,24.54393627954779,22.26575882151422
e46969b56a50d4d74d2e,neurological_seizure,naloxone,Seizures,TriMoGCL,1,28932,OPRM1,4988,lowest ten-seed median rank percentile; ties by mean then index,14.332819458718738,13.936921891058583,7.671184480986639,18.038604830421377,3.81980130181569,31.479102432339843,19.349520383693047,7.17497430626927,9.159815005138746,18.548732442617336,4.663412127440904,3.81980130181569,15.566118533744433,16.508221993833505,31.479102432339843,13.099520383693045
e46969b56a50d4d74d2e,neurological_seizure,naloxone,Seizures,TriNet,1,28932,OPRM1,4988,lowest ten-seed median rank percentile; ties by mean then index,58.48000171291538,56.6118533744433,45.40135748544022,72.26468824940048,20.015416238437822,87.17668722165125,44.360226104830424,87.17668722165125,20.015416238437822,80.52201096265844,48.524751627269616,74.6809695101062,28.862624186365192,54.755481329222334,65.01584446728332,62.20452209660843
e46969b56a50d4d74d2e,neurological_seizure,naloxone,Seizures,N2V-MLP,1,28932,OPRM1,4988,lowest ten-seed median rank percentile; ties by mean then index,35.29140972935937,31.03117505995204,16.239508393285373,45.02826310380267,7.598920863309353,53.92685851318945,20.00685166152792,46.14379924631723,14.98372730387119,39.247173689619736,7.598920863309353,31.335645769099006,41.681654676258994,53.92685851318945,7.935080507022953,47.45203836930455
e46969b56a50d4d74d2e,neurological_seizure,naloxone,Seizures,RF,1,28932,OPRM1,4988,lowest ten-seed median rank percentile; ties by mean then index,21.695143884892087,22.506209318259682,16.29491050017129,26.03952552243919,10.281774580335732,39.63900308324769,18.439534087016103,21.366478245974648,39.63900308324769,22.956277834874957,10.281774580335732,12.491435423090099,22.023809523809526,35.21646968139774,15.58003597122302,27.06727475162727
e4dbbadd91d61fc1c8d7,breast_oncology,lidocaine,Breast Neoplasms,HANAMI,1,1083,EGFR,1956,lowest ten-seed median rank percentile; ties by mean then index,32.10431654676259,33.0389260020555,15.921548475505311,48.65214970880439,5.487752655018842,65.88300787941075,30.211545049674545,55.89885234669407,65.88300787941075,51.029890373415554,15.947242206235012,15.91298389859541,14.501969852689276,5.487752655018842,33.99708804385063,41.51892771497088
e4dbbadd91d61fc1c8d7,breast_oncology,lidocaine,Breast Neoplasms,TriMoGCL,1,1083,EGFR,1956,lowest ten-seed median rank percentile; ties by mean then index,65.92047790339157,61.13437821171634,50.854851832819456,77.96816118533745,30.288626241863653,82.63103802672148,61.692788626241864,82.63103802672148,80.05310037684139,73.5697156560466,30.288626241863653,50.483898595409386,51.967711545049674,31.074426173347035,70.14816718054128,79.43430969510106
e4dbbadd91d61fc1c8d7,breast_oncology,lidocaine,Breast Neoplasms,TriNet,1,1083,EGFR,1956,lowest ten-seed median rank percentile; ties by mean then index,79.88823227132579,73.61039739636861,66.19882665296335,84.85729273723878,36.53862624186365,89.09729359369648,63.95811921891059,83.77655018842069,57.70169578622816,82.37410071942446,72.92094895512162,85.21754025351147,89.09729359369648,77.40236382322713,87.11673518328195,36.53862624186365
e4dbbadd91d61fc1c8d7,breast_oncology,lidocaine,Breast Neoplasms,N2V-MLP,1,1083,EGFR,1956,lowest ten-seed median rank percentile; ties by mean then index,19.85697156560466,22.549460431654676,14.232720966084276,28.799995717711546,6.3377869133264815,46.82254196642686,12.243062692702981,25.88215142171977,21.696214457005823,18.017728674203493,14.298561151079136,36.21317231928743,14.210774237752656,46.82254196642686,29.772610483042136,6.3377869133264815
e4dbbadd91d61fc1c8d7,breast_oncology,lidocaine,Breast Neoplasms,RF,1,1083,EGFR,1956,lowest ten-seed median rank percentile; ties by mean then index,59.53130352860569,60.00171291538199,51.49184224049332,68.48610397396368,31.8880609797876,85.47340698869476,58.021796848235695,56.05087358684481,73.63716169921206,48.9486981843097,69.48013018156902,65.50402535114765,61.04081020897568,49.97216512504282,85.47340698869476,31.8880609797876
e557219bc73545599555,psychiatric_mood,pramipexole,Bipolar Disorder,HANAMI,10,18084,DRD2,1813,lowest ten-seed median rank percentile; ties by mean then index,3.2020811921891057,4.9524665981500515,1.7129153819801304,6.819009078451524,0.6937307297019527,15.441932168550874,1.6058581706063721,4.132408359027064,10.080507022953066,0.6937307297019527,15.441932168550874,2.0340870161014046,2.2717540253511475,5.1280404248030145,0.7536827680712572,7.382665296334361
e557219bc73545599555,psychiatric_mood,pramipexole,Bipolar Disorder,TriMoGCL,10,18084,DRD2,1813,lowest ten-seed median rank percentile; ties by mean then index,1.4827423775265502,3.470152449468997,0.8896454265159301,2.8059695101062005,0.46891058581706063,12.193816375471052,2.049075025693731,11.551473107228503,2.134720794792737,0.8864337101747174,12.193816375471052,3.029719081877355,0.5716855087358684,0.8992805755395683,0.46891058581706063,0.9164097293593696
e557219bc73545599555,psychiatric_mood,pramipexole,Bipolar Disorder,TriNet,10,17639,DRD3,1814,lowest ten-seed median rank percentile; ties by mean then index,17.93101233299075,32.49036485097636,8.216640972935938,59.90868019869819,0.6701781431997259,85.28819801301816,13.198013018156903,79.63985954093867,0.6701781431997259,22.17583076396026,85.28819801301816,69.76918465227818,3.592840013703323,13.68619390202124,6.556183624528948,30.327166837958206
e557219bc73545599555,psychiatric_mood,pramipexole,Bipolar Disorder,N2V-MLP,10,18084,DRD2,1813,lowest ten-seed median rank percentile; ties by mean then index,10.06551901336074,17.43790681740322,3.64743919150394,18.16707348406989,0.8585988352175402,58.01430284343954,4.359369647139431,50.85003425830764,15.77166837958205,0.8585988352175402,18.79068174032203,3.442959917780062,58.01430284343954,1.7343268242548817,4.260877012675574,16.296248715313464
e557219bc73545599555,psychiatric_mood,pramipexole,Bipolar Disorder,RF,10,18084,DRD2,1813,lowest ten-seed median rank percentile; ties by mean then index,11.974349092154847,17.70736981843097,5.349113566289825,31.80857100034258,1.5823055841041453,42.19338814662556,5.604445015416238,21.366478245974648,42.19338814662556,4.963172319287427,35.28926858513189,5.264003083247688,36.861939020212404,6.342069201781432,1.5823055841041453,17.606628982528264
e58b4770c40930e022f4,neurological_seizure,fluoxetine,Seizures,HANAMI,1,46474,CHRNA2,1135,lowest ten-seed median rank percentile; ties by mean then index,38.023509763617675,39.67518842069202,19.94529376498801,47.83905018842069,16.409729359369646,86.37375813634806,19.615022267899967,48.858770126755736,64.4056183624529,86.37375813634806,20.93610825625214,44.779890373415554,16.409729359369646,33.2498287084618,19.32596779719082,42.79719081877355
e58b4770c40930e022f4,neurological_seizure,fluoxetine,Seizures,TriMoGCL,1,46474,CHRNA2,1135,lowest ten-seed median rank percentile; ties by mean then index,21.925316889345666,29.197285029119563,17.55417094895512,32.05239379924632,10.896282973621103,76.76216169921206,17.98775265501884,13.720452209660843,23.899451867077765,76.76216169921206,17.40964371360055,10.896282973621103,23.501199040767386,34.77004110996917,20.349434737923946,52.67643028434395
e58b4770c40930e022f4,neurological_seizure,fluoxetine,Seizures,TriNet,1,46474,CHRNA2,1135,lowest ten-seed median rank percentile; ties by mean then index,54.99207776635834,51.935808496060304,49.33196300102775,60.58635234669407,22.09232613908873,72.56766015758822,23.46694073312778,60.8020726276122,50.47533401849949,72.56766015758822,22.09232613908873,71.07956491949298,48.95083932853717,59.9391915039397,53.62709832134293,56.35705721137376
e58b4770c40930e022f4,neurological_seizure,fluoxetine,Seizures,N2V-MLP,1,46474,CHRNA2,1135,lowest ten-seed median rank percentile; ties by mean then index,34.78609969167523,34.31162213086674,21.633050702295307,45.3055412812607,10.842754367934225,60.23895169578623,33.86647824597465,35.70572113737581,17.585217540253513,60.23895169578623,12.921805412812606,45.63634806440562,48.22927372387804,44.31312093182597,10.842754367934225,33.77655018842069
e58b4770c40930e022f4,neurological_seizure,fluoxetine,Seizures,RF,1,46474,CHRNA2,1135,lowest ten-seed median rank percentile; ties by mean then index,20.063056697499142,19.902149708804384,13.440497601918466,25.701224734498116,6.67501712915382,32.92330421377184,20.154590613223707,32.92330421377184,22.033444672833163,19.97152278177458,30.215827338129497,26.923818088386433,12.895041109969167,15.076867077766359,12.152064063035287,6.67501712915382
e5c5e7c6a8d80da284e2,prostate_oncology,cholecalciferol,Prostatic Neoplasms,HANAMI,1,20715,VDR,7421,lowest ten-seed median rank percentile; ties by mean then index,13.99130695443645,19.248030147310725,7.634249743062693,22.045220966084276,0.3104659129838986,58.24554642000685,23.379153819801303,18.043422404933196,12.095323741007194,42.16341212744091,13.005310037684138,14.977303871188763,0.3104659129838986,4.113138060979788,6.147225077081192,58.24554642000685
e5c5e7c6a8d80da284e2,prostate_oncology,cholecalciferol,Prostatic Neoplasms,TriMoGCL,1,20715,VDR,7421,lowest ten-seed median rank percentile; ties by mean then index,9.12662726961288,14.665125042822885,4.343846351490236,16.790317745803357,0.3747002398081535,61.65424803014731,19.030489893799245,0.3747002398081535,8.189876670092497,24.3276807125728,3.725590955806783,3.016872216512504,6.198612538540596,10.06980130181569,10.063377869133264,61.65424803014731
e5c5e7c6a8d80da284e2,prostate_oncology,cholecalciferol,Prostatic Neoplasms,TriNet,1,20715,VDR,7421,lowest ten-seed median rank percentile; ties by mean then index,10.311750599520384,20.269784172661872,1.6326224734498116,36.94490835902706,0.6402021240150737,60.25179856115108,43.22327852004111,2.0212401507365536,37.09532374100719,10.108341897910243,1.5030832476875642,0.6402021240150737,0.8457519698526893,60.25179856115108,36.49366221308667,10.515159301130524
e5c5e7c6a8d80da284e2,prostate_oncology,cholecalciferol,Prostatic Neoplasms,N2V-MLP,1,20715,VDR,7421,lowest ten-seed median rank percentile; ties by mean then index,5.831406303528606,15.28455806783145,1.0716426858513188,27.870203836930454,0.12418636519355944,52.42805755395683,29.569201781431996,22.77321000342583,3.134635149023638,8.528177458033573,0.12418636519355944,0.12846865364850976,0.5738266529633436,52.42805755395683,2.565090784515245,33.02072627612196
e5c5e7c6a8d80da284e2,prostate_oncology,cholecalciferol,Prostatic Neoplasms,RF,1,20715,VDR,7421,lowest ten-seed median rank percentile; ties by mean then index,2.1828965399109284,4.047297875984926,0.2740664611168208,7.1781860226104826,0.13489208633093525,11.70777663583419,7.899751627269612,5.013489208633094,0.13489208633093525,10.537641315519013,0.2997601918465228,0.26550188420692017,2.999743062692703,11.70777663583419,0.24837273038711888,1.3660500171291539
e6192ca61382e402adc1,cardiovascular_hypertensive,ibuprofen,Hypertension,HANAMI,1,22560,PLAT,5327,lowest ten-seed median rank percentile; ties by mean then index,35.402749229188075,31.176130524152107,16.15172147995889,42.04297276464543,11.086844809866392,47.82673860911271,39.83812949640288,47.82673860911271,46.47781774580336,38.75042822884549,11.551473107228503,11.444415895854744,11.086844809866392,32.05507022953066,29.95246659815005,42.777920520726276
e6192ca61382e402adc1,cardiovascular_hypertensive,ibuprofen,Hypertension,TriMoGCL,1,22560,PLAT,5327,lowest ten-seed median rank percentile; ties by mean then index,23.622173689619732,30.32802329564919,15.802714970880439,37.71197327852004,13.718311065433367,76.766443987667,45.37726961288112,17.38180883864337,76.766443987667,39.116563891743745,13.718311065433367,15.082219938335045,15.366992120589243,29.862538540596095,17.109883521754025,33.49820143884892
e6192ca61382e402adc1,cardiovascular_hypertensive,ibuprofen,Hypertension,TriNet,1,22560,PLAT,5327,lowest ten-seed median rank percentile; ties by mean then index,31.033744433025007,31.480387118876326,6.988159472422062,55.760213257965056,1.3403562863994518,65.13574854402192,54.310123329907505,16.401164782459748,65.13574854402192,56.243576567317575,1.3403562863994518,7.140715998629668,2.0833333333333335,59.54522096608427,45.66632408359027,6.937307297019527
e6192ca61382e402adc1,cardiovascular_hypertensive,ibuprofen,Hypertension,N2V-MLP,1,22560,PLAT,5327,lowest ten-seed median rank percentile; ties by mean then index,17.958847207947926,19.540938677629324,12.589928057553957,25.032652449468998,0.9528091812264474,54.83684480986639,13.73972250770812,24.160671462829736,27.267471736896198,25.32331277834875,1.0041966426858513,12.206663240835903,0.9528091812264474,54.83684480986639,18.964114422747517,16.953579993148338
e6192ca61382e402adc1,cardiovascular_hypertensive,ibuprofen,Hypertension,RF,1,22560,PLAT,5327,lowest ten-seed median rank percentile; ties by mean then index,59.45850462487154,58.66446128811236,52.750299760191844,66.21997045220967,30.215827338129497,79.956748886605,63.64658273381295,62.2719681397739,79.956748886605,67.0777663583419,30.215827338129497,69.13861767728675,56.64504110996917,52.11759164097293,50.92604487838301,54.64842411784858
e62280e6b9239152a838,cardiovascular_hypertensive,milrinone,Hypertension,HANAMI,1,40160,PDE3A,5139,lowest ten-seed median rank percentile; ties by mean then index,23.997944501541625,23.94056183624529,16.146368619390202,30.760213257965056,2.132579650565262,49.24203494347379,22.353545734840697,25.64234326824255,13.67334703665639,30.12589928057554,16.49323398424118,16.030746831106544,2.132579650565262,32.74023638232271,49.24203494347379,30.971651250428227
e62280e6b9239152a838,cardiovascular_hypertensive,milrinone,Hypertension,TriMoGCL,1,40160,PDE3A,5139,lowest ten-seed median rank percentile; ties by mean then index,22.559095580678314,30.872088043850635,17.66283401849949,31.86076139088729,13.28365878725591,91.78228845495032,26.173347036656388,27.82845152449469,33.204864679684825,18.94484412470024,13.28365878725591,45.55498458376156,16.38189448441247,91.78228845495032,17.54239465570401,18.02415210688592
e62280e6b9239152a838,cardiovascular_hypertensive,milrinone,Hypertension,TriNet,1,40160,PDE3A,5139,lowest ten-seed median rank percentile; ties by mean then index,6.157930798218568,13.907374100719423,5.208333333333334,11.877997601918466,2.7792052072627613,70.20169578622816,70.20169578622816,18.411699212058924,6.0101918465227815,2.7792052072627613,5.003854059609456,3.016872216512504,8.528177458033573,6.305669749914355,5.821771154504967,12.994604316546763
e62280e6b9239152a838,cardiovascular_hypertensive,milrinone,Hypertension,N2V-MLP,1,40160,PDE3A,5139,lowest ten-seed median rank percentile; ties by mean then index,25.034258307639604,31.9570058239123,19.042801473107225,37.94375214114422,6.2200239808153475,78.6720623501199,26.723621103117505,34.91992120589243,23.3448955121617,13.146625556697499,18.777834874957176,38.95169578622816,6.2200239808153475,58.975676601575884,78.6720623501199,19.83770126755738
e62280e6b9239152a838,cardiovascular_hypertensive,milrinone,Hypertension,RF,1,40160,PDE3A,5139,lowest ten-seed median rank percentile; ties by mean then index,51.731115107913666,53.47925231243577,40.894516529633435,62.77406646111682,28.107870846180198,91.63669064748201,29.28014731072285,38.75685166152792,54.58418979102432,28.107870846180198,52.87234498115793,65.50402535114765,47.30751113394998,76.15300616649537,91.63669064748201,50.58988523466941
e7432b2000870a233aa6,psychiatric_mood,perphenazine,Depressive Disorder,HANAMI,5,18426,DRD2,1813,lowest ten-seed median rank percentile; ties by mean then index,7.260620075368276,7.982828023295649,5.250620931825967,9.680648338472079,0.9292565947242206,17.65159301130524,3.4772182254196644,9.258307639602604,17.65159301130524,0.9292565947242206,13.191589585474478,5.965227817745803,6.579736211031175,9.821428571428571,5.012418636519356,7.941503939705378
e7432b2000870a233aa6,psychiatric_mood,perphenazine,Depressive Disorder,TriMoGCL,5,18426,DRD2,1813,lowest ten-seed median rank percentile; ties by mean then index,6.286399451867078,11.67994176087701,4.412362966769441,14.192039225762247,3.899023638232271,45.049674546077426,3.899023638232271,17.030661185337443,15.853031860226105,6.344210346008907,45.049674546077426,9.209061322370674,6.228588557725248,4.314405618362453,4.706235011990407,4.164525522439192
e7432b2000870a233aa6,psychiatric_mood,perphenazine,Depressive Disorder,TriNet,5,18426,DRD2,1813,lowest ten-seed median rank percentile; ties by mean then index,6.866649537512847,8.993019869818431,3.968610825625214,14.334960602946214,0.4817574511819116,21.739037341555328,2.393799246317232,3.7298732442617335,15.917266187050359,0.4817574511819116,9.58804385063378,4.684823569715656,6.673946557040082,17.66229873244262,7.059352517985611,21.739037341555328
e7432b2000870a233aa6,psychiatric_mood,perphenazine,Depressive Disorder,N2V-MLP,5,18426,DRD2,1813,lowest ten-seed median rank percentile; ties by mean then index,9.74648852346694,11.29496402877698,6.376862795477903,10.494283144912641,1.076995546420007,33.38043850633779,9.166238437821171,33.38043850633779,18.63009592326139,1.076995546420007,5.194415895854744,10.5344295991778,10.373843782117163,8.645940390544707,5.620503597122302,10.32673860911271
e7432b2000870a233aa6,psychiatric_mood,perphenazine,Depressive Disorder,RF,5,23004,HTR2A,3356,lowest ten-seed median rank percentile; ties by mean then index,4.177372387804042,9.774751627269612,1.306633264816718,7.242152706406304,0.5888146625556697,43.98017300445358,4.582048646796848,1.388532031517643,1.0405960945529291,5.911699212058925,1.2793336759164098,7.685637204522097,3.7726961288112366,27.51798561151079,0.5888146625556697,43.98017300445358
e755cdcdd04a27e7a3c6,breast_oncology,pazopanib,Breast Neoplasms,HANAMI,3,2428,FGFR1,2260,lowest ten-seed median rank percentile; ties by mean then index,25.53421548475505,27.14713943131209,15.255652620760534,39.80922404933197,9.196214457005825,43.126927029804726,22.23792394655704,40.114337101747175,38.893884892086334,43.126927029804726,28.370161014045905,12.283744433025008,12.928228845495033,9.196214457005825,22.698269955464202,41.62170263788969
e755cdcdd04a27e7a3c6,breast_oncology,pazopanib,Breast Neoplasms,TriMoGCL,3,1256,KDR,3791,lowest ten-seed median rank percentile; ties by mean then index,33.16097122302158,31.610140459061324,22.190818773552586,34.96649109284001,8.108513189448441,62.926087701267555,20.484326824254882,35.093353888317914,34.38677629325111,34.5859027064063,62.926087701267555,8.108513189448441,27.3102946214457,10.617934224049332,31.935166152792053,50.653048989379926
e755cdcdd04a27e7a3c6,breast_oncology,pazopanib,Breast Neoplasms,TriNet,3,2428,FGFR1,2260,lowest ten-seed median rank percentile; ties by mean then index,69.25423946557041,65.72884549503256,57.934545220966086,84.29898937992463,9.114850976361767,93.68362452894827,9.114850976361767,63.59198355601233,74.79445015416239,41.861510791366904,86.50222678999657,63.71402877697842,84.60945529290854,93.68362452894827,83.36759164097293,56.048732442617336
e755cdcdd04a27e7a3c6,breast_oncology,pazopanib,Breast Neoplasms,N2V-MLP,3,2428,FGFR1,2260,lowest ten-seed median rank percentile; ties by mean then index,30.83782973621103,31.89427029804728,14.250385405960946,45.30340013703323,2.4901507365536144,76.06628982528264,34.24760191846523,13.570572113737581,27.428057553956833,16.28982528263104,46.659815005138746,47.85885577252484,41.234155532716684,76.06628982528264,2.4901507365536144,13.097379239465571
e755cdcdd04a27e7a3c6,breast_oncology,pazopanib,Breast Neoplasms,RF,3,2428,FGFR1,2260,lowest ten-seed median rank percentile; ties by mean then index,62.3747430626927,65.15598235697158,55.4593824940048,73.5954093867763,49.03220280918123,87.08782973621103,63.64658273381295,54.43859198355601,54.58418979102432,61.102903391572454,81.50693730729702,58.08496060294622,87.08782973621103,76.15300616649537,49.03220280918123,65.92261904761905
e7ebb1eb4b1fb48a5af5,cardiovascular_hypertensive,propafenone,Ventricular Fibrillation,HANAMI,2,32088,SCN5A,6331,lowest ten-seed median rank percentile; ties by mean then index,47.065561836245294,48.2845152449469,40.74115707434053,51.73967968482357,33.318345323741006,79.23732442617334,48.91015758821514,52.682853717026376,33.318345323741006,44.105429941760875,79.23732442617334,48.156474820143885,39.61973278520041,45.9746488523467,34.633007879410755,56.2071771154505
e7ebb1eb4b1fb48a5af5,cardiovascular_hypertensive,propafenone,Ventricular Fibrillation,TriMoGCL,2,32088,SCN5A,6331,lowest ten-seed median rank percentile; ties by mean then index,35.40167865707434,35.44300274066461,25.059416752312437,40.0624143542309,13.703323055841041,70.63848920863309,24.45186707776636,26.882065775950668,21.12238780404248,40.29205207262761,70.63848920863309,34.09558067831449,39.37350119904077,47.16298389859541,13.703323055841041,36.70777663583419
e7ebb1eb4b1fb48a5af5,cardiovascular_hypertensive,propafenone,Ventricular Fibrillation,TriNet,2,32088,SCN5A,6331,lowest ten-seed median rank percentile; ties by mean then index,7.916880781089414,18.77055498458376,3.619069030489894,31.16060722850291,0.49032202809181225,57.47259335388832,11.724905789653992,3.659215484755053,0.49032202809181225,25.271925316889345,46.518499486125386,4.108855772524837,33.12350119904077,3.605686879068174,1.7300445357999314,57.47259335388832
e7ebb1eb4b1fb48a5af5,cardiovascular_hypertensive,propafenone,Ventricular Fibrillation,N2V-MLP,2,32088,SCN5A,6331,lowest ten-seed median rank percentile; ties by mean then index,21.70584960602946,27.61754881808839,13.28419407331278,27.13793251113395,7.727389516957862,68.75214114422748,8.393285371702637,28.39157245632066,7.727389516957862,22.130866735183282,68.75214114422748,21.28083247687564,20.390116478245975,10.91555327166838,23.377012675573827,64.81671805412813
e7ebb1eb4b1fb48a5af5,cardiovascular_hypertensive,propafenone,Ventricular Fibrillation,RF,2,32088,SCN5A,6331,lowest ten-seed median rank percentile; ties by mean then index,11.374293422404932,18.43386005481329,9.270619218910586,28.832915810208974,0.9303271668379582,45.230601233299076,12.049289140116478,26.83603117505995,1.3532031517643028,38.6080421377184,45.230601233299076,10.699297704693388,0.9303271668379582,10.15865878725591,8.974606029462144,29.498544021925316
e881e9dface1cf523164,cardiovascular_hypertensive,procainamide,Ventricular Fibrillation,HANAMI,2,32205,SCN5A,6331,lowest ten-seed median rank percentile; ties by mean then index,38.32862281603289,36.57952209660842,32.264902363823225,42.907995032545394,10.613651935594381,53.81980130181569,43.3538883179171,46.377183967112025,25.443216855087357,37.90681740322028,53.81980130181569,41.570315176430285,30.54984583761562,37.410071942446045,10.613651935594381,38.75042822884549
e881e9dface1cf523164,cardiovascular_hypertensive,procainamide,Ventricular Fibrillation,TriMoGCL,2,32205,SCN5A,6331,lowest ten-seed median rank percentile; ties by mean then index,37.113523466940734,33.6129667694416,21.939234326824256,38.56736039739637,9.215484755053101,59.72293593696472,18.698612538540598,37.2066632408359,17.002826310380268,37.40150736553614,59.72293593696472,31.661099691675233,49.24417608770127,38.95597807468311,9.215484755053101,37.02038369304557
e881e9dface1cf523164,cardiovascular_hypertensive,procainamide,Ventricular Fibrillation,TriNet,2,32205,SCN5A,6331,lowest ten-seed median rank percentile; ties by mean then index,12.5,21.4613309352518,5.278455806783144,34.49008650222679,0.7001541623843782,68.83350462487154,21.464970880438507,6.134378211716341,0.7001541623843782,18.865621788283658,68.83350462487154,5.986639260020555,38.83179170948955,5.042394655704008,2.449468996231586,46.30438506337787
e881e9dface1cf523164,cardiovascular_hypertensive,procainamide,Ventricular Fibrillation,N2V-MLP,2,32205,SCN5A,6331,lowest ten-seed median rank percentile; ties by mean then index,25.24409044193217,27.31243576567318,9.70741264131552,30.671891058581707,3.5628639945186706,67.72653305926687,4.87324426173347,62.855429941760875,3.5628639945186706,15.172147995889002,67.72653305926687,31.06372045220966,29.496402877697843,7.885834189791025,21.681226447413497,28.80695443645084
e881e9dface1cf523164,cardiovascular_hypertensive,procainamide,Ventricular Fibrillation,RF,2,32205,SCN5A,6331,lowest ten-seed median rank percentile; ties by mean then index,7.817317574511819,21.171527064063035,2.91249143542309,25.97368533744433,0.20340870161014046,91.1720623501199,1.3082391229873245,91.1720623501199,8.687692702980472,6.946942446043166,50.43144056183625,29.10457348406989,16.58102089756766,2.1850376841384036,5.0948526892771495,0.20340870161014046
e8db96a56eb4a98b6dfe,psychiatric_mood,escitalopram,Bipolar Disorder,HANAMI,3,44599,ADRA1A,148,lowest ten-seed median rank percentile; ties by mean then index,5.699725933538883,8.327124015073656,3.7164910928400134,9.969167523124359,2.462315861596437,21.182339842411785,3.22242206235012,3.4922062350119902,4.3893456663240835,2.462315861596437,21.182339842411785,8.324768756423433,6.44912641315519,10.517300445358,4.950325453922576,18.28108941418294
e8db96a56eb4a98b6dfe,psychiatric_mood,escitalopram,Bipolar Disorder,TriMoGCL,3,38986,SLC6A2,6530,lowest ten-seed median rank percentile; ties by mean then index,6.613994518670777,8.034215484755054,3.684909215484755,9.691889345666324,2.419492977046934,25.220537855429942,8.28194587187393,7.0443645083932855,25.220537855429942,2.665724563206578,6.18362452894827,10.161870503597122,10.921976704350804,3.6485097636176773,3.794107571085988,2.419492977046934
e8db96a56eb4a98b6dfe,psychiatric_mood,escitalopram,Bipolar Disorder,TriNet,3,44599,ADRA1A,148,lowest ten-seed median rank percentile; ties by mean then index,13.481714628297361,17.186536485097637,9.284536656389173,28.296826824254882,2.0940390544707093,38.347893114080165,8.742291880781089,17.407502569373072,2.0940390544707093,12.975334018499487,10.911270983213429,32.17925659472422,31.926601575882152,3.2930798218568005,13.988095238095237,38.347893114080165
e8db96a56eb4a98b6dfe,psychiatric_mood,escitalopram,Bipolar Disorder,N2V-MLP,3,44599,ADRA1A,148,lowest ten-seed median rank percentile; ties by mean then index,13.940990065090784,22.141358341897913,6.903584275436794,26.827466598150053,4.543508050702295,82.14285714285714,15.300616649537513,15.416238437821171,4.543508050702295,5.33359027064063,6.787427201096266,41.42471736896197,30.63120931825968,12.581363480644056,7.252055498458376,82.14285714285714
e8db96a56eb4a98b6dfe,psychiatric_mood,escitalopram,Bipolar Disorder,RF,3,44599,ADRA1A,148,lowest ten-seed median rank percentile; ties by mean then index,12.439512675573827,16.26423860911271,6.949618876327509,23.885802072627612,0.44642857142857145,46.239080164439876,25.517086330935253,6.239294278862624,1.7407502569373072,9.298989379924631,0.44642857142857145,9.080592668722165,29.508179170948956,18.991949297704693,15.58003597122302,46.239080164439876
e9471c9b8d3177670022,psychiatric_mood,pentoxifylline,Depressive Disorder,HANAMI,4,13895,TNF,7124,lowest ten-seed median rank percentile; ties by mean then index,11.100762247344981,14.74905789653991,7.6743961973278525,13.930284343953408,1.6829393627954778,41.208461801986985,10.673603973963687,36.04830421377184,13.384292565947241,41.208461801986985,11.527920520726276,3.0447070914696814,1.6829393627954778,14.112281603288798,7.444758478931141,8.363309352517986
e9471c9b8d3177670022,psychiatric_mood,pentoxifylline,Depressive Disorder,TriMoGCL,4,13895,TNF,7124,lowest ten-seed median rank percentile; ties by mean then index,8.922147995889002,10.207262761219596,2.9066032887975335,15.020126755738264,2.213943131209318,24.10500171291538,11.628554299417608,8.960688591983557,16.15065090784515,24.10500171291538,2.5351147653305928,4.021068859198356,2.278177458033573,21.295820486467967,2.213943131209318,8.88360739979445
e9471c9b8d3177670022,psychiatric_mood,pentoxifylline,Depressive Disorder,TriNet,4,36554,PDE4B,5142,lowest ten-seed median rank percentile; ties by mean then index,19.522953066118532,19.690711716341216,15.01423860911271,22.3294578622816,4.109926344638575,35.88985954093868,19.61716341212744,19.713514902363823,14.090870161014045,35.88985954093868,4.109926344638575,10.348150051387462,23.201438848920862,17.7843439534087,32.72310722850291,19.428742720109625
e9471c9b8d3177670022,psychiatric_mood,pentoxifylline,Depressive Disorder,N2V-MLP,4,13895,TNF,7124,lowest ten-seed median rank percentile; ties by mean then index,10.450924974306268,11.035885577252483,2.5886433710174717,19.632686707776635,0.15202124015073656,22.27432339842412,1.1540767386091126,22.27432339842412,17.11630695443645,15.831620417951353,4.759763617677287,20.47147995889003,1.8649366221308668,21.664097293593695,5.0702295306611855,0.15202124015073656
e9471c9b8d3177670022,psychiatric_mood,pentoxifylline,Depressive Disorder,RF,4,36554,PDE4B,5142,lowest ten-seed median rank percentile; ties by mean then index,18.027899109284,24.256059438163753,15.039932339842412,36.3226383179171,7.685637204522097,45.36335217540253,15.08971394313121,14.211844809866392,15.023338472079478,41.03502911956149,17.702980472764647,7.685637204522097,18.352817745803357,45.36335217540253,38.59733641658102,29.498544021925316
e95c8d7bc26c223941c6,psychiatric_mood,Bromazepam,Depressive Disorder,HANAMI,3,38066,GABRA3,2556,lowest ten-seed median rank percentile; ties by mean then index,21.86108256252141,24.772610483042136,12.760684309695101,28.34660842754368,8.789397053785542,61.639260020554985,15.469767043508051,11.521497088043851,11.857656731757451,8.789397053785542,61.639260020554985,23.31277834874957,27.299588900308326,20.40938677629325,38.73115793079822,28.695614936622132
e95c8d7bc26c223941c6,psychiatric_mood,Bromazepam,Depressive Disorder,TriMoGCL,3,38066,GABRA3,2556,lowest ten-seed median rank percentile; ties by mean then index,35.35243233984241,36.764516957862284,19.818430969510104,41.44666409729359,8.292651593011305,89.20435080507023,37.21951010620075,25.54813292223364,12.345837615621788,17.90853031860226,89.20435080507023,33.48535457348407,41.59172661870504,61.037598492634466,41.011476533059266,8.292651593011305
e95c8d7bc26c223941c6,psychiatric_mood,Bromazepam,Depressive Disorder,TriNet,3,24935,GABRB3,2562,lowest ten-seed median rank percentile; ties by mean then index,12.974263446385748,20.33894313120932,6.013938848920864,25.860739979445015,3.528605686879068,63.994518670777666,9.082733812949641,24.171377183967113,3.528605686879068,12.03965399109284,13.908872901678658,26.42386091127098,3.813377869133265,41.43542309009935,63.994518670777666,4.991007194244604
e95c8d7bc26c223941c6,psychiatric_mood,Bromazepam,Depressive Disorder,N2V-MLP,3,24935,GABRB3,2562,lowest ten-seed median rank percentile; ties by mean then index,40.94617163412127,32.15870161014046,10.992634463857485,44.13808239122987,1.132665296334361,62.42934224049332,43.278948269955464,44.42446043165467,5.12161699212059,38.84249743062693,28.605686879068173,62.42934224049332,1.132665296334361,51.71077423775265,43.04984583761562,2.9911784857828025
e95c8d7bc26c223941c6,psychiatric_mood,Bromazepam,Depressive Disorder,RF,3,38066,GABRA3,2556,lowest ten-seed median rank percentile; ties by mean then index,34.03134635149024,41.217882836587876,28.610504453579992,58.24367291880781,14.45165296334361,69.48013018156902,59.90386262418637,54.43859198355601,34.978802672148,14.45165296334361,69.48013018156902,26.923818088386433,33.08389003083248,27.51798561151079,59.51203323055841,31.8880609797876
e9a8fdf23ff6db3e4d4f,cardiovascular_hypertensive,albuterol,Heart Failure,HANAMI,2,389,ADRB1,153,lowest ten-seed median rank percentile; ties by mean then index,23.882322713257963,29.16688078108941,17.986146796848235,38.206577595066804,16.22773210003426,51.56945871873929,16.22773210003426,18.03271668379582,33.97995889003083,24.88009592326139,51.56945871873929,22.88454950325454,17.16127098321343,49.346951010620074,39.61545049674546,17.97062350119904
e9a8fdf23ff6db3e4d4f,cardiovascular_hypertensive,albuterol,Heart Failure,TriMoGCL,2,389,ADRB1,153,lowest ten-seed median rank percentile; ties by mean then index,34.89743919150394,36.32237067488866,24.824961459403905,43.38279376498801,22.537684138403563,62.97319287427201,49.41974991435423,29.432168550873588,45.48646796848236,22.537684138403563,35.129753340185,37.071771154504965,34.665125042822886,62.97319287427201,23.289225762247344,23.218568002740664
e9a8fdf23ff6db3e4d4f,cardiovascular_hypertensive,albuterol,Heart Failure,TriNet,2,27225,ADRB3,155,lowest ten-seed median rank percentile; ties by mean then index,47.22186536485098,49.16902192531689,38.649259164097295,63.715099349092156,18.4224049331963,72.41992120589244,44.499400479616305,36.69921205892429,72.41992120589244,34.86639260020555,66.02432339842412,46.48210003425831,67.52740664611169,56.787427201096264,47.961630695443645,18.4224049331963
e9a8fdf23ff6db3e4d4f,cardiovascular_hypertensive,albuterol,Heart Failure,N2V-MLP,2,389,ADRB1,153,lowest ten-seed median rank percentile; ties by mean then index,29.533872901678656,31.817831449126412,15.814491264131552,47.89525522439192,3.907588215142172,61.076139088729015,43.64294278862624,5.179427886262419,33.62881123672491,3.907588215142172,25.43893456663241,23.182168550873588,59.451010620075365,49.31269270298047,61.076139088729015,13.35859883521754
e9a8fdf23ff6db3e4d4f,cardiovascular_hypertensive,albuterol,Heart Failure,RF,2,389,ADRB1,153,lowest ten-seed median rank percentile; ties by mean then index,48.33579564919493,44.85932682425488,29.763778263103802,57.269719938335044,20.593525179856115,63.36823398424118,56.11189619732785,57.65566118533744,63.36823398424118,24.608170606372045,45.230601233299076,20.593525179856115,49.56534772182254,62.07605344295992,47.106243576567316,22.27753511476533
eaaa20e02e0a26951c35,psychiatric_mood,duloxetine,Depressive Disorder,HANAMI,5,22775,HTR2A,3356,lowest ten-seed median rank percentile; ties by mean then index,10.629710517300445,11.033958547447757,9.791987838300788,13.262782631038027,2.931226447413498,18.238266529633435,6.053014731072285,9.789311408016443,9.80001712915382,2.931226447413498,16.217026378896882,13.499914354230901,9.92420349434738,18.238266529633435,11.335217540253511,12.551387461459404
eaaa20e02e0a26951c35,psychiatric_mood,duloxetine,Depressive Disorder,TriMoGCL,5,22775,HTR2A,3356,lowest ten-seed median rank percentile; ties by mean then index,10.871659815005138,12.323569715656046,9.15339157245632,12.760684309695101,4.594895512161699,30.040253511476532,11.384463857485441,10.836330935251798,13.219424460431656,8.628811236724905,30.040253511476532,14.898081534772182,10.727132579650565,10.906988694758478,7.999314833847208,4.594895512161699
eaaa20e02e0a26951c35,psychiatric_mood,duloxetine,Depressive Disorder,TriNet,5,23993,SLC6A3,6531,lowest ten-seed median rank percentile; ties by mean then index,8.200582391229872,23.01194758478931,6.109219767043508,39.28303785542994,3.541452552243919,69.957605344296,7.022953066118534,8.309780746831107,69.957605344296,30.82177115450497,5.5905275779376495,8.09138403562864,3.541452552243919,42.103460089071596,48.87589928057554,5.804642000685166
eaaa20e02e0a26951c35,psychiatric_mood,duloxetine,Depressive Disorder,N2V-MLP,5,22775,HTR2A,3356,lowest ten-seed median rank percentile; ties by mean then index,16.071428571428573,27.27839157245632,9.182832305584103,47.70629924631723,4.781175059952038,72.48843782117163,23.584703665638916,5.023124357656732,59.525950668037,4.781175059952038,11.750599520383693,55.74683110654334,72.48843782117163,20.39225762247345,10.870589242891402,8.620246659815004
eaaa20e02e0a26951c35,psychiatric_mood,duloxetine,Depressive Disorder,RF,5,22775,HTR2A,3356,lowest ten-seed median rank percentile; ties by mean then index,10.379196642685852,12.71561322370675,4.041677372387804,19.323291366906474,0.37791195614936623,32.57322713257965,4.582048646796848,3.861553614251456,11.80948098663926,1.1851233299075026,8.948912298732443,20.593525179856115,27.711759164097295,32.57322713257965,0.37791195614936623,15.512589928057555
eb518afb4121806f60fe,psychiatric_mood,ibuprofen,"Depressive Disorder, Major",HANAMI,1,12063,PTGS2,5743,lowest ten-seed median rank percentile; ties by mean then index,3.9857399794450155,4.8533316204179515,3.247045220966084,6.59097721822542,0.16272696128811237,11.410157588215142,3.935423090099349,9.61373758136348,3.1431997259335387,3.5585817060637206,7.035799931483385,0.381123672490579,5.256509078451525,4.0360568687906815,11.410157588215142,0.16272696128811237
eb518afb4121806f60fe,psychiatric_mood,ibuprofen,"Depressive Disorder, Major",TriMoGCL,1,12063,PTGS2,5743,lowest ten-seed median rank percentile; ties by mean then index,7.229573484069887,14.322756080849606,5.592668722165125,24.50378982528263,0.8500342583076396,36.96471394313121,36.96471394313121,5.474905789653991,6.087273038711888,8.371873929427887,32.9479273723878,1.9912641315519013,17.88283658787256,0.8500342583076396,26.710774237752656,5.945957519698527
eb518afb4121806f60fe,psychiatric_mood,ibuprofen,"Depressive Disorder, Major",TriNet,1,12063,PTGS2,5743,lowest ten-seed median rank percentile; ties by mean then index,30.67510277492292,29.75912127440904,7.879946043165468,50.17022096608427,0.3104659129838986,63.72045220966084,45.26593011305241,10.373843782117163,51.80498458376156,41.11853374443302,7.048646796848236,1.4324254881808838,20.231671805412812,63.72045220966084,56.284258307639604,0.3104659129838986
eb518afb4121806f60fe,psychiatric_mood,ibuprofen,"Depressive Disorder, Major",N2V-MLP,1,12063,PTGS2,5743,lowest ten-seed median rank percentile; ties by mean then index,12.520340870161014,14.066032887975334,8.16685936964714,14.6507793764988,1.8178314491264131,41.97927372387804,12.896111682082905,6.888060979787599,20.593525179856115,14.75676601575882,12.144570058239124,1.8178314491264131,12.003254539225763,14.33281945871874,41.97927372387804,3.2481157930798217
eb518afb4121806f60fe,psychiatric_mood,ibuprofen,"Depressive Disorder, Major",RF,1,12063,PTGS2,5743,lowest ten-seed median rank percentile; ties by mean then index,23.199297704693386,28.55012418636519,8.142503854059608,44.92361467968482,4.301558752997602,75.85110483042138,29.28014731072285,7.470452209660842,49.810508735868446,17.118448098663926,37.771925316889345,6.4309266872216515,47.30751113394998,10.15865878725591,75.85110483042138,4.301558752997602
eb6b9c7bbcc3bc09dfcc,prostate_oncology,ciprofloxacin,Prostatic Neoplasms,HANAMI,1,22322,TOP2A,7153,lowest ten-seed median rank percentile; ties by mean then index,12.615621788283658,15.043893456663241,9.81286399451867,17.83305498458376,0.6915895854744776,40.98792394655704,18.510191846522783,13.007451181911614,11.63711887632751,20.826909900650907,12.223792394655703,15.801644398766701,0.6915895854744776,7.5475334018499485,9.204779033915724,40.98792394655704
eb6b9c7bbcc3bc09dfcc,prostate_oncology,ciprofloxacin,Prostatic Neoplasms,TriMoGCL,1,22322,TOP2A,7153,lowest ten-seed median rank percentile; ties by mean then index,40.71278691332648,34.100291195614936,6.04177372387804,56.131166495375126,1.5159301130524152,72.25933538883179,5.3635662898252825,8.076396026036313,1.5159301130524152,57.9222336416581,28.162470023980816,2.513703323055841,72.25933538883179,56.299246317231926,53.26310380267215,55.626927029804726
eb6b9c7bbcc3bc09dfcc,prostate_oncology,ciprofloxacin,Prostatic Neoplasms,TriNet,1,22322,TOP2A,7153,lowest ten-seed median rank percentile; ties by mean then index,58.26802843439534,54.04333675916409,36.50650907845152,68.65150736553613,17.884977732100033,83.08281945871875,17.884977732100033,57.30344295991778,46.655532716683794,26.021325796505653,64.1037170263789,33.12350119904077,82.85799931483385,83.08281945871875,59.2326139088729,70.16743747858855
eb6b9c7bbcc3bc09dfcc,prostate_oncology,ciprofloxacin,Prostatic Neoplasms,N2V-MLP,1,22322,TOP2A,7153,lowest ten-seed median rank percentile; ties by mean then index,33.301216169921204,35.82476875642343,10.048389859540938,54.47070914696814,6.082990750256937,76.47738951695786,16.99212058924289,56.23715313463515,6.082990750256937,49.17137718396711,27.132579650565262,7.733812949640288,39.46985268927715,72.58050702295307,6.369904076738609,76.47738951695786
eb6b9c7bbcc3bc09dfcc,prostate_oncology,ciprofloxacin,Prostatic Neoplasms,RF,1,22322,TOP2A,7153,lowest ten-seed median rank percentile; ties by mean then index,64.18026293251114,64.47381380609798,53.71461759164097,74.52573655361425,45.395469338814664,88.31149366221308,45.395469338814664,71.17912812607057,61.28275950668037,67.0777663583419,76.30609797875985,52.17326139088729,88.31149366221308,58.33868619390202,49.03220280918123,75.64127269612881
eb916393da4da65cf193,cardiovascular_hypertensive,aspirin,"Arrhythmias, Cardiac",HANAMI,1,11699,PTGS2,5743,lowest ten-seed median rank percentile; ties by mean then index,8.186664953751285,9.521454265159301,1.9323826652963345,13.666923603973963,0.0685166152792052,24.09643713600548,12.594210346008907,14.024494689962316,8.02500856457691,8.34832134292566,0.09635149023638233,1.0705721137375814,22.372816032887975,4.517814319972594,24.09643713600548,0.0685166152792052
eb916393da4da65cf193,cardiovascular_hypertensive,aspirin,"Arrhythmias, Cardiac",TriMoGCL,1,11699,PTGS2,5743,lowest ten-seed median rank percentile; ties by mean then index,14.887375813634808,13.474006509078453,6.753168893456664,20.010598663926004,0.7451181911613566,25.14559780746831,15.865878725590957,13.908872901678658,7.973621103117506,23.27423775265502,19.809866392600206,1.5930113052415211,25.14559780746831,0.7451181911613566,6.3463514902363825,20.077509421034602
eb916393da4da65cf193,cardiovascular_hypertensive,aspirin,"Arrhythmias, Cardiac",TriNet,1,11699,PTGS2,5743,lowest ten-seed median rank percentile; ties by mean then index,34.83106372045221,31.37354402192532,4.713729016786571,51.64225762247345,0.9592326139088729,64.4398766700925,4.001798561151079,6.849520383693045,49.49040767386091,62.32014388489208,24.428314491264132,3.652792052072628,45.23381294964029,64.4398766700925,52.35954093867763,0.9592326139088729
eb916393da4da65cf193,cardiovascular_hypertensive,aspirin,"Arrhythmias, Cardiac",N2V-MLP,1,11699,PTGS2,5743,lowest ten-seed median rank percentile; ties by mean then index,20.20597807468311,19.389345666324086,8.794749914354231,22.630823912298734,0.39397053785542996,50.680883864337105,6.521925316889345,22.21651250428229,50.680883864337105,22.768927714970882,21.92959917780062,4.003939705378555,31.282117163412128,18.482356971565604,15.613223706748887,0.39397053785542996
eb916393da4da65cf193,cardiovascular_hypertensive,aspirin,"Arrhythmias, Cardiac",RF,1,11699,PTGS2,5743,lowest ten-seed median rank percentile; ties by mean then index,11.594295991778006,14.48087958204865,4.477400222679,17.39278220280918,1.8809952038369304,37.267685851318944,3.697756080849606,8.736939020212402,37.267685851318944,14.45165296334361,14.512675573826654,4.204136690647482,18.352817745803357,5.297190818773553,36.40694587187393,1.8809952038369304
ec7832089d84200e54ec,psychiatric_mood,modafinil,Depressive Disorder,HANAMI,1,24051,SLC6A3,6531,lowest ten-seed median rank percentile; ties by mean then index,18.774623158615967,21.45362281603289,14.621338643371018,29.49051473107228,11.64996574169236,33.8707605344296,11.64996574169236,13.493490921548476,32.10645769099006,13.979530661185338,33.8707605344296,19.33025008564577,33.69732785200411,16.546762589928058,21.642685851318944,18.21899623158616
ec7832089d84200e54ec,psychiatric_mood,modafinil,Depressive Disorder,TriMoGCL,1,24051,SLC6A3,6531,lowest ten-seed median rank percentile; ties by mean then index,15.171077423775266,16.989337101747175,11.511326652963344,18.857592497430627,7.986467968482357,39.095152449469,19.790596094552928,11.76986981843097,39.095152449469,14.861682082905105,16.05858170606372,7.986467968482357,24.25702295306612,11.425145597807468,15.480472764645427,9.168379582048647
ec7832089d84200e54ec,psychiatric_mood,modafinil,Depressive Disorder,TriNet,1,24051,SLC6A3,6531,lowest ten-seed median rank percentile; ties by mean then index,18.180455635491608,27.23192874272011,12.859712230215827,37.42024237752655,4.239465570400823,75.36613566289826,21.67694415895855,9.872816032887975,75.36613566289826,27.128297362110313,14.683967112024666,12.444330250085645,4.239465570400823,40.85089071599863,51.95058239122987,14.105858170606371
ec7832089d84200e54ec,psychiatric_mood,modafinil,Depressive Disorder,N2V-MLP,1,24051,SLC6A3,6531,lowest ten-seed median rank percentile; ties by mean then index,15.845537855429942,23.46651250428229,3.508264816718054,41.21274409044193,0.1884206920178143,61.90904419321686,36.960431654676256,1.7857142857142858,42.63018156903049,61.90904419321686,1.7171976704350804,18.088386433710173,8.675916409729359,49.107142857142854,13.60268927714971,0.1884206920178143
ec7832089d84200e54ec,psychiatric_mood,modafinil,Depressive Disorder,RF,1,24051,SLC6A3,6531,lowest ten-seed median rank percentile; ties by mean then index,32.03472935936965,34.22426344638575,22.14585474477561,41.04760834189791,16.58102089756766,63.64658273381295,63.64658273381295,28.780190133607398,42.19338814662556,54.2330421377184,35.28926858513189,37.61026892771497,16.58102089756766,25.161656389174375,21.14058752997602,17.606628982528264
ed288a3e14114c3fb22f,neurological_seizure,bumetanide,Seizures,HANAMI,1,43757,SLC12A1,6557,lowest ten-seed median rank percentile; ties by mean then index,38.83714457005824,38.35453066118534,31.646111682082907,43.015587529976024,18.97482014388489,68.56800274066461,18.97482014388489,43.058410414525525,42.88711887632751,68.56800274066461,30.40424803014731,40.71171634121274,22.80532716683796,43.801387461459406,36.962572798903736,35.37170263788969
ed288a3e14114c3fb22f,neurological_seizure,bumetanide,Seizures,TriMoGCL,1,43757,SLC12A1,6557,lowest ten-seed median rank percentile; ties by mean then index,21.10954093867763,30.86587872559096,16.188120931825967,42.94332391229873,10.639345666324084,75.29333675916409,23.80095923261391,18.41812264474135,12.622045220966084,50.98064405618362,17.142000685166153,10.639345666324084,39.95161014045906,75.29333675916409,15.870161014045905,43.94056183624529
ed288a3e14114c3fb22f,neurological_seizure,bumetanide,Seizures,TriNet,1,43757,SLC12A1,6557,lowest ten-seed median rank percentile; ties by mean then index,21.95957519698527,27.99888660500171,17.565947242206235,30.216362624186363,3.552158273381295,75.80078794107571,10.256080849606029,18.27252483727304,32.32913669064748,17.330421377183967,3.552158273381295,75.80078794107571,54.65056526207605,22.049503254539225,21.86964713943131,23.878040424803014
ed288a3e14114c3fb22f,neurological_seizure,bumetanide,Seizures,N2V-MLP,1,43757,SLC12A1,6557,lowest ten-seed median rank percentile; ties by mean then index,28.361596437136004,32.00796505652621,17.92137718396711,39.48323484069887,11.078280232956493,73.88874614594039,16.07999314833847,27.209660842754367,23.44552929085303,29.51353203151764,12.89397053785543,48.800959232613906,73.88874614594039,40.38198013018157,11.078280232956493,36.78699897225077
ed288a3e14114c3fb22f,neurological_seizure,bumetanide,Seizures,RF,1,43757,SLC12A1,6557,lowest ten-seed median rank percentile; ties by mean then index,30.92722250770812,41.23372730387119,27.206984412470025,45.176269698526895,14.45165296334361,91.80798218568003,25.517086330935253,38.75685166152792,47.316075710859884,14.45165296334361,32.74987153134635,29.10457348406989,91.80798218568003,77.9397910243234,27.62611339499829,27.06727475162727
ef4f2a863d24e66253d2,cardiovascular_hypertensive,ramipril,"Arrhythmias, Cardiac",HANAMI,1,40379,ACE,1636,lowest ten-seed median rank percentile; ties by mean then index,14.20435080507023,16.98184309695101,8.097807468311064,26.865471908187736,5.888146625556698,30.64833847207948,29.764045906132235,28.28879753340185,18.580849606029464,30.64833847207948,7.100034258307639,9.827852004110998,7.633179170948955,5.888146625556698,22.595495032545394,9.491692360397396
ef4f2a863d24e66253d2,cardiovascular_hypertensive,ramipril,"Arrhythmias, Cardiac",TriMoGCL,1,40379,ACE,1636,lowest ten-seed median rank percentile; ties by mean then index,36.48830935251799,39.51438848920863,29.075132750942103,43.1103331620418,18.503768413840355,77.09832134292566,58.93927714970881,77.09832134292566,44.83984241178486,37.23021582733813,33.579564919492974,18.503768413840355,35.74640287769784,37.92180541281261,23.71103117505995,27.573655361425146
ef4f2a863d24e66253d2,cardiovascular_hypertensive,ramipril,"Arrhythmias, Cardiac",TriNet,1,40379,ACE,1636,lowest ten-seed median rank percentile; ties by mean then index,48.45516443987667,50.78986810551559,44.668550873586845,62.26340356286399,8.245546420006852,88.27723535457348,47.846008907159984,70.02826310380267,49.06431997259335,88.27723535457348,55.83033573141487,8.245546420006852,64.40775950668036,44.221051730044536,46.01104830421377,33.96711202466598
ef4f2a863d24e66253d2,cardiovascular_hypertensive,ramipril,"Arrhythmias, Cardiac",N2V-MLP,1,40379,ACE,1636,lowest ten-seed median rank percentile; ties by mean then index,26.1337358684481,30.654119561493665,15.79682682425488,45.04110996916752,2.43019869818431,63.335046248715315,30.046676944158957,39.19578622816033,46.98955121616992,54.47070914696814,13.95169578622816,19.257451181911613,63.335046248715315,14.643285371702637,22.220794792737237,2.43019869818431
ef4f2a863d24e66253d2,cardiovascular_hypertensive,ramipril,"Arrhythmias, Cardiac",RF,1,40379,ACE,1636,lowest ten-seed median rank percentile; ties by mean then index,27.15024409044193,24.04997430626927,13.973374871531346,37.31612923946557,0.46891058581706063,41.03502911956149,33.47250770811922,12.73017300445358,39.63900308324769,41.03502911956149,17.702980472764647,24.792309009934907,29.508179170948956,0.46891058581706063,38.59733641658102,2.5533144912641315
ef9f5ca704c3f7d6778d,psychiatric_mood,Buprenorphine,Depressive Disorder,HANAMI,2,28893,OPRM1,4988,lowest ten-seed median rank percentile; ties by mean then index,21.851447413497773,22.384378211716342,19.105965227817748,25.830763960260363,10.555841041452553,33.79582048646797,10.555841041452553,21.233727303871188,18.80781089414183,20.000428228845497,24.95075368276807,22.46916752312436,29.01464542651593,16.89148681055156,33.79582048646797,26.12410071942446
ef9f5ca704c3f7d6778d,psychiatric_mood,Buprenorphine,Depressive Disorder,TriMoGCL,2,16069,OPRK1,4986,lowest ten-seed median rank percentile; ties by mean then index,22.970195272353546,26.817189105858166,14.556569030489895,35.041966426858515,10.532288454950326,58.48107228502912,23.96368619390202,21.976704350805072,41.85508735868448,18.054128126070573,12.536399451867078,36.39302843439534,10.532288454950326,30.98878040424803,58.48107228502912,13.390715998629668
ef9f5ca704c3f7d6778d,psychiatric_mood,Buprenorphine,Depressive Disorder,TriNet,2,16069,OPRK1,4986,lowest ten-seed median rank percentile; ties by mean then index,45.00149880095923,47.809181226447414,39.17598064405618,48.99205635491607,23.139345666324083,95.69844124700239,23.139345666324083,38.30935251798561,31.50265501884207,48.184309695101064,95.69844124700239,43.362452894826994,60.21754025351148,46.64054470709147,49.26130524152107,41.7758650222679
ef9f5ca704c3f7d6778d,psychiatric_mood,Buprenorphine,Depressive Disorder,N2V-MLP,2,28893,OPRM1,4988,lowest ten-seed median rank percentile; ties by mean then index,37.857571085988354,39.22062350119904,33.02554385063378,42.4310551558753,20.447927372387802,64.83170606372045,38.08881466255567,54.71265844467283,43.87846865364851,37.855429941760875,31.680369989722507,37.85971223021583,20.447927372387802,64.83170606372045,37.06106543336759,25.790082219938334
ef9f5ca704c3f7d6778d,psychiatric_mood,Buprenorphine,Depressive Disorder,RF,2,28893,OPRM1,4988,lowest ten-seed median rank percentile; ties by mean then index,34.887804042480305,34.288176601575884,20.73617891401165,41.177415210688594,16.58102089756766,60.24537512846865,18.439534087016103,54.43859198355601,16.69664268585132,36.263489208633096,42.81539054470709,35.45306611853375,16.58102089756766,60.24537512846865,27.62611339499829,34.32254196642686
f0041db366ffca092fe0,neurological_seizure,Nitrazepam,Seizures,HANAMI,6,33982,GABRA1,2554,lowest ten-seed median rank percentile; ties by mean then index,10.672533401849948,11.040810208975675,6.498908016443988,12.434159815005138,0.3318773552586502,31.521925316889345,4.6826824254881805,8.254110996916753,13.741863651935594,5.913840356286399,0.3318773552586502,12.056783144912641,31.521925316889345,10.140459061322371,12.559952038369305,11.204607742377526
f0041db366ffca092fe0,neurological_seizure,Nitrazepam,Seizures,TriMoGCL,6,33982,GABRA1,2554,lowest ten-seed median rank percentile; ties by mean then index,12.077124015073656,16.879282288454952,6.975312607057211,19.433560294621447,5.924546077423775,49.250599520383695,12.172404933196301,6.068002740664611,6.9929770469338814,13.409986296676944,21.44141829393628,5.924546077423775,49.250599520383695,34.581620417951356,11.98184309695101,6.969424460431655
f0041db366ffca092fe0,neurological_seizure,Nitrazepam,Seizures,TriNet,6,24826,GABRB3,2562,lowest ten-seed median rank percentile; ties by mean then index,14.952680712572798,26.44355943816375,5.396218739294278,41.11532202809181,4.449297704693389,69.35380267214799,4.449297704693389,31.2585645769099,5.0445357999314835,19.31097978759849,10.594381637547105,69.35380267214799,6.05943816375471,44.400907845152446,68.78854059609455,5.175145597807468
f0041db366ffca092fe0,neurological_seizure,Nitrazepam,Seizures,N2V-MLP,6,31775,SCN1A,6323,lowest ten-seed median rank percentile; ties by mean then index,7.7488009592326135,15.784087016101406,4.310658615964371,31.82596779719082,1.342497430626927,36.27740664611168,3.695614936622131,35.67360397396369,5.3978245974648855,8.02500856457691,7.472593353888318,36.27740664611168,35.64791024323399,3.9482699554642,20.360140459061324,1.342497430626927
f0041db366ffca092fe0,neurological_seizure,Nitrazepam,Seizures,RF,6,31775,SCN1A,6323,lowest ten-seed median rank percentile; ties by mean then index,5.138210859883522,9.846158787255908,3.1504260877012675,10.78280232956492,2.3755995203836933,39.830635491606714,2.9430027406646113,17.658016443987666,6.217882836587872,4.058538883179171,2.3755995203836933,39.830635491606714,3.7726961288112366,2.7781346351490237,12.152064063035287,6.67501712915382
f004944a41a15ac15aa2,neurological_seizure,biperiden,Epilepsy,HANAMI,3,41565,CHRM1,1128,lowest ten-seed median rank percentile; ties by mean then index,11.976490236382322,12.92159129838986,6.981200753682768,19.95867591640973,1.6058581706063721,23.342754367934223,6.031603288797533,9.829993148338472,19.10757108598835,4.8261390887290165,1.6058581706063721,20.24237752655019,23.342754367934223,20.27663583418979,11.506509078451524,12.446471394313122
f004944a41a15ac15aa2,neurological_seizure,biperiden,Epilepsy,TriMoGCL,3,35698,CHRM2,1129,lowest ten-seed median rank percentile; ties by mean then index,18.057339842411785,24.640287769784173,16.203644227475163,23.510298903734157,4.922490578965399,69.35594381637547,17.31971565604659,17.446043165467625,23.441247002398082,9.834275436793423,46.04958890030832,69.35594381637547,23.533316204179513,18.668636519355942,4.922490578965399,15.831620417951353
f004944a41a15ac15aa2,neurological_seizure,biperiden,Epilepsy,TriNet,3,35698,CHRM2,1129,lowest ten-seed median rank percentile; ties by mean then index,40.14966598150051,42.95906132237068,34.892621616992116,55.660650051387464,17.95349434737924,74.47541966426859,49.35123329907503,43.66435423090099,34.5430798218568,20.167437478588557,59.09558067831449,74.47541966426859,35.94124700239808,36.63497773210003,17.95349434737924,57.76378896882494
f004944a41a15ac15aa2,neurological_seizure,biperiden,Epilepsy,N2V-MLP,3,35698,CHRM2,1129,lowest ten-seed median rank percentile; ties by mean then index,45.54427886262418,41.377183967112025,17.41285542994176,59.86639260020555,5.237238780404248,77.77920520726276,41.54676258992806,49.541795135320314,77.77920520726276,14.043764988009592,73.70246659815005,27.520126755738268,56.84737923946557,60.87273038711888,6.680369989722507,5.237238780404248
f004944a41a15ac15aa2,neurological_seizure,biperiden,Epilepsy,RF,3,35698,CHRM2,1129,lowest ten-seed median rank percentile; ties by mean then index,34.05757536827681,38.24586759164097,21.361393028434396,50.499154248030145,11.748458376156218,92.01888489208633,12.049289140116478,30.84746488523467,37.267685851318944,11.748458376156218,61.834104145255225,54.23411270983213,22.023809523809526,92.01888489208633,21.14058752997602,39.29427886262419
f197f7b9e37241ac273c,psychiatric_mood,Nitrazepam,Depressive Disorder,HANAMI,2,24828,GABRB3,2562,lowest ten-seed median rank percentile; ties by mean then index,20.117120589242894,18.721094552929085,12.587251627269612,23.177886262418635,9.463857485440219,29.348663926002054,15.129325111339499,9.463857485440219,10.283915724563206,11.739893799246317,29.348663926002054,23.177886262418635,24.6552757793765,18.212572798903736,22.02166837958205,23.177886262418635
f197f7b9e37241ac273c,psychiatric_mood,Nitrazepam,Depressive Disorder,TriMoGCL,2,38169,GABRA6,2559,lowest ten-seed median rank percentile; ties by mean then index,31.913754710517303,36.21231586159644,20.158872901678656,42.587893970537856,9.00351147653306,88.26867077766359,28.402278177458033,24.064319972593353,9.00351147653306,18.857057211373757,88.26867077766359,35.42523124357657,44.16752312435766,64.98158615964371,37.84900650907845,11.103973963686194
f197f7b9e37241ac273c,psychiatric_mood,Nitrazepam,Depressive Disorder,TriNet,2,24828,GABRB3,2562,lowest ten-seed median rank percentile; ties by mean then index,7.904033915724563,18.457305584104144,3.6040810208975675,26.731650393970536,1.856372045220966,68.21257279890374,2.1989551216169922,17.7757793764988,4.125984926344638,9.566632408359027,6.241435423090099,29.71694073312778,3.430113052415211,41.4482699554642,68.21257279890374,1.856372045220966
f197f7b9e37241ac273c,psychiatric_mood,Nitrazepam,Depressive Disorder,N2V-MLP,2,24828,GABRB3,2562,lowest ten-seed median rank percentile; ties by mean then index,27.041581020897567,25.314534087016103,6.835602946214457,35.284451010620074,0.09849263446385749,66.57459746488523,28.091812264474136,31.44484412470024,2.6507365536142515,25.991349777321002,19.390202124015072,36.56431997259335,0.4260877012675574,41.91289825282631,66.57459746488523,0.09849263446385749
f197f7b9e37241ac273c,psychiatric_mood,Nitrazepam,Depressive Disorder,RF,2,24828,GABRB3,2562,lowest ten-seed median rank percentile; ties by mean then index,31.05194415895855,35.91972850291196,25.59015287769784,47.498072970195274,6.217882836587872,86.88227989037341,33.47250770811922,24.947541966426858,6.217882836587872,58.92428914011648,30.215827338129497,52.17326139088729,6.957648167180541,27.51798561151079,86.88227989037341,31.8880609797876
f1cb5a928102e530f5c6,psychiatric_mood,moclobemide,"Depressive Disorder, Major",HANAMI,2,41069,MAOB,4129,lowest ten-seed median rank percentile; ties by mean then index,18.09159815005139,19.77732100034258,14.208097807468311,24.884378211716342,4.093867762932511,38.8189448441247,28.88189448441247,17.82502569373073,18.358170606372045,26.209746488523468,38.8189448441247,14.765330592668722,4.093867762932511,13.889602603631381,14.022353545734841,20.908273381294965
f1cb5a928102e530f5c6,psychiatric_mood,moclobemide,"Depressive Disorder, Major",TriMoGCL,2,41069,MAOB,4129,lowest ten-seed median rank percentile; ties by mean then index,14.644355943816375,16.618062692702985,11.23458376156218,19.495118191161357,6.123672490578965,35.00556697499144,17.246916752312437,6.123672490578965,11.12752655018842,14.683967112024666,14.604744775608085,20.244518670777662,35.00556697499144,9.864251455978074,25.723706748886606,11.555755395683454
f1cb5a928102e530f5c6,psychiatric_mood,moclobemide,"Depressive Disorder, Major",TriNet,2,37230,MAOA,4128,lowest ten-seed median rank percentile; ties by mean then index,13.76113394998287,26.182982185680025,9.69831277834875,43.83350462487153,5.671891058581706,60.88557725248373,9.399623158615965,10.594381637547105,8.633093525179856,12.923946557040082,60.88557725248373,60.50445357999315,30.260791366906474,48.35774237752655,5.671891058581706,14.59832134292566
f1cb5a928102e530f5c6,psychiatric_mood,moclobemide,"Depressive Disorder, Major",N2V-MLP,2,37230,MAOA,4128,lowest ten-seed median rank percentile; ties by mean then index,7.540039397053786,11.85936964713943,3.8749357656731753,14.326396026036313,0.6359198355601233,35.09121274409044,10.626498800959233,4.637718396711202,1.51378896882494,5.845323741007194,15.559695101062008,31.828108941418293,3.6206748886605,35.09121274409044,0.6359198355601233,9.234755053100377
f1cb5a928102e530f5c6,psychiatric_mood,moclobemide,"Depressive Disorder, Major",RF,2,41069,MAOB,4129,lowest ten-seed median rank percentile; ties by mean then index,12.536399451867076,14.56984412470024,5.938731157930798,22.42420349434738,1.9805584104145255,32.06684652278177,29.28014731072285,14.211844809866392,13.431397738951695,4.058538883179171,11.64140116478246,1.9805584104145255,2.2867420349434737,25.161656389174375,32.06684652278177,11.57930798218568
f3433878f9d5a1316061,neurological_seizure,propofol,Seizures,HANAMI,6,34109,GABRA1,2554,lowest ten-seed median rank percentile; ties by mean then index,10.338514902363823,11.646539910928398,6.488202295306611,12.485011990407674,0.6594724220623501,31.78100376841384,4.393627954779034,9.209061322370674,19.983299075025695,5.9224049331963,0.6594724220623501,12.538540596094553,31.78100376841384,12.324426173347037,8.185594381637546,11.467968482356971
f3433878f9d5a1316061,neurological_seizure,propofol,Seizures,TriMoGCL,6,34109,GABRA1,2554,lowest ten-seed median rank percentile; ties by mean then index,11.749528948269955,16.871788283658788,10.102989037341555,20.268071257279892,6.558324768756424,36.917608770126755,12.883264816718054,6.669664268585132,16.414011647824598,10.615793079821858,21.55275779376499,10.408102089756767,36.917608770126755,36.697070914696816,10.001284686536485,6.558324768756424
f3433878f9d5a1316061,neurological_seizure,propofol,Seizures,TriNet,6,24914,GABRB3,2562,lowest ten-seed median rank percentile; ties by mean then index,11.521497088043851,25.084468139773897,5.86512932511134,39.8343824940048,4.242677286742035,67.47173689619733,4.242677286742035,32.911527920520726,5.230815347721823,15.197841726618705,7.845152449468996,67.47173689619733,7.768071257279891,42.14200068516615,63.037427201096264,4.99743062692703
f3433878f9d5a1316061,neurological_seizure,propofol,Seizures,N2V-MLP,6,34109,GABRA1,2554,lowest ten-seed median rank percentile; ties by mean then index,14.6507793764988,21.69899794450154,6.301387461459404,22.356757451181913,2.0190990065090784,70.41581020897567,5.560551558752998,9.590184994861254,22.392086330935253,54.267300445357996,2.258907159986297,22.250770811921893,70.41581020897567,19.711373758136347,8.523895169578623,2.0190990065090784
f3433878f9d5a1316061,neurological_seizure,propofol,Seizures,RF,6,45844,SCN2A,6326,lowest ten-seed median rank percentile; ties by mean then index,4.047297875984926,13.7781560465913,2.3520469338814665,7.672790339157245,1.7503854059609456,63.8018156903049,2.279248030147311,7.470452209660842,42.19338814662556,1.7503854059609456,7.740236382322713,2.570443645083933,2.999743062692703,63.8018156903049,5.0948526892771495,1.8809952038369304
f447047db01b3a25da73,psychiatric_mood,paliperidone,"Depressive Disorder, Major",HANAMI,8,18763,DRD2,1813,lowest ten-seed median rank percentile; ties by mean then index,3.874400479616307,5.325453922576225,2.56723192874272,8.377226789996575,0.828622816032888,10.956235011990408,4.442874272010963,7.815176430284344,10.350291195614936,3.2609626584446727,1.393884892086331,3.305926687221651,2.3359883521754026,8.564576909900651,0.828622816032888,10.956235011990408
f447047db01b3a25da73,psychiatric_mood,paliperidone,"Depressive Disorder, Major",TriMoGCL,8,18763,DRD2,1813,lowest ten-seed median rank percentile; ties by mean then index,3.5296762589928057,4.4698526892771495,1.8280018842069201,7.415853031860227,0.2933367591640973,9.821428571428571,2.43019869818431,8.027149708804385,3.0875299760191846,5.5819630010277494,9.821428571428571,3.971822541966427,1.5758821514217198,0.2933367591640973,1.6272696128811237,8.28194587187393
f447047db01b3a25da73,psychiatric_mood,paliperidone,"Depressive Disorder, Major",TriNet,8,44617,ADRA1A,148,lowest ten-seed median rank percentile; ties by mean then index,20.16743747858856,20.268927714970882,6.843632237067489,30.561622130866734,2.4815861596437134,42.32185680027407,42.32185680027407,28.766272696128812,2.4815861596437134,7.43619390202124,6.646111682082905,31.16007194244604,22.257194244604317,2.721394313120932,18.0776807125728,40.82091469681398
f447047db01b3a25da73,psychiatric_mood,paliperidone,"Depressive Disorder, Major",N2V-MLP,8,18763,DRD2,1813,lowest ten-seed median rank percentile; ties by mean then index,3.9482699554642,6.60864165810209,0.7370889003083247,6.762268756423433,0.22696128811236724,32.66529633436108,11.187478588557726,4.547790339157245,7.500428228845495,0.6701781431997259,3.590698869475848,0.9378211716341213,0.22696128811236724,0.4539225762247345,4.3058410414525525,32.66529633436108
f447047db01b3a25da73,psychiatric_mood,paliperidone,"Depressive Disorder, Major",RF,8,23236,HTR2A,3356,lowest ten-seed median rank percentile; ties by mean then index,7.6412084618019875,13.776121959575196,1.5777556526207606,26.65858384720795,0.2580078794107571,39.29427886262419,31.28961116820829,0.85431654676259,10.187564234326825,0.2580078794107571,3.748072970195272,0.4357228502911956,16.58102089756766,30.017771497088045,5.0948526892771495,39.29427886262419
f4d61d7ea6d98d3650a6,prostate_oncology,epirubicin,Prostatic Neoplasms,HANAMI,1,22309,TOP2A,7153,lowest ten-seed median rank percentile; ties by mean then index,16.051087701267555,18.938206577595064,14.074276293251113,22.050573826652965,1.1861939020212402,46.21445700582391,16.707348406988693,14.46128811236725,13.945272353545734,23.501199040767386,15.39482699554642,17.698698184309695,1.1861939020212402,28.02757793764988,12.245203836930456,46.21445700582391
f4d61d7ea6d98d3650a6,prostate_oncology,epirubicin,Prostatic Neoplasms,TriMoGCL,1,22309,TOP2A,7153,lowest ten-seed median rank percentile; ties by mean then index,39.67004967454608,29.9869390202124,1.050766529633436,44.991863651935596,0.1370332305584104,76.03631380609798,0.4817574511819116,2.141144227475163,0.6873072970195272,41.137804042480305,45.92326139088729,0.1370332305584104,76.03631380609798,38.20229530661185,42.197670435080504,52.924803014731076
f4d61d7ea6d98d3650a6,prostate_oncology,epirubicin,Prostatic Neoplasms,TriNet,1,22309,TOP2A,7153,lowest ten-seed median rank percentile; ties by mean then index,48.31170777663583,44.7197242206235,28.813377869133266,59.14429170948955,7.63960260363138,80.29076738609113,7.63960260363138,46.66195614936622,30.05952380952381,28.397995889003084,70.96180198698184,19.797019527235353,61.57502569373073,80.29076738609113,51.85208975676601,49.961459403905444
f4d61d7ea6d98d3650a6,prostate_oncology,epirubicin,Prostatic Neoplasms,N2V-MLP,1,22309,TOP2A,7153,lowest ten-seed median rank percentile; ties by mean then index,41.22452038369305,37.32710260363138,11.568066974991435,55.693034857828025,3.4279719081877356,74.89722507708119,3.4279719081877356,70.48004453579993,9.254025351147654,32.90938677629325,57.587144570058236,6.654676258992806,18.510191846522783,74.89722507708119,49.53965399109284,50.01070572113738
f4d61d7ea6d98d3650a6,prostate_oncology,epirubicin,Prostatic Neoplasms,RF,1,22309,TOP2A,7153,lowest ten-seed median rank percentile; ties by mean then index,17.043508050702297,22.063741863651934,7.597047362110311,27.57633179170949,1.0705721137375814,83.2583932853717,7.899751627269612,28.780190133607398,11.80948098663926,29.9310551558753,83.2583932853717,1.0705721137375814,23.96475676601576,7.496145940390544,4.149537512846865,22.27753511476533
f4d8874705a98efac77a,cardiovascular_hypertensive,mirabegron,Heart Failure,HANAMI,2,587,ADRB1,153,lowest ten-seed median rank percentile; ties by mean then index,22.368533744433023,28.598192874272012,18.368876327509422,26.814619732785204,14.998715313463515,67.18268242548818,14.998715313463515,17.773638232271328,67.18268242548818,27.22250770811922,25.590955806783146,22.625471051730045,20.154590613223707,51.38746145940391,22.111596437136004,16.934309695101064
f4d8874705a98efac77a,cardiovascular_hypertensive,mirabegron,Heart Failure,TriMoGCL,2,587,ADRB1,153,lowest ten-seed median rank percentile; ties by mean then index,34.508821514217196,38.031860226104826,27.51477389516958,45.87615621788284,19.790596094552928,63.964542651593014,35.87701267557382,33.14063035286057,46.50993490921549,19.790596094552928,43.97482014388489,26.905618362452895,58.49820143884892,63.964542651593014,29.34224049331963,22.315005138746145
f4d8874705a98efac77a,cardiovascular_hypertensive,mirabegron,Heart Failure,TriNet,2,27278,ADRB3,155,lowest ten-seed median rank percentile; ties by mean then index,43.60761390887291,41.77543679342241,32.846758307639604,54.42306868790682,12.579222336416581,66.18919150393971,49.192788626241864,34.16195614936622,59.39962315861597,20.441503939705377,66.18919150393971,32.408359027064066,46.54847550531004,56.16649537512847,40.66675231243577,12.579222336416581
f4d8874705a98efac77a,cardiovascular_hypertensive,mirabegron,Heart Failure,N2V-MLP,2,587,ADRB1,153,lowest ten-seed median rank percentile; ties by mean then index,36.957219938335044,34.33538883179171,17.182147139431315,48.17092754367934,6.014474134977732,69.35594381637547,40.70529290853032,8.513189448441247,29.943902021240152,6.014474134977732,34.5002569373073,51.3189448441247,69.35594381637547,50.65947242206235,39.414182939362796,12.928228845495033
f4d8874705a98efac77a,cardiovascular_hypertensive,mirabegron,Heart Failure,RF,2,587,ADRB1,153,lowest ten-seed median rank percentile; ties by mean then index,53.1506937307297,51.724049331963,46.93736082562521,58.54825068516615,24.792309009934907,72.44240322028092,54.082091469681394,68.04877526550189,52.219295991778004,34.001370332305584,57.477946214457006,24.792309009934907,58.905018842069204,72.44240322028092,49.03220280918123,46.239080164439876
f55ca46914ccd59e5708,psychiatric_mood,fluphenazine,Depressive Disorder,HANAMI,6,18300,DRD2,1813,lowest ten-seed median rank percentile; ties by mean then index,7.7659301130524145,7.334275436793422,4.963172319287427,8.743897738951695,1.1883350462487152,13.981671805412812,4.370075368276807,8.763703323055841,13.981671805412812,1.1883350462487152,8.68448098663926,7.121445700582391,5.560551558752998,10.498030147310724,4.764045906132237,8.41041452552244
f55ca46914ccd59e5708,psychiatric_mood,fluphenazine,Depressive Disorder,TriMoGCL,6,18300,DRD2,1813,lowest ten-seed median rank percentile; ties by mean then index,6.157930798218568,9.080164439876672,3.007772353545735,7.707048646796848,2.0148167180541283,35.67788626241864,6.804556354916067,16.865793079821856,2.0148167180541283,6.258564576909901,35.67788626241864,8.00787941075711,2.552243919150394,2.734241178485783,3.8283658787255908,6.057297019527235
f55ca46914ccd59e5708,psychiatric_mood,fluphenazine,Depressive Disorder,TriNet,6,5462,AR,367,lowest ten-seed median rank percentile; ties by mean then index,4.606671805412812,6.846736896197328,1.9264945186707778,6.961930455635492,1.4666837958204864,28.145340870161014,7.292737238780404,3.6378040424803015,1.6636690647482015,10.45520726276122,28.145340870161014,5.969510106200754,2.714970880438506,1.4666837958204864,5.575539568345324,1.5459061322370675
f55ca46914ccd59e5708,psychiatric_mood,fluphenazine,Depressive Disorder,N2V-MLP,6,5462,AR,367,lowest ten-seed median rank percentile; ties by mean then index,4.805798218568002,7.084618019869819,3.193516615279205,10.273210003425831,0.9827852004110997,17.270469338814664,3.6913326481671804,4.853973963686194,2.3788112367249057,4.757622473449811,17.270469338814664,3.02757793764988,11.705635491606715,16.202038369304557,5.975933538883179,0.9827852004110997
f55ca46914ccd59e5708,psychiatric_mood,fluphenazine,Depressive Disorder,RF,6,18300,DRD2,1813,lowest ten-seed median rank percentile; ties by mean then index,1.9677115450496747,4.45304470709147,0.7416388317917095,4.8135598663926,0.09528091812264475,20.154590613223707,20.154590613223707,0.18413840356286398,10.187564234326825,1.7503854059609456,0.8500342583076396,0.7055070229530661,2.999743062692703,2.1850376841384036,0.09528091812264475,5.418165467625899
f6a85349a7084e1bb771,breast_oncology,glucosamine,Breast Neoplasms,HANAMI,3,14471,TNF,7124,lowest ten-seed median rank percentile; ties by mean then index,4.8678914011647825,13.735654333675916,0.37630609797875986,25.201802843439534,0.05566974991435423,43.99837273038712,14.617591640972936,39.146539910928404,43.99837273038712,28.729873244261732,3.055412812607057,0.05566974991435423,0.24623158615964372,0.05995203836930456,0.7665296334361082,6.680369989722507
f6a85349a7084e1bb771,breast_oncology,glucosamine,Breast Neoplasms,TriMoGCL,3,14471,TNF,7124,lowest ten-seed median rank percentile; ties by mean then index,10.997987324426173,17.596137375813633,5.930434224049332,32.49507536827681,2.6550188420692016,39.833847207947926,18.77141144227475,39.833847207947926,37.06963001027749,11.39302843439534,3.2609626584446727,5.2672147995889,39.187221651250425,2.6550188420692016,7.920092497430627,10.602946214457006
f6a85349a7084e1bb771,breast_oncology,glucosamine,Breast Neoplasms,TriNet,3,14471,TNF,7124,lowest ten-seed median rank percentile; ties by mean then index,59.48098663926002,59.955250085645766,39.587080335731414,81.24197070914697,27.646454265159303,92.19338814662555,27.646454265159303,92.19338814662555,86.87478588557725,64.53622816032887,54.42574511819116,74.33196300102775,46.741178485782804,37.20238095238095,83.54530661185338,32.05507022953066
f6a85349a7084e1bb771,breast_oncology,glucosamine,Breast Neoplasms,N2V-MLP,3,14471,TNF,7124,lowest ten-seed median rank percentile; ties by mean then index,7.835517300445358,14.279719081877355,1.915253511476533,13.336116820829051,0.2526550188420692,77.14542651593011,0.2526550188420692,77.14542651593011,4.571342925659472,7.003682768071258,13.962401507365536,18.38600548132922,0.3211716341212744,11.457262761219596,1.0298903734155533,8.667351832819458
f6a85349a7084e1bb771,breast_oncology,glucosamine,Breast Neoplasms,RF,3,14471,TNF,7124,lowest ten-seed median rank percentile; ties by mean then index,52.066204179513534,55.473192874272016,35.501241863651934,72.09607314148681,29.28014731072285,95.73162898252826,29.28014731072285,95.73162898252826,82.03579993148338,41.03502911956149,65.81235011990408,74.19064748201438,63.09737923946557,30.017771497088045,34.23689619732785,39.29427886262419
f6dc800836086cec4df8,psychiatric_mood,nicergoline,"Depressive Disorder, Major",HANAMI,1,44688,ADRA1A,148,lowest ten-seed median rank percentile; ties by mean then index,10.904847550531002,12.672790339157245,7.826417437478589,14.865429085303186,5.742548818088387,32.87726961288112,8.084960602946214,11.39731072285029,6.419150393970538,11.909044193216856,16.294107571085988,10.412384378211716,7.740236382322713,15.850890715998629,5.742548818088387,32.87726961288112
f6dc800836086cec4df8,psychiatric_mood,nicergoline,"Depressive Disorder, Major",TriMoGCL,1,44688,ADRA1A,148,lowest ten-seed median rank percentile; ties by mean then index,24.123201438848923,24.616306954436453,18.30731843096951,35.63024580335731,6.605429941760877,41.64953751284686,38.73758136348064,18.33461801986982,24.26558752997602,6.883778691332648,26.308239122987324,41.64953751284686,41.09926344638575,23.980815347721823,18.298218568002742,6.605429941760877
f6dc800836086cec4df8,psychiatric_mood,nicergoline,"Depressive Disorder, Major",TriNet,1,44688,ADRA1A,148,lowest ten-seed median rank percentile; ties by mean then index,16.547833162041798,18.332048646796846,5.703472935936965,25.93032716683796,0.9528091812264474,49.22490578965399,28.87332990750257,16.36048304213772,2.9633436108256253,12.420777663583419,0.9528091812264474,49.22490578965399,35.223963686193905,3.4643713600548134,17.101318944844124,16.735183281945872
f6dc800836086cec4df8,psychiatric_mood,nicergoline,"Depressive Disorder, Major",N2V-MLP,1,44688,ADRA1A,148,lowest ten-seed median rank percentile; ties by mean then index,12.95606372045221,18.232485440219254,8.67591640972936,21.009977732100033,3.639945186707777,62.801901336073996,12.645597807468311,13.26652963343611,10.281774580335732,8.140630352860569,3.639945186707777,62.801901336073996,26.63369304556355,16.66452552243919,5.791795135320315,22.45846180198698
f6dc800836086cec4df8,psychiatric_mood,nicergoline,"Depressive Disorder, Major",RF,1,44688,ADRA1A,148,lowest ten-seed median rank percentile; ties by mean then index,21.775436793422408,28.057018670777666,14.83277663583419,33.247687564234326,12.895041109969167,80.03490065090784,33.47250770811922,19.490835902706408,24.060037684138404,15.7930798218568,14.512675573826654,80.03490065090784,12.895041109969167,32.57322713257965,34.23689619732785,13.500984926344639
f809a09c218b718fa77f,cardiovascular_hypertensive,Sitaxentan,Hypertension,HANAMI,1,24972,EDNRA,1909,lowest ten-seed median rank percentile; ties by mean then index,31.37846865364851,36.907759506680364,26.789461288112367,46.23265673175745,18.702894826995546,68.91915039397054,26.46454265159301,48.32990750256937,31.628982528263105,46.23800959232614,18.702894826995546,27.764217197670437,46.21659815005139,31.127954779033917,23.68533744433025,68.91915039397054
f809a09c218b718fa77f,cardiovascular_hypertensive,Sitaxentan,Hypertension,TriMoGCL,1,24972,EDNRA,1909,lowest ten-seed median rank percentile; ties by mean then index,21.838600548132924,30.288198013018153,20.520726276121962,39.36814833847208,15.307040082219938,61.61998972250771,61.61998972250771,21.58701610140459,20.165296334361084,22.07305584104145,15.307040082219938,21.60414525522439,44.68782117163412,19.0861596437136,23.409129838985955,53.342326139088726
f809a09c218b718fa77f,cardiovascular_hypertensive,Sitaxentan,Hypertension,TriNet,1,24972,EDNRA,1909,lowest ten-seed median rank percentile; ties by mean then index,44.62786913326482,52.71732613908873,35.02430198698185,71.74653134635149,24.46043165467626,95.03254539225762,95.03254539225762,49.46685508735868,45.929684823569715,36.596437136005484,89.62187392942789,43.32605344295992,79.1730900993491,29.066032887975332,34.5002569373073,24.46043165467626
f809a09c218b718fa77f,cardiovascular_hypertensive,Sitaxentan,Hypertension,N2V-MLP,1,24972,EDNRA,1909,lowest ten-seed median rank percentile; ties by mean then index,38.638018156903044,39.87174546077424,22.190818773552586,58.11975419664269,15.883007879410757,65.77809181226448,16.174203494347378,65.48903734155533,35.04410757108599,39.551216169921204,37.72482014388489,63.656217882836586,65.77809181226448,41.51036313806098,17.906389174374787,15.883007879410757
f809a09c218b718fa77f,cardiovascular_hypertensive,Sitaxentan,Hypertension,RF,1,24972,EDNRA,1909,lowest ten-seed median rank percentile; ties by mean then index,57.13429256594724,59.02449468996231,55.04319758478931,60.80715784515245,43.969467283316206,80.27042651593011,67.19017643028434,57.65566118533744,54.58418979102432,56.61292394655704,59.74006509078451,43.969467283316206,80.27042651593011,56.42022096608427,61.162855429941764,52.638960260363135
f8684dcafc3d8a46565e,breast_oncology,tibolone,Breast Neoplasms,HANAMI,1,2323,ESR1,2099,lowest ten-seed median rank percentile; ties by mean then index,7.2370674888660504,14.637290167865705,4.895190990065091,14.652385234669406,1.2611339499828709,57.95649194929771,13.56200753682768,7.260620075368277,57.95649194929771,7.213514902363824,5.005995203836931,3.2159986296676943,1.2611339499828709,4.858256252141144,15.015844467283316,31.023038711887633
f8684dcafc3d8a46565e,breast_oncology,tibolone,Breast Neoplasms,TriMoGCL,1,2323,ESR1,2099,lowest ten-seed median rank percentile; ties by mean then index,3.4129838985954093,10.482613908872901,0.9833204864679684,10.334232613908872,0.7194244604316546,61.50222678999658,1.0812778348749572,0.9549503254539226,61.50222678999658,9.579479273723878,0.7194244604316546,5.744689962315862,0.9014217197670435,1.0684309695101062,12.688420692017814,10.585817060637204
f8684dcafc3d8a46565e,breast_oncology,tibolone,Breast Neoplasms,TriNet,1,2323,ESR1,2099,lowest ten-seed median rank percentile; ties by mean then index,37.9614165810209,35.219467283316206,20.13639088729017,48.94227475162727,4.322970195272354,70.18670777663583,9.958461801986981,39.958033573141485,17.660157588215142,49.24631723192874,27.565090784515245,70.18670777663583,48.03014731072285,4.322970195272354,35.964799588900306,49.3019869818431
f8684dcafc3d8a46565e,breast_oncology,tibolone,Breast Neoplasms,N2V-MLP,1,2323,ESR1,2099,lowest ten-seed median rank percentile; ties by mean then index,12.332990750256936,19.79177372387804,5.247944501541624,35.787352261048305,1.1562178828365879,49.3019869818431,1.1562178828365879,7.033658787255909,48.79239465570401,8.716598150051388,4.652706406303529,49.3019869818431,15.949383350462487,3.7277321000342583,16.3058838643371,42.28117505995204
f8684dcafc3d8a46565e,breast_oncology,tibolone,Breast Neoplasms,RF,1,2323,ESR1,2099,lowest ten-seed median rank percentile; ties by mean then index,18.72323569715656,24.804299417608767,14.414718225419664,35.375984926344636,8.948912298732443,48.21749743062693,12.049289140116478,14.211844809866392,15.023338472079478,28.107870846180198,8.948912298732443,48.21749743062693,20.125685166152792,37.798689619732784,17.32078622816033,46.239080164439876
f8c1efcd34160ef90282,psychiatric_mood,venlafaxine,Depressive Disorder,HANAMI,3,30127,SLC6A4,6532,lowest ten-seed median rank percentile; ties by mean then index,14.824212058924289,16.693430969510107,12.796013189448441,18.737688420692017,7.678143199725934,35.08693045563549,10.320315176430285,13.651935594381637,18.206149366221307,7.678143199725934,18.914868105515588,15.857314148681056,20.916837958204866,13.791109969167524,35.08693045563549,12.510705721137375
f8c1efcd34160ef90282,psychiatric_mood,venlafaxine,Depressive Disorder,TriMoGCL,3,23893,SLC6A3,6531,lowest ten-seed median rank percentile; ties by mean then index,12.766572456320658,15.267000685166153,8.747109455292907,18.66649537512847,5.626927029804728,38.66050017129154,16.91289825282631,10.525865022267899,38.66050017129154,15.007279890373416,8.973535457348406,7.016529633436108,19.251027749229188,5.626927029804728,22.023809523809526,8.671634121274408
f8c1efcd34160ef90282,psychiatric_mood,venlafaxine,Depressive Disorder,TriNet,3,23893,SLC6A3,6531,lowest ten-seed median rank percentile; ties by mean then index,21.013189448441246,28.53909729359369,10.281774580335732,43.29928914011648,3.81551901336074,74.9914354230901,28.57999314833847,13.446385748544023,74.9914354230901,37.43148338472079,5.419236039739637,13.08881466255567,3.81551901336074,45.25522439191504,54.016786570743406,9.346094552929085
f8c1efcd34160ef90282,psychiatric_mood,venlafaxine,Depressive Disorder,N2V-MLP,3,23893,SLC6A3,6531,lowest ten-seed median rank percentile; ties by mean then index,12.427201096265843,23.447884549503254,6.020362281603289,31.872537684138404,0.7344124700239808,67.18268242548818,29.07673860911271,7.720966084275437,62.461459403905444,67.18268242548818,4.554213771839671,7.17497430626927,5.635491606714628,32.80447070914697,17.13343610825625,0.7344124700239808
f8c1efcd34160ef90282,psychiatric_mood,venlafaxine,Depressive Disorder,RF,3,23893,SLC6A3,6531,lowest ten-seed median rank percentile; ties by mean then index,28.362131723192874,28.997944501541628,18.72617977046934,40.46735825625214,3.336973278520041,48.9486981843097,45.395469338814664,26.83603117505995,42.19338814662556,48.9486981843097,35.28926858513189,16.348706748886606,16.58102089756766,25.161656389174375,29.888232271325798,3.336973278520041
faadd5fd58e1f05fbdda,breast_oncology,bicalutamide,Breast Neoplasms,HANAMI,1,5628,AR,367,lowest ten-seed median rank percentile; ties by mean then index,13.203365878725592,18.453665638917435,7.493469510106201,19.28903305926687,1.4945186707776636,69.93191161356629,14.230044535799932,10.844895512161699,69.93191161356629,12.17668722165125,14.887375813634806,3.5885577252483727,1.4945186707776636,6.376327509421035,20.756252141144227,30.2500856457691
faadd5fd58e1f05fbdda,breast_oncology,bicalutamide,Breast Neoplasms,TriMoGCL,1,5628,AR,367,lowest ten-seed median rank percentile; ties by mean then index,2.439833847207948,3.481286399451867,1.5255652620760534,4.380781089414183,0.8307639602603631,9.68439534087016,1.5608941418293936,0.8778691332648167,3.905447070914697,4.539225762247345,2.5436793422404933,1.51378896882494,0.8307639602603631,7.020811921891059,9.68439534087016,2.3359883521754026
faadd5fd58e1f05fbdda,breast_oncology,bicalutamide,Breast Neoplasms,TriNet,1,5628,AR,367,lowest ten-seed median rank percentile; ties by mean then index,23.29243747858856,24.52616478245975,14.944651421719769,31.362945357999312,1.5223535457348407,52.025522439191505,52.025522439191505,23.017300445358,6.9009078451524495,24.430455635491608,48.07725248372731,33.67377526550188,18.180455635491608,1.5223535457348407,23.567574511819117,13.866050017129155
faadd5fd58e1f05fbdda,breast_oncology,bicalutamide,Breast Neoplasms,N2V-MLP,1,5628,AR,367,lowest ten-seed median rank percentile; ties by mean then index,11.776293251113394,18.661784857828028,8.313527749229188,30.810530147310722,1.1241007194244603,52.066204179513534,1.1241007194244603,11.971137375813635,52.066204179513534,8.14491264131552,35.868448098663926,8.819373072970196,35.557982185680025,4.916067146282973,16.56817403220281,11.581449126413155
faadd5fd58e1f05fbdda,breast_oncology,bicalutamide,Breast Neoplasms,RF,1,5628,AR,367,lowest ten-seed median rank percentile; ties by mean then index,19.495653477218227,17.335453066118536,11.823666067146284,21.55650479616307,10.699297704693388,23.404847550531002,12.049289140116478,11.355558410414526,22.033444672833163,11.748458376156218,23.404847550531002,10.699297704693388,20.125685166152792,22.94664268585132,19.127911956149365,19.863394998287085
fbd0c9bef9f2623734d2,neurological_seizure,Valproic Acid,Status Epilepticus,HANAMI,4,45768,SCN2A,6326,lowest ten-seed median rank percentile; ties by mean then index,28.88189448441247,27.046719767043506,22.917201952723538,33.48374871531346,9.275436793422404,41.24272010962658,34.23689619732785,28.18174032202809,22.37495717711545,24.54393627954779,31.224306269270297,29.58204864679685,9.275436793422404,39.4570058239123,10.348150051387462,41.24272010962658
fbd0c9bef9f2623734d2,neurological_seizure,Valproic Acid,Status Epilepticus,TriMoGCL,4,31685,SCN1A,6323,lowest ten-seed median rank percentile; ties by mean then index,15.193559438163755,17.880481329222334,5.649944330250086,27.994390202124016,2.4173518328194588,40.44621445700582,4.881808838643371,29.250171291538198,7.95435080507023,24.227046933881468,40.44621445700582,2.4173518328194588,10.883436108256252,19.503682768071258,4.252312435765673,34.98843782117164
fbd0c9bef9f2623734d2,neurological_seizure,Valproic Acid,Status Epilepticus,TriNet,4,36272,SCN8A,6334,lowest ten-seed median rank percentile; ties by mean then index,11.34485268927715,13.00252655018842,4.89572627612196,18.093739294278862,2.380952380952381,31.873072970195274,2.380952380952381,14.519099006509078,18.65793079821857,3.6913326481671804,31.873072970195274,3.920435080507023,22.589071599862965,8.17060637204522,16.401164782459748,7.821599862966769
fbd0c9bef9f2623734d2,neurological_seizure,Valproic Acid,Status Epilepticus,N2V-MLP,4,36272,SCN8A,6334,lowest ten-seed median rank percentile; ties by mean then index,6.925531003768414,10.62842583076396,5.146775436793423,8.397567660157588,2.258907159986297,31.853802672147996,5.858170606372045,31.853802672147996,6.271411442274752,4.909643713600548,26.71291538198013,7.579650565262076,4.220195272353545,8.48535457348407,8.134206920178142,2.258907159986297
fbd0c9bef9f2623734d2,neurological_seizure,Valproic Acid,Status Epilepticus,RF,4,36272,SCN8A,6334,lowest ten-seed median rank percentile; ties by mean then index,9.080057382665297,17.394334532374103,4.566257708119219,15.940015844467284,0.5770383693045563,86.59429599177801,10.651121959575198,28.780190133607398,0.5770383693045563,6.946942446043166,17.702980472764647,7.685637204522097,3.7726961288112366,86.59429599177801,10.474477560808497,0.7579650565262076
fc1285d2ba40b4cc5b70,psychiatric_mood,Alprazolam,Depressive Disorder,HANAMI,3,37773,GABRA3,2556,lowest ten-seed median rank percentile; ties by mean then index,19.005866735183282,20.697584789311406,10.904312264474134,22.975548132922235,6.78100376841384,58.85791366906475,11.178914011647825,10.812778348749571,9.232613908872901,6.78100376841384,58.85791366906475,22.439191503939707,23.15433367591641,15.720280918122645,26.507365536142515,22.291452552243918
fc1285d2ba40b4cc5b70,psychiatric_mood,Alprazolam,Depressive Disorder,TriMoGCL,3,37773,GABRA3,2556,lowest ten-seed median rank percentile; ties by mean then index,32.68135491606715,35.51494518670778,18.38707605344296,38.40195700582392,9.027064063035287,87.69912641315518,30.665467625899282,25.944244604316548,15.099349092154847,15.868019869818431,87.69912641315518,35.70572113737581,39.300702295306614,61.14251455978075,34.69724220623501,9.027064063035287
fc1285d2ba40b4cc5b70,psychiatric_mood,Alprazolam,Depressive Disorder,TriNet,3,24659,GABRB3,2562,lowest ten-seed median rank percentile; ties by mean then index,14.596180198698185,24.2934224049332,8.499807297019526,38.69957605344296,4.440733127783488,71.26370332305584,12.121017471736897,30.646197327852004,4.73621103117506,9.358941418293936,17.071342925659472,43.698612538540594,4.440733127783488,41.38403562863994,71.26370332305584,8.213429256594724
fc1285d2ba40b4cc5b70,psychiatric_mood,Alprazolam,Depressive Disorder,N2V-MLP,3,24659,GABRB3,2562,lowest ten-seed median rank percentile; ties by mean then index,34.36322370674888,30.590313463514907,10.245910414525522,44.701203323055836,1.012761219595752,64.45058239122987,40.95794792737239,35.80635491606714,2.937649880095923,32.92009249743063,21.456406303528606,64.45058239122987,1.012761219595752,45.94895512161699,53.903305926687224,6.509078451524495
fc1285d2ba40b4cc5b70,psychiatric_mood,Alprazolam,Depressive Disorder,RF,3,37773,GABRA3,2556,lowest ten-seed median rank percentile; ties by mean then index,47.069308838643366,48.79442874272011,38.16883992805755,56.859423175745114,22.956277834874957,86.88227989037341,35.79350805070229,47.89953751284686,37.267685851318944,22.956277834874957,59.74006509078451,48.21749743062693,40.87230215827338,62.07605344295992,86.88227989037341,46.239080164439876
fc24a2eb72d9a4ba89d8,prostate_oncology,testosterone cypionate,Prostatic Neoplasms,HANAMI,1,2055,ESR1,2099,lowest ten-seed median rank percentile; ties by mean then index,5.458847207947928,8.555584104145256,3.96593439534087,9.575196985268928,0.5674032202809182,25.997773210003427,18.20186707776636,5.629068174032203,8.997088043850633,5.288626241863652,3.7834018499486124,2.8091812264474134,0.5674032202809182,4.513532031517643,9.767899965741693,25.997773210003427
fc24a2eb72d9a4ba89d8,prostate_oncology,testosterone cypionate,Prostatic Neoplasms,TriMoGCL,1,2055,ESR1,2099,lowest ten-seed median rank percentile; ties by mean then index,3.2866563891743747,6.311664953751285,0.7745589242891401,7.354295135320315,0.18627954779033915,21.886776293251113,2.233213429256595,0.7279890373415553,7.153562863994519,7.421205892428914,0.18627954779033915,4.340099349092155,0.5224391915039397,0.9142685851318945,21.886776293251113,17.730815347721823
fc24a2eb72d9a4ba89d8,prostate_oncology,testosterone cypionate,Prostatic Neoplasms,TriNet,1,2055,ESR1,2099,lowest ten-seed median rank percentile; ties by mean then index,22.78605686879068,26.55554128126071,10.872730387118876,36.61570743405276,5.190133607399795,65.12504282288455,10.185423090099349,32.90296334361083,9.827852004110998,37.8532887975334,12.934652278177458,65.12504282288455,16.313377869133266,5.190133607399795,29.2587358684481,45.96394313120932
fc24a2eb72d9a4ba89d8,prostate_oncology,testosterone cypionate,Prostatic Neoplasms,N2V-MLP,1,2055,ESR1,2099,lowest ten-seed median rank percentile; ties by mean then index,11.919749914354231,15.501241863651936,7.325389688249401,19.132194244604317,2.1625556697499144,43.32605344295992,2.1625556697499144,20.940390544707093,13.707605344295992,9.34395340870161,2.43019869818431,32.60962658444673,11.750599520383693,6.652535114765331,12.088900308324769,43.32605344295992
fc24a2eb72d9a4ba89d8,prostate_oncology,testosterone cypionate,Prostatic Neoplasms,RF,1,2055,ESR1,2099,lowest ten-seed median rank percentile; ties by mean then index,2.9499614594039056,5.625535286056869,0.9506680369989723,8.142771497088043,0.5770383693045563,18.437392942788627,4.582048646796848,0.85431654676259,0.5770383693045563,8.081748886605002,0.8500342583076396,18.437392942788627,1.2397225077081193,1.3178742720109626,12.152064063035287,8.163112367249058
fc682569b6fe151f5547,cardiovascular_hypertensive,atomoxetine,Hypertension,HANAMI,1,38793,SLC6A2,6530,lowest ten-seed median rank percentile; ties by mean then index,15.557553956834532,19.558281945871876,12.33620246659815,21.8407416923604,8.322627612195957,54.24374785885577,9.391058581706064,12.29230900993491,24.34052757793765,21.976704350805072,13.94313120931826,17.171976704350804,8.322627612195957,54.24374785885577,21.43285371702638,12.467882836587872
fc682569b6fe151f5547,cardiovascular_hypertensive,atomoxetine,Hypertension,TriMoGCL,1,38793,SLC6A2,6530,lowest ten-seed median rank percentile; ties by mean then index,15.833761562178829,16.103545734840697,10.735697156560466,18.362452894826994,1.4409900650907845,30.547704693388148,16.405447070914697,13.696899623158616,17.180541281260705,9.748629667694416,15.26207605344296,30.547704693388148,18.756423432682425,29.791880781089414,1.4409900650907845,8.204864679684823
fc682569b6fe151f5547,cardiovascular_hypertensive,atomoxetine,Hypertension,TriNet,1,38793,SLC6A2,6530,lowest ten-seed median rank percentile; ties by mean then index,24.223835217540255,25.014559780746833,6.425038540596095,32.522374957177114,0.5417094895512161,73.34061322370675,48.92514559780747,25.511733470366565,34.12555669749914,22.935936964713942,5.639773895169578,8.780832476875643,73.34061322370675,2.6314662555669748,27.71282973621103,0.5417094895512161
fc682569b6fe151f5547,cardiovascular_hypertensive,atomoxetine,Hypertension,N2V-MLP,1,38793,SLC6A2,6530,lowest ten-seed median rank percentile; ties by mean then index,7.897610483042138,15.49053614251456,1.3719381637547103,14.61545049674546,0.02997601918465228,72.29359369647139,12.656303528605687,34.73364165810209,9.457434052757794,3.1817403220280918,0.1777149708804385,15.268499486125386,72.29359369647139,0.02997601918465228,6.3377869133264815,0.7686707776635834
fc682569b6fe151f5547,cardiovascular_hypertensive,atomoxetine,Hypertension,RF,1,38793,SLC6A2,6530,lowest ten-seed median rank percentile; ties by mean then index,38.509014217197674,31.012868276807126,15.748383436108256,42.733759421034605,4.610954093867763,57.65566118533744,40.61108256252141,57.65566118533744,42.19338814662556,46.19946899623159,4.610954093867763,14.37671291538198,42.91388317917095,5.297190818773553,36.40694587187393,19.863394998287085
fdfd1f0c2d845a0ca7df,psychiatric_mood,progesterone,Depressive Disorder,HANAMI,5,1389,ESR1,2099,lowest ten-seed median rank percentile; ties by mean then index,8.721951010620074,9.072670435080507,6.747280746831107,11.62373672490579,4.233042137718397,13.718311065433367,4.233042137718397,8.577423775265501,4.639859540938677,6.297105173004454,11.480815347721823,8.86647824597465,13.718311065433367,8.097807468311066,13.144484412470025,11.671377183967111
fdfd1f0c2d845a0ca7df,psychiatric_mood,progesterone,Depressive Disorder,TriMoGCL,5,5414,AR,367,lowest ten-seed median rank percentile; ties by mean then index,1.1294535799931484,2.439833847207948,0.35810637204522094,3.4001370332305587,0.03639945186707776,11.11896197327852,0.34258307639602603,1.5180712572798905,0.042822884549503254,11.11896197327852,2.121873929427886,0.40467625899280574,0.03639945186707776,0.7408359027064063,3.826224734498116,4.2458890030832475
fdfd1f0c2d845a0ca7df,psychiatric_mood,progesterone,Depressive Disorder,TriNet,5,5414,AR,367,lowest ten-seed median rank percentile; ties by mean then index,2.7278177458033572,7.183324768756423,0.9635149023638232,6.438420692017814,0.09635149023638233,29.954607742377526,5.629068174032203,0.8842925659472423,1.8520897567660157,6.708204864679685,29.954607742377526,3.603545734840699,1.2011819116135662,0.09635149023638233,21.51635834189791,0.38754710517300445
fdfd1f0c2d845a0ca7df,psychiatric_mood,progesterone,Depressive Disorder,N2V-MLP,5,5414,AR,367,lowest ten-seed median rank percentile; ties by mean then index,1.296462829736211,2.393799246317232,0.1311450839328537,3.267386091127098,0.025693730729701953,7.583932853717027,0.04710517300445358,1.3125214114422747,0.09206920178143199,3.0746831106543335,7.583932853717027,1.2804042480301474,3.331620417951353,0.24837273038711888,6.941589585474477,0.025693730729701953
fdfd1f0c2d845a0ca7df,psychiatric_mood,progesterone,Depressive Disorder,RF,5,5414,AR,367,lowest ten-seed median rank percentile; ties by mean then index,0.33883607399794446,1.6974991435423088,0.17530618362452893,0.8741221308667352,0.024623158615964372,11.748458376156218,0.1434566632408359,0.4239465570400822,0.25372559095580677,11.748458376156218,2.3755995203836933,0.7055070229530661,0.9303271668379582,0.024623158615964372,0.1659386776293251,0.20340870161014046
fe160cd1519b16ebf95c,psychiatric_mood,Lisdexamfetamine,Bipolar Disorder,HANAMI,1,24271,SLC6A3,6531,lowest ten-seed median rank percentile; ties by mean then index,15.701010620075369,15.340013703323056,12.100141315519014,18.66542480301473,6.616135662898253,21.886776293251113,11.373758136348064,6.616135662898253,17.7415210688592,13.660500171291538,18.578708461801988,12.022524837273039,20.492891401164783,12.332990750256938,21.886776293251113,18.694330250085645
fe160cd1519b16ebf95c,psychiatric_mood,Lisdexamfetamine,Bipolar Disorder,TriMoGCL,1,24271,SLC6A3,6531,lowest ten-seed median rank percentile; ties by mean then index,12.337273038711889,17.756509078451522,5.557339842411785,29.248565433367588,1.5908701610140459,47.231500513874614,23.867334703665637,5.408530318602261,47.231500513874614,6.003768413840357,6.958718739294278,1.5908701610140459,31.042309009934907,33.316204179513534,17.715827338129497,4.430027406646111
fe160cd1519b16ebf95c,psychiatric_mood,Lisdexamfetamine,Bipolar Disorder,TriNet,1,24271,SLC6A3,6531,lowest ten-seed median rank percentile; ties by mean then index,31.35598663926002,35.02076909900651,21.33436108256252,46.78453665638918,9.121274409044194,75.09206920178143,48.28922576224735,23.54402192531689,75.09206920178143,31.774580335731414,20.597807468311064,17.000685166152792,9.121274409044194,42.270469338814664,51.58016443987667,30.937392942788627
fe160cd1519b16ebf95c,psychiatric_mood,Lisdexamfetamine,Bipolar Disorder,N2V-MLP,1,24271,SLC6A3,6531,lowest ten-seed median rank percentile; ties by mean then index,22.256123672490578,21.10504453579993,4.307982185680027,34.96863223706749,1.3060979787598492,45.25308324768756,36.54719081877355,3.9332819458718737,21.734755053100375,42.23835217540253,5.432082905104488,1.3060979787598492,30.2329564919493,45.25308324768756,22.77749229188078,1.5951524494689961
fe160cd1519b16ebf95c,psychiatric_mood,Lisdexamfetamine,Bipolar Disorder,RF,1,24271,SLC6A3,6531,lowest ten-seed median rank percentile; ties by mean then index,31.283723021582734,28.029290853031863,20.952969767043506,40.84767899965742,0.36613566289825283,47.64902363823227,47.64902363823227,26.83603117505995,28.330549845837616,43.55194415895855,42.81539054470709,2.570443645083933,34.944544364508396,18.991949297704693,34.23689619732785,0.36613566289825283
ff1ae5f29774337be85c,neurological_seizure,levetiracetam,Status Epilepticus,HANAMI,1,31756,SCN1A,6323,lowest ten-seed median rank percentile; ties by mean then index,36.269912641315514,35.18670777663583,31.52513703323056,39.29053186022611,14.870246659815004,48.63609112709832,36.38232271325796,48.63609112709832,30.704008221993835,28.07040082219938,36.15750256937307,44.82699554642001,33.988523466940734,39.4655704008222,14.870246659815004,38.76541623843782
ff1ae5f29774337be85c,neurological_seizure,levetiracetam,Status Epilepticus,TriMoGCL,1,31756,SCN1A,6323,lowest ten-seed median rank percentile; ties by mean then index,26.299674546077426,30.860739979445015,21.023359883521756,29.920349434737926,15.32416923603974,66.85508735868449,19.974734498115794,54.856115107913666,24.169236039739637,25.959232613908874,66.85508735868449,17.163412127440903,26.640116478245975,31.008050702295307,15.32416923603974,26.657245632065777
ff1ae5f29774337be85c,neurological_seizure,levetiracetam,Status Epilepticus,TriNet,1,31756,SCN1A,6323,lowest ten-seed median rank percentile; ties by mean then index,24.25595238095238,29.557211373758133,16.516786570743406,42.7329564919493,6.804556354916067,69.32168550873587,6.804556354916067,50.11562178828366,23.248544021925316,48.50119904076739,11.046163069544365,69.32168550873587,25.263360739979444,15.112195957519699,25.42822884549503,20.730558410414524
ff1ae5f29774337be85c,neurological_seizure,levetiracetam,Status Epilepticus,N2V-MLP,1,31756,SCN1A,6323,lowest ten-seed median rank percentile; ties by mean then index,26.27398081534772,28.489422747516272,15.760962658444672,34.7181183624529,3.6763446385748546,63.547019527235356,14.227903391572456,57.10003425830764,37.08033573141487,26.413155190133608,20.360140459061324,63.547019527235356,27.631466255566973,8.723021582733812,26.134806440561835,3.6763446385748546
ff1ae5f29774337be85c,neurological_seizure,levetiracetam,Status Epilepticus,RF,1,31756,SCN1A,6323,lowest ten-seed median rank percentile; ties by mean then index,33.26106971565605,34.743919150393964,28.40093996231586,44.95894355943816,4.301558752997602,72.58478931140802,29.28014731072285,47.89953751284686,44.77346694073313,28.107870846180198,8.948912298732443,72.58478931140802,31.305669749914355,35.21646968139774,45.02076909900651,4.301558752997602
ffde851c7916ad910e03,prostate_oncology,metronidazole,Prostatic Neoplasms,HANAMI,1,34703,CYP3A4,1576,lowest ten-seed median rank percentile; ties by mean then index,13.638018156903048,17.909815005138746,9.412470023980815,19.982763788968825,0.8007879410757108,44.93833504624872,20.672747516272697,13.29222336416581,44.93833504624872,17.912812607057212,13.851062007536827,8.119218910585817,0.8007879410757108,6.194330250085645,13.42497430626927,39.89165810208976
ffde851c7916ad910e03,prostate_oncology,metronidazole,Prostatic Neoplasms,TriMoGCL,1,34703,CYP3A4,1576,lowest ten-seed median rank percentile; ties by mean then index,22.50663754710517,28.318345323741006,13.346822541966427,41.28126070572114,5.950239808153477,56.13009592326139,42.508136348064404,18.21899623158616,55.67831449126413,19.439448441247002,5.950239808153477,10.360996916752313,25.573826652963344,11.722764645426516,37.60063377869133,56.13009592326139
ffde851c7916ad910e03,prostate_oncology,metronidazole,Prostatic Neoplasms,TriNet,1,34703,CYP3A4,1576,lowest ten-seed median rank percentile; ties by mean then index,42.495289482699555,43.06825967797191,28.867977046933884,60.89842411784858,0.381123672490579,84.75291195614936,9.14054470709147,75.36399451867078,42.21908187735526,84.75291195614936,0.381123672490579,64.40133607399794,50.38968824940048,27.104744775608086,42.77149708804385,34.157673860911274
ffde851c7916ad910e03,prostate_oncology,metronidazole,Prostatic Neoplasms,N2V-MLP,1,34703,CYP3A4,1576,lowest ten-seed median rank percentile; ties by mean then index,39.69146111682083,42.98239979445016,25.27460174717369,60.07087187392943,13.572713257965056,79.55421377183967,62.08033573141487,74.18422404933196,79.55421377183967,24.227046933881468,13.572713257965056,45.52072627612196,14.362795477903392,28.41726618705036,33.862195957519695,54.042480301473105
ffde851c7916ad910e03,prostate_oncology,metronidazole,Prostatic Neoplasms,RF,1,34703,CYP3A4,1576,lowest ten-seed median rank percentile; ties by mean then index,61.01725762247345,61.243576567317575,55.20217754367934,69.29144184652279,30.215827338129497,87.52997601918466,54.082091469681394,79.25124186365194,87.52997601918466,63.1294964028777,30.215827338129497,70.88472079479274,58.905018842069204,45.36335217540253,64.51160500171291,58.56243576567318
