clinical_set_index,validation_pair_id,evidence_subset,evidence_review_status,condition_group,disease_local_id,disease_label,disease_cui,disease_mesh_id,drug_local_id,drug_global_id,drugbank_id,drug_name,gene_intermediaries,gene_symbols,gene_entrez_ids,candidate_indices,n_gene_bridges,hanami_median_top_percent,hanami_q1_top_percent,hanami_q3_top_percent,hard_clique_positive_seeds,ms_drug_disease_edge_present,has_exact_raw_drug_disease_bridge,hierarchy_specificity_flag,condition_match_kind,n_phase2_3_trials,phase2_3_phases,nct_ids,source_urls,example_trial_title,evidence_notes,source_table
0,0b6e90823e26241bd2b2,automatic_phase2_3_registry_match,automatic_not_manually_verified,psychiatric_mood,161,"Depressive Disorder, Major",,D003865,1018,1712,DB01708,Dehydroepiandrosterone,ESR2|2100|pool:6436,ESR2,2100,6436,1,17.29402192531689,16.184909215484755,21.019077595066804,10,False,False,True,broader_narrower_depressive_spectrum,1,PHASE2,NCT00001487,https://clinicaltrials.gov/study/NCT00001487,Treatment of Mid-Life-Related Mood Disorders,Automatic exact-normalized intervention and mapped-condition Phase II/III registry match; not a manual efficacy assessment.,all_motifs_fda_or_phase2_3.csv
1,ddf75a3c8844282064ac,automatic_phase2_3_registry_match,automatic_not_manually_verified,psychiatric_mood,161,"Depressive Disorder, Major",,D003865,159,853,DB00391,SULPIRIDE,DRD2|1813|pool:18047; DRD3|1814|pool:17623,DRD2; DRD3,1813; 1814,18047;17623,2,5.328237410071942,2.689277149708804,8.303892600205549,10,False,False,True,broader_narrower_depressive_spectrum,1,PHASE3,NCT02374567,https://clinicaltrials.gov/study/NCT02374567,Pharmacovigilance in Gerontopsychiatric Patients,Automatic exact-normalized intervention and mapped-condition Phase II/III registry match; not a manual efficacy assessment.,all_motifs_fda_or_phase2_3.csv
2,7ccbfeae030b9887bc1e,automatic_phase2_3_registry_match,automatic_not_manually_verified,psychiatric_mood,161,"Depressive Disorder, Major",,D003865,814,1508,DB06144,Sertindole,DRD2|1813|pool:18908; HTR2A|3356|pool:23340; HTR2C|3358|pool:5280; ADRA1A|148|pool:44643,DRD2; HTR2A; HTR2C; ADRA1A,1813; 3356; 3358; 148,18908;23340;5280;44643,4,4.591683795820487,3.0800359712230216,8.8707605344296,10,False,False,True,broader_narrower_depressive_spectrum,1,PHASE3,NCT02374567,https://clinicaltrials.gov/study/NCT02374567,Pharmacovigilance in Gerontopsychiatric Patients,Automatic exact-normalized intervention and mapped-condition Phase II/III registry match; not a manual efficacy assessment.,all_motifs_fda_or_phase2_3.csv
3,d2373fcd04bb239946b6,automatic_phase2_3_registry_match,automatic_not_manually_verified,psychiatric_mood,161,"Depressive Disorder, Major",,D003865,1263,1957,DB00679,Thioridazine,DRD2|1813|pool:19396; HTR2A|3356|pool:23692; ADRA1A|148|pool:44722,DRD2; HTR2A; ADRA1A,1813; 3356; 148,19396;23692;44722,3,5.967368961973278,4.299952894826996,10.392043508050705,10,False,False,True,broader_narrower_depressive_spectrum,1,PHASE3,NCT02374567,https://clinicaltrials.gov/study/NCT02374567,Pharmacovigilance in Gerontopsychiatric Patients,Automatic exact-normalized intervention and mapped-condition Phase II/III registry match; not a manual efficacy assessment.,all_motifs_fda_or_phase2_3.csv
4,8f8fdd245fd932ed21a7,automatic_phase2_3_registry_match,automatic_not_manually_verified,psychiatric_mood,161,"Depressive Disorder, Major",,D003865,115,809,DB00321,amitriptyline,CHRM3|1131|pool:21205; HTR2A|3356|pool:22662; HTR1A|3350|pool:29355; ADRA1A|148|pool:44423; SLC6A4|6532|pool:30148; HTR2C|3358|pool:5014; SLC6A2|6530|pool:38802; HTR1B|3351|pool:9911,CHRM3; HTR2A; HTR1A; ADRA1A; SLC6A4; HTR2C; SLC6A2; HTR1B,1131; 3356; 3350; 148; 6532; 3358; 6530; 3351,21205;22662;29355;44423;30148;5014;38802;9911,8,6.062649880095924,4.647888831791709,13.3318345323741,10,False,False,True,broader_narrower_depressive_spectrum,4,PHASE2;PHASE3,NCT00351910;NCT01049347;NCT02014363;NCT02374567,https://clinicaltrials.gov/study/NCT00351910;https://clinicaltrials.gov/study/NCT01049347;https://clinicaltrials.gov/study/NCT02014363;https://clinicaltrials.gov/study/NCT02374567,Efficacy of Seroquel SR in Combination With an Antidepressant in Treatment of Major Depressive Disorder,Automatic exact-normalized intervention and mapped-condition Phase II/III registry match; not a manual efficacy assessment.,all_motifs_fda_or_phase2_3.csv
5,83e9bec649a64111a392,automatic_phase2_3_registry_match,automatic_not_manually_verified,psychiatric_mood,161,"Depressive Disorder, Major",,D003865,152,846,DB00381,amlodipine,CACNA1C|775|pool:748,CACNA1C,775,748,1,17.33791538198013,14.86810551558753,19.987046077423777,10,False,False,True,broader_narrower_depressive_spectrum,1,PHASE3,NCT01557153,https://clinicaltrials.gov/study/NCT01557153,Vascular Augmentation of Late-life Unremitted Depression (VALUeD),Automatic exact-normalized intervention and mapped-condition Phase II/III registry match; not a manual efficacy assessment.,all_motifs_fda_or_phase2_3.csv
6,75591bacc1ced0262beb,automatic_phase2_3_registry_match,automatic_not_manually_verified,psychiatric_mood,161,"Depressive Disorder, Major",,D003865,686,1380,DB01238,aripiprazole,DRD2|1813|pool:18729; HTR2A|3356|pool:23201; CHRM3|1131|pool:21681; HTR1A|3350|pool:29613; ADRA1A|148|pool:44611; DRD3|1814|pool:17759; HTR2C|3358|pool:5246; DRD4|1815|pool:19600; HTR3A|3359|pool:43237,DRD2; HTR2A; CHRM3; HTR1A; ADRA1A; DRD3; HTR2C; DRD4; HTR3A,1813; 3356; 1131; 3350; 148; 1814; 3358; 1815; 3359,18729;23201;21681;29613;44611;17759;5246;19600;43237,9,4.197713257965057,2.020169578622816,8.48535457348407,10,False,False,True,broader_narrower_depressive_spectrum,10,PHASE1|PHASE2;PHASE3,NCT00276978;NCT00556140;NCT01111539;NCT01111552;NCT01111565;NCT01123707;NCT01386086;NCT01655706;NCT02374567;NCT05814640,https://clinicaltrials.gov/study/NCT00276978;https://clinicaltrials.gov/study/NCT00556140;https://clinicaltrials.gov/study/NCT01111539;https://clinicaltrials.gov/study/NCT01111552;https://clinicaltrials.gov/study/NCT01111565;https://clinicaltrials.gov/study/NCT01123707;https://clinicaltrials.gov/study/NCT01386086;https://clinicaltrials.gov/study/NCT01655706;https://clinicaltrials.gov/study/NCT02374567;https://clinicaltrials.gov/study/NCT05814640,Aripiprazole Augmentation Therapy in Treatment-resistant Depression,Automatic exact-normalized intervention and mapped-condition Phase II/III registry match; not a manual efficacy assessment.,all_motifs_fda_or_phase2_3.csv
7,3ebfdadd5b5b8ddb0e8b,automatic_phase2_3_registry_match,automatic_not_manually_verified,psychiatric_mood,161,"Depressive Disorder, Major",,D003865,826,1520,DB06216,asenapine,DRD2|1813|pool:18944; HTR2A|3356|pool:23366; HTR1A|3350|pool:29694; ADRA1A|148|pool:44649; HTR2C|3358|pool:5294; DRD3|1814|pool:17806; HTR1B|3351|pool:10101; DRD4|1815|pool:19628,DRD2; HTR2A; HTR1A; ADRA1A; HTR2C; DRD3; HTR1B; DRD4,1813; 3356; 3350; 148; 3358; 1814; 3351; 1815,18944;23366;29694;44649;5294;17806;10101;19628,8,4.473920863309353,2.709082733812949,8.638446385748544,10,False,False,True,broader_narrower_depressive_spectrum,1,PHASE2,NCT01807741,https://clinicaltrials.gov/study/NCT01807741,Asenapine for Bipolar Depression,Automatic exact-normalized intervention and mapped-condition Phase II/III registry match; not a manual efficacy assessment.,all_motifs_fda_or_phase2_3.csv
8,0a218ada09aa42a2e904,automatic_phase2_3_registry_match,automatic_not_manually_verified,psychiatric_mood,161,"Depressive Disorder, Major",,D003865,496,1190,DB00945,aspirin,PTGS2|5743|pool:11697,PTGS2,5743,11697,1,2.3980815347721824,1.815690304898938,3.8401421719767046,10,False,False,True,broader_narrower_depressive_spectrum,1,PHASE3,NCT01429272,https://clinicaltrials.gov/study/NCT01429272,Minocycline and Aspirin in the Treatment of Bipolar Depression,Automatic exact-normalized intervention and mapped-condition Phase II/III registry match; not a manual efficacy assessment.,all_motifs_fda_or_phase2_3.csv
9,2086ba372427ed33d277,automatic_phase2_3_registry_match,automatic_not_manually_verified,psychiatric_mood,161,"Depressive Disorder, Major",,D003865,1180,1874,DB12867,benperidol,DRD2|1813|pool:19159,DRD2,1813,19159,1,6.682511133949983,3.9712872559095582,9.380352860568689,10,False,False,True,broader_narrower_depressive_spectrum,1,PHASE3,NCT02374567,https://clinicaltrials.gov/study/NCT02374567,Pharmacovigilance in Gerontopsychiatric Patients,Automatic exact-normalized intervention and mapped-condition Phase II/III registry match; not a manual efficacy assessment.,all_motifs_fda_or_phase2_3.csv
10,d80493dfd40cbd5a2783,automatic_phase2_3_registry_match,automatic_not_manually_verified,psychiatric_mood,161,"Depressive Disorder, Major",,D003865,418,1112,DB00810,biperiden,CHRM3|1131|pool:21541,CHRM3,1131,21541,1,7.954350805070229,7.032052929085303,10.22128725590956,10,False,False,True,broader_narrower_depressive_spectrum,1,PHASE3,NCT02374567,https://clinicaltrials.gov/study/NCT02374567,Pharmacovigilance in Gerontopsychiatric Patients,Automatic exact-normalized intervention and mapped-condition Phase II/III registry match; not a manual efficacy assessment.,all_motifs_fda_or_phase2_3.csv
11,b0b49e3e3ffed2ecccde,automatic_phase2_3_registry_match,automatic_not_manually_verified,psychiatric_mood,161,"Depressive Disorder, Major",,D003865,1183,1877,DB12401,bromperidol,DRD2|1813|pool:19196,DRD2,1813,19196,1,5.79821856800274,3.7448612538540593,10.23413412127441,10,False,False,True,broader_narrower_depressive_spectrum,1,PHASE3,NCT02374567,https://clinicaltrials.gov/study/NCT02374567,Pharmacovigilance in Gerontopsychiatric Patients,Automatic exact-normalized intervention and mapped-condition Phase II/III registry match; not a manual efficacy assessment.,all_motifs_fda_or_phase2_3.csv
12,940209b2e904432d41e3,automatic_phase2_3_registry_match,automatic_not_manually_verified,psychiatric_mood,161,"Depressive Disorder, Major",,D003865,813,1507,DB06016,cariprazine,DRD2|1813|pool:18890; HTR2A|3356|pool:23327; HTR1A|3350|pool:29678; DRD3|1814|pool:17792,DRD2; HTR2A; HTR1A; DRD3,1813; 3356; 3350; 1814,18890;23327;29678;17792,4,6.260170435080507,4.150072798903734,9.5516443987667,10,False,False,True,broader_narrower_depressive_spectrum,11,PHASE2;PHASE3,NCT00852202;NCT01396447;NCT01469377;NCT01715805;NCT01838876;NCT02670538;NCT02670551;NCT03573297;NCT03738215;NCT03739203;NCT04777357,https://clinicaltrials.gov/study/NCT00852202;https://clinicaltrials.gov/study/NCT01396447;https://clinicaltrials.gov/study/NCT01469377;https://clinicaltrials.gov/study/NCT01715805;https://clinicaltrials.gov/study/NCT01838876;https://clinicaltrials.gov/study/NCT02670538;https://clinicaltrials.gov/study/NCT02670551;https://clinicaltrials.gov/study/NCT03573297;https://clinicaltrials.gov/study/NCT03738215;https://clinicaltrials.gov/study/NCT03739203;https://clinicaltrials.gov/study/NCT04777357,Safety and Efficacy of RGH-188 (Cariprazine) in Bipolar Depression,Automatic exact-normalized intervention and mapped-condition Phase II/III registry match; not a manual efficacy assessment.,all_motifs_fda_or_phase2_3.csv
13,0d652e245046d28305ff,automatic_phase2_3_registry_match,automatic_not_manually_verified,psychiatric_mood,161,"Depressive Disorder, Major",,D003865,218,912,DB00482,celecoxib,PTGS2|5743|pool:10787,PTGS2,5743,10787,1,6.160071942446043,3.925252655018842,11.779504967454608,10,False,False,True,broader_narrower_depressive_spectrum,3,PHASE3,NCT02703363;NCT02726659;NCT05644301,https://clinicaltrials.gov/study/NCT02703363;https://clinicaltrials.gov/study/NCT02726659;https://clinicaltrials.gov/study/NCT05644301,Minocycline and Celecoxib as Adjunctive Treatments of Bipolar Depression,Automatic exact-normalized intervention and mapped-condition Phase II/III registry match; not a manual efficacy assessment.,all_motifs_fda_or_phase2_3.csv
14,65d9a4b80cfaae6639a8,automatic_phase2_3_registry_match,automatic_not_manually_verified,psychiatric_mood,161,"Depressive Disorder, Major",,D003865,687,1381,DB01239,chlorprothixene,DRD2|1813|pool:18746; HTR2A|3356|pool:23212; CHRM3|1131|pool:21691; DRD3|1814|pool:17764; HTR2C|3358|pool:5252,DRD2; HTR2A; CHRM3; DRD3; HTR2C,1813; 3356; 1131; 1814; 3358,18746;23212;21691;17764;5252,5,4.82935080507023,3.304856115107913,8.66253425830764,10,False,False,True,broader_narrower_depressive_spectrum,1,PHASE3,NCT02374567,https://clinicaltrials.gov/study/NCT02374567,Pharmacovigilance in Gerontopsychiatric Patients,Automatic exact-normalized intervention and mapped-condition Phase II/III registry match; not a manual efficacy assessment.,all_motifs_fda_or_phase2_3.csv
15,659362fcc0493e1fb186,automatic_phase2_3_registry_match,automatic_not_manually_verified,psychiatric_mood,161,"Depressive Disorder, Major",,D003865,690,1384,DB01242,clomipramine,HTR2A|3356|pool:23223; SLC6A4|6532|pool:30429; HTR2C|3358|pool:5258; SLC6A2|6530|pool:38995,HTR2A; SLC6A4; HTR2C; SLC6A2,3356; 6532; 3358; 6530,23223;30429;5258;38995,4,5.651550188420693,5.232421205892429,8.792073484069887,10,False,False,True,broader_narrower_depressive_spectrum,1,PHASE3,NCT02374567,https://clinicaltrials.gov/study/NCT02374567,Pharmacovigilance in Gerontopsychiatric Patients,Automatic exact-normalized intervention and mapped-condition Phase II/III registry match; not a manual efficacy assessment.,all_motifs_fda_or_phase2_3.csv
16,410cf72b2b01e6cbba3b,automatic_phase2_3_registry_match,automatic_not_manually_verified,psychiatric_mood,161,"Depressive Disorder, Major",,D003865,141,835,DB00363,clozapine,DRD2|1813|pool:18012; CHRM3|1131|pool:21236; HTR2A|3356|pool:22686; HTR1A|3350|pool:29369; DRD3|1814|pool:17609; HTR2C|3358|pool:5026; ADRA1A|148|pool:44428; HTR1B|3351|pool:9924; HTR3A|3359|pool:43150,DRD2; CHRM3; HTR2A; HTR1A; DRD3; HTR2C; ADRA1A; HTR1B; HTR3A,1813; 1131; 3356; 3350; 1814; 3358; 148; 3351; 3359,18012;21236;22686;29369;17609;5026;44428;9924;43150,9,4.727646454265159,2.2674717368961974,9.140009421034602,10,False,False,True,broader_narrower_depressive_spectrum,2,PHASE3,NCT02374567;NCT05603104,https://clinicaltrials.gov/study/NCT02374567;https://clinicaltrials.gov/study/NCT05603104,Pharmacovigilance in Gerontopsychiatric Patients,Automatic exact-normalized intervention and mapped-condition Phase II/III registry match; not a manual efficacy assessment.,all_motifs_fda_or_phase2_3.csv
17,318c83ff461d5047bc9c,automatic_phase2_3_registry_match,automatic_not_manually_verified,psychiatric_mood,161,"Depressive Disorder, Major",,D003865,241,935,DB00531,cyclophosphamide,CYP2D6|1565|pool:40234; CYP2C19|1557|pool:33159,CYP2D6; CYP2C19,1565; 1557,40234;33159,2,31.1247430626927,19.556676087701263,60.622751798561154,10,False,False,True,broader_narrower_depressive_spectrum,1,PHASE2,NCT00424203,https://clinicaltrials.gov/study/NCT00424203,"Doxorubicin and Cyclophosphamide in Treating Older Women With Stage I, Stage II, or Stage III Breast Cancer That Has Been Removed By Surgery",Automatic exact-normalized intervention and mapped-condition Phase II/III registry match; not a manual efficacy assessment.,all_motifs_fda_or_phase2_3.csv
18,48923d3731360105e864,automatic_phase2_3_registry_match,automatic_not_manually_verified,psychiatric_mood,161,"Depressive Disorder, Major",,D003865,628,1322,DB01151,desipramine,DRD2|1813|pool:18621; CHRM3|1131|pool:21649; HTR2A|3356|pool:23149; HTR1A|3350|pool:29580; ADRA1A|148|pool:44590; SLC6A4|6532|pool:30399; SLC6A2|6530|pool:38960; HTR2C|3358|pool:5210,DRD2; CHRM3; HTR2A; HTR1A; ADRA1A; SLC6A4; SLC6A2; HTR2C,1813; 1131; 3356; 3350; 148; 6532; 6530; 3358,18621;21649;23149;29580;44590;30399;38960;5210,8,3.798389859540939,2.687136005481329,8.459660842754367,10,False,False,True,broader_narrower_depressive_spectrum,3,PHASE3,NCT00329147;NCT00338962;NCT00366652,https://clinicaltrials.gov/study/NCT00329147;https://clinicaltrials.gov/study/NCT00338962;https://clinicaltrials.gov/study/NCT00366652,Study Evaluating the Effects of DVS SR and Paroxetine on the Pharmacokinetics of Desipramine in Healthy Subjects,Automatic exact-normalized intervention and mapped-condition Phase II/III registry match; not a manual efficacy assessment.,all_motifs_fda_or_phase2_3.csv
19,88e78091b6402cffd9fa,automatic_phase2_3_registry_match,automatic_not_manually_verified,psychiatric_mood,161,"Depressive Disorder, Major",,D003865,274,968,DB00586,diclofenac,PTGS2|5743|pool:11030,PTGS2,5743,11030,1,4.397910243233984,3.5355644056183624,7.080763960260363,10,False,False,True,broader_narrower_depressive_spectrum,1,PHASE1|PHASE2,NCT01413854,https://clinicaltrials.gov/study/NCT01413854,Diclofenac add-on to Treatment as Usual for Suicidal Patients,Automatic exact-normalized intervention and mapped-condition Phase II/III registry match; not a manual efficacy assessment.,all_motifs_fda_or_phase2_3.csv
20,8358fa67bc531dc3e5cd,automatic_phase2_3_registry_match,automatic_not_manually_verified,psychiatric_mood,161,"Depressive Disorder, Major",,D003865,437,1131,DB00843,donepezil,HTR2A|3356|pool:22989,HTR2A,3356,22989,1,9.828922576224734,7.575368276807126,12.089970880438504,10,False,False,True,broader_narrower_depressive_spectrum,1,PHASE3,NCT02374567,https://clinicaltrials.gov/study/NCT02374567,Pharmacovigilance in Gerontopsychiatric Patients,Automatic exact-normalized intervention and mapped-condition Phase II/III registry match; not a manual efficacy assessment.,all_motifs_fda_or_phase2_3.csv
21,e118d5524e647081fe49,automatic_phase2_3_registry_match,automatic_not_manually_verified,psychiatric_mood,161,"Depressive Disorder, Major",,D003865,623,1317,DB01142,doxepin,DRD2|1813|pool:18604; HTR2A|3356|pool:23124; CHRM3|1131|pool:21639; HTR1A|3350|pool:29565; SLC6A4|6532|pool:30380; ADRA1A|148|pool:44584; SLC6A2|6530|pool:38949; HTR2C|3358|pool:5197,DRD2; HTR2A; CHRM3; HTR1A; SLC6A4; ADRA1A; SLC6A2; HTR2C,1813; 3356; 1131; 3350; 6532; 148; 6530; 3358,18604;23124;21639;29565;30380;44584;38949;5197,8,3.9825282631038026,2.570443645083933,7.356971565604659,10,False,False,True,broader_narrower_depressive_spectrum,1,PHASE3,NCT02374567,https://clinicaltrials.gov/study/NCT02374567,Pharmacovigilance in Gerontopsychiatric Patients,Automatic exact-normalized intervention and mapped-condition Phase II/III registry match; not a manual efficacy assessment.,all_motifs_fda_or_phase2_3.csv
22,86e04359aaeb3585e220,automatic_phase2_3_registry_match,automatic_not_manually_verified,psychiatric_mood,161,"Depressive Disorder, Major",,D003865,400,1094,DB00783,estradiol,ESR2|2100|pool:6338,ESR2,2100,6338,1,18.25004282288455,14.49233470366564,23.041388317917097,10,False,False,True,broader_narrower_depressive_spectrum,4,PHASE2;PHASE2|PHASE3,NCT00001481;NCT01126801;NCT01308814;NCT03689543,https://clinicaltrials.gov/study/NCT00001481;https://clinicaltrials.gov/study/NCT01126801;https://clinicaltrials.gov/study/NCT01308814;https://clinicaltrials.gov/study/NCT03689543,The Role of Hormones in Postpartum Mood Disorders,Automatic exact-normalized intervention and mapped-condition Phase II/III registry match; not a manual efficacy assessment.,all_motifs_fda_or_phase2_3.csv
23,cf94f7b17957a52c73b4,automatic_phase2_3_registry_match,automatic_not_manually_verified,psychiatric_mood,161,"Depressive Disorder, Major",,D003865,460,1154,DB00875,flupentixol,DRD2|1813|pool:18443; HTR2A|3356|pool:23016; ADRA1A|148|pool:44549; DRD3|1814|pool:17699,DRD2; HTR2A; ADRA1A; DRD3,1813; 3356; 148; 1814,18443;23016;44549;17699,4,5.653691332648167,2.723000171291538,10.001284686536485,10,False,False,True,broader_narrower_depressive_spectrum,1,PHASE3,NCT02374567,https://clinicaltrials.gov/study/NCT02374567,Pharmacovigilance in Gerontopsychiatric Patients,Automatic exact-normalized intervention and mapped-condition Phase II/III registry match; not a manual efficacy assessment.,all_motifs_fda_or_phase2_3.csv
24,8fc8fb9f6ee9183a27b8,automatic_phase2_3_registry_match,automatic_not_manually_verified,psychiatric_mood,161,"Depressive Disorder, Major",,D003865,296,990,DB00623,fluphenazine,DRD2|1813|pool:18299; HTR2A|3356|pool:22875; HTR2C|3358|pool:5117,DRD2; HTR2A; HTR2C,1813; 3356; 3358,18299;22875;5117,3,4.210560123329907,2.5554556354916067,8.345644912641315,10,False,False,True,broader_narrower_depressive_spectrum,1,PHASE3,NCT02374567,https://clinicaltrials.gov/study/NCT02374567,Pharmacovigilance in Gerontopsychiatric Patients,Automatic exact-normalized intervention and mapped-condition Phase II/III registry match; not a manual efficacy assessment.,all_motifs_fda_or_phase2_3.csv
25,873a9148104e0f54abf0,automatic_phase2_3_registry_match,automatic_not_manually_verified,psychiatric_mood,161,"Depressive Disorder, Major",,D003865,785,1479,DB04842,fluspirilene,DRD2|1813|pool:18835; HTR2A|3356|pool:23288; HTR1A|3350|pool:29653,DRD2; HTR2A; HTR1A,1813; 3356; 3350,18835;23288;29653,3,6.111896197327852,3.632451181911613,9.43655789653991,10,False,False,True,broader_narrower_depressive_spectrum,1,PHASE3,NCT02374567,https://clinicaltrials.gov/study/NCT02374567,Pharmacovigilance in Gerontopsychiatric Patients,Automatic exact-normalized intervention and mapped-condition Phase II/III registry match; not a manual efficacy assessment.,all_motifs_fda_or_phase2_3.csv
26,96e4541599e2ee4f24ef,automatic_phase2_3_registry_match,automatic_not_manually_verified,psychiatric_mood,161,"Depressive Disorder, Major",,D003865,27,721,DB00176,fluvoxamine,SLC6A4|6532|pool:30065,SLC6A4,6532,30065,1,11.430498458376157,9.77753511476533,14.642750085645767,10,False,False,True,broader_narrower_depressive_spectrum,2,PHASE2;PHASE3,NCT02374567;NCT04160377,https://clinicaltrials.gov/study/NCT02374567;https://clinicaltrials.gov/study/NCT04160377,Pharmacovigilance in Gerontopsychiatric Patients,Automatic exact-normalized intervention and mapped-condition Phase II/III registry match; not a manual efficacy assessment.,all_motifs_fda_or_phase2_3.csv
27,cfb79e0d10977fc3f5cd,automatic_phase2_3_registry_match,automatic_not_manually_verified,psychiatric_mood,161,"Depressive Disorder, Major",,D003865,535,1229,DB00996,gabapentin,CACNA1C|775|pool:840,CACNA1C,775,840,1,13.92064919492977,10.032331277834874,18.82975762247345,10,False,False,True,broader_narrower_depressive_spectrum,2,PHASE2;PHASE3,NCT00654953;NCT02374567,https://clinicaltrials.gov/study/NCT00654953;https://clinicaltrials.gov/study/NCT02374567,"Clinical Efficacy of Sertraline Augmented With Gabapentin in Depressed, Recently Abstinent Cocaine-dependent Humans",Automatic exact-normalized intervention and mapped-condition Phase II/III registry match; not a manual efficacy assessment.,all_motifs_fda_or_phase2_3.csv
28,daca720e1fbeb0dc0d8b,automatic_phase2_3_registry_match,automatic_not_manually_verified,psychiatric_mood,161,"Depressive Disorder, Major",,D003865,229,923,DB00502,haloperidol,DRD2|1813|pool:18171; HTR2A|3356|pool:22798; HTR1A|3350|pool:29409; DRD3|1814|pool:17665; DRD4|1815|pool:19495,DRD2; HTR2A; HTR1A; DRD3; DRD4,1813; 3356; 3350; 1814; 1815,18171;22798;29409;17665;19495,5,3.70953237410072,2.5088857485440217,7.147139431312093,10,False,False,True,broader_narrower_depressive_spectrum,1,PHASE3,NCT02374567,https://clinicaltrials.gov/study/NCT02374567,Pharmacovigilance in Gerontopsychiatric Patients,Automatic exact-normalized intervention and mapped-condition Phase II/III registry match; not a manual efficacy assessment.,all_motifs_fda_or_phase2_3.csv
29,eb518afb4121806f60fe,automatic_phase2_3_registry_match,automatic_not_manually_verified,psychiatric_mood,161,"Depressive Disorder, Major",,D003865,567,1261,DB01050,ibuprofen,PTGS2|5743|pool:12063,PTGS2,5743,12063,1,3.985739979445016,3.247045220966084,6.59097721822542,10,False,False,True,broader_narrower_depressive_spectrum,1,PHASE2|PHASE3,NCT02507219,https://clinicaltrials.gov/study/NCT02507219,Study of Ibuprofen Effects on Brain Function,Automatic exact-normalized intervention and mapped-condition Phase II/III registry match; not a manual efficacy assessment.,all_motifs_fda_or_phase2_3.csv
30,4a4f55c3bc484557b75f,automatic_phase2_3_registry_match,automatic_not_manually_verified,psychiatric_mood,161,"Depressive Disorder, Major",,D003865,204,898,DB00458,imipramine,DRD2|1813|pool:18136; CHRM3|1131|pool:21334; HTR2A|3356|pool:22762; HTR1A|3350|pool:29393; ADRA1A|148|pool:44455; SLC6A4|6532|pool:30209; SLC6A2|6530|pool:38839; HTR2C|3358|pool:5069,DRD2; CHRM3; HTR2A; HTR1A; ADRA1A; SLC6A4; SLC6A2; HTR2C,1813; 1131; 3356; 3350; 148; 6532; 6530; 3358,18136;21334;22762;29393;44455;30209;38839;5069,8,3.429042480301473,2.179149537512847,7.672790339157245,10,False,False,True,broader_narrower_depressive_spectrum,2,PHASE1|PHASE2;PHASE3,NCT00296725;NCT02374567,https://clinicaltrials.gov/study/NCT00296725;https://clinicaltrials.gov/study/NCT02374567,Dichotic Listening as a Predictor of Medication Response in Depression,Automatic exact-normalized intervention and mapped-condition Phase II/III registry match; not a manual efficacy assessment.,all_motifs_fda_or_phase2_3.csv
31,09a61f9c1cfe10648733,automatic_phase2_3_registry_match,automatic_not_manually_verified,psychiatric_mood,161,"Depressive Disorder, Major",,D003865,259,953,DB00555,lamotrigine,DRD2|1813|pool:18244; HTR2A|3356|pool:22837; ADRA1A|148|pool:44470,DRD2; HTR2A; ADRA1A,1813; 3356; 148,18244;22837;44470,3,3.1260705721137376,1.4682896539910928,7.4849049331963,10,False,False,True,broader_narrower_depressive_spectrum,5,PHASE2;PHASE3,NCT00224510;NCT00475137;NCT00652171;NCT01042496;NCT02374567,https://clinicaltrials.gov/study/NCT00224510;https://clinicaltrials.gov/study/NCT00475137;https://clinicaltrials.gov/study/NCT00652171;https://clinicaltrials.gov/study/NCT01042496;https://clinicaltrials.gov/study/NCT02374567,A Study To Investigate The Antidepressant Effect Of Lamotrigine In Patients With Bipolar Disorder Using Lithium,Automatic exact-normalized intervention and mapped-condition Phase II/III registry match; not a manual efficacy assessment.,all_motifs_fda_or_phase2_3.csv
32,67b5982831623a34f977,automatic_phase2_3_registry_match,automatic_not_manually_verified,psychiatric_mood,161,"Depressive Disorder, Major",,D003865,1214,1908,DB01403,levomepromazine,DRD2|1813|pool:19252; HTR2A|3356|pool:23601; CHRM3|1131|pool:21865; HTR2C|3358|pool:5369; ADRA1A|148|pool:44708; DRD3|1814|pool:17856; DRD4|1815|pool:19656,DRD2; HTR2A; CHRM3; HTR2C; ADRA1A; DRD3; DRD4,1813; 3356; 1131; 3358; 148; 1814; 1815,19252;23601;21865;5369;44708;17856;19656,7,3.8711887632750943,2.680177286742035,8.083890030832478,10,False,False,True,broader_narrower_depressive_spectrum,1,PHASE3,NCT02374567,https://clinicaltrials.gov/study/NCT02374567,Pharmacovigilance in Gerontopsychiatric Patients,Automatic exact-normalized intervention and mapped-condition Phase II/III registry match; not a manual efficacy assessment.,all_motifs_fda_or_phase2_3.csv
33,7a0221a906093ebce243,automatic_phase2_3_registry_match,automatic_not_manually_verified,psychiatric_mood,161,"Depressive Disorder, Major",,D003865,876,1570,DB08815,lurasidone,DRD2|1813|pool:18979; HTR2A|3356|pool:23391; HTR1A|3350|pool:29709,DRD2; HTR2A; HTR1A,1813; 3356; 3350,18979;23391;29709,3,4.101361767728674,3.383543165467626,10.60080507022953,10,False,False,True,broader_narrower_depressive_spectrum,6,PHASE3,NCT00868699;NCT00868959;NCT01284517;NCT01421134;NCT01423253;NCT02046369,https://clinicaltrials.gov/study/NCT00868699;https://clinicaltrials.gov/study/NCT00868959;https://clinicaltrials.gov/study/NCT01284517;https://clinicaltrials.gov/study/NCT01421134;https://clinicaltrials.gov/study/NCT01423253;https://clinicaltrials.gov/study/NCT02046369,Lurasidone - A 6-week Study of Patients With Bipolar I Depression (Monotherapy),Automatic exact-normalized intervention and mapped-condition Phase II/III registry match; not a manual efficacy assessment.,all_motifs_fda_or_phase2_3.csv
34,3d07ac8eeeabb2c0ccb4,automatic_phase2_3_registry_match,automatic_not_manually_verified,psychiatric_mood,161,"Depressive Disorder, Major",,D003865,490,1184,DB00934,maprotiline,DRD2|1813|pool:18496; HTR2A|3356|pool:23056; CHRM3|1131|pool:21563; ADRA1A|148|pool:44560; HTR2C|3358|pool:5174; SLC6A2|6530|pool:38915,DRD2; HTR2A; CHRM3; ADRA1A; HTR2C; SLC6A2,1813; 3356; 1131; 148; 3358; 6530,18496;23056;21563;44560;5174;38915,6,3.4322541966426856,2.5120974648852346,7.685637204522097,10,False,False,True,broader_narrower_depressive_spectrum,1,PHASE3,NCT02374567,https://clinicaltrials.gov/study/NCT02374567,Pharmacovigilance in Gerontopsychiatric Patients,Automatic exact-normalized intervention and mapped-condition Phase II/III registry match; not a manual efficacy assessment.,all_motifs_fda_or_phase2_3.csv
35,0e5473be480f07bb6f98,automatic_phase2_3_registry_match,automatic_not_manually_verified,psychiatric_mood,161,"Depressive Disorder, Major",,D003865,1061,1755,DB01043,memantine,DRD2|1813|pool:19047; HTR3A|3359|pool:43263,DRD2; HTR3A,1813; 3359,19047;43263,2,6.531560465912984,3.409772182254197,8.483748715313464,10,False,False,True,broader_narrower_depressive_spectrum,2,PHASE2|PHASE3;PHASE3,NCT01876823;NCT02374567,https://clinicaltrials.gov/study/NCT01876823;https://clinicaltrials.gov/study/NCT02374567,Memantine Plus Es-citalopram in Elderly Depressed Patients With Cognitive Impairment,Automatic exact-normalized intervention and mapped-condition Phase II/III registry match; not a manual efficacy assessment.,all_motifs_fda_or_phase2_3.csv
36,e14b783b64d36df5b0a2,automatic_phase2_3_registry_match,automatic_not_manually_verified,psychiatric_mood,161,"Depressive Disorder, Major",,D003865,181,875,DB00422,methylphenidate,SLC6A4|6532|pool:30187; SLC6A2|6530|pool:38825,SLC6A4; SLC6A2,6532; 6530,30187;38825,2,12.614551216169922,9.762547105173004,13.835003425830765,10,False,False,True,broader_narrower_depressive_spectrum,3,PHASE2|PHASE3;PHASE3,NCT00246233;NCT01497548;NCT05474846,https://clinicaltrials.gov/study/NCT00246233;https://clinicaltrials.gov/study/NCT01497548;https://clinicaltrials.gov/study/NCT05474846,CONCERTA® (Methylphenidate Hydrochloride) as add-on Therapy in the Treatment of Adult Major Depressive Disorder.,Automatic exact-normalized intervention and mapped-condition Phase II/III registry match; not a manual efficacy assessment.,all_motifs_fda_or_phase2_3.csv
37,b635fb093604c761c4f5,automatic_phase2_3_registry_match,automatic_not_manually_verified,psychiatric_mood,161,"Depressive Disorder, Major",,D003865,430,1124,DB00834,mifepristone,NR3C1|2908|pool:2963,NR3C1,2908,2963,1,9.32575368276807,7.25473192874272,14.689319972593353,10,False,False,True,broader_narrower_depressive_spectrum,8,PHASE2;PHASE2|PHASE3;PHASE3,NCT00128479;NCT00128505;NCT00130676;NCT00146523;NCT00208156;NCT00637494;NCT00725270;NCT05217758,https://clinicaltrials.gov/study/NCT00128479;https://clinicaltrials.gov/study/NCT00128505;https://clinicaltrials.gov/study/NCT00130676;https://clinicaltrials.gov/study/NCT00146523;https://clinicaltrials.gov/study/NCT00208156;https://clinicaltrials.gov/study/NCT00637494;https://clinicaltrials.gov/study/NCT00725270;https://clinicaltrials.gov/study/NCT05217758,A United States Study of the Safety and Tolerability of Corlux for Psychotic Symptoms in Psychotic Major Depression,Automatic exact-normalized intervention and mapped-condition Phase II/III registry match; not a manual efficacy assessment.,all_motifs_fda_or_phase2_3.csv
38,78bbadaf1947b489d29d,automatic_phase2_3_registry_match,automatic_not_manually_verified,psychiatric_mood,161,"Depressive Disorder, Major",,D003865,797,1491,DB04896,milnacipran,SLC6A4|6532|pool:30451; SLC6A2|6530|pool:39030,SLC6A4; SLC6A2,6532; 6530,30451;39030,2,12.345837615621788,10.74747344981158,13.66371188763275,10,False,False,True,broader_narrower_depressive_spectrum,2,PHASE2|PHASE3;PHASE3,NCT00225511;NCT02783430,https://clinicaltrials.gov/study/NCT00225511;https://clinicaltrials.gov/study/NCT02783430,Study Evaluating Effexor XR for Major Depression.,Automatic exact-normalized intervention and mapped-condition Phase II/III registry match; not a manual efficacy assessment.,all_motifs_fda_or_phase2_3.csv
39,b332e9a99eeff43c7a5b,automatic_phase2_3_registry_match,automatic_not_manually_verified,psychiatric_mood,161,"Depressive Disorder, Major",,D003865,547,1241,DB01017,minocycline,VEGFA|7422|pool:22114,VEGFA,7422,22114,1,46.422147995889006,23.245332305584103,53.716491092840016,9,False,False,True,broader_narrower_depressive_spectrum,7,PHASE2;PHASE3,NCT01403662;NCT01429272;NCT01809340;NCT02456948;NCT02703363;NCT03947827;NCT06207760,https://clinicaltrials.gov/study/NCT01403662;https://clinicaltrials.gov/study/NCT01429272;https://clinicaltrials.gov/study/NCT01809340;https://clinicaltrials.gov/study/NCT02456948;https://clinicaltrials.gov/study/NCT02703363;https://clinicaltrials.gov/study/NCT03947827;https://clinicaltrials.gov/study/NCT06207760,Evaluating the Efficacy of Adjunctive Minocycline for the Treatment of Bipolar Depression,Automatic exact-normalized intervention and mapped-condition Phase II/III registry match; not a manual efficacy assessment.,all_motifs_fda_or_phase2_3.csv
40,f1cb5a928102e530f5c6,automatic_phase2_3_registry_match,automatic_not_manually_verified,psychiatric_mood,161,"Depressive Disorder, Major",,D003865,638,1332,DB01171,moclobemide,MAOB|4129|pool:41069; MAOA|4128|pool:37230,MAOB; MAOA,4129; 4128,41069;37230,2,18.09159815005139,14.208097807468311,24.884378211716346,10,False,False,True,broader_narrower_depressive_spectrum,1,PHASE3,NCT02374567,https://clinicaltrials.gov/study/NCT02374567,Pharmacovigilance in Gerontopsychiatric Patients,Automatic exact-normalized intervention and mapped-condition Phase II/III registry match; not a manual efficacy assessment.,all_motifs_fda_or_phase2_3.csv
41,f6dc800836086cec4df8,automatic_phase2_3_registry_match,automatic_not_manually_verified,psychiatric_mood,161,"Depressive Disorder, Major",,D003865,1071,1765,DB00699,nicergoline,ADRA1A|148|pool:44688,ADRA1A,148,44688,1,10.904847550531002,7.826417437478589,14.865429085303186,10,False,False,True,broader_narrower_depressive_spectrum,1,PHASE3,NCT02374567,https://clinicaltrials.gov/study/NCT02374567,Pharmacovigilance in Gerontopsychiatric Patients,Automatic exact-normalized intervention and mapped-condition Phase II/III registry match; not a manual efficacy assessment.,all_motifs_fda_or_phase2_3.csv
42,bcff103b4df786da6db1,automatic_phase2_3_registry_match,automatic_not_manually_verified,psychiatric_mood,161,"Depressive Disorder, Major",,D003865,245,939,DB00540,nortriptyline,DRD2|1813|pool:18208; CHRM3|1131|pool:21378; HTR2A|3356|pool:22811; HTR1A|3350|pool:29417; SLC6A4|6532|pool:30247; SLC6A2|6530|pool:38858; ADRA1A|148|pool:44462; HTR2C|3358|pool:5095; ADRB3|155|pool:27188,DRD2; CHRM3; HTR2A; HTR1A; SLC6A4; SLC6A2; ADRA1A; HTR2C; ADRB3,1813; 1131; 3356; 3350; 6532; 6530; 148; 3358; 155,18208;21378;22811;29417;30247;38858;44462;5095;27188,9,3.8583418979102433,2.3461587872559093,8.562435765673175,10,False,False,True,broader_narrower_depressive_spectrum,3,PHASE2;PHASE3,NCT00062738;NCT02374567;NCT03652870,https://clinicaltrials.gov/study/NCT00062738;https://clinicaltrials.gov/study/NCT02374567;https://clinicaltrials.gov/study/NCT03652870,Treatment of Depression in Parkinson's Disease Trial,Automatic exact-normalized intervention and mapped-condition Phase II/III registry match; not a manual efficacy assessment.,all_motifs_fda_or_phase2_3.csv
43,f447047db01b3a25da73,automatic_phase2_3_registry_match,automatic_not_manually_verified,psychiatric_mood,161,"Depressive Disorder, Major",,D003865,707,1401,DB01267,paliperidone,DRD2|1813|pool:18763; HTR2A|3356|pool:23236; HTR1A|3350|pool:29620; ADRA1A|148|pool:44617; DRD3|1814|pool:17770; HTR2C|3358|pool:5266; DRD4|1815|pool:19606; CYP2D6|1565|pool:40254,DRD2; HTR2A; HTR1A; ADRA1A; DRD3; HTR2C; DRD4; CYP2D6,1813; 3356; 3350; 148; 1814; 3358; 1815; 1565,18763;23236;29620;44617;17770;5266;19606;40254,8,3.874400479616307,2.56723192874272,8.377226789996575,10,False,False,True,broader_narrower_depressive_spectrum,1,PHASE3,NCT02374567,https://clinicaltrials.gov/study/NCT02374567,Pharmacovigilance in Gerontopsychiatric Patients,Automatic exact-normalized intervention and mapped-condition Phase II/III registry match; not a manual efficacy assessment.,all_motifs_fda_or_phase2_3.csv
44,67eb15d34fa22a4a2009,automatic_phase2_3_registry_match,automatic_not_manually_verified,psychiatric_mood,161,"Depressive Disorder, Major",,D003865,111,805,DB00316,paracetamol,PTGS2|5743|pool:10482,PTGS2,5743,10482,1,5.249015073655361,3.664568345323741,11.718482356971563,10,False,False,True,broader_narrower_depressive_spectrum,1,PHASE2,NCT04028596,https://clinicaltrials.gov/study/NCT04028596,Measuring Blood Flow in the Brain After Epileptic Activity,Automatic exact-normalized intervention and mapped-condition Phase II/III registry match; not a manual efficacy assessment.,all_motifs_fda_or_phase2_3.csv
45,06e9060af6e0cff9b5a0,automatic_phase2_3_registry_match,automatic_not_manually_verified,psychiatric_mood,161,"Depressive Disorder, Major",,D003865,415,1109,DB00806,pentoxifylline,TNF|7124|pool:13894,TNF,7124,13894,1,5.777877697841726,1.9264945186707776,11.740964371360056,10,False,False,True,broader_narrower_depressive_spectrum,2,PHASE1|PHASE2;PHASE2,NCT01625845;NCT05324735,https://clinicaltrials.gov/study/NCT01625845;https://clinicaltrials.gov/study/NCT05324735,Anti-INFLammatory to Address Mood and Endothelial Dysfunction (INFLAMED),Automatic exact-normalized intervention and mapped-condition Phase II/III registry match; not a manual efficacy assessment.,all_motifs_fda_or_phase2_3.csv
46,2c6b4045475473a18bff,automatic_phase2_3_registry_match,automatic_not_manually_verified,psychiatric_mood,161,"Depressive Disorder, Major",,D003865,442,1136,DB00850,perphenazine,DRD2|1813|pool:18425; HTR2A|3356|pool:23003; HTR2C|3358|pool:5167,DRD2; HTR2A; HTR2C,1813; 3356; 3358,18425;23003;5167,3,4.169878383007879,2.761540767386091,7.966662384378212,10,False,False,True,broader_narrower_depressive_spectrum,1,PHASE3,NCT02374567,https://clinicaltrials.gov/study/NCT02374567,Pharmacovigilance in Gerontopsychiatric Patients,Automatic exact-normalized intervention and mapped-condition Phase II/III registry match; not a manual efficacy assessment.,all_motifs_fda_or_phase2_3.csv
47,093bcf7bdcf4cd7dcbcd,automatic_phase2_3_registry_match,automatic_not_manually_verified,psychiatric_mood,161,"Depressive Disorder, Major",,D003865,595,1289,DB01100,pimozide,DRD2|1813|pool:18586; HTR2A|3356|pool:23110; HTR1A|3350|pool:29556; DRD3|1814|pool:17722,DRD2; HTR2A; HTR1A; DRD3,1813; 3356; 3350; 1814,18586;23110;29556;17722,4,6.691075710859884,1.820507879410757,7.674931483384721,10,False,False,True,broader_narrower_depressive_spectrum,1,PHASE3,NCT02374567,https://clinicaltrials.gov/study/NCT02374567,Pharmacovigilance in Gerontopsychiatric Patients,Automatic exact-normalized intervention and mapped-condition Phase II/III registry match; not a manual efficacy assessment.,all_motifs_fda_or_phase2_3.csv
48,4a267c12052c7a16d5bb,automatic_phase2_3_registry_match,automatic_not_manually_verified,psychiatric_mood,161,"Depressive Disorder, Major",,D003865,506,1200,DB00960,pindolol,HTR2A|3356|pool:23069; HTR1A|3350|pool:29523; HTR1B|3351|pool:10040; ADRB3|155|pool:27217,HTR2A; HTR1A; HTR1B; ADRB3,3356; 3350; 3351; 155,23069;29523;10040;27217,4,6.154719081877355,4.865750256937307,7.960774237752656,10,False,False,True,broader_narrower_depressive_spectrum,1,PHASE2,NCT00931775,https://clinicaltrials.gov/study/NCT00931775,Citalopram Versus Citalopram Plus Pindolol in Major Depressive Disorder,Automatic exact-normalized intervention and mapped-condition Phase II/III registry match; not a manual efficacy assessment.,all_motifs_fda_or_phase2_3.csv
49,077db9e6fdc18b2ec2e0,automatic_phase2_3_registry_match,automatic_not_manually_verified,psychiatric_mood,161,"Depressive Disorder, Major",,D003865,617,1311,DB01132,pioglitazone,MAOB|4129|pool:41039,MAOB,4129,41039,1,18.711459403905447,15.878725590955806,21.360054813292223,10,False,False,True,broader_narrower_depressive_spectrum,1,PHASE2,NCT00671515,https://clinicaltrials.gov/study/NCT00671515,Pioglitazone for the Treatment of Major Depressive Disorder Comorbid With Metabolic Syndrome,Automatic exact-normalized intervention and mapped-condition Phase II/III registry match; not a manual efficacy assessment.,all_motifs_fda_or_phase2_3.csv
50,c7abb247b3149a307887,automatic_phase2_3_registry_match,automatic_not_manually_verified,psychiatric_mood,161,"Depressive Disorder, Major",,D003865,1225,1919,DB09286,pipamperone,DRD2|1813|pool:19269; HTR2A|3356|pool:23613; ADRA1A|148|pool:44710; HTR1A|3350|pool:29822; DRD3|1814|pool:17862,DRD2; HTR2A; ADRA1A; HTR1A; DRD3,1813; 3356; 148; 3350; 1814,19269;23613;44710;29822;17862,5,5.131252141144227,3.840142171976704,8.796355772524837,10,False,False,True,broader_narrower_depressive_spectrum,2,PHASE3,NCT01312922;NCT02374567,https://clinicaltrials.gov/study/NCT01312922;https://clinicaltrials.gov/study/NCT02374567,Pipamperone/Citalopram (PNB01) Versus Citalopram (CIT) and Versus Pipamperone (PIP) in Major Depressive Disorder (MDD),Automatic exact-normalized intervention and mapped-condition Phase II/III registry match; not a manual efficacy assessment.,all_motifs_fda_or_phase2_3.csv
51,0adc31c77a98c8e6ab55,automatic_phase2_3_registry_match,automatic_not_manually_verified,psychiatric_mood,161,"Depressive Disorder, Major",,D003865,174,868,DB00413,pramipexole,DRD2|1813|pool:18081; HTR2A|3356|pool:22723; HTR1A|3350|pool:29384; HTR2C|3358|pool:5046; DRD3|1814|pool:17636; HTR1B|3351|pool:9939; DRD4|1815|pool:19467,DRD2; HTR2A; HTR1A; HTR2C; DRD3; HTR1B; DRD4,1813; 3356; 3350; 3358; 1814; 3351; 1815,18081;22723;29384;5046;17636;9939;19467,7,6.059438163754711,3.1035885577252484,8.625064234326825,10,False,False,True,broader_narrower_depressive_spectrum,3,PHASE2;PHASE3,NCT00086307;NCT05355337;NCT05825235,https://clinicaltrials.gov/study/NCT00086307;https://clinicaltrials.gov/study/NCT05355337;https://clinicaltrials.gov/study/NCT05825235,Lexapro and Pramipexole and to Treat Major Depression,Automatic exact-normalized intervention and mapped-condition Phase II/III registry match; not a manual efficacy assessment.,all_motifs_fda_or_phase2_3.csv
52,18569199381a51cc1f5c,automatic_phase2_3_registry_match,automatic_not_manually_verified,psychiatric_mood,161,"Depressive Disorder, Major",,D003865,62,756,DB00230,pregabalin,CACNA1C|775|pool:719,CACNA1C,775,719,1,16.630267214799588,12.27464457005824,19.841448269955464,10,False,False,True,broader_narrower_depressive_spectrum,1,PHASE3,NCT02374567,https://clinicaltrials.gov/study/NCT02374567,Pharmacovigilance in Gerontopsychiatric Patients,Automatic exact-normalized intervention and mapped-condition Phase II/III registry match; not a manual efficacy assessment.,all_motifs_fda_or_phase2_3.csv
53,5f7141be46b072a5d3de,automatic_phase2_3_registry_match,automatic_not_manually_verified,psychiatric_mood,161,"Depressive Disorder, Major",,D003865,163,857,DB00396,progesterone,NR3C1|2908|pool:2783; 4306|4306|pool:44845,NR3C1; 4306,2908; 4306,2783;44845,2,8.507836587872559,5.421377183967112,13.222636176772868,10,False,False,True,broader_narrower_depressive_spectrum,1,PHASE2,NCT00001481,https://clinicaltrials.gov/study/NCT00001481,The Role of Hormones in Postpartum Mood Disorders,Automatic exact-normalized intervention and mapped-condition Phase II/III registry match; not a manual efficacy assessment.,all_motifs_fda_or_phase2_3.csv
54,689eb24922280923d143,automatic_phase2_3_registry_match,automatic_not_manually_verified,psychiatric_mood,161,"Depressive Disorder, Major",,D003865,579,1273,DB01069,promethazine,DRD2|1813|pool:18568; HTR2A|3356|pool:23097; CHRM3|1131|pool:21618; ADRA1A|148|pool:44576,DRD2; HTR2A; CHRM3; ADRA1A,1813; 3356; 1131; 148,18568;23097;21618;44576,4,4.569201781431998,2.462851147653306,7.427094039054471,10,False,False,True,broader_narrower_depressive_spectrum,1,PHASE3,NCT02374567,https://clinicaltrials.gov/study/NCT02374567,Pharmacovigilance in Gerontopsychiatric Patients,Automatic exact-normalized intervention and mapped-condition Phase II/III registry match; not a manual efficacy assessment.,all_motifs_fda_or_phase2_3.csv
55,a0582e56872aa1f4641e,automatic_phase2_3_registry_match,automatic_not_manually_verified,psychiatric_mood,161,"Depressive Disorder, Major",,D003865,677,1371,DB01224,quetiapine,DRD2|1813|pool:18675; CHRM3|1131|pool:21660; HTR2A|3356|pool:23189; HTR1A|3350|pool:29606; ADRA1A|148|pool:44609; DRD3|1814|pool:17745; HTR2C|3358|pool:5240; SLC6A2|6530|pool:38990; HTR1B|3351|pool:10080; HTR3A|3359|pool:43227,DRD2; CHRM3; HTR2A; HTR1A; ADRA1A; DRD3; HTR2C; SLC6A2; HTR1B; HTR3A,1813; 1131; 3356; 3350; 148; 1814; 3358; 6530; 3351; 3359,18675;21660;23189;29606;44609;17745;5240;38990;10080;43227,10,4.037127440904419,2.088150907845153,8.223064405618363,10,False,False,True,broader_narrower_depressive_spectrum,11,PHASE2;PHASE3,NCT00174603;NCT00351910;NCT00388973;NCT00681668;NCT00751504;NCT00953108;NCT02374567;NCT02720198;NCT04521478;NCT05603104;NCT05973786,https://clinicaltrials.gov/study/NCT00174603;https://clinicaltrials.gov/study/NCT00351910;https://clinicaltrials.gov/study/NCT00388973;https://clinicaltrials.gov/study/NCT00681668;https://clinicaltrials.gov/study/NCT00751504;https://clinicaltrials.gov/study/NCT00953108;https://clinicaltrials.gov/study/NCT02374567;https://clinicaltrials.gov/study/NCT02720198;https://clinicaltrials.gov/study/NCT04521478;https://clinicaltrials.gov/study/NCT05603104;https://clinicaltrials.gov/study/NCT05973786,Treatment of Depression With Quetiapine,Automatic exact-normalized intervention and mapped-condition Phase II/III registry match; not a manual efficacy assessment.,all_motifs_fda_or_phase2_3.csv
56,1723aa8aa9ec8630a280,automatic_phase2_3_registry_match,automatic_not_manually_verified,psychiatric_mood,161,"Depressive Disorder, Major",,D003865,367,1061,DB00734,risperidone,DRD2|1813|pool:18391; HTR2A|3356|pool:22951; HTR1A|3350|pool:29491; ADRA1A|148|pool:44520; DRD3|1814|pool:17694; HTR2C|3358|pool:5154; HTR1B|3351|pool:9994; DRD4|1815|pool:19525,DRD2; HTR2A; HTR1A; ADRA1A; DRD3; HTR2C; HTR1B; DRD4,1813; 3356; 3350; 148; 1814; 3358; 3351; 1815,18391;22951;29491;44520;17694;5154;9994;19525,8,3.5232528263103804,2.22197242206235,7.385341726618705,10,False,False,True,broader_narrower_depressive_spectrum,8,PHASE1|PHASE2;PHASE2;PHASE3,NCT00044681;NCT00095134;NCT00174577;NCT00174590;NCT00206765;NCT00640562;NCT01282632;NCT02374567,https://clinicaltrials.gov/study/NCT00044681;https://clinicaltrials.gov/study/NCT00095134;https://clinicaltrials.gov/study/NCT00174577;https://clinicaltrials.gov/study/NCT00174590;https://clinicaltrials.gov/study/NCT00206765;https://clinicaltrials.gov/study/NCT00640562;https://clinicaltrials.gov/study/NCT01282632;https://clinicaltrials.gov/study/NCT02374567,A Study of the Effectiveness and Safety of Risperidone to Augment SSRI Therapy in Patients With Treatment-resistant Depression,Automatic exact-normalized intervention and mapped-condition Phase II/III registry match; not a manual efficacy assessment.,all_motifs_fda_or_phase2_3.csv
57,33cedda08025b1c432ba,automatic_phase2_3_registry_match,automatic_not_manually_verified,psychiatric_mood,161,"Depressive Disorder, Major",,D003865,376,1070,DB00747,scopolamine,CHRM3|1131|pool:21486,CHRM3,1131,21486,1,4.649494689962316,4.1870075368276805,8.266957862281604,10,False,False,True,broader_narrower_depressive_spectrum,3,PHASE2,NCT00369915;NCT01312844;NCT04211961,https://clinicaltrials.gov/study/NCT00369915;https://clinicaltrials.gov/study/NCT01312844;https://clinicaltrials.gov/study/NCT04211961,The Antidepressant Efficacy of the Anticholinergic Scopolamine,Automatic exact-normalized intervention and mapped-condition Phase II/III registry match; not a manual efficacy assessment.,all_motifs_fda_or_phase2_3.csv
58,32ab891c0733fb41dd2d,automatic_phase2_3_registry_match,automatic_not_manually_verified,psychiatric_mood,161,"Depressive Disorder, Major",,D003865,597,1291,DB01104,sertraline,SLC6A4|6532|pool:30348,SLC6A4,6532,30348,1,10.106200753682767,9.453151764302843,12.465741692360396,10,False,False,True,broader_narrower_depressive_spectrum,42,PHASE1|PHASE2;PHASE2;PHASE2|PHASE3;PHASE3,NCT00026637;NCT00043550;NCT00056472;NCT00078286;NCT00080158;NCT00143091;NCT00158990;NCT00179283;NCT00232167;NCT00232284;NCT00233103;NCT00275197;NCT00276900;NCT00276965;NCT00302068;NCT00351910;NCT00602355;NCT00636246;NCT00654953;NCT00857584;NCT00946998;NCT01033084;NCT01098318;NCT01360866;NCT01407094;NCT01703039;NCT02122393;NCT02374567;NCT02469545;NCT02565316;NCT02917122;NCT03414931;NCT03852160;NCT04476030;NCT04637620;NCT05603104;NCT05814640;NCT05950061;NCT05973786;NCT06408246;NCT06827431;NCT07645157,https://clinicaltrials.gov/study/NCT00026637;https://clinicaltrials.gov/study/NCT00043550;https://clinicaltrials.gov/study/NCT00056472;https://clinicaltrials.gov/study/NCT00078286;https://clinicaltrials.gov/study/NCT00080158;https://clinicaltrials.gov/study/NCT00143091;https://clinicaltrials.gov/study/NCT00158990;https://clinicaltrials.gov/study/NCT00179283;https://clinicaltrials.gov/study/NCT00232167;https://clinicaltrials.gov/study/NCT00232284;https://clinicaltrials.gov/study/NCT00233103;https://clinicaltrials.gov/study/NCT00275197;https://clinicaltrials.gov/study/NCT00276900;https://clinicaltrials.gov/study/NCT00276965;https://clinicaltrials.gov/study/NCT00302068;https://clinicaltrials.gov/study/NCT00351910;https://clinicaltrials.gov/study/NCT00602355;https://clinicaltrials.gov/study/NCT00636246;https://clinicaltrials.gov/study/NCT00654953;https://clinicaltrials.gov/study/NCT00857584;https://clinicaltrials.gov/study/NCT00946998;https://clinicaltrials.gov/study/NCT01033084;https://clinicaltrials.gov/study/NCT01098318;https://clinicaltrials.gov/study/NCT01360866;https://clinicaltrials.gov/study/NCT01407094;https://clinicaltrials.gov/study/NCT01703039;https://clinicaltrials.gov/study/NCT02122393;https://clinicaltrials.gov/study/NCT02374567;https://clinicaltrials.gov/study/NCT02469545;https://clinicaltrials.gov/study/NCT02565316;https://clinicaltrials.gov/study/NCT02917122;https://clinicaltrials.gov/study/NCT03414931;https://clinicaltrials.gov/study/NCT03852160;https://clinicaltrials.gov/study/NCT04476030;https://clinicaltrials.gov/study/NCT04637620;https://clinicaltrials.gov/study/NCT05603104;https://clinicaltrials.gov/study/NCT05814640;https://clinicaltrials.gov/study/NCT05950061;https://clinicaltrials.gov/study/NCT05973786;https://clinicaltrials.gov/study/NCT06408246;https://clinicaltrials.gov/study/NCT06827431;https://clinicaltrials.gov/study/NCT07645157,Depression and Health Outcomes in Refractory Epilepsy,Automatic exact-normalized intervention and mapped-condition Phase II/III registry match; not a manual efficacy assessment.,all_motifs_fda_or_phase2_3.csv
59,4cf2b7f5dffa7afb292c,automatic_phase2_3_registry_match,automatic_not_manually_verified,psychiatric_mood,161,"Depressive Disorder, Major",,D003865,297,991,DB00624,testosterone,4306|4306|pool:44890,4306,4306,44890,1,18.21578451524495,13.488673347036656,30.837829736211027,10,False,False,True,broader_narrower_depressive_spectrum,1,PHASE2,NCT01121211,https://clinicaltrials.gov/study/NCT01121211,Hormonal Factors in the Treatment of Anorexia Nervosa,Automatic exact-normalized intervention and mapped-condition Phase II/III registry match; not a manual efficacy assessment.,all_motifs_fda_or_phase2_3.csv
60,d95bb8185f724e0d1662,automatic_phase2_3_registry_match,automatic_not_manually_verified,psychiatric_mood,161,"Depressive Disorder, Major",,D003865,363,1057,DB00726,trimipramine,DRD2|1813|pool:18373; CHRM3|1131|pool:21475; HTR2A|3356|pool:22938; SLC6A4|6532|pool:30307; HTR1A|3350|pool:29483; ADRA1A|148|pool:44516; SLC6A2|6530|pool:38889; HTR2C|3358|pool:5147; HTR3A|3359|pool:43186,DRD2; CHRM3; HTR2A; SLC6A4; HTR1A; ADRA1A; SLC6A2; HTR2C; HTR3A,1813; 1131; 3356; 6532; 3350; 148; 6530; 3358; 3359,18373;21475;22938;30307;29483;44516;38889;5147;43186,9,4.635577252483727,2.076909900650908,8.635234669407332,10,False,False,True,broader_narrower_depressive_spectrum,1,PHASE3,NCT02374567,https://clinicaltrials.gov/study/NCT02374567,Pharmacovigilance in Gerontopsychiatric Patients,Automatic exact-normalized intervention and mapped-condition Phase II/III registry match; not a manual efficacy assessment.,all_motifs_fda_or_phase2_3.csv
61,49c1f8df53dbc30392f3,automatic_phase2_3_registry_match,automatic_not_manually_verified,psychiatric_mood,161,"Depressive Disorder, Major",,D003865,74,768,DB00246,ziprasidone,DRD2|1813|pool:17926; HTR2A|3356|pool:22624; CHRM3|1131|pool:21184; HTR1A|3350|pool:29322; SLC6A4|6532|pool:30118; DRD3|1814|pool:17582; HTR2C|3358|pool:4992; HTR1B|3351|pool:9872; ADRA1A|148|pool:44417; DRD4|1815|pool:19427; HTR3A|3359|pool:43137,DRD2; HTR2A; CHRM3; HTR1A; SLC6A4; DRD3; HTR2C; HTR1B; ADRA1A; DRD4; HTR3A,1813; 3356; 1131; 3350; 6532; 1814; 3358; 3351; 148; 1815; 3359,17926;22624;21184;29322;30118;17582;4992;9872;44417;19427;43137,11,4.181654676258993,3.2090399109284,8.439855258650223,10,False,False,True,broader_narrower_depressive_spectrum,5,PHASE2;PHASE3,NCT00421954;NCT00483548;NCT00555997;NCT00633399;NCT02374567,https://clinicaltrials.gov/study/NCT00421954;https://clinicaltrials.gov/study/NCT00483548;https://clinicaltrials.gov/study/NCT00555997;https://clinicaltrials.gov/study/NCT00633399;https://clinicaltrials.gov/study/NCT02374567,Open-label Ziprasidone Study for Psychosis Treatment in Adolescents,Automatic exact-normalized intervention and mapped-condition Phase II/III registry match; not a manual efficacy assessment.,all_motifs_fda_or_phase2_3.csv
62,627c40fef3f6ebe7262d,automatic_phase2_3_registry_match,automatic_not_manually_verified,psychiatric_mood,161,"Depressive Disorder, Major",,D003865,1260,1954,DB01624,zuclopenthixol,DRD2|1813|pool:19379; HTR2A|3356|pool:23680; ADRA1A|148|pool:44720,DRD2; HTR2A; ADRA1A,1813; 3356; 148,19379;23680;44720,3,4.123843782117163,3.0607656731757453,8.823655361425146,10,False,False,True,broader_narrower_depressive_spectrum,1,PHASE3,NCT02374567,https://clinicaltrials.gov/study/NCT02374567,Pharmacovigilance in Gerontopsychiatric Patients,Automatic exact-normalized intervention and mapped-condition Phase II/III registry match; not a manual efficacy assessment.,all_motifs_fda_or_phase2_3.csv
63,fc1285d2ba40b4cc5b70,automatic_phase2_3_registry_match,automatic_not_manually_verified,psychiatric_mood,162,Depressive Disorder,C1269683,D003866,170,864,DB00404,Alprazolam,GABRA3|2556|pool:37773; GABRB3|2562|pool:24659; GABRA6|2559|pool:38105,GABRA3; GABRB3; GABRA6,2556; 2562; 2559,37773;24659;38105,3,19.00586673518328,10.904312264474134,22.975548132922235,10,False,False,True,broader_narrower_depressive_spectrum,1,PHASE3,NCT02374567,https://clinicaltrials.gov/study/NCT02374567,Pharmacovigilance in Gerontopsychiatric Patients,Automatic exact-normalized intervention and mapped-condition Phase II/III registry match; not a manual efficacy assessment.,all_motifs_fda_or_phase2_3.csv
64,e95c8d7bc26c223941c6,automatic_phase2_3_registry_match,automatic_not_manually_verified,psychiatric_mood,162,Depressive Disorder,C1269683,D003866,1262,1956,DB01558,Bromazepam,GABRA3|2556|pool:38066; GABRB3|2562|pool:24935; GABRA6|2559|pool:38199,GABRA3; GABRB3; GABRA6,2556; 2562; 2559,38066;24935;38199,3,21.86108256252141,12.7606843096951,28.34660842754368,10,False,False,True,broader_narrower_depressive_spectrum,1,PHASE3,NCT02374567,https://clinicaltrials.gov/study/NCT02374567,Pharmacovigilance in Gerontopsychiatric Patients,Automatic exact-normalized intervention and mapped-condition Phase II/III registry match; not a manual efficacy assessment.,all_motifs_fda_or_phase2_3.csv
65,ef9f5ca704c3f7d6778d,automatic_phase2_3_registry_match,automatic_not_manually_verified,psychiatric_mood,162,Depressive Disorder,C1269683,D003866,484,1178,DB00921,Buprenorphine,OPRM1|4988|pool:28893; OPRK1|4986|pool:16069,OPRM1; OPRK1,4988; 4986,28893;16069,2,21.851447413497773,19.105965227817748,25.830763960260363,10,False,False,True,broader_narrower_depressive_spectrum,8,PHASE1|PHASE2;PHASE2;PHASE3,NCT00863291;NCT01071538;NCT01407575;NCT02176291;NCT02181231;NCT02263248;NCT03646058;NCT04116528,https://clinicaltrials.gov/study/NCT00863291;https://clinicaltrials.gov/study/NCT01071538;https://clinicaltrials.gov/study/NCT01407575;https://clinicaltrials.gov/study/NCT02176291;https://clinicaltrials.gov/study/NCT02181231;https://clinicaltrials.gov/study/NCT02263248;https://clinicaltrials.gov/study/NCT03646058;https://clinicaltrials.gov/study/NCT04116528,A Double-Blind Study of Buprenorphine Treatment of Acute Suicidality,Automatic exact-normalized intervention and mapped-condition Phase II/III registry match; not a manual efficacy assessment.,all_motifs_fda_or_phase2_3.csv
66,1ac4ff9c637a360a42a6,automatic_phase2_3_registry_match,automatic_not_manually_verified,psychiatric_mood,162,Depressive Disorder,C1269683,D003866,1018,1712,DB01708,Dehydroepiandrosterone,ESR1|2099|pool:2121; GABRA3|2556|pool:38002; GABRB3|2562|pool:24867; GABRA6|2559|pool:38178; 2903|2903|pool:44264,ESR1; GABRA3; GABRB3; GABRA6; 2903,2099; 2556; 2562; 2559; 2903,2121;38002;24867;38178;44264,5,9.194073312778348,7.75950668036999,12.171334361082565,10,False,False,True,broader_narrower_depressive_spectrum,1,PHASE2,NCT00001487,https://clinicaltrials.gov/study/NCT00001487,Treatment of Mid-Life-Related Mood Disorders,Automatic exact-normalized intervention and mapped-condition Phase II/III registry match; not a manual efficacy assessment.,all_motifs_fda_or_phase2_3.csv
67,195f70d70dd699b196eb,automatic_phase2_3_registry_match,automatic_not_manually_verified,psychiatric_mood,162,Depressive Disorder,C1269683,D003866,420,1114,DB00813,Fentanyl,OPRM1|4988|pool:28819,OPRM1,4988,28819,1,20.65561836245289,17.631787427201097,27.219295991778004,10,False,False,True,broader_narrower_depressive_spectrum,1,PHASE2|PHASE3,NCT03167905,https://clinicaltrials.gov/study/NCT03167905,CODEPAD (Collaborative Outcomes of DEpression and Pain Associated With Delivery),Automatic exact-normalized intervention and mapped-condition Phase II/III registry match; not a manual efficacy assessment.,all_motifs_fda_or_phase2_3.csv
68,8563b74e9a04eed6e546,automatic_phase2_3_registry_match,automatic_not_manually_verified,psychiatric_mood,162,Depressive Disorder,C1269683,D003866,341,1035,DB00690,Flurazepam,GABRB3|2562|pool:24731,GABRB3,2562,24731,1,24.88973107228503,14.151892771497089,29.911784857828025,9,False,False,True,broader_narrower_depressive_spectrum,1,PHASE3,NCT02374567,https://clinicaltrials.gov/study/NCT02374567,Pharmacovigilance in Gerontopsychiatric Patients,Automatic exact-normalized intervention and mapped-condition Phase II/III registry match; not a manual efficacy assessment.,all_motifs_fda_or_phase2_3.csv
69,ba6cb59e988ce2e7d6ab,automatic_phase2_3_registry_match,automatic_not_manually_verified,psychiatric_mood,162,Depressive Disorder,C1269683,D003866,906,1600,DB08918,Levomilnacipran,SLC6A4|6532|pool:30514; SLC6A2|6530|pool:39063,SLC6A4; SLC6A2,6532; 6530,30514;39063,2,18.030575539568343,16.38617677286742,22.500214114422747,10,False,True,False,broader_narrower_depressive_spectrum,2,PHASE3,NCT02431806;NCT02720198,https://clinicaltrials.gov/study/NCT02431806;https://clinicaltrials.gov/study/NCT02720198,Safety and Efficacy of Levomilnacipran ER in Adolescent Participants With Major Depressive Disorder,Automatic exact-normalized intervention and mapped-condition Phase II/III registry match; not a manual efficacy assessment.,all_motifs_fda_or_phase2_3.csv
70,2597bac178c6e2063ad5,automatic_phase2_3_registry_match,automatic_not_manually_verified,psychiatric_mood,162,Depressive Disorder,C1269683,D003866,701,1395,DB01255,Lisdexamfetamine,SLC6A3|6531|pool:24269,SLC6A3,6531,24269,1,23.573997944501546,16.342818602261048,27.84504539225762,10,False,False,True,broader_narrower_depressive_spectrum,2,PHASE3,NCT01093963;NCT01131559,https://clinicaltrials.gov/study/NCT01093963;https://clinicaltrials.gov/study/NCT01131559,Efficacy Study of Lisdexamfetamine to Treat Bipolar Depression,Automatic exact-normalized intervention and mapped-condition Phase II/III registry match; not a manual efficacy assessment.,all_motifs_fda_or_phase2_3.csv
71,8963064602bfaef10cfd,automatic_phase2_3_registry_match,automatic_not_manually_verified,psychiatric_mood,162,Depressive Disorder,C1269683,D003866,337,1031,DB00683,Midazolam,GABRB3|2562|pool:24722,GABRB3,2562,24722,1,20.448997944501546,15.564512675573829,24.399944330250086,9,False,False,True,broader_narrower_depressive_spectrum,14,PHASE1|PHASE2;PHASE2;PHASE2|PHASE3;PHASE3,NCT00749203;NCT00768430;NCT01944293;NCT01945047;NCT02360280;NCT02374567;NCT02556606;NCT03185819;NCT03436121;NCT04939649;NCT05625555;NCT06228391;NCT06957704;NCT07227454,https://clinicaltrials.gov/study/NCT00749203;https://clinicaltrials.gov/study/NCT00768430;https://clinicaltrials.gov/study/NCT01944293;https://clinicaltrials.gov/study/NCT01945047;https://clinicaltrials.gov/study/NCT02360280;https://clinicaltrials.gov/study/NCT02374567;https://clinicaltrials.gov/study/NCT02556606;https://clinicaltrials.gov/study/NCT03185819;https://clinicaltrials.gov/study/NCT03436121;https://clinicaltrials.gov/study/NCT04939649;https://clinicaltrials.gov/study/NCT05625555;https://clinicaltrials.gov/study/NCT06228391;https://clinicaltrials.gov/study/NCT06957704;https://clinicaltrials.gov/study/NCT07227454,Ketamine as a Rapid Treatment for Post-traumatic Stress Disorder (PTSD),Automatic exact-normalized intervention and mapped-condition Phase II/III registry match; not a manual efficacy assessment.,all_motifs_fda_or_phase2_3.csv
72,7a5e8a4c610201805175,automatic_phase2_3_registry_match,automatic_not_manually_verified,psychiatric_mood,162,Depressive Disorder,C1269683,D003866,101,795,DB00295,Morphine,OPRM1|4988|pool:28671; OPRK1|4986|pool:15990,OPRM1; OPRK1,4988; 4986,28671;15990,2,23.320272353545736,18.61564319972593,27.345623501199043,10,False,False,True,broader_narrower_depressive_spectrum,2,PHASE2;PHASE2|PHASE3,NCT02804022;NCT04011163,https://clinicaltrials.gov/study/NCT02804022;https://clinicaltrials.gov/study/NCT04011163,Vital-signs-integrated Patient-assisted Intravenous Opioid Analgesia,Automatic exact-normalized intervention and mapped-condition Phase II/III registry match; not a manual efficacy assessment.,all_motifs_fda_or_phase2_3.csv
73,f197f7b9e37241ac273c,automatic_phase2_3_registry_match,automatic_not_manually_verified,psychiatric_mood,162,Depressive Disorder,C1269683,D003866,760,1454,DB01595,Nitrazepam,GABRB3|2562|pool:24828; GABRA6|2559|pool:38169,GABRB3; GABRA6,2562; 2559,24828;38169,2,20.11712058924289,12.587251627269612,23.177886262418635,10,False,False,True,broader_narrower_depressive_spectrum,1,PHASE3,NCT02374567,https://clinicaltrials.gov/study/NCT02374567,Pharmacovigilance in Gerontopsychiatric Patients,Automatic exact-normalized intervention and mapped-condition Phase II/III registry match; not a manual efficacy assessment.,all_motifs_fda_or_phase2_3.csv
74,48046876e0f966216fd1,automatic_phase2_3_registry_match,automatic_not_manually_verified,psychiatric_mood,162,Depressive Disorder,C1269683,D003866,640,1334,DB01174,Phenobarbital,2903|2903|pool:44224,2903,2903,44224,1,28.663497773210004,24.450796505652622,32.18032716683796,10,False,False,True,broader_narrower_depressive_spectrum,1,PHASE3,NCT02374567,https://clinicaltrials.gov/study/NCT02374567,Pharmacovigilance in Gerontopsychiatric Patients,Automatic exact-normalized intervention and mapped-condition Phase II/III registry match; not a manual efficacy assessment.,all_motifs_fda_or_phase2_3.csv
75,05898591b40adaeac491,automatic_phase2_3_registry_match,automatic_not_manually_verified,psychiatric_mood,162,Depressive Disorder,C1269683,D003866,159,853,DB00391,SULPIRIDE,DRD2|1813|pool:18048; DRD3|1814|pool:17624,DRD2; DRD3,1813; 1814,18048;17624,2,8.225205549845839,5.511305241521069,10.124400479616307,10,False,True,False,broader_narrower_depressive_spectrum,1,PHASE3,NCT02374567,https://clinicaltrials.gov/study/NCT02374567,Pharmacovigilance in Gerontopsychiatric Patients,Automatic exact-normalized intervention and mapped-condition Phase II/III registry match; not a manual efficacy assessment.,all_motifs_fda_or_phase2_3.csv
76,6b9b38ed9bc1b5d340a5,automatic_phase2_3_registry_match,automatic_not_manually_verified,psychiatric_mood,162,Depressive Disorder,C1269683,D003866,814,1508,DB06144,Sertindole,DRD2|1813|pool:18909; HTR2A|3356|pool:23341; HTR2C|3358|pool:5281,DRD2; HTR2A; HTR2C,1813; 3356; 3358,18909;23341;5281,3,7.906175059952039,5.65690304898938,11.431033744433025,10,False,True,False,broader_narrower_depressive_spectrum,1,PHASE3,NCT02374567,https://clinicaltrials.gov/study/NCT02374567,Pharmacovigilance in Gerontopsychiatric Patients,Automatic exact-normalized intervention and mapped-condition Phase II/III registry match; not a manual efficacy assessment.,all_motifs_fda_or_phase2_3.csv
77,14414f5bfcafe71aa7e0,automatic_phase2_3_registry_match,automatic_not_manually_verified,psychiatric_mood,162,Depressive Disorder,C1269683,D003866,63,757,DB00231,Temazepam,GABRA3|2556|pool:37703; GABRB3|2562|pool:24580; GABRA6|2559|pool:38079,GABRA3; GABRB3; GABRA6,2556; 2562; 2559,37703;24580;38079,3,19.57862281603289,11.311129667694416,26.878318773552586,10,False,False,True,broader_narrower_depressive_spectrum,1,PHASE3,NCT02374567,https://clinicaltrials.gov/study/NCT02374567,Pharmacovigilance in Gerontopsychiatric Patients,Automatic exact-normalized intervention and mapped-condition Phase II/III registry match; not a manual efficacy assessment.,all_motifs_fda_or_phase2_3.csv
78,a83dc13abb34676fc975,automatic_phase2_3_registry_match,automatic_not_manually_verified,psychiatric_mood,162,Depressive Disorder,C1269683,D003866,1263,1957,DB00679,Thioridazine,DRD2|1813|pool:19397; HTR2A|3356|pool:23693; DRD1|1812|pool:28265,DRD2; HTR2A; DRD1,1813; 3356; 1812,19397;23693;28265,3,9.91885063377869,6.923389859540939,13.930819630010276,10,False,True,True,broader_narrower_depressive_spectrum,1,PHASE3,NCT02374567,https://clinicaltrials.gov/study/NCT02374567,Pharmacovigilance in Gerontopsychiatric Patients,Automatic exact-normalized intervention and mapped-condition Phase II/III registry match; not a manual efficacy assessment.,all_motifs_fda_or_phase2_3.csv
79,be7dfd6c729b5269c95e,automatic_phase2_3_registry_match,automatic_not_manually_verified,psychiatric_mood,162,Depressive Disorder,C1269683,D003866,472,1166,DB00897,Triazolam,GABRA3|2556|pool:37898; GABRA6|2559|pool:38148,GABRA3; GABRA6,2556; 2559,37898;38148,2,20.510020554984585,10.569223192874272,23.31759592326139,10,False,False,True,broader_narrower_depressive_spectrum,1,PHASE3,NCT02374567,https://clinicaltrials.gov/study/NCT02374567,Pharmacovigilance in Gerontopsychiatric Patients,Automatic exact-normalized intervention and mapped-condition Phase II/III registry match; not a manual efficacy assessment.,all_motifs_fda_or_phase2_3.csv
80,46ba2bcb2659685603a0,automatic_phase2_3_registry_match,automatic_not_manually_verified,psychiatric_mood,162,Depressive Disorder,C1269683,D003866,658,1352,DB01198,Zopiclone,GABRA3|2556|pool:37922,GABRA3,2556,37922,1,18.941632408359027,13.10594381637547,32.392300445358,10,False,False,True,broader_narrower_depressive_spectrum,1,PHASE3,NCT02374567,https://clinicaltrials.gov/study/NCT02374567,Pharmacovigilance in Gerontopsychiatric Patients,Automatic exact-normalized intervention and mapped-condition Phase II/III registry match; not a manual efficacy assessment.,all_motifs_fda_or_phase2_3.csv
81,745a21728201ce2d7270,automatic_phase2_3_registry_match,automatic_not_manually_verified,psychiatric_mood,162,Depressive Disorder,C1269683,D003866,321,1015,DB00659,acamprosate,GABRA3|2556|pool:37835; GABRB3|2562|pool:24713; GRIN2B|2904|pool:20866; 2903|2903|pool:44190,GABRA3; GABRB3; GRIN2B; 2903,2556; 2562; 2904; 2903,37835;24713;20866;44190,4,17.955635491606714,9.173732442617334,22.09446728331621,10,False,False,True,broader_narrower_depressive_spectrum,2,PHASE2;PHASE3,NCT02374567;NCT04498897,https://clinicaltrials.gov/study/NCT02374567;https://clinicaltrials.gov/study/NCT04498897,Pharmacovigilance in Gerontopsychiatric Patients,Automatic exact-normalized intervention and mapped-condition Phase II/III registry match; not a manual efficacy assessment.,all_motifs_fda_or_phase2_3.csv
82,305376c9c02b0ca7f85a,automatic_phase2_3_registry_match,automatic_not_manually_verified,psychiatric_mood,162,Depressive Disorder,C1269683,D003866,844,1538,DB06594,agomelatine,HTR2A|3356|pool:23378; HTR2C|3358|pool:5300,HTR2A; HTR2C,3356; 3358,23378;5300,2,10.810637204522097,8.389538369304557,14.747666152792052,10,False,True,False,broader_narrower_depressive_spectrum,7,PHASE3,NCT00411099;NCT00411242;NCT00463242;NCT00467402;NCT01488071;NCT02374567;NCT03852160,https://clinicaltrials.gov/study/NCT00411099;https://clinicaltrials.gov/study/NCT00411242;https://clinicaltrials.gov/study/NCT00463242;https://clinicaltrials.gov/study/NCT00467402;https://clinicaltrials.gov/study/NCT01488071;https://clinicaltrials.gov/study/NCT02374567;https://clinicaltrials.gov/study/NCT03852160,"Efficacy, Safety and Tolerability of Agomelatine in the Treatment of Major Depressive Disorder",Automatic exact-normalized intervention and mapped-condition Phase II/III registry match; not a manual efficacy assessment.,all_motifs_fda_or_phase2_3.csv
83,910e40850c6b9e349f07,automatic_phase2_3_registry_match,automatic_not_manually_verified,psychiatric_mood,162,Depressive Disorder,C1269683,D003866,152,846,DB00381,amlodipine,CACNA1C|775|pool:749,CACNA1C,775,749,1,21.36219595751969,19.982763788968825,30.2329564919493,10,False,True,False,broader_narrower_depressive_spectrum,1,PHASE3,NCT01557153,https://clinicaltrials.gov/study/NCT01557153,Vascular Augmentation of Late-life Unremitted Depression (VALUeD),Automatic exact-normalized intervention and mapped-condition Phase II/III registry match; not a manual efficacy assessment.,all_motifs_fda_or_phase2_3.csv
84,db40a616c41f41cff0ad,automatic_phase2_3_registry_match,automatic_not_manually_verified,psychiatric_mood,162,Depressive Disorder,C1269683,D003866,686,1380,DB01238,aripiprazole,DRD2|1813|pool:18730; HTR2A|3356|pool:23202; CHRM2|1129|pool:35798; HTR1A|3350|pool:29614; DRD1|1812|pool:28112; HTR2C|3358|pool:5247; ADRA2A|150|pool:32604; DRD3|1814|pool:17760; HTR1B|3351|pool:10088; HTR1D|3352|pool:30008; HTR7|3363|pool:38614; DRD4|1815|pool:19601; 1816|1816|pool:46359; HTR3A|3359|pool:43238,DRD2; HTR2A; CHRM2; HTR1A; DRD1; HTR2C; ADRA2A; DRD3; HTR1B; HTR1D; HTR7; DRD4; 1816; HTR3A,1813; 3356; 1129; 3350; 1812; 3358; 150; 1814; 3351; 3352; 3363; 1815; 1816; 3359,18730;23202;35798;29614;28112;5247;32604;17760;10088;30008;38614;19601;46359;43238,14,7.455464200068516,3.7218439534087016,9.313442103460089,10,False,True,True,broader_narrower_depressive_spectrum,10,PHASE1|PHASE2;PHASE3,NCT00276978;NCT00556140;NCT01111539;NCT01111552;NCT01111565;NCT01123707;NCT01386086;NCT01655706;NCT02374567;NCT05814640,https://clinicaltrials.gov/study/NCT00276978;https://clinicaltrials.gov/study/NCT00556140;https://clinicaltrials.gov/study/NCT01111539;https://clinicaltrials.gov/study/NCT01111552;https://clinicaltrials.gov/study/NCT01111565;https://clinicaltrials.gov/study/NCT01123707;https://clinicaltrials.gov/study/NCT01386086;https://clinicaltrials.gov/study/NCT01655706;https://clinicaltrials.gov/study/NCT02374567;https://clinicaltrials.gov/study/NCT05814640,Aripiprazole Augmentation Therapy in Treatment-resistant Depression,Automatic exact-normalized intervention and mapped-condition Phase II/III registry match; not a manual efficacy assessment.,all_motifs_fda_or_phase2_3.csv
85,4013261fcad6446ac3a4,automatic_phase2_3_registry_match,automatic_not_manually_verified,psychiatric_mood,162,Depressive Disorder,C1269683,D003866,840,1534,DB06413,armodafinil,SLC6A3|6531|pool:24327,SLC6A3,6531,24327,1,18.420263788968825,17.282245632065774,28.141593867762936,10,False,False,True,broader_narrower_depressive_spectrum,5,PHASE2;PHASE3,NCT00481195;NCT01072630;NCT01072929;NCT01121536;NCT01305408,https://clinicaltrials.gov/study/NCT00481195;https://clinicaltrials.gov/study/NCT01072630;https://clinicaltrials.gov/study/NCT01072929;https://clinicaltrials.gov/study/NCT01121536;https://clinicaltrials.gov/study/NCT01305408,Armodafinil Treatment as Adjunctive Therapy in Adults With Major Depression Associated With Bipolar I Disorder,Automatic exact-normalized intervention and mapped-condition Phase II/III registry match; not a manual efficacy assessment.,all_motifs_fda_or_phase2_3.csv
86,7fea23e3119ba5fdc280,automatic_phase2_3_registry_match,automatic_not_manually_verified,psychiatric_mood,162,Depressive Disorder,C1269683,D003866,826,1520,DB06216,asenapine,HTR2A|3356|pool:23367; DRD2|1813|pool:18945; ADRB1|153|pool:561; HTR1A|3350|pool:29695; DRD1|1812|pool:28175; HTR2C|3358|pool:5295; ADRA2A|150|pool:32642; HTR1B|3351|pool:10102; HTR1D|3352|pool:30019; HTR7|3363|pool:38635; DRD4|1815|pool:19629,HTR2A; DRD2; ADRB1; HTR1A; DRD1; HTR2C; ADRA2A; HTR1B; HTR1D; HTR7; DRD4,3356; 1813; 153; 3350; 1812; 3358; 150; 3351; 3352; 3363; 1815,23367;18945;561;29695;28175;5295;32642;10102;30019;38635;19629,11,8.832219938335047,7.447434909215485,14.77978331620418,10,False,True,True,broader_narrower_depressive_spectrum,1,PHASE2,NCT01807741,https://clinicaltrials.gov/study/NCT01807741,Asenapine for Bipolar Depression,Automatic exact-normalized intervention and mapped-condition Phase II/III registry match; not a manual efficacy assessment.,all_motifs_fda_or_phase2_3.csv
87,99f4bf464ee64bfd216a,automatic_phase2_3_registry_match,automatic_not_manually_verified,psychiatric_mood,162,Depressive Disorder,C1269683,D003866,496,1190,DB00945,aspirin,PTGS2|5743|pool:11698,PTGS2,5743,11698,1,3.5050531003768413,1.4286784857828023,8.225740835902705,10,False,True,False,broader_narrower_depressive_spectrum,1,PHASE3,NCT01429272,https://clinicaltrials.gov/study/NCT01429272,Minocycline and Aspirin in the Treatment of Bipolar Depression,Automatic exact-normalized intervention and mapped-condition Phase II/III registry match; not a manual efficacy assessment.,all_motifs_fda_or_phase2_3.csv
88,0805ce0b4527c9dd65c9,automatic_phase2_3_registry_match,automatic_not_manually_verified,psychiatric_mood,162,Depressive Disorder,C1269683,D003866,1180,1874,DB12867,benperidol,DRD2|1813|pool:19160,DRD2,1813,19160,1,11.8705035971223,8.084960602946214,15.446214457005825,10,False,True,False,broader_narrower_depressive_spectrum,1,PHASE3,NCT02374567,https://clinicaltrials.gov/study/NCT02374567,Pharmacovigilance in Gerontopsychiatric Patients,Automatic exact-normalized intervention and mapped-condition Phase II/III registry match; not a manual efficacy assessment.,all_motifs_fda_or_phase2_3.csv
89,9f243eb24e8bb6aedeb0,automatic_phase2_3_registry_match,automatic_not_manually_verified,psychiatric_mood,162,Depressive Disorder,C1269683,D003866,418,1112,DB00810,biperiden,CHRM2|1129|pool:35699; CHRNA2|1135|pool:46490,CHRM2; CHRNA2,1129; 1135,35699;46490,2,14.484840698869476,5.694908359027064,20.98428400137033,10,False,False,True,broader_narrower_depressive_spectrum,1,PHASE3,NCT02374567,https://clinicaltrials.gov/study/NCT02374567,Pharmacovigilance in Gerontopsychiatric Patients,Automatic exact-normalized intervention and mapped-condition Phase II/III registry match; not a manual efficacy assessment.,all_motifs_fda_or_phase2_3.csv
90,808485e901c7a129974e,automatic_phase2_3_registry_match,automatic_not_manually_verified,psychiatric_mood,162,Depressive Disorder,C1269683,D003866,933,1627,DB09128,brexpiprazole,DRD2|1813|pool:19013; HTR2A|3356|pool:23441; HTR1A|3350|pool:29731,DRD2; HTR2A; HTR1A,1813; 3356; 3350,19013;23441;29731,3,9.599820143884893,6.695893285371703,13.152513703323056,10,False,True,False,broader_narrower_depressive_spectrum,14,PHASE2|PHASE3;PHASE3,NCT01727726;NCT01838681;NCT01942785;NCT01944969;NCT02012218;NCT02013531;NCT02013609;NCT02212613;NCT03487198;NCT03538691;NCT03697603;NCT03737474;NCT04162522;NCT04569448,https://clinicaltrials.gov/study/NCT01727726;https://clinicaltrials.gov/study/NCT01838681;https://clinicaltrials.gov/study/NCT01942785;https://clinicaltrials.gov/study/NCT01944969;https://clinicaltrials.gov/study/NCT02012218;https://clinicaltrials.gov/study/NCT02013531;https://clinicaltrials.gov/study/NCT02013609;https://clinicaltrials.gov/study/NCT02212613;https://clinicaltrials.gov/study/NCT03487198;https://clinicaltrials.gov/study/NCT03538691;https://clinicaltrials.gov/study/NCT03697603;https://clinicaltrials.gov/study/NCT03737474;https://clinicaltrials.gov/study/NCT04162522;https://clinicaltrials.gov/study/NCT04569448,"A Study of Flexible-dose Brexpiprazole as Adjunctive Therapy in the Treatment of Adults With Major Depressive Disorder, the Delphinus Trial",Automatic exact-normalized intervention and mapped-condition Phase II/III registry match; not a manual efficacy assessment.,all_motifs_fda_or_phase2_3.csv
91,6f56f673ce979716378e,automatic_phase2_3_registry_match,automatic_not_manually_verified,psychiatric_mood,162,Depressive Disorder,C1269683,D003866,1183,1877,DB12401,bromperidol,DRD2|1813|pool:19197,DRD2,1813,19197,1,11.05686879068174,7.922768927714971,14.43398852346694,10,False,True,False,broader_narrower_depressive_spectrum,1,PHASE3,NCT02374567,https://clinicaltrials.gov/study/NCT02374567,Pharmacovigilance in Gerontopsychiatric Patients,Automatic exact-normalized intervention and mapped-condition Phase II/III registry match; not a manual efficacy assessment.,all_motifs_fda_or_phase2_3.csv
92,4f0d50b124d041d40dbc,automatic_phase2_3_registry_match,automatic_not_manually_verified,psychiatric_mood,162,Depressive Disorder,C1269683,D003866,263,957,DB00564,carbamazepine,CHRNA4|1137|pool:33023,CHRNA4,1137,33023,1,21.3193730729702,20.013275094210343,27.923197156560462,10,False,False,True,broader_narrower_depressive_spectrum,1,PHASE3,NCT02374567,https://clinicaltrials.gov/study/NCT02374567,Pharmacovigilance in Gerontopsychiatric Patients,Automatic exact-normalized intervention and mapped-condition Phase II/III registry match; not a manual efficacy assessment.,all_motifs_fda_or_phase2_3.csv
93,b5a4dc62ed1a9e89e2ad,manual_strong_registry_review,manually_reviewed_strong,psychiatric_mood,162,Depressive Disorder,C1269683,D003866,813,1507,DB06016,cariprazine,DRD2|1813|pool:18891; HTR2A|3356|pool:23328; HTR1A|3350|pool:29679; DRD3|1814|pool:17793,DRD2; HTR2A; HTR1A; DRD3,1813; 3356; 3350; 1814,18891;23328;29679;17793,4,9.92848578280233,8.771732613908872,12.666473963686194,10,False,True,False,broader_category,4,PHASE2;PHASE3,NCT01469377;NCT01715805;NCT03738215;NCT03739203,https://clinicaltrials.gov/study/NCT01469377;https://clinicaltrials.gov/study/NCT01715805;https://clinicaltrials.gov/study/NCT03738215;https://clinicaltrials.gov/study/NCT03739203,,MDD is a clinically narrower diagnosis within the broader MS Depressive Disorder node; cariprazine is the active adjunctive intervention in Phase II/III efficacy studies.,ctgov_manually_reviewed_key_cases.csv
94,70985c5c2061b8a15519,automatic_phase2_3_registry_match,automatic_not_manually_verified,psychiatric_mood,162,Depressive Disorder,C1269683,D003866,218,912,DB00482,celecoxib,PTGS2|5743|pool:10788,PTGS2,5743,10788,1,5.592668722165126,3.745931825967797,19.35112624186365,10,False,True,False,broader_narrower_depressive_spectrum,3,PHASE3,NCT02703363;NCT02726659;NCT05644301,https://clinicaltrials.gov/study/NCT02703363;https://clinicaltrials.gov/study/NCT02726659;https://clinicaltrials.gov/study/NCT05644301,Minocycline and Celecoxib as Adjunctive Treatments of Bipolar Depression,Automatic exact-normalized intervention and mapped-condition Phase II/III registry match; not a manual efficacy assessment.,all_motifs_fda_or_phase2_3.csv
95,c7a5903bacfbd3734cb7,automatic_phase2_3_registry_match,automatic_not_manually_verified,psychiatric_mood,162,Depressive Disorder,C1269683,D003866,687,1381,DB01239,chlorprothixene,DRD2|1813|pool:18747; HTR2A|3356|pool:23213; DRD1|1812|pool:28118; HTR2C|3358|pool:5253; CHRM2|1129|pool:35803; DRD3|1814|pool:17765,DRD2; HTR2A; DRD1; HTR2C; CHRM2; DRD3,1813; 3356; 1812; 3358; 1129; 1814,18747;23213;28118;5253;35803;17765,6,8.475719424460433,6.531560465912984,10.930541281260703,10,False,True,True,broader_narrower_depressive_spectrum,1,PHASE3,NCT02374567,https://clinicaltrials.gov/study/NCT02374567,Pharmacovigilance in Gerontopsychiatric Patients,Automatic exact-normalized intervention and mapped-condition Phase II/III registry match; not a manual efficacy assessment.,all_motifs_fda_or_phase2_3.csv
96,25e2997d3e37cda7008c,automatic_phase2_3_registry_match,automatic_not_manually_verified,psychiatric_mood,162,Depressive Disorder,C1269683,D003866,133,827,DB00349,clobazam,GABRA3|2556|pool:37749; GABRB3|2562|pool:24630; GABRA6|2559|pool:38096,GABRA3; GABRB3; GABRA6,2556; 2562; 2559,37749;24630;38096,3,17.752226789996573,9.904933196300105,21.56506937307297,10,False,False,True,broader_narrower_depressive_spectrum,1,PHASE3,NCT02374567,https://clinicaltrials.gov/study/NCT02374567,Pharmacovigilance in Gerontopsychiatric Patients,Automatic exact-normalized intervention and mapped-condition Phase II/III registry match; not a manual efficacy assessment.,all_motifs_fda_or_phase2_3.csv
97,0a55395e8cfc1376532c,automatic_phase2_3_registry_match,automatic_not_manually_verified,psychiatric_mood,162,Depressive Disorder,C1269683,D003866,690,1384,DB01242,clomipramine,HTR2A|3356|pool:23224; SLC6A4|6532|pool:30430; HTR2C|3358|pool:5259; SLC6A3|6531|pool:24255; SLC6A2|6530|pool:38996,HTR2A; SLC6A4; HTR2C; SLC6A3; SLC6A2,3356; 6532; 3358; 6531; 6530,23224;30430;5259;24255;38996,5,9.38891743747859,7.311472250770812,13.17338985954094,10,False,True,True,broader_narrower_depressive_spectrum,1,PHASE3,NCT02374567,https://clinicaltrials.gov/study/NCT02374567,Pharmacovigilance in Gerontopsychiatric Patients,Automatic exact-normalized intervention and mapped-condition Phase II/III registry match; not a manual efficacy assessment.,all_motifs_fda_or_phase2_3.csv
98,933d96fbb33f0e616f53,automatic_phase2_3_registry_match,automatic_not_manually_verified,psychiatric_mood,162,Depressive Disorder,C1269683,D003866,578,1272,DB01068,clonazepam,GABRA3|2556|pool:37906; GABRB3|2562|pool:24783; GABRA6|2559|pool:38151,GABRA3; GABRB3; GABRA6,2556; 2562; 2559,37906;24783;38151,3,14.333890030832478,8.706963001027749,17.8426901336074,10,False,False,True,broader_narrower_depressive_spectrum,1,PHASE3,NCT02374567,https://clinicaltrials.gov/study/NCT02374567,Pharmacovigilance in Gerontopsychiatric Patients,Automatic exact-normalized intervention and mapped-condition Phase II/III registry match; not a manual efficacy assessment.,all_motifs_fda_or_phase2_3.csv
99,7374da4f5b11aeb51876,automatic_phase2_3_registry_match,automatic_not_manually_verified,psychiatric_mood,162,Depressive Disorder,C1269683,D003866,141,835,DB00363,clozapine,DRD2|1813|pool:18013; HTR2A|3356|pool:22687; CHRM2|1129|pool:35529; HTR1A|3350|pool:29370; HTR2C|3358|pool:5027; DRD1|1812|pool:27854; DRD3|1814|pool:17610; ADRA2A|150|pool:32365; HTR1B|3351|pool:9925; HTR7|3363|pool:38511; HTR1D|3352|pool:29920; DRD4|1815|pool:19455; 1816|1816|pool:46272; HTR3A|3359|pool:43151,DRD2; HTR2A; CHRM2; HTR1A; HTR2C; DRD1; DRD3; ADRA2A; HTR1B; HTR7; HTR1D; DRD4; 1816; HTR3A,1813; 3356; 1129; 3350; 3358; 1812; 1814; 150; 3351; 3363; 3352; 1815; 1816; 3359,18013;22687;35529;29370;5027;27854;17610;32365;9925;38511;29920;19455;46272;43151,14,8.598835217540254,4.943366735183282,10.422019527235356,10,False,True,True,broader_narrower_depressive_spectrum,2,PHASE3,NCT02374567;NCT05603104,https://clinicaltrials.gov/study/NCT02374567;https://clinicaltrials.gov/study/NCT05603104,Pharmacovigilance in Gerontopsychiatric Patients,Automatic exact-normalized intervention and mapped-condition Phase II/III registry match; not a manual efficacy assessment.,all_motifs_fda_or_phase2_3.csv
100,3f0d5b66011ba5459608,automatic_phase2_3_registry_match,automatic_not_manually_verified,psychiatric_mood,162,Depressive Disorder,C1269683,D003866,241,935,DB00531,cyclophosphamide,CYP2C19|1557|pool:33160,CYP2C19,1557,33160,1,50.30725419664269,26.839242891401167,59.100933538883176,9,False,True,False,broader_narrower_depressive_spectrum,1,PHASE2,NCT00424203,https://clinicaltrials.gov/study/NCT00424203,"Doxorubicin and Cyclophosphamide in Treating Older Women With Stage I, Stage II, or Stage III Breast Cancer That Has Been Removed By Surgery",Automatic exact-normalized intervention and mapped-condition Phase II/III registry match; not a manual efficacy assessment.,all_motifs_fda_or_phase2_3.csv
101,c1ec2ad638c0bdb06636,automatic_phase2_3_registry_match,automatic_not_manually_verified,psychiatric_mood,162,Depressive Disorder,C1269683,D003866,852,1546,DB06700,desvenlafaxine,SLC6A4|6532|pool:30493; SLC6A3|6531|pool:24342; SLC6A2|6530|pool:39050,SLC6A4; SLC6A3; SLC6A2,6532; 6531; 6530,30493;24342;39050,3,19.6728331620418,15.635705721137375,24.93255395683453,10,False,True,True,broader_narrower_depressive_spectrum,3,PHASE2|PHASE3;PHASE3,NCT01527786;NCT01803711;NCT04476030,https://clinicaltrials.gov/study/NCT01527786;https://clinicaltrials.gov/study/NCT01803711;https://clinicaltrials.gov/study/NCT04476030,Functional Outcome in Postpartum Depression in Women Treated With Desvenlafaxine,Automatic exact-normalized intervention and mapped-condition Phase II/III registry match; not a manual efficacy assessment.,all_motifs_fda_or_phase2_3.csv
102,93cb7facab53b1559570,automatic_phase2_3_registry_match,automatic_not_manually_verified,psychiatric_mood,162,Depressive Disorder,C1269683,D003866,427,1121,DB00829,diazepam,GABRA3|2556|pool:37875; GABRB3|2562|pool:24758; GABRA6|2559|pool:38139,GABRA3; GABRB3; GABRA6,2556; 2562; 2559,37875;24758;38139,3,14.223621103117503,8.778691332648167,18.12585645769099,10,False,False,True,broader_narrower_depressive_spectrum,1,PHASE3,NCT02374567,https://clinicaltrials.gov/study/NCT02374567,Pharmacovigilance in Gerontopsychiatric Patients,Automatic exact-normalized intervention and mapped-condition Phase II/III registry match; not a manual efficacy assessment.,all_motifs_fda_or_phase2_3.csv
103,8b4b65d150d90d8b18c4,automatic_phase2_3_registry_match,automatic_not_manually_verified,psychiatric_mood,162,Depressive Disorder,C1269683,D003866,274,968,DB00586,diclofenac,PTGS2|5743|pool:11031,PTGS2,5743,11031,1,5.168722165125043,2.786163926002055,13.231200753682767,10,False,True,False,broader_narrower_depressive_spectrum,1,PHASE1|PHASE2,NCT01413854,https://clinicaltrials.gov/study/NCT01413854,Diclofenac add-on to Treatment as Usual for Suicidal Patients,Automatic exact-normalized intervention and mapped-condition Phase II/III registry match; not a manual efficacy assessment.,all_motifs_fda_or_phase2_3.csv
104,7049d2cacaf3987b36f3,automatic_phase2_3_registry_match,automatic_not_manually_verified,psychiatric_mood,162,Depressive Disorder,C1269683,D003866,581,1275,DB01075,diphenhydramine,CHRM2|1129|pool:35754,CHRM2,1129,35754,1,15.03083247687564,5.217433196300103,19.988651935594383,10,False,False,True,broader_narrower_depressive_spectrum,2,PHASE2;PHASE3,NCT02106325;NCT02374567,https://clinicaltrials.gov/study/NCT02106325;https://clinicaltrials.gov/study/NCT02374567,Ketamine as a Rapidly-Acting Antidepressant in Depressed Emergency Department Patients,Automatic exact-normalized intervention and mapped-condition Phase II/III registry match; not a manual efficacy assessment.,all_motifs_fda_or_phase2_3.csv
105,1345daa53dc4e9e041c6,automatic_phase2_3_registry_match,automatic_not_manually_verified,psychiatric_mood,162,Depressive Disorder,C1269683,D003866,437,1131,DB00843,donepezil,HTR2A|3356|pool:22990,HTR2A,3356,22990,1,12.967840013703324,10.570293764988008,17.86088985954094,10,False,True,False,broader_narrower_depressive_spectrum,1,PHASE3,NCT02374567,https://clinicaltrials.gov/study/NCT02374567,Pharmacovigilance in Gerontopsychiatric Patients,Automatic exact-normalized intervention and mapped-condition Phase II/III registry match; not a manual efficacy assessment.,all_motifs_fda_or_phase2_3.csv
106,eaaa20e02e0a26951c35,automatic_phase2_3_registry_match,automatic_not_manually_verified,psychiatric_mood,162,Depressive Disorder,C1269683,D003866,214,908,DB00476,duloxetine,HTR2A|3356|pool:22775; SLC6A4|6532|pool:30226; HTR2C|3358|pool:5081; SLC6A3|6531|pool:23993; SLC6A2|6530|pool:38845,HTR2A; SLC6A4; HTR2C; SLC6A3; SLC6A2,3356; 6532; 3358; 6531; 6530,22775;30226;5081;23993;38845,5,10.629710517300444,9.791987838300788,13.262782631038029,10,False,True,True,broader_narrower_depressive_spectrum,37,PHASE1|PHASE2;PHASE2;PHASE3,NCT00042562;NCT00042575;NCT00062673;NCT00073411;NCT00105989;NCT00191685;NCT00321490;NCT00331799;NCT00351910;NCT00366652;NCT00489775;NCT00529789;NCT00599911;NCT00635219;NCT00672620;NCT00811252;NCT00849693;NCT00849901;NCT01140906;NCT01145755;NCT01153009;NCT01223001;NCT01288079;NCT01309945;NCT01360866;NCT01369095;NCT01564862;NCT02232555;NCT02374567;NCT02443194;NCT03038867;NCT03068247;NCT03852160;NCT04111627;NCT04476030;NCT05814640;NCT07649291,https://clinicaltrials.gov/study/NCT00042562;https://clinicaltrials.gov/study/NCT00042575;https://clinicaltrials.gov/study/NCT00062673;https://clinicaltrials.gov/study/NCT00073411;https://clinicaltrials.gov/study/NCT00105989;https://clinicaltrials.gov/study/NCT00191685;https://clinicaltrials.gov/study/NCT00321490;https://clinicaltrials.gov/study/NCT00331799;https://clinicaltrials.gov/study/NCT00351910;https://clinicaltrials.gov/study/NCT00366652;https://clinicaltrials.gov/study/NCT00489775;https://clinicaltrials.gov/study/NCT00529789;https://clinicaltrials.gov/study/NCT00599911;https://clinicaltrials.gov/study/NCT00635219;https://clinicaltrials.gov/study/NCT00672620;https://clinicaltrials.gov/study/NCT00811252;https://clinicaltrials.gov/study/NCT00849693;https://clinicaltrials.gov/study/NCT00849901;https://clinicaltrials.gov/study/NCT01140906;https://clinicaltrials.gov/study/NCT01145755;https://clinicaltrials.gov/study/NCT01153009;https://clinicaltrials.gov/study/NCT01223001;https://clinicaltrials.gov/study/NCT01288079;https://clinicaltrials.gov/study/NCT01309945;https://clinicaltrials.gov/study/NCT01360866;https://clinicaltrials.gov/study/NCT01369095;https://clinicaltrials.gov/study/NCT01564862;https://clinicaltrials.gov/study/NCT02232555;https://clinicaltrials.gov/study/NCT02374567;https://clinicaltrials.gov/study/NCT02443194;https://clinicaltrials.gov/study/NCT03038867;https://clinicaltrials.gov/study/NCT03068247;https://clinicaltrials.gov/study/NCT03852160;https://clinicaltrials.gov/study/NCT04111627;https://clinicaltrials.gov/study/NCT04476030;https://clinicaltrials.gov/study/NCT05814640;https://clinicaltrials.gov/study/NCT07649291,Open-Label Treatment With Duloxetine Hydrochloride Once-Daily Dosing for Evaluation of Stabilization Dose in Patients With Major Depression,Automatic exact-normalized intervention and mapped-condition Phase II/III registry match; not a manual efficacy assessment.,all_motifs_fda_or_phase2_3.csv
107,42509a3fbc5613d2b593,automatic_phase2_3_registry_match,automatic_not_manually_verified,psychiatric_mood,162,Depressive Disorder,C1269683,D003866,641,1335,DB01175,escitalopram,SLC6A4|6532|pool:30409; SLC6A2|6530|pool:38984; SLC6A3|6531|pool:24240,SLC6A4; SLC6A2; SLC6A3,6532; 6530; 6531,30409;38984;24240,3,16.248072970195274,14.506252141144229,19.0604659129839,10,False,True,True,broader_narrower_depressive_spectrum,59,PHASE1|PHASE2;PHASE2;PHASE2|PHASE3;PHASE3,NCT00073411;NCT00080158;NCT00086307;NCT00107120;NCT00108979;NCT00109044;NCT00135421;NCT00136318;NCT00149825;NCT00166296;NCT00239954;NCT00296933;NCT00351169;NCT00351910;NCT00406640;NCT00415142;NCT00420004;NCT00432614;NCT00475878;NCT00488670;NCT00531622;NCT00566202;NCT00610506;NCT00642694;NCT00668525;NCT00822744;NCT00837564;NCT00953108;NCT00965497;NCT01020799;NCT01034995;NCT01111539;NCT01111552;NCT01111565;NCT01123707;NCT01219686;NCT01360866;NCT01363310;NCT01368432;NCT01369095;NCT01655706;NCT01741142;NCT02153567;NCT02191397;NCT02374567;NCT02469545;NCT02623231;NCT02674529;NCT03652870;NCT03852160;NCT03909217;NCT04162522;NCT04476030;NCT05536414;NCT05603104;NCT05950061;NCT05973786;NCT06705478;NCT06828887,https://clinicaltrials.gov/study/NCT00073411;https://clinicaltrials.gov/study/NCT00080158;https://clinicaltrials.gov/study/NCT00086307;https://clinicaltrials.gov/study/NCT00107120;https://clinicaltrials.gov/study/NCT00108979;https://clinicaltrials.gov/study/NCT00109044;https://clinicaltrials.gov/study/NCT00135421;https://clinicaltrials.gov/study/NCT00136318;https://clinicaltrials.gov/study/NCT00149825;https://clinicaltrials.gov/study/NCT00166296;https://clinicaltrials.gov/study/NCT00239954;https://clinicaltrials.gov/study/NCT00296933;https://clinicaltrials.gov/study/NCT00351169;https://clinicaltrials.gov/study/NCT00351910;https://clinicaltrials.gov/study/NCT00406640;https://clinicaltrials.gov/study/NCT00415142;https://clinicaltrials.gov/study/NCT00420004;https://clinicaltrials.gov/study/NCT00432614;https://clinicaltrials.gov/study/NCT00475878;https://clinicaltrials.gov/study/NCT00488670;https://clinicaltrials.gov/study/NCT00531622;https://clinicaltrials.gov/study/NCT00566202;https://clinicaltrials.gov/study/NCT00610506;https://clinicaltrials.gov/study/NCT00642694;https://clinicaltrials.gov/study/NCT00668525;https://clinicaltrials.gov/study/NCT00822744;https://clinicaltrials.gov/study/NCT00837564;https://clinicaltrials.gov/study/NCT00953108;https://clinicaltrials.gov/study/NCT00965497;https://clinicaltrials.gov/study/NCT01020799;https://clinicaltrials.gov/study/NCT01034995;https://clinicaltrials.gov/study/NCT01111539;https://clinicaltrials.gov/study/NCT01111552;https://clinicaltrials.gov/study/NCT01111565;https://clinicaltrials.gov/study/NCT01123707;https://clinicaltrials.gov/study/NCT01219686;https://clinicaltrials.gov/study/NCT01360866;https://clinicaltrials.gov/study/NCT01363310;https://clinicaltrials.gov/study/NCT01368432;https://clinicaltrials.gov/study/NCT01369095;https://clinicaltrials.gov/study/NCT01655706;https://clinicaltrials.gov/study/NCT01741142;https://clinicaltrials.gov/study/NCT02153567;https://clinicaltrials.gov/study/NCT02191397;https://clinicaltrials.gov/study/NCT02374567;https://clinicaltrials.gov/study/NCT02469545;https://clinicaltrials.gov/study/NCT02623231;https://clinicaltrials.gov/study/NCT02674529;https://clinicaltrials.gov/study/NCT03652870;https://clinicaltrials.gov/study/NCT03852160;https://clinicaltrials.gov/study/NCT03909217;https://clinicaltrials.gov/study/NCT04162522;https://clinicaltrials.gov/study/NCT04476030;https://clinicaltrials.gov/study/NCT05536414;https://clinicaltrials.gov/study/NCT05603104;https://clinicaltrials.gov/study/NCT05950061;https://clinicaltrials.gov/study/NCT05973786;https://clinicaltrials.gov/study/NCT06705478;https://clinicaltrials.gov/study/NCT06828887,Duloxetine Compared to Escitalopram and Placebo in the Treatment of Patients With Depression,Automatic exact-normalized intervention and mapped-condition Phase II/III registry match; not a manual efficacy assessment.,all_motifs_fda_or_phase2_3.csv
108,165251de20d8b6a1f4d3,automatic_phase2_3_registry_match,automatic_not_manually_verified,psychiatric_mood,162,Depressive Disorder,C1269683,D003866,400,1094,DB00783,estradiol,ESR1|2099|pool:1593; CHRNA4|1137|pool:33062,ESR1; CHRNA4,2099; 1137,1593;33062,2,11.36198184309695,8.111189619732786,16.12121017471737,10,False,False,True,broader_narrower_depressive_spectrum,4,PHASE2;PHASE2|PHASE3,NCT00001481;NCT01126801;NCT01308814;NCT03689543,https://clinicaltrials.gov/study/NCT00001481;https://clinicaltrials.gov/study/NCT01126801;https://clinicaltrials.gov/study/NCT01308814;https://clinicaltrials.gov/study/NCT03689543,The Role of Hormones in Postpartum Mood Disorders,Automatic exact-normalized intervention and mapped-condition Phase II/III registry match; not a manual efficacy assessment.,all_motifs_fda_or_phase2_3.csv
109,4fc1c4569f35461e59ab,automatic_phase2_3_registry_match,automatic_not_manually_verified,psychiatric_mood,162,Depressive Disorder,C1269683,D003866,169,863,DB00402,eszopiclone,GABRB3|2562|pool:24649; GABRA6|2559|pool:38102,GABRB3; GABRA6,2562; 2559,24649;38102,2,23.00124186365193,14.679684823569715,25.6380609797876,10,False,False,True,broader_narrower_depressive_spectrum,2,PHASE3,NCT00368030;NCT00435279,https://clinicaltrials.gov/study/NCT00368030;https://clinicaltrials.gov/study/NCT00435279,A Study of Eszopiclone in Subjects With Insomnia Related to Major Depressive Disorder,Automatic exact-normalized intervention and mapped-condition Phase II/III registry match; not a manual efficacy assessment.,all_motifs_fda_or_phase2_3.csv
110,3f9da213fc0cbecf1d99,automatic_phase2_3_registry_match,automatic_not_manually_verified,psychiatric_mood,162,Depressive Disorder,C1269683,D003866,460,1154,DB00875,flupentixol,DRD2|1813|pool:18444; HTR2A|3356|pool:23017; DRD1|1812|pool:28035; DRD3|1814|pool:17700; 1816|1816|pool:46328,DRD2; HTR2A; DRD1; DRD3; 1816,1813; 3356; 1812; 1814; 1816,18444;23017;28035;17700;46328,5,7.898681055155876,6.653070400822199,11.776293251113396,10,False,True,True,broader_narrower_depressive_spectrum,1,PHASE3,NCT02374567,https://clinicaltrials.gov/study/NCT02374567,Pharmacovigilance in Gerontopsychiatric Patients,Automatic exact-normalized intervention and mapped-condition Phase II/III registry match; not a manual efficacy assessment.,all_motifs_fda_or_phase2_3.csv
111,f55ca46914ccd59e5708,automatic_phase2_3_registry_match,automatic_not_manually_verified,psychiatric_mood,162,Depressive Disorder,C1269683,D003866,296,990,DB00623,fluphenazine,DRD2|1813|pool:18300; HTR2A|3356|pool:22876; HTR2C|3358|pool:5118; DRD1|1812|pool:27978; AR|367|pool:5462; 1816|1816|pool:46309,DRD2; HTR2A; HTR2C; DRD1; AR; 1816,1813; 3356; 3358; 1812; 367; 1816,18300;22876;5118;27978;5462;46309,6,7.7659301130524145,4.963172319287427,8.743897738951695,10,False,True,True,broader_narrower_depressive_spectrum,1,PHASE3,NCT02374567,https://clinicaltrials.gov/study/NCT02374567,Pharmacovigilance in Gerontopsychiatric Patients,Automatic exact-normalized intervention and mapped-condition Phase II/III registry match; not a manual efficacy assessment.,all_motifs_fda_or_phase2_3.csv
112,923f8e8b12e849a28481,automatic_phase2_3_registry_match,automatic_not_manually_verified,psychiatric_mood,162,Depressive Disorder,C1269683,D003866,785,1479,DB04842,fluspirilene,DRD2|1813|pool:18836; HTR2A|3356|pool:23289; HTR1A|3350|pool:29654; HTR1D|3352|pool:30015,DRD2; HTR2A; HTR1A; HTR1D,1813; 3356; 3350; 3352,18836;23289;29654;30015,4,9.354659129838986,6.774580335731415,11.667094895512164,10,False,True,True,broader_narrower_depressive_spectrum,1,PHASE3,NCT02374567,https://clinicaltrials.gov/study/NCT02374567,Pharmacovigilance in Gerontopsychiatric Patients,Automatic exact-normalized intervention and mapped-condition Phase II/III registry match; not a manual efficacy assessment.,all_motifs_fda_or_phase2_3.csv
113,5dcc7fe7fa2d7fd788d4,automatic_phase2_3_registry_match,automatic_not_manually_verified,psychiatric_mood,162,Depressive Disorder,C1269683,D003866,27,721,DB00176,fluvoxamine,SLC6A4|6532|pool:30066,SLC6A4,6532,30066,1,15.2888403562864,13.99184224049332,21.97402792052073,10,False,True,False,broader_narrower_depressive_spectrum,2,PHASE2;PHASE3,NCT02374567;NCT04160377,https://clinicaltrials.gov/study/NCT02374567;https://clinicaltrials.gov/study/NCT04160377,Pharmacovigilance in Gerontopsychiatric Patients,Automatic exact-normalized intervention and mapped-condition Phase II/III registry match; not a manual efficacy assessment.,all_motifs_fda_or_phase2_3.csv
114,c08f6143eb4b7a82a468,automatic_phase2_3_registry_match,automatic_not_manually_verified,psychiatric_mood,162,Depressive Disorder,C1269683,D003866,535,1229,DB00996,gabapentin,CACNA1C|775|pool:841; GRIN2B|2904|pool:20886; 2903|2903|pool:44216,CACNA1C; GRIN2B; 2903,775; 2904; 2903,841;20886;44216,3,19.83020726276122,16.814940904419323,23.18591555327167,10,False,True,True,broader_narrower_depressive_spectrum,2,PHASE2;PHASE3,NCT00654953;NCT02374567,https://clinicaltrials.gov/study/NCT00654953;https://clinicaltrials.gov/study/NCT02374567,"Clinical Efficacy of Sertraline Augmented With Gabapentin in Depressed, Recently Abstinent Cocaine-dependent Humans",Automatic exact-normalized intervention and mapped-condition Phase II/III registry match; not a manual efficacy assessment.,all_motifs_fda_or_phase2_3.csv
115,a64ebc0f963bc49a162f,automatic_phase2_3_registry_match,automatic_not_manually_verified,psychiatric_mood,162,Depressive Disorder,C1269683,D003866,548,1242,DB01018,guanfacine,ADRA2A|150|pool:32554,ADRA2A,150,32554,1,19.335602946214458,12.13279376498801,25.578108941418293,9,False,False,True,broader_narrower_depressive_spectrum,1,PHASE2,NCT06408246,https://clinicaltrials.gov/study/NCT06408246,ACE-D Aim 3 Clinical Cognitive Trial to Enhance Translation in Depression,Automatic exact-normalized intervention and mapped-condition Phase II/III registry match; not a manual efficacy assessment.,all_motifs_fda_or_phase2_3.csv
116,a61d4211abd36295c128,automatic_phase2_3_registry_match,automatic_not_manually_verified,psychiatric_mood,162,Depressive Disorder,C1269683,D003866,229,923,DB00502,haloperidol,DRD2|1813|pool:18172; HTR2A|3356|pool:22799; HTR1A|3350|pool:29410; DRD1|1812|pool:27928; DRD3|1814|pool:17666; HTR7|3363|pool:38543; HTR1D|3352|pool:29933; 1816|1816|pool:46292; GRIN2B|2904|pool:20859,DRD2; HTR2A; HTR1A; DRD1; DRD3; HTR7; HTR1D; 1816; GRIN2B,1813; 3356; 3350; 1812; 1814; 3363; 3352; 1816; 2904,18172;22799;29410;27928;17666;38543;29933;46292;20859,9,7.570015416238437,3.393713600548133,7.894398766700925,10,False,True,True,broader_narrower_depressive_spectrum,1,PHASE3,NCT02374567,https://clinicaltrials.gov/study/NCT02374567,Pharmacovigilance in Gerontopsychiatric Patients,Automatic exact-normalized intervention and mapped-condition Phase II/III registry match; not a manual efficacy assessment.,all_motifs_fda_or_phase2_3.csv
117,20fb626e0bf47084df0f,automatic_phase2_3_registry_match,automatic_not_manually_verified,psychiatric_mood,162,Depressive Disorder,C1269683,D003866,567,1261,DB01050,ibuprofen,PTGS2|5743|pool:12064; BCL2|596|pool:3456,PTGS2; BCL2,5743; 596,12064;3456,2,3.9600462487153134,2.258907159986297,14.596715484755054,10,False,True,True,broader_narrower_depressive_spectrum,1,PHASE2|PHASE3,NCT02507219,https://clinicaltrials.gov/study/NCT02507219,Study of Ibuprofen Effects on Brain Function,Automatic exact-normalized intervention and mapped-condition Phase II/III registry match; not a manual efficacy assessment.,all_motifs_fda_or_phase2_3.csv
118,4593ba667f14ff8d5c6f,automatic_phase2_3_registry_match,automatic_not_manually_verified,psychiatric_mood,162,Depressive Disorder,C1269683,D003866,259,953,DB00555,lamotrigine,CHRM2|1129|pool:35626; DRD2|1813|pool:18245; HTR2A|3356|pool:22838; GABRA3|2556|pool:37812; ADRA2A|150|pool:32430; DRD1|1812|pool:27952; GABRB3|2562|pool:24694; GABRA6|2559|pool:38116; OPRK1|4986|pool:16031; 1816|1816|pool:46299,CHRM2; DRD2; HTR2A; GABRA3; ADRA2A; DRD1; GABRB3; GABRA6; OPRK1; 1816,1129; 1813; 3356; 2556; 150; 1812; 2562; 2559; 4986; 1816,35626;18245;22838;37812;32430;27952;24694;38116;16031;46299,10,5.787512846865365,3.604616306954437,23.1184695101062,10,False,True,True,broader_narrower_depressive_spectrum,5,PHASE2;PHASE3,NCT00224510;NCT00475137;NCT00652171;NCT01042496;NCT02374567,https://clinicaltrials.gov/study/NCT00224510;https://clinicaltrials.gov/study/NCT00475137;https://clinicaltrials.gov/study/NCT00652171;https://clinicaltrials.gov/study/NCT01042496;https://clinicaltrials.gov/study/NCT02374567,A Study To Investigate The Antidepressant Effect Of Lamotrigine In Patients With Bipolar Disorder Using Lithium,Automatic exact-normalized intervention and mapped-condition Phase II/III registry match; not a manual efficacy assessment.,all_motifs_fda_or_phase2_3.csv
119,9d522150e17e439867a7,automatic_phase2_3_registry_match,automatic_not_manually_verified,psychiatric_mood,162,Depressive Disorder,C1269683,D003866,1214,1908,DB01403,levomepromazine,DRD2|1813|pool:19253; HTR2A|3356|pool:23602; CHRM2|1129|pool:35905; HTR2C|3358|pool:5370; ADRA2A|150|pool:32710; DRD4|1815|pool:19657; 1816|1816|pool:46374,DRD2; HTR2A; CHRM2; HTR2C; ADRA2A; DRD4; 1816,1813; 3356; 1129; 3358; 150; 1815; 1816,19253;23602;35905;5370;32710;19657;46374,7,7.764859540938677,4.2801473107228505,9.81339928057554,10,False,True,True,broader_narrower_depressive_spectrum,1,PHASE3,NCT02374567,https://clinicaltrials.gov/study/NCT02374567,Pharmacovigilance in Gerontopsychiatric Patients,Automatic exact-normalized intervention and mapped-condition Phase II/III registry match; not a manual efficacy assessment.,all_motifs_fda_or_phase2_3.csv
120,2ff7392c91574eab1451,automatic_phase2_3_registry_match,automatic_not_manually_verified,psychiatric_mood,162,Depressive Disorder,C1269683,D003866,34,728,DB00186,lorazepam,GABRA3|2556|pool:37687; GABRA6|2559|pool:38073,GABRA3; GABRA6,2556; 2559,37687;38073,2,12.74837273038712,7.879946043165468,15.095066803699895,10,False,False,True,broader_narrower_depressive_spectrum,1,PHASE3,NCT02374567,https://clinicaltrials.gov/study/NCT02374567,Pharmacovigilance in Gerontopsychiatric Patients,Automatic exact-normalized intervention and mapped-condition Phase II/III registry match; not a manual efficacy assessment.,all_motifs_fda_or_phase2_3.csv
121,3633ea1ca953fac2a710,automatic_phase2_3_registry_match,automatic_not_manually_verified,psychiatric_mood,162,Depressive Disorder,C1269683,D003866,876,1570,DB08815,lurasidone,DRD2|1813|pool:18980; HTR2A|3356|pool:23392; HTR1A|3350|pool:29710; ADRA2A|150|pool:32665; HTR7|3363|pool:38640,DRD2; HTR2A; HTR1A; ADRA2A; HTR7,1813; 3356; 3350; 150; 3363,18980;23392;29710;32665;38640,5,9.825710859883522,7.381594724220624,11.334146968139772,10,False,True,True,broader_narrower_depressive_spectrum,6,PHASE3,NCT00868699;NCT00868959;NCT01284517;NCT01421134;NCT01423253;NCT02046369,https://clinicaltrials.gov/study/NCT00868699;https://clinicaltrials.gov/study/NCT00868959;https://clinicaltrials.gov/study/NCT01284517;https://clinicaltrials.gov/study/NCT01421134;https://clinicaltrials.gov/study/NCT01423253;https://clinicaltrials.gov/study/NCT02046369,Lurasidone - A 6-week Study of Patients With Bipolar I Depression (Monotherapy),Automatic exact-normalized intervention and mapped-condition Phase II/III registry match; not a manual efficacy assessment.,all_motifs_fda_or_phase2_3.csv
122,a0cad97f9aed75e3ffbb,automatic_phase2_3_registry_match,automatic_not_manually_verified,psychiatric_mood,162,Depressive Disorder,C1269683,D003866,320,1014,DB00657,mecamylamine,CHRNA4|1137|pool:33038,CHRNA4,1137,33038,1,31.28854059609455,23.279590613223707,34.22137290167866,10,False,False,True,broader_narrower_depressive_spectrum,2,PHASE2;PHASE3,NCT00563797;NCT00593879,https://clinicaltrials.gov/study/NCT00563797;https://clinicaltrials.gov/study/NCT00593879,Mecamylamine for the Treatment of Patients With Depression and Alcohol Dependence,Automatic exact-normalized intervention and mapped-condition Phase II/III registry match; not a manual efficacy assessment.,all_motifs_fda_or_phase2_3.csv
123,ae241a84250d746b4731,automatic_phase2_3_registry_match,automatic_not_manually_verified,psychiatric_mood,162,Depressive Disorder,C1269683,D003866,576,1270,DB01065,melatonin,ESR1|2099|pool:1721,ESR1,2099,1721,1,9.5516443987667,7.63050274066461,14.857399794450153,10,False,False,True,broader_narrower_depressive_spectrum,2,PHASE2|PHASE3;PHASE3,NCT02374567;NCT05474846,https://clinicaltrials.gov/study/NCT02374567;https://clinicaltrials.gov/study/NCT05474846,Pharmacovigilance in Gerontopsychiatric Patients,Automatic exact-normalized intervention and mapped-condition Phase II/III registry match; not a manual efficacy assessment.,all_motifs_fda_or_phase2_3.csv
124,44042b394d30b251050a,automatic_phase2_3_registry_match,automatic_not_manually_verified,psychiatric_mood,162,Depressive Disorder,C1269683,D003866,1061,1755,DB01043,memantine,DRD2|1813|pool:19048; HTR3A|3359|pool:43264; 2903|2903|pool:44274,DRD2; HTR3A; 2903,1813; 3359; 2903,19048;43264;44274,3,8.332262761219596,7.079693388146626,10.195593525179856,10,False,True,True,broader_narrower_depressive_spectrum,2,PHASE2|PHASE3;PHASE3,NCT01876823;NCT02374567,https://clinicaltrials.gov/study/NCT01876823;https://clinicaltrials.gov/study/NCT02374567,Memantine Plus Es-citalopram in Elderly Depressed Patients With Cognitive Impairment,Automatic exact-normalized intervention and mapped-condition Phase II/III registry match; not a manual efficacy assessment.,all_motifs_fda_or_phase2_3.csv
125,c9ec0e8e36f4e8693e1b,automatic_phase2_3_registry_match,automatic_not_manually_verified,psychiatric_mood,162,Depressive Disorder,C1269683,D003866,181,875,DB00422,methylphenidate,SLC6A4|6532|pool:30188; SLC6A3|6531|pool:23949; SLC6A2|6530|pool:38826,SLC6A4; SLC6A3; SLC6A2,6532; 6531; 6530,30188;23949;38826,3,15.180712572798903,12.884335388831792,21.09508821514217,10,False,True,True,broader_narrower_depressive_spectrum,3,PHASE2|PHASE3;PHASE3,NCT00246233;NCT01497548;NCT05474846,https://clinicaltrials.gov/study/NCT00246233;https://clinicaltrials.gov/study/NCT01497548;https://clinicaltrials.gov/study/NCT05474846,CONCERTA® (Methylphenidate Hydrochloride) as add-on Therapy in the Treatment of Adult Major Depressive Disorder.,Automatic exact-normalized intervention and mapped-condition Phase II/III registry match; not a manual efficacy assessment.,all_motifs_fda_or_phase2_3.csv
126,081015c1b637378a2852,automatic_phase2_3_registry_match,automatic_not_manually_verified,psychiatric_mood,162,Depressive Disorder,C1269683,D003866,815,1509,DB06148,mianserin,DRD2|1813|pool:18926; HTR2A|3356|pool:23353; SLC6A4|6532|pool:30462; DRD1|1812|pool:28166; HTR1A|3350|pool:29686; ADRA2A|150|pool:32636; HTR2C|3358|pool:5287; SLC6A3|6531|pool:24312; DRD3|1814|pool:17799; SLC6A2|6530|pool:39037; HTR7|3363|pool:38629; OPRK1|4986|pool:16092; 1816|1816|pool:46366,DRD2; HTR2A; SLC6A4; DRD1; HTR1A; ADRA2A; HTR2C; SLC6A3; DRD3; SLC6A2; HTR7; OPRK1; 1816,1813; 3356; 6532; 1812; 3350; 150; 3358; 6531; 1814; 6530; 3363; 4986; 1816,18926;23353;30462;28166;29686;32636;5287;24312;17799;39037;38629;16092;46366,13,9.039910928400136,5.186386605001713,12.338343610825625,10,False,True,True,broader_narrower_depressive_spectrum,1,PHASE3,NCT02374567,https://clinicaltrials.gov/study/NCT02374567,Pharmacovigilance in Gerontopsychiatric Patients,Automatic exact-normalized intervention and mapped-condition Phase II/III registry match; not a manual efficacy assessment.,all_motifs_fda_or_phase2_3.csv
127,b26add0a4baaf58dc829,automatic_phase2_3_registry_match,automatic_not_manually_verified,psychiatric_mood,162,Depressive Disorder,C1269683,D003866,430,1124,DB00834,mifepristone,AR|367|pool:5566; NR3C1|2908|pool:2964,AR; NR3C1,367; 2908,5566;2964,2,12.14992291880781,10.580464200068516,13.661570743405276,10,False,True,True,broader_narrower_depressive_spectrum,8,PHASE2;PHASE2|PHASE3;PHASE3,NCT00128479;NCT00128505;NCT00130676;NCT00146523;NCT00208156;NCT00637494;NCT00725270;NCT05217758,https://clinicaltrials.gov/study/NCT00128479;https://clinicaltrials.gov/study/NCT00128505;https://clinicaltrials.gov/study/NCT00130676;https://clinicaltrials.gov/study/NCT00146523;https://clinicaltrials.gov/study/NCT00208156;https://clinicaltrials.gov/study/NCT00637494;https://clinicaltrials.gov/study/NCT00725270;https://clinicaltrials.gov/study/NCT05217758,A United States Study of the Safety and Tolerability of Corlux for Psychotic Symptoms in Psychotic Major Depression,Automatic exact-normalized intervention and mapped-condition Phase II/III registry match; not a manual efficacy assessment.,all_motifs_fda_or_phase2_3.csv
128,164b49899669e989f1a8,automatic_phase2_3_registry_match,automatic_not_manually_verified,psychiatric_mood,162,Depressive Disorder,C1269683,D003866,797,1491,DB04896,milnacipran,SLC6A4|6532|pool:30452; SLC6A2|6530|pool:39031,SLC6A4; SLC6A2,6532; 6530,30452;39031,2,15.85517300445358,14.158851490236382,21.240686022610483,10,False,True,False,broader_narrower_depressive_spectrum,2,PHASE2|PHASE3;PHASE3,NCT00225511;NCT02783430,https://clinicaltrials.gov/study/NCT00225511;https://clinicaltrials.gov/study/NCT02783430,Study Evaluating Effexor XR for Major Depression.,Automatic exact-normalized intervention and mapped-condition Phase II/III registry match; not a manual efficacy assessment.,all_motifs_fda_or_phase2_3.csv
129,ac93e9842ecfdef097b4,automatic_phase2_3_registry_match,automatic_not_manually_verified,psychiatric_mood,162,Depressive Disorder,C1269683,D003866,146,840,DB00370,mirtazapine,DRD2|1813|pool:18030; HTR2A|3356|pool:22699; SLC6A4|6532|pool:30168; ADRB1|153|pool:226; DRD1|1812|pool:27862; HTR2C|3358|pool:5033; SLC6A3|6531|pool:23922; DRD3|1814|pool:17616; ADRA2A|150|pool:32375; SLC6A2|6530|pool:38814; HTR7|3363|pool:38516; 1816|1816|pool:46276; HTR3A|3359|pool:43155,DRD2; HTR2A; SLC6A4; ADRB1; DRD1; HTR2C; SLC6A3; DRD3; ADRA2A; SLC6A2; HTR7; 1816; HTR3A,1813; 3356; 6532; 153; 1812; 3358; 6531; 1814; 150; 6530; 3363; 1816; 3359,18030;22699;30168;226;27862;5033;23922;17616;32375;38814;38516;46276;43155,13,8.06890202124015,4.568666495375128,10.921976704350804,10,False,True,True,broader_narrower_depressive_spectrum,9,PHASE2;PHASE2|PHASE3;PHASE3,NCT00080158;NCT00249444;NCT00322309;NCT02185131;NCT02374567;NCT02646449;NCT02650544;NCT03852160;NCT06309472,https://clinicaltrials.gov/study/NCT00080158;https://clinicaltrials.gov/study/NCT00249444;https://clinicaltrials.gov/study/NCT00322309;https://clinicaltrials.gov/study/NCT02185131;https://clinicaltrials.gov/study/NCT02374567;https://clinicaltrials.gov/study/NCT02646449;https://clinicaltrials.gov/study/NCT02650544;https://clinicaltrials.gov/study/NCT03852160;https://clinicaltrials.gov/study/NCT06309472,Treatment of Adolescent Suicide Attempters (TASA),Automatic exact-normalized intervention and mapped-condition Phase II/III registry match; not a manual efficacy assessment.,all_motifs_fda_or_phase2_3.csv
130,ec7832089d84200e54ec,automatic_phase2_3_registry_match,automatic_not_manually_verified,psychiatric_mood,162,Depressive Disorder,C1269683,D003866,374,1068,DB00745,modafinil,SLC6A3|6531|pool:24051,SLC6A3,6531,24051,1,18.774623158615967,14.621338643371018,29.49051473107228,10,False,False,True,broader_narrower_depressive_spectrum,4,PHASE2|PHASE3;PHASE3,NCT00215176;NCT03620253;NCT04317001;NCT07263022,https://clinicaltrials.gov/study/NCT00215176;https://clinicaltrials.gov/study/NCT03620253;https://clinicaltrials.gov/study/NCT04317001;https://clinicaltrials.gov/study/NCT07263022,Modafinil for Atypical Depression,Automatic exact-normalized intervention and mapped-condition Phase II/III registry match; not a manual efficacy assessment.,all_motifs_fda_or_phase2_3.csv
131,b84ebbe34c9033ab7211,automatic_phase2_3_registry_match,automatic_not_manually_verified,psychiatric_mood,162,Depressive Disorder,C1269683,D003866,350,1044,DB00704,naltrexone,OPRM1|4988|pool:28805; OPRK1|4986|pool:16043,OPRM1; OPRK1,4988; 4986,28805;16043,2,19.924417608770128,16.000235525865023,23.952980472764647,10,False,False,True,broader_narrower_depressive_spectrum,2,PHASE2;PHASE3,NCT00338962;NCT01874951,https://clinicaltrials.gov/study/NCT00338962;https://clinicaltrials.gov/study/NCT01874951,Naltrexone & SSRI in Alcoholics With Depression/PTSD,Automatic exact-normalized intervention and mapped-condition Phase II/III registry match; not a manual efficacy assessment.,all_motifs_fda_or_phase2_3.csv
132,19ea2c899701e5af8461,automatic_phase2_3_registry_match,automatic_not_manually_verified,psychiatric_mood,162,Depressive Disorder,C1269683,D003866,124,818,DB00334,olanzapine,CHRM2|1129|pool:35524; HTR2A|3356|pool:22675; ADRB1|153|pool:198; HTR1A|3350|pool:29363; HTR2C|3358|pool:5021; DRD1|1812|pool:27847; ADRA2A|150|pool:32360; GABRB3|2562|pool:24625; DRD3|1814|pool:17604; HTR1B|3351|pool:9918; HTR1D|3352|pool:29916; 1816|1816|pool:46269; DRD4|1815|pool:19449; HTR3A|3359|pool:43141,CHRM2; HTR2A; ADRB1; HTR1A; HTR2C; DRD1; ADRA2A; GABRB3; DRD3; HTR1B; HTR1D; 1816; DRD4; HTR3A,1129; 3356; 153; 3350; 3358; 1812; 150; 2562; 1814; 3351; 3352; 1816; 1815; 3359,35524;22675;198;29363;5021;27847;32360;24625;17604;9918;29916;46269;19449;43141,14,7.549674546077423,5.37373672490579,26.48327766358342,10,False,True,True,broader_narrower_depressive_spectrum,9,PHASE1|PHASE2;PHASE3,NCT00035321;NCT00056472;NCT00273624;NCT00510146;NCT00568672;NCT01282632;NCT01687478;NCT02374567;NCT05814640,https://clinicaltrials.gov/study/NCT00035321;https://clinicaltrials.gov/study/NCT00056472;https://clinicaltrials.gov/study/NCT00273624;https://clinicaltrials.gov/study/NCT00510146;https://clinicaltrials.gov/study/NCT00568672;https://clinicaltrials.gov/study/NCT01282632;https://clinicaltrials.gov/study/NCT01687478;https://clinicaltrials.gov/study/NCT02374567;https://clinicaltrials.gov/study/NCT05814640,The Study of Olanzapine Plus Fluoxetine in Combination for Treatment of Treatment Resistant Depression,Automatic exact-normalized intervention and mapped-condition Phase II/III registry match; not a manual efficacy assessment.,all_motifs_fda_or_phase2_3.csv
133,6f8b0d32a81e380647dc,automatic_phase2_3_registry_match,automatic_not_manually_verified,psychiatric_mood,162,Depressive Disorder,C1269683,D003866,436,1130,DB00842,oxazepam,GABRA3|2556|pool:37882; GABRB3|2562|pool:24768,GABRA3; GABRB3,2556; 2562,37882;24768,2,17.70619218910586,10.226104830421376,21.72190818773553,10,False,False,True,broader_narrower_depressive_spectrum,1,PHASE3,NCT02374567,https://clinicaltrials.gov/study/NCT02374567,Pharmacovigilance in Gerontopsychiatric Patients,Automatic exact-normalized intervention and mapped-condition Phase II/III registry match; not a manual efficacy assessment.,all_motifs_fda_or_phase2_3.csv
134,3aae284631ae1002c8a9,automatic_phase2_3_registry_match,automatic_not_manually_verified,psychiatric_mood,162,Depressive Disorder,C1269683,D003866,707,1401,DB01267,paliperidone,DRD2|1813|pool:18764; HTR2A|3356|pool:23237; HTR1A|3350|pool:29621; HTR2C|3358|pool:5267; DRD1|1812|pool:28125; ADRA2A|150|pool:32609; DRD3|1814|pool:17771; HTR1D|3352|pool:30011; HTR7|3363|pool:38619; DRD4|1815|pool:19607,DRD2; HTR2A; HTR1A; HTR2C; DRD1; ADRA2A; DRD3; HTR1D; HTR7; DRD4,1813; 3356; 3350; 3358; 1812; 150; 1814; 3352; 3363; 1815,18764;23237;29621;5267;28125;32609;17771;30011;38619;19607,10,7.501498800959233,4.136690647482014,8.497666152792052,10,False,True,True,broader_narrower_depressive_spectrum,1,PHASE3,NCT02374567,https://clinicaltrials.gov/study/NCT02374567,Pharmacovigilance in Gerontopsychiatric Patients,Automatic exact-normalized intervention and mapped-condition Phase II/III registry match; not a manual efficacy assessment.,all_motifs_fda_or_phase2_3.csv
135,8efb1ebda496a39b1432,automatic_phase2_3_registry_match,automatic_not_manually_verified,psychiatric_mood,162,Depressive Disorder,C1269683,D003866,111,805,DB00316,paracetamol,PTGS2|5743|pool:10483,PTGS2,5743,10483,1,4.903220280918123,3.0522010962658443,21.26798561151079,10,False,True,False,broader_narrower_depressive_spectrum,1,PHASE2,NCT04028596,https://clinicaltrials.gov/study/NCT04028596,Measuring Blood Flow in the Brain After Epileptic Activity,Automatic exact-normalized intervention and mapped-condition Phase II/III registry match; not a manual efficacy assessment.,all_motifs_fda_or_phase2_3.csv
136,e9471c9b8d3177670022,automatic_phase2_3_registry_match,automatic_not_manually_verified,psychiatric_mood,162,Depressive Disorder,C1269683,D003866,415,1109,DB00806,pentoxifylline,TNF|7124|pool:13895; PDE4B|5142|pool:36554; PDE4D|5144|pool:6061; PDE4A|5141|pool:25906,TNF; PDE4B; PDE4D; PDE4A,7124; 5142; 5144; 5141,13895;36554;6061;25906,4,11.10076224734498,7.6743961973278525,13.930284343953408,10,False,True,True,broader_narrower_depressive_spectrum,2,PHASE1|PHASE2;PHASE2,NCT01625845;NCT05324735,https://clinicaltrials.gov/study/NCT01625845;https://clinicaltrials.gov/study/NCT05324735,Anti-INFLammatory to Address Mood and Endothelial Dysfunction (INFLAMED),Automatic exact-normalized intervention and mapped-condition Phase II/III registry match; not a manual efficacy assessment.,all_motifs_fda_or_phase2_3.csv
137,e7432b2000870a233aa6,automatic_phase2_3_registry_match,automatic_not_manually_verified,psychiatric_mood,162,Depressive Disorder,C1269683,D003866,442,1136,DB00850,perphenazine,DRD2|1813|pool:18426; HTR2A|3356|pool:23004; DRD1|1812|pool:28027; HTR2C|3358|pool:5168; HTR7|3363|pool:38581,DRD2; HTR2A; DRD1; HTR2C; HTR7,1813; 3356; 1812; 3358; 3363,18426;23004;28027;5168;38581,5,7.260620075368276,5.250620931825967,9.68064833847208,10,False,True,True,broader_narrower_depressive_spectrum,1,PHASE3,NCT02374567,https://clinicaltrials.gov/study/NCT02374567,Pharmacovigilance in Gerontopsychiatric Patients,Automatic exact-normalized intervention and mapped-condition Phase II/III registry match; not a manual efficacy assessment.,all_motifs_fda_or_phase2_3.csv
138,2ef0159fc4e506342c35,automatic_phase2_3_registry_match,automatic_not_manually_verified,psychiatric_mood,162,Depressive Disorder,C1269683,D003866,595,1289,DB01100,pimozide,DRD2|1813|pool:18587; HTR2A|3356|pool:23111; DRD1|1812|pool:28069; HTR1A|3350|pool:29557; DRD3|1814|pool:17723; DRD4|1815|pool:19563; 1816|1816|pool:46340,DRD2; HTR2A; DRD1; HTR1A; DRD3; DRD4; 1816,1813; 3356; 1812; 3350; 1814; 1815; 1816,18587;23111;28069;29557;17723;19563;46340,7,7.119304556354916,4.818109797875985,9.460645769099006,10,False,True,True,broader_narrower_depressive_spectrum,1,PHASE3,NCT02374567,https://clinicaltrials.gov/study/NCT02374567,Pharmacovigilance in Gerontopsychiatric Patients,Automatic exact-normalized intervention and mapped-condition Phase II/III registry match; not a manual efficacy assessment.,all_motifs_fda_or_phase2_3.csv
139,96881d08e0b9193babeb,automatic_phase2_3_registry_match,automatic_not_manually_verified,psychiatric_mood,162,Depressive Disorder,C1269683,D003866,506,1200,DB00960,pindolol,HTR2A|3356|pool:23070; ADRB1|153|pool:372; HTR1A|3350|pool:29524; HTR1B|3351|pool:10041,HTR2A; ADRB1; HTR1A; HTR1B,3356; 153; 3350; 3351,23070;372;29524;10041,4,8.884677971908188,7.705442788626241,11.682618191161357,10,False,True,True,broader_narrower_depressive_spectrum,1,PHASE2,NCT00931775,https://clinicaltrials.gov/study/NCT00931775,Citalopram Versus Citalopram Plus Pindolol in Major Depressive Disorder,Automatic exact-normalized intervention and mapped-condition Phase II/III registry match; not a manual efficacy assessment.,all_motifs_fda_or_phase2_3.csv
140,d9d8cb8495ce8adffb4e,automatic_phase2_3_registry_match,automatic_not_manually_verified,psychiatric_mood,162,Depressive Disorder,C1269683,D003866,617,1311,DB01132,pioglitazone,MAOB|4129|pool:41040,MAOB,4129,41040,1,25.72905960945529,20.659900650907844,30.804642000685167,10,False,True,False,broader_narrower_depressive_spectrum,1,PHASE2,NCT00671515,https://clinicaltrials.gov/study/NCT00671515,Pioglitazone for the Treatment of Major Depressive Disorder Comorbid With Metabolic Syndrome,Automatic exact-normalized intervention and mapped-condition Phase II/III registry match; not a manual efficacy assessment.,all_motifs_fda_or_phase2_3.csv
141,947d5d46ae3d71d3cdf9,automatic_phase2_3_registry_match,automatic_not_manually_verified,psychiatric_mood,162,Depressive Disorder,C1269683,D003866,1225,1919,DB09286,pipamperone,DRD2|1813|pool:19270; HTR2A|3356|pool:23614; DRD1|1812|pool:28207; HTR1A|3350|pool:29823; ADRA2A|150|pool:32715; DRD3|1814|pool:17863; HTR1B|3351|pool:10156,DRD2; HTR2A; DRD1; HTR1A; ADRA2A; DRD3; HTR1B,1813; 3356; 1812; 3350; 150; 1814; 3351,19270;23614;28207;29823;32715;17863;10156,7,8.907159986296676,6.259635149023638,12.144034772182255,10,False,True,True,broader_narrower_depressive_spectrum,2,PHASE3,NCT01312922;NCT02374567,https://clinicaltrials.gov/study/NCT01312922;https://clinicaltrials.gov/study/NCT02374567,Pipamperone/Citalopram (PNB01) Versus Citalopram (CIT) and Versus Pipamperone (PIP) in Major Depressive Disorder (MDD),Automatic exact-normalized intervention and mapped-condition Phase II/III registry match; not a manual efficacy assessment.,all_motifs_fda_or_phase2_3.csv
142,748dec4bf8acbeb99485,automatic_phase2_3_registry_match,automatic_not_manually_verified,psychiatric_mood,162,Depressive Disorder,C1269683,D003866,174,868,DB00413,pramipexole,HTR2A|3356|pool:22724; HTR1A|3350|pool:29385; ADRA2A|150|pool:32392; DRD1|1812|pool:27887; HTR2C|3358|pool:5047; HTR1B|3351|pool:9940; HTR1D|3352|pool:29928; DRD4|1815|pool:19468,HTR2A; HTR1A; ADRA2A; DRD1; HTR2C; HTR1B; HTR1D; DRD4,3356; 3350; 150; 1812; 3358; 3351; 3352; 1815,22724;29385;32392;27887;5047;9940;29928;19468,8,9.26366050017129,6.124743062692703,13.185701438848922,10,False,True,True,broader_narrower_depressive_spectrum,3,PHASE2;PHASE3,NCT00086307;NCT05355337;NCT05825235,https://clinicaltrials.gov/study/NCT00086307;https://clinicaltrials.gov/study/NCT05355337;https://clinicaltrials.gov/study/NCT05825235,Lexapro and Pramipexole and to Treat Major Depression,Automatic exact-normalized intervention and mapped-condition Phase II/III registry match; not a manual efficacy assessment.,all_motifs_fda_or_phase2_3.csv
143,83ed50195d3806a0af6a,automatic_phase2_3_registry_match,automatic_not_manually_verified,psychiatric_mood,162,Depressive Disorder,C1269683,D003866,62,756,DB00230,pregabalin,CACNA1C|775|pool:720,CACNA1C,775,720,1,22.1597721822542,19.337744090441934,25.69533658787256,10,False,True,False,broader_narrower_depressive_spectrum,1,PHASE3,NCT02374567,https://clinicaltrials.gov/study/NCT02374567,Pharmacovigilance in Gerontopsychiatric Patients,Automatic exact-normalized intervention and mapped-condition Phase II/III registry match; not a manual efficacy assessment.,all_motifs_fda_or_phase2_3.csv
144,fdfd1f0c2d845a0ca7df,automatic_phase2_3_registry_match,automatic_not_manually_verified,psychiatric_mood,162,Depressive Disorder,C1269683,D003866,163,857,DB00396,progesterone,ESR1|2099|pool:1389; AR|367|pool:5414; NR3C1|2908|pool:2784; OPRK1|4986|pool:16012; 4306|4306|pool:44846,ESR1; AR; NR3C1; OPRK1; 4306,2099; 367; 2908; 4986; 4306,1389;5414;2784;16012;44846,5,8.721951010620074,6.747280746831107,11.62373672490579,10,False,True,True,broader_narrower_depressive_spectrum,1,PHASE2,NCT00001481,https://clinicaltrials.gov/study/NCT00001481,The Role of Hormones in Postpartum Mood Disorders,Automatic exact-normalized intervention and mapped-condition Phase II/III registry match; not a manual efficacy assessment.,all_motifs_fda_or_phase2_3.csv
145,4848bc30fa825d22132a,automatic_phase2_3_registry_match,automatic_not_manually_verified,psychiatric_mood,162,Depressive Disorder,C1269683,D003866,579,1273,DB01069,promethazine,DRD2|1813|pool:18569; HTR2A|3356|pool:23098; CHRM2|1129|pool:35747,DRD2; HTR2A; CHRM2,1813; 3356; 1129,18569;23098;35747,3,7.009035628639944,5.542351832819459,8.787791195614936,10,False,True,True,broader_narrower_depressive_spectrum,1,PHASE3,NCT02374567,https://clinicaltrials.gov/study/NCT02374567,Pharmacovigilance in Gerontopsychiatric Patients,Automatic exact-normalized intervention and mapped-condition Phase II/III registry match; not a manual efficacy assessment.,all_motifs_fda_or_phase2_3.csv
146,b0a3d2a7f99e955e3971,automatic_phase2_3_registry_match,automatic_not_manually_verified,psychiatric_mood,162,Depressive Disorder,C1269683,D003866,1091,1785,DB00818,propofol,GABRA3|2556|pool:38042,GABRA3,2556,38042,1,18.47807468311065,10.032866563891744,21.21766872216513,10,False,False,True,broader_narrower_depressive_spectrum,3,PHASE2;PHASE2|PHASE3,NCT03684447;NCT06867549;NCT07479550,https://clinicaltrials.gov/study/NCT03684447;https://clinicaltrials.gov/study/NCT06867549;https://clinicaltrials.gov/study/NCT07479550,Neural and Antidepressant Effects of Propofol,Automatic exact-normalized intervention and mapped-condition Phase II/III registry match; not a manual efficacy assessment.,all_motifs_fda_or_phase2_3.csv
147,0704f6615607ee771a96,automatic_phase2_3_registry_match,automatic_not_manually_verified,psychiatric_mood,162,Depressive Disorder,C1269683,D003866,677,1371,DB01224,quetiapine,HTR2A|3356|pool:23190; DRD2|1813|pool:18676; CHRM2|1129|pool:35786; HTR1A|3350|pool:29607; HTR2C|3358|pool:5241; ADRA2A|150|pool:32599; DRD1|1812|pool:28096; SLC6A2|6530|pool:38991; HTR1D|3352|pool:30004; HTR7|3363|pool:38609; DRD4|1815|pool:19587; HTR3A|3359|pool:43228,HTR2A; DRD2; CHRM2; HTR1A; HTR2C; ADRA2A; DRD1; SLC6A2; HTR1D; HTR7; DRD4; HTR3A,3356; 1813; 1129; 3350; 3358; 150; 1812; 6530; 3352; 3363; 1815; 3359,23190;18676;35786;29607;5241;32599;28096;38991;30004;38609;19587;43228,12,7.57322713257965,5.509164097293594,12.835624357656732,10,False,True,True,broader_narrower_depressive_spectrum,11,PHASE2;PHASE3,NCT00174603;NCT00351910;NCT00388973;NCT00681668;NCT00751504;NCT00953108;NCT02374567;NCT02720198;NCT04521478;NCT05603104;NCT05973786,https://clinicaltrials.gov/study/NCT00174603;https://clinicaltrials.gov/study/NCT00351910;https://clinicaltrials.gov/study/NCT00388973;https://clinicaltrials.gov/study/NCT00681668;https://clinicaltrials.gov/study/NCT00751504;https://clinicaltrials.gov/study/NCT00953108;https://clinicaltrials.gov/study/NCT02374567;https://clinicaltrials.gov/study/NCT02720198;https://clinicaltrials.gov/study/NCT04521478;https://clinicaltrials.gov/study/NCT05603104;https://clinicaltrials.gov/study/NCT05973786,Treatment of Depression With Quetiapine,Automatic exact-normalized intervention and mapped-condition Phase II/III registry match; not a manual efficacy assessment.,all_motifs_fda_or_phase2_3.csv
148,b9901165d43596ec37fe,automatic_phase2_3_registry_match,automatic_not_manually_verified,psychiatric_mood,162,Depressive Disorder,C1269683,D003866,367,1061,DB00734,risperidone,DRD2|1813|pool:18392; HTR2A|3356|pool:22952; HTR1A|3350|pool:29492; HTR2C|3358|pool:5155; ADRA2A|150|pool:32492; DRD3|1814|pool:17695; HTR1B|3351|pool:9995; HTR7|3363|pool:38570; HTR1D|3352|pool:29961,DRD2; HTR2A; HTR1A; HTR2C; ADRA2A; DRD3; HTR1B; HTR7; HTR1D,1813; 3356; 3350; 3358; 150; 1814; 3351; 3363; 3352,18392;22952;29492;5155;32492;17695;9995;38570;29961,9,7.005823912298732,4.059609455292909,8.234840698869476,10,False,True,True,broader_narrower_depressive_spectrum,8,PHASE1|PHASE2;PHASE2;PHASE3,NCT00044681;NCT00095134;NCT00174577;NCT00174590;NCT00206765;NCT00640562;NCT01282632;NCT02374567,https://clinicaltrials.gov/study/NCT00044681;https://clinicaltrials.gov/study/NCT00095134;https://clinicaltrials.gov/study/NCT00174577;https://clinicaltrials.gov/study/NCT00174590;https://clinicaltrials.gov/study/NCT00206765;https://clinicaltrials.gov/study/NCT00640562;https://clinicaltrials.gov/study/NCT01282632;https://clinicaltrials.gov/study/NCT02374567,A Study of the Effectiveness and Safety of Risperidone to Augment SSRI Therapy in Patients With Treatment-resistant Depression,Automatic exact-normalized intervention and mapped-condition Phase II/III registry match; not a manual efficacy assessment.,all_motifs_fda_or_phase2_3.csv
149,e45428fcdb0c44157f10,automatic_phase2_3_registry_match,automatic_not_manually_verified,psychiatric_mood,162,Depressive Disorder,C1269683,D003866,771,1465,DB01656,roflumilast,PDE4B|5142|pool:36613,PDE4B,5142,36613,1,32.89225762247345,25.028370161014045,40.76417437478588,10,False,False,True,broader_narrower_depressive_spectrum,1,PHASE3,NCT06860958,https://clinicaltrials.gov/study/NCT06860958,Roflumilast as an Adjunct to Antidepressants in Major Depressive Disorder Patients,Automatic exact-normalized intervention and mapped-condition Phase II/III registry match; not a manual efficacy assessment.,all_motifs_fda_or_phase2_3.csv
150,4ace4c433a1f081caad3,automatic_phase2_3_registry_match,automatic_not_manually_verified,psychiatric_mood,162,Depressive Disorder,C1269683,D003866,376,1070,DB00747,scopolamine,CHRM2|1129|pool:35672; CHRNA4|1137|pool:33054,CHRM2; CHRNA4,1129; 1137,35672;33054,2,10.64041623843782,4.198783830078794,15.223535457348408,10,False,False,True,broader_narrower_depressive_spectrum,3,PHASE2,NCT00369915;NCT01312844;NCT04211961,https://clinicaltrials.gov/study/NCT00369915;https://clinicaltrials.gov/study/NCT01312844;https://clinicaltrials.gov/study/NCT04211961,The Antidepressant Efficacy of the Anticholinergic Scopolamine,Automatic exact-normalized intervention and mapped-condition Phase II/III registry match; not a manual efficacy assessment.,all_motifs_fda_or_phase2_3.csv
151,16ac5f968d32b915dee5,automatic_phase2_3_registry_match,automatic_not_manually_verified,psychiatric_mood,162,Depressive Disorder,C1269683,D003866,1244,1938,DB01956,taurine,GABRA3|2556|pool:38058; GABRB3|2562|pool:24925; GABRA6|2559|pool:38196,GABRA3; GABRB3; GABRA6,2556; 2562; 2559,38058;24925;38196,3,19.02727817745804,10.501241863651936,22.655447070914697,10,False,False,True,broader_narrower_depressive_spectrum,1,PHASE2,NCT00217165,https://clinicaltrials.gov/study/NCT00217165,"Taurine as an Anti-Manic Agent: A Double-Blind, Placebo-Controlled Study",Automatic exact-normalized intervention and mapped-condition Phase II/III registry match; not a manual efficacy assessment.,all_motifs_fda_or_phase2_3.csv
152,3dc03113ae63cbdc9170,automatic_phase2_3_registry_match,automatic_not_manually_verified,psychiatric_mood,162,Depressive Disorder,C1269683,D003866,297,991,DB00624,testosterone,ESR1|2099|pool:1491; AR|367|pool:5476; 4306|4306|pool:44891,ESR1; AR; 4306,2099; 367; 4306,1491;5476;44891,3,11.22923090099349,7.526121959575197,17.264581192189105,10,False,True,True,broader_narrower_depressive_spectrum,1,PHASE2,NCT01121211,https://clinicaltrials.gov/study/NCT01121211,Hormonal Factors in the Treatment of Anorexia Nervosa,Automatic exact-normalized intervention and mapped-condition Phase II/III registry match; not a manual efficacy assessment.,all_motifs_fda_or_phase2_3.csv
153,7f249cec43f1b727afad,automatic_phase2_3_registry_match,automatic_not_manually_verified,psychiatric_mood,162,Depressive Disorder,C1269683,D003866,86,780,DB00273,topiramate,GABRA3|2556|pool:37726; GABRA6|2559|pool:38088; GABRB3|2562|pool:24607; GRIA1|2890|pool:7818,GABRA3; GABRA6; GABRB3; GRIA1,2556; 2559; 2562; 2890,37726;38088;24607;7818,4,9.261519355943816,7.361789140116478,13.457091469681398,10,False,False,True,broader_narrower_depressive_spectrum,1,PHASE3,NCT02374567,https://clinicaltrials.gov/study/NCT02374567,Pharmacovigilance in Gerontopsychiatric Patients,Automatic exact-normalized intervention and mapped-condition Phase II/III registry match; not a manual efficacy assessment.,all_motifs_fda_or_phase2_3.csv
154,32dd4e72a8df57e0b3b0,automatic_phase2_3_registry_match,automatic_not_manually_verified,psychiatric_mood,162,Depressive Disorder,C1269683,D003866,380,1074,DB00752,tranylcypromine,MAOB|4129|pool:40999; MAOA|4128|pool:37174,MAOB; MAOA,4129; 4128,40999;37174,2,26.88099520383693,22.59656560465913,31.85647910243234,10,False,True,False,broader_narrower_depressive_spectrum,1,PHASE3,NCT02374567,https://clinicaltrials.gov/study/NCT02374567,Pharmacovigilance in Gerontopsychiatric Patients,Automatic exact-normalized intervention and mapped-condition Phase II/III registry match; not a manual efficacy assessment.,all_motifs_fda_or_phase2_3.csv
155,3ecfa239e9890398055e,automatic_phase2_3_registry_match,automatic_not_manually_verified,psychiatric_mood,162,Depressive Disorder,C1269683,D003866,319,1013,DB00656,trazodone,HTR2A|3356|pool:22888; HTR1A|3350|pool:29450; SLC6A4|6532|pool:30278; ADRA2A|150|pool:32452; HTR2C|3358|pool:5124,HTR2A; HTR1A; SLC6A4; ADRA2A; HTR2C,3356; 3350; 6532; 150; 3358,22888;29450;30278;32452;5124,5,10.085859883521753,8.485889859540938,15.413562007536829,10,False,True,True,broader_narrower_depressive_spectrum,4,PHASE2;PHASE2|PHASE3;PHASE3,NCT01524497;NCT02086929;NCT02374567;NCT04082806,https://clinicaltrials.gov/study/NCT01524497;https://clinicaltrials.gov/study/NCT02086929;https://clinicaltrials.gov/study/NCT02374567;https://clinicaltrials.gov/study/NCT04082806,A Clinical Study of Trazodone Hydrochloride Prolonged-Release Tablets for Treatment of Depression,Automatic exact-normalized intervention and mapped-condition Phase II/III registry match; not a manual efficacy assessment.,all_motifs_fda_or_phase2_3.csv
156,f8c1efcd34160ef90282,automatic_phase2_3_registry_match,automatic_not_manually_verified,psychiatric_mood,162,Depressive Disorder,C1269683,D003866,95,789,DB00285,venlafaxine,SLC6A4|6532|pool:30127; SLC6A3|6531|pool:23893; SLC6A2|6530|pool:38789,SLC6A4; SLC6A3; SLC6A2,6532; 6531; 6530,30127;23893;38789,3,14.824212058924289,12.79601318944844,18.737688420692017,10,False,True,True,broader_narrower_depressive_spectrum,17,PHASE1|PHASE2;PHASE2;PHASE2|PHASE3;PHASE3,NCT00018902;NCT00043550;NCT00080158;NCT00086190;NCT00131456;NCT00351910;NCT00435279;NCT00448058;NCT00584974;NCT01557712;NCT02086929;NCT02263248;NCT02374567;NCT05104918;NCT05603104;NCT05724849;NCT05973786,https://clinicaltrials.gov/study/NCT00018902;https://clinicaltrials.gov/study/NCT00043550;https://clinicaltrials.gov/study/NCT00080158;https://clinicaltrials.gov/study/NCT00086190;https://clinicaltrials.gov/study/NCT00131456;https://clinicaltrials.gov/study/NCT00351910;https://clinicaltrials.gov/study/NCT00435279;https://clinicaltrials.gov/study/NCT00448058;https://clinicaltrials.gov/study/NCT00584974;https://clinicaltrials.gov/study/NCT01557712;https://clinicaltrials.gov/study/NCT02086929;https://clinicaltrials.gov/study/NCT02263248;https://clinicaltrials.gov/study/NCT02374567;https://clinicaltrials.gov/study/NCT05104918;https://clinicaltrials.gov/study/NCT05603104;https://clinicaltrials.gov/study/NCT05724849;https://clinicaltrials.gov/study/NCT05973786,Treatment of SSRI-Resistant Depression In Adolescents (TORDIA),Automatic exact-normalized intervention and mapped-condition Phase II/III registry match; not a manual efficacy assessment.,all_motifs_fda_or_phase2_3.csv
157,0877027158f83972c972,automatic_phase2_3_registry_match,automatic_not_manually_verified,psychiatric_mood,162,Depressive Disorder,C1269683,D003866,849,1543,DB06684,vilazodone,DRD2|1813|pool:18961; HTR1A|3350|pool:29701; SLC6A4|6532|pool:30483; DRD3|1814|pool:17812,DRD2; HTR1A; SLC6A4; DRD3,1813; 3350; 6532; 1814,18961;29701;30483;17812,4,9.825710859883522,7.461352346694074,11.91546762589928,10,False,True,False,broader_narrower_depressive_spectrum,9,PHASE2;PHASE3,NCT00285376;NCT00290914;NCT00644358;NCT00683592;NCT01742832;NCT01878292;NCT02015546;NCT02372799;NCT02436239,https://clinicaltrials.gov/study/NCT00285376;https://clinicaltrials.gov/study/NCT00290914;https://clinicaltrials.gov/study/NCT00644358;https://clinicaltrials.gov/study/NCT00683592;https://clinicaltrials.gov/study/NCT01742832;https://clinicaltrials.gov/study/NCT01878292;https://clinicaltrials.gov/study/NCT02015546;https://clinicaltrials.gov/study/NCT02372799;https://clinicaltrials.gov/study/NCT02436239,Effectiveness Study of Vilazodone to Treat Depression and to Discover Genetic Markers Associated With Response,Automatic exact-normalized intervention and mapped-condition Phase II/III registry match; not a manual efficacy assessment.,all_motifs_fda_or_phase2_3.csv
158,a8c0d8b828a54d83550d,automatic_phase2_3_registry_match,automatic_not_manually_verified,psychiatric_mood,162,Depressive Disorder,C1269683,D003866,922,1616,DB09068,vortioxetine,HTR2A|3356|pool:23428; HTR1A|3350|pool:29723; ADRB1|153|pool:600; HTR2C|3358|pool:5307; SLC6A4|6532|pool:30534; HTR1B|3351|pool:10108; HTR7|3363|pool:38645,HTR2A; HTR1A; ADRB1; HTR2C; SLC6A4; HTR1B; HTR7,3356; 3350; 153; 3358; 6532; 3351; 3363,23428;29723;600;5307;30534;10108;38645,7,10.381337786913328,8.822049503254538,16.348171462829736,10,False,True,True,broader_narrower_depressive_spectrum,23,PHASE1|PHASE2;PHASE2;PHASE2|PHASE3;PHASE3,NCT00672620;NCT00672958;NCT00707980;NCT00735709;NCT01152996;NCT01153009;NCT01163266;NCT01179516;NCT01255787;NCT01355081;NCT01491035;NCT02389816;NCT02845349;NCT02871297;NCT03053362;NCT03108625;NCT03485274;NCT03598868;NCT03855865;NCT04498897;NCT05014919;NCT05104918;NCT05814640,https://clinicaltrials.gov/study/NCT00672620;https://clinicaltrials.gov/study/NCT00672958;https://clinicaltrials.gov/study/NCT00707980;https://clinicaltrials.gov/study/NCT00735709;https://clinicaltrials.gov/study/NCT01152996;https://clinicaltrials.gov/study/NCT01153009;https://clinicaltrials.gov/study/NCT01163266;https://clinicaltrials.gov/study/NCT01179516;https://clinicaltrials.gov/study/NCT01255787;https://clinicaltrials.gov/study/NCT01355081;https://clinicaltrials.gov/study/NCT01491035;https://clinicaltrials.gov/study/NCT02389816;https://clinicaltrials.gov/study/NCT02845349;https://clinicaltrials.gov/study/NCT02871297;https://clinicaltrials.gov/study/NCT03053362;https://clinicaltrials.gov/study/NCT03108625;https://clinicaltrials.gov/study/NCT03485274;https://clinicaltrials.gov/study/NCT03598868;https://clinicaltrials.gov/study/NCT03855865;https://clinicaltrials.gov/study/NCT04498897;https://clinicaltrials.gov/study/NCT05014919;https://clinicaltrials.gov/study/NCT05104918;https://clinicaltrials.gov/study/NCT05814640,Efficacy and Safety of Vortioxetine (Lu AA21004) in the Treatment of Patients With Major Depressive Disorder,Automatic exact-normalized intervention and mapped-condition Phase II/III registry match; not a manual efficacy assessment.,all_motifs_fda_or_phase2_3.csv
159,483fdd3482ac687bf8a2,automatic_phase2_3_registry_match,automatic_not_manually_verified,psychiatric_mood,162,Depressive Disorder,C1269683,D003866,74,768,DB00246,ziprasidone,HTR2A|3356|pool:22625; CHRM2|1129|pool:35499; DRD2|1813|pool:17927; HTR1A|3350|pool:29323; SLC6A4|6532|pool:30119; HTR2C|3358|pool:4993; DRD1|1812|pool:27822; ADRA2A|150|pool:32332; DRD3|1814|pool:17583; HTR1B|3351|pool:9873; HTR7|3363|pool:38484; HTR1D|3352|pool:29888; 1816|1816|pool:46258; HTR3A|3359|pool:43138,HTR2A; CHRM2; DRD2; HTR1A; SLC6A4; HTR2C; DRD1; ADRA2A; DRD3; HTR1B; HTR7; HTR1D; 1816; HTR3A,3356; 1129; 1813; 3350; 6532; 3358; 1812; 150; 1814; 3351; 3363; 3352; 1816; 3359,22625;35499;17927;29323;30119;4993;27822;32332;17583;9873;38484;29888;46258;43138,14,8.350462487153134,6.3961330935251794,16.225590955806783,10,False,True,True,broader_narrower_depressive_spectrum,5,PHASE2;PHASE3,NCT00421954;NCT00483548;NCT00555997;NCT00633399;NCT02374567,https://clinicaltrials.gov/study/NCT00421954;https://clinicaltrials.gov/study/NCT00483548;https://clinicaltrials.gov/study/NCT00555997;https://clinicaltrials.gov/study/NCT00633399;https://clinicaltrials.gov/study/NCT02374567,Open-label Ziprasidone Study for Psychosis Treatment in Adolescents,Automatic exact-normalized intervention and mapped-condition Phase II/III registry match; not a manual efficacy assessment.,all_motifs_fda_or_phase2_3.csv
160,aa6d589e4c9a1acb261e,automatic_phase2_3_registry_match,automatic_not_manually_verified,psychiatric_mood,162,Depressive Disorder,C1269683,D003866,184,878,DB00425,zolpidem,GABRA3|2556|pool:37789; GABRB3|2562|pool:24668,GABRA3; GABRB3,2556; 2562,37789;24668,2,21.81290681740322,11.833033573141488,29.06870931825968,10,False,False,True,broader_narrower_depressive_spectrum,1,PHASE3,NCT02374567,https://clinicaltrials.gov/study/NCT02374567,Pharmacovigilance in Gerontopsychiatric Patients,Automatic exact-normalized intervention and mapped-condition Phase II/III registry match; not a manual efficacy assessment.,all_motifs_fda_or_phase2_3.csv
161,0ec90f25595ade9ce30c,automatic_phase2_3_registry_match,automatic_not_manually_verified,psychiatric_mood,162,Depressive Disorder,C1269683,D003866,1260,1954,DB01624,zuclopenthixol,DRD2|1813|pool:19380; HTR2A|3356|pool:23681; ADRA2A|150|pool:32726; DRD1|1812|pool:28258; 1816|1816|pool:46389,DRD2; HTR2A; ADRA2A; DRD1; 1816,1813; 3356; 150; 1812; 1816,19380;23681;32726;28258;46389,5,8.053914011647825,6.084596608427543,10.972293593696472,10,False,True,True,broader_narrower_depressive_spectrum,1,PHASE3,NCT02374567,https://clinicaltrials.gov/study/NCT02374567,Pharmacovigilance in Gerontopsychiatric Patients,Automatic exact-normalized intervention and mapped-condition Phase II/III registry match; not a manual efficacy assessment.,all_motifs_fda_or_phase2_3.csv
162,6a1cf448936895d73dc9,automatic_phase2_3_registry_match,automatic_not_manually_verified,psychiatric_mood,191,Bipolar Disorder,C0005586,D001714,15,709,DB00145,Glycine,2903|2903|pool:44145,2903,2903,44145,1,31.59900650907845,17.60020554984584,40.223535457348405,10,False,True,False,exact_or_named_subtype,1,PHASE2,NCT01720316,https://clinicaltrials.gov/study/NCT01720316,Neurobiology of a Mutation in Glycine Metabolism in Psychotic Disorders,Automatic exact-normalized intervention and mapped-condition Phase II/III registry match; not a manual efficacy assessment.,all_motifs_fda_or_phase2_3.csv
163,fe160cd1519b16ebf95c,automatic_phase2_3_registry_match,automatic_not_manually_verified,psychiatric_mood,191,Bipolar Disorder,C0005586,D001714,701,1395,DB01255,Lisdexamfetamine,SLC6A3|6531|pool:24271,SLC6A3,6531,24271,1,15.701010620075367,12.100141315519014,18.66542480301473,10,False,True,False,exact_or_named_subtype,2,PHASE3,NCT01093963;NCT01131559,https://clinicaltrials.gov/study/NCT01093963;https://clinicaltrials.gov/study/NCT01131559,Efficacy Study of Lisdexamfetamine to Treat Bipolar Depression,Automatic exact-normalized intervention and mapped-condition Phase II/III registry match; not a manual efficacy assessment.,all_motifs_fda_or_phase2_3.csv
164,03247f376df5f8ae52f5,automatic_phase2_3_registry_match,automatic_not_manually_verified,psychiatric_mood,191,Bipolar Disorder,C0005586,D001714,337,1031,DB00683,Midazolam,GABRA1|2554|pool:33775; GABRA3|2556|pool:37844; GABRB1|2560|pool:38301; GABRA5|2558|pool:43001; GABRB3|2562|pool:24724; 2561|2561|pool:45607,GABRA1; GABRA3; GABRB1; GABRA5; GABRB3; 2561,2554; 2556; 2560; 2558; 2562; 2561,33775;37844;38301;43001;24724;45607,6,6.441632408359027,5.204051044878383,10.403819801301816,10,False,True,False,exact_or_named_subtype,4,PHASE1|PHASE2;PHASE2;PHASE3,NCT01944293;NCT02351869;NCT04939649;NCT05625555,https://clinicaltrials.gov/study/NCT01944293;https://clinicaltrials.gov/study/NCT02351869;https://clinicaltrials.gov/study/NCT04939649;https://clinicaltrials.gov/study/NCT05625555,Ketamine for Suicidality in Bipolar Depression,Automatic exact-normalized intervention and mapped-condition Phase II/III registry match; not a manual efficacy assessment.,all_motifs_fda_or_phase2_3.csv
165,c4e20d40be51d821b91c,automatic_phase2_3_registry_match,automatic_not_manually_verified,psychiatric_mood,191,Bipolar Disorder,C0005586,D001714,109,803,DB00313,Valproic Acid,PPARD|5467|pool:15597,PPARD,5467,15597,1,29.29513532031517,19.265480472764647,41.84598749571771,9,False,True,False,exact_or_named_subtype,2,PHASE2;PHASE3,NCT01674010;NCT02456454,https://clinicaltrials.gov/study/NCT01674010;https://clinicaltrials.gov/study/NCT02456454,Safety and Efficacy Study of ELND005 as an Adjunctive Maintenance Treatment in Bipolar I Disorder,Automatic exact-normalized intervention and mapped-condition Phase II/III registry match; not a manual efficacy assessment.,all_motifs_fda_or_phase2_3.csv
166,2c142db92d51c134164e,automatic_phase2_3_registry_match,automatic_not_manually_verified,psychiatric_mood,191,Bipolar Disorder,C0005586,D001714,321,1015,DB00659,acamprosate,GABRA1|2554|pool:33764; GABRA3|2556|pool:37836; GABRB1|2560|pool:38296; GABRB3|2562|pool:24715; GABRG1|2565|pool:46642; GRIN3A|116443|pool:31272,GABRA1; GABRA3; GABRB1; GABRB3; GABRG1; GRIN3A,2554; 2556; 2560; 2562; 2565; 116443,33764;37836;38296;24715;46642;31272,6,6.343139773895169,5.37373672490579,8.52068345323741,10,False,True,False,exact_or_named_subtype,1,PHASE1|PHASE2,NCT00330486,https://clinicaltrials.gov/study/NCT00330486,Open Label Trial of Acamprosate in Bipolar Alcoholics,Automatic exact-normalized intervention and mapped-condition Phase II/III registry match; not a manual efficacy assessment.,all_motifs_fda_or_phase2_3.csv
167,39e13840726787e8fcc5,automatic_phase2_3_registry_match,automatic_not_manually_verified,psychiatric_mood,191,Bipolar Disorder,C0005586,D001714,840,1534,DB06413,armodafinil,SLC6A3|6531|pool:24329,SLC6A3,6531,24329,1,14.950539568345324,8.783508907159986,16.72340698869476,10,False,True,False,exact_or_named_subtype,1,PHASE2,NCT00481195,https://clinicaltrials.gov/study/NCT00481195,Armodafinil Treatment as Adjunctive Therapy in Adults With Major Depression Associated With Bipolar I Disorder,Automatic exact-normalized intervention and mapped-condition Phase II/III registry match; not a manual efficacy assessment.,all_motifs_fda_or_phase2_3.csv
168,86f7de19ea4c46d149bf,automatic_phase2_3_registry_match,automatic_not_manually_verified,psychiatric_mood,191,Bipolar Disorder,C0005586,D001714,730,1424,DB01393,bezafibrate,PPARD|5467|pool:15607,PPARD,5467,15607,1,36.57181397738951,27.63253682768071,58.29586330935252,9,False,True,False,exact_or_named_subtype,1,PHASE2,NCT02481245,https://clinicaltrials.gov/study/NCT02481245,BezafibrateTreatment for Bipolar Depression: A Proof of Concept Study,Automatic exact-normalized intervention and mapped-condition Phase II/III registry match; not a manual efficacy assessment.,all_motifs_fda_or_phase2_3.csv
169,6649740cc722d150a31a,automatic_phase2_3_registry_match,automatic_not_manually_verified,psychiatric_mood,191,Bipolar Disorder,C0005586,D001714,933,1627,DB09128,brexpiprazole,DRD2|1813|pool:19014; HTR2A|3356|pool:23442; HTR1A|3350|pool:29732; ADRA2C|152|pool:31204,DRD2; HTR2A; HTR1A; ADRA2C,1813; 3356; 3350; 152,19014;23442;29732;31204,4,4.706235011990408,2.468204008221994,6.559395340870161,10,False,True,False,exact_or_named_subtype,4,PHASE3,NCT03257865;NCT03259555;NCT03287869;NCT04569448,https://clinicaltrials.gov/study/NCT03257865;https://clinicaltrials.gov/study/NCT03259555;https://clinicaltrials.gov/study/NCT03287869;https://clinicaltrials.gov/study/NCT04569448,"A Trial to Assess Brexpiprazole Versus Placebo for the Treatment of Acute Manic Episodes, Associated With Bipolar I Disorder",Automatic exact-normalized intervention and mapped-condition Phase II/III registry match; not a manual efficacy assessment.,all_motifs_fda_or_phase2_3.csv
170,362e36d5dcaa3d313579,automatic_phase2_3_registry_match,automatic_not_manually_verified,psychiatric_mood,191,Bipolar Disorder,C0005586,D001714,629,1323,DB01156,bupropion,SLC6A2|6530|pool:38967; SLC6A3|6531|pool:24227,SLC6A2; SLC6A3,6530; 6531,38967;24227,2,9.909215484755054,6.975312607057211,14.051794278862625,10,False,True,False,exact_or_named_subtype,3,PHASE1|PHASE2;PHASE3,NCT00593099;NCT05603104;NCT05973786,https://clinicaltrials.gov/study/NCT00593099;https://clinicaltrials.gov/study/NCT05603104;https://clinicaltrials.gov/study/NCT05973786,A Preliminary Study of Sustained-Release Bupropion for Smoking Cessation in Bipolar Affective Disorder,Automatic exact-normalized intervention and mapped-condition Phase II/III registry match; not a manual efficacy assessment.,all_motifs_fda_or_phase2_3.csv
171,56df4f342979f484e8f4,automatic_phase2_3_registry_match,automatic_not_manually_verified,psychiatric_mood,191,Bipolar Disorder,C0005586,D001714,263,957,DB00564,carbamazepine,SCN8A|6334|pool:36293,SCN8A,6334,36293,1,17.983470366563893,10.545670606372044,22.74698098663925,10,False,True,False,exact_or_named_subtype,1,PHASE3,NCT00266630,https://clinicaltrials.gov/study/NCT00266630,Efficacy and Safety of Olanzapine in the Extended Treatment for Manic or Mixed Episode of Bipolar I Disorder,Automatic exact-normalized intervention and mapped-condition Phase II/III registry match; not a manual efficacy assessment.,all_motifs_fda_or_phase2_3.csv
172,b62d007e049e4ff4d48d,automatic_phase2_3_registry_match,automatic_not_manually_verified,psychiatric_mood,191,Bipolar Disorder,C0005586,D001714,813,1507,DB06016,cariprazine,DRD2|1813|pool:18892; HTR2A|3356|pool:23329; HTR1A|3350|pool:29680; DRD3|1814|pool:17794,DRD2; HTR2A; HTR1A; DRD3,1813; 3356; 3350; 1814,18892;23329;29680;17794,4,4.896796848235697,3.1469467283316206,7.1487452894827,10,False,True,False,exact_or_named_subtype,10,PHASE2;PHASE3,NCT00852202;NCT01058096;NCT01058668;NCT01059539;NCT01396447;NCT02670538;NCT02670551;NCT03573297;NCT04771299;NCT04777357,https://clinicaltrials.gov/study/NCT00852202;https://clinicaltrials.gov/study/NCT01058096;https://clinicaltrials.gov/study/NCT01058668;https://clinicaltrials.gov/study/NCT01059539;https://clinicaltrials.gov/study/NCT01396447;https://clinicaltrials.gov/study/NCT02670538;https://clinicaltrials.gov/study/NCT02670551;https://clinicaltrials.gov/study/NCT03573297;https://clinicaltrials.gov/study/NCT04771299;https://clinicaltrials.gov/study/NCT04777357,Safety and Efficacy of RGH-188 (Cariprazine) in Bipolar Depression,Automatic exact-normalized intervention and mapped-condition Phase II/III registry match; not a manual efficacy assessment.,all_motifs_fda_or_phase2_3.csv
173,78fdf0597902a3ff069f,automatic_phase2_3_registry_match,automatic_not_manually_verified,psychiatric_mood,191,Bipolar Disorder,C0005586,D001714,141,835,DB00363,clozapine,DRD2|1813|pool:18014; HTR2A|3356|pool:22688; CHRM2|1129|pool:35530; ADRA1A|148|pool:44429; HTR1A|3350|pool:29371; DRD1|1812|pool:27855; HTR2C|3358|pool:5028; DRD3|1814|pool:17611; ADRA2C|152|pool:31125; HTR1B|3351|pool:9926; DRD4|1815|pool:19456; 1816|1816|pool:46273; HTR3A|3359|pool:43152,DRD2; HTR2A; CHRM2; ADRA1A; HTR1A; DRD1; HTR2C; DRD3; ADRA2C; HTR1B; DRD4; 1816; HTR3A,1813; 3356; 1129; 148; 3350; 1812; 3358; 1814; 152; 3351; 1815; 1816; 3359,18014;22688;35530;44429;29371;27855;5028;17611;31125;9926;19456;46273;43152,13,3.0222250770811923,1.9297062350119905,5.321278691332648,10,False,True,False,exact_or_named_subtype,3,PHASE2;PHASE3,NCT00029458;NCT00036582;NCT05603104,https://clinicaltrials.gov/study/NCT00029458;https://clinicaltrials.gov/study/NCT00036582;https://clinicaltrials.gov/study/NCT05603104,Clozapine for Treatment-Resistant Mania,Automatic exact-normalized intervention and mapped-condition Phase II/III registry match; not a manual efficacy assessment.,all_motifs_fda_or_phase2_3.csv
174,8ff14c4c656d425e0f70,automatic_phase2_3_registry_match,automatic_not_manually_verified,psychiatric_mood,191,Bipolar Disorder,C0005586,D001714,233,927,DB00514,dextromethorphan,SLC6A2|6530|pool:38854; OPRK1|4986|pool:16028; CHRNA7|1139|pool:22029; CHRNA2|1135|pool:46479,SLC6A2; OPRK1; CHRNA7; CHRNA2,6530; 4986; 1139; 1135,38854;16028;22029;46479,4,9.287213086673518,7.135363138060979,9.870139602603633,10,False,True,False,exact_or_named_subtype,1,PHASE3,NCT03039842,https://clinicaltrials.gov/study/NCT03039842,Combination of Dextromethorphan and Memantine in Treating Bipolar Disorder,Automatic exact-normalized intervention and mapped-condition Phase II/III registry match; not a manual efficacy assessment.,all_motifs_fda_or_phase2_3.csv
175,e8db96a56eb4a98b6dfe,automatic_phase2_3_registry_match,automatic_not_manually_verified,psychiatric_mood,191,Bipolar Disorder,C0005586,D001714,641,1335,DB01175,escitalopram,ADRA1A|148|pool:44599; SLC6A4|6532|pool:30411; SLC6A2|6530|pool:38986,ADRA1A; SLC6A4; SLC6A2,148; 6532; 6530,44599;30411;38986,3,5.699725933538883,3.716491092840013,9.96916752312436,10,False,True,False,exact_or_named_subtype,3,PHASE3,NCT00958633;NCT05603104;NCT05973786,https://clinicaltrials.gov/study/NCT00958633;https://clinicaltrials.gov/study/NCT05603104;https://clinicaltrials.gov/study/NCT05973786,Mood Stabilizer (MS)+ Antidepressant vs MS + Placebo in Maintenance of Bipolar Disorder.,Automatic exact-normalized intervention and mapped-condition Phase II/III registry match; not a manual efficacy assessment.,all_motifs_fda_or_phase2_3.csv
176,d7ff0eaa37bd1d54692e,automatic_phase2_3_registry_match,automatic_not_manually_verified,psychiatric_mood,191,Bipolar Disorder,C0005586,D001714,498,1192,DB00949,felbamate,GRIN3A|116443|pool:31278; GRIN2B|2904|pool:20882; 2903|2903|pool:44210; GRIN1|2902|pool:16146,GRIN3A; GRIN2B; 2903; GRIN1,116443; 2904; 2903; 2902,31278;20882;44210;16146,4,25.934609455292907,15.653370161014044,37.45717711545049,10,False,True,False,exact_or_named_subtype,1,PHASE2,NCT00034229,https://clinicaltrials.gov/study/NCT00034229,Clinical Trial of Felbamate for Treatment-Resistant Bipolar Depression,Automatic exact-normalized intervention and mapped-condition Phase II/III registry match; not a manual efficacy assessment.,all_motifs_fda_or_phase2_3.csv
177,511b1dc5ee6b810cba88,automatic_phase2_3_registry_match,automatic_not_manually_verified,psychiatric_mood,191,Bipolar Disorder,C0005586,D001714,535,1229,DB00996,gabapentin,CACNA1C|775|pool:844; CACNB2|783|pool:42896; GRIN2B|2904|pool:20888; 2903|2903|pool:44218,CACNA1C; CACNB2; GRIN2B; 2903,775; 783; 2904; 2903,844;42896;20888;44218,4,12.048218568002742,9.26794278862624,20.5234027064063,10,False,True,False,exact_or_named_subtype,3,PHASE2,NCT03220776;NCT03334721;NCT05064319,https://clinicaltrials.gov/study/NCT03220776;https://clinicaltrials.gov/study/NCT03334721;https://clinicaltrials.gov/study/NCT05064319,Imaging GABAergic/Glutamatergic Drugs in Bipolar Alcoholics Alcoholics,Automatic exact-normalized intervention and mapped-condition Phase II/III registry match; not a manual efficacy assessment.,all_motifs_fda_or_phase2_3.csv
178,5aec404770c8a6612971,automatic_phase2_3_registry_match,automatic_not_manually_verified,psychiatric_mood,191,Bipolar Disorder,C0005586,D001714,229,923,DB00502,haloperidol,DRD2|1813|pool:18173; HTR2A|3356|pool:22800; HTR1A|3350|pool:29411; DRD1|1812|pool:27929; DRD3|1814|pool:17667; DRD4|1815|pool:19497; 1816|1816|pool:46293; GRIN2B|2904|pool:20860,DRD2; HTR2A; HTR1A; DRD1; DRD3; DRD4; 1816; GRIN2B,1813; 3356; 3350; 1812; 1814; 1815; 1816; 2904,18173;22800;29411;27929;17667;19497;46293;20860,8,3.165681740322028,1.4570486467968482,5.8383650222679,10,False,True,False,exact_or_named_subtype,2,PHASE3,NCT00097266;NCT00129220,https://clinicaltrials.gov/study/NCT00097266;https://clinicaltrials.gov/study/NCT00129220,Study of Aripiprazole in Patients With Acute Bipolar Mania,Automatic exact-normalized intervention and mapped-condition Phase II/III registry match; not a manual efficacy assessment.,all_motifs_fda_or_phase2_3.csv
179,23686024ec3696717270,automatic_phase2_3_registry_match,automatic_not_manually_verified,psychiatric_mood,191,Bipolar Disorder,C0005586,D001714,802,1496,DB04946,iloperidone,DRD2|1813|pool:18855; HTR2A|3356|pool:23316; HTR1A|3350|pool:29663; ADRA1A|148|pool:44641; DRD1|1812|pool:28150; DRD3|1814|pool:17779; ADRA2C|152|pool:31194; DRD4|1815|pool:19615,DRD2; HTR2A; HTR1A; ADRA1A; DRD1; DRD3; ADRA2C; DRD4,1813; 3356; 3350; 148; 1812; 1814; 152; 1815,18855;23316;29663;44641;28150;17779;31194;19615,8,3.675274066461117,2.384699383350463,6.730151593011305,10,False,True,False,exact_or_named_subtype,1,PHASE3,NCT04819776,https://clinicaltrials.gov/study/NCT04819776,Evaluation of Efficacy and Safety of Iloperidone in the Acute Treatment of Manic or Mixed Episodes Associated With Bipolar I Disorder,Automatic exact-normalized intervention and mapped-condition Phase II/III registry match; not a manual efficacy assessment.,all_motifs_fda_or_phase2_3.csv
180,21562b8f079840e25e54,automatic_phase2_3_registry_match,automatic_not_manually_verified,psychiatric_mood,191,Bipolar Disorder,C0005586,D001714,1056,1750,DB06218,lacosamide,SCN8A|6334|pool:36378,SCN8A,6334,36378,1,21.191974991435423,15.441396882494004,26.80712572798904,10,False,True,False,exact_or_named_subtype,1,PHASE3,NCT07412132,https://clinicaltrials.gov/study/NCT07412132,"Evaluation of the Efficacy, Safety, and Tolerability of Lacosamide in Major Depressive Episodes of Bipolar Disorder Types I and II.",Automatic exact-normalized intervention and mapped-condition Phase II/III registry match; not a manual efficacy assessment.,all_motifs_fda_or_phase2_3.csv
181,484b79677cf33480e921,automatic_phase2_3_registry_match,automatic_not_manually_verified,psychiatric_mood,191,Bipolar Disorder,C0005586,D001714,34,728,DB00186,lorazepam,GABRA1|2554|pool:33511; GABRA3|2556|pool:37688; GABRB1|2560|pool:38203; GABRA5|2558|pool:42912; GABRB3|2562|pool:24564; 2561|2561|pool:45557; GABRG1|2565|pool:46612,GABRA1; GABRA3; GABRB1; GABRA5; GABRB3; 2561; GABRG1,2554; 2556; 2560; 2558; 2562; 2561; 2565,33511;37688;38203;42912;24564;45557;46612,7,4.2383949982870845,3.748608256252141,6.995118191161357,10,False,True,False,exact_or_named_subtype,1,PHASE2,NCT00431184,https://clinicaltrials.gov/study/NCT00431184,Effects of Pentazocine Versus Lorazepam on Manic Symptoms,Automatic exact-normalized intervention and mapped-condition Phase II/III registry match; not a manual efficacy assessment.,all_motifs_fda_or_phase2_3.csv
182,c25a7dc3b8aadbd6311f,automatic_phase2_3_registry_match,automatic_not_manually_verified,psychiatric_mood,191,Bipolar Disorder,C0005586,D001714,576,1270,DB01065,melatonin,ESR1|2099|pool:1723,ESR1,2099,1723,1,6.084061322370674,5.350719424460432,9.156603288797534,10,False,True,False,exact_or_named_subtype,2,PHASE2,NCT06226025;NCT07472075,https://clinicaltrials.gov/study/NCT06226025;https://clinicaltrials.gov/study/NCT07472075,Correcting Circadian Rhythms to Breakthrough in Bipolar Disorder,Automatic exact-normalized intervention and mapped-condition Phase II/III registry match; not a manual efficacy assessment.,all_motifs_fda_or_phase2_3.csv
183,8679f78f84d6897806fe,automatic_phase2_3_registry_match,automatic_not_manually_verified,psychiatric_mood,191,Bipolar Disorder,C0005586,D001714,1061,1755,DB01043,memantine,DRD2|1813|pool:19050; HTR3A|3359|pool:43266; GRIN3A|116443|pool:31304; GRIN2B|2904|pool:20934; 2903|2903|pool:44276; GRIN1|2902|pool:16178,DRD2; HTR3A; GRIN3A; GRIN2B; 2903; GRIN1,1813; 3359; 116443; 2904; 2903; 2902,19050;43266;31304;20934;44276;16178,6,4.023210003425831,2.3927286742034943,6.933560294621445,10,False,True,False,exact_or_named_subtype,3,PHASE2;PHASE2|PHASE3;PHASE3,NCT01188148;NCT02630888;NCT03039842,https://clinicaltrials.gov/study/NCT01188148;https://clinicaltrials.gov/study/NCT02630888;https://clinicaltrials.gov/study/NCT03039842,Series Studies of Bipolar Disorder-Valproate add-on Memantine,Automatic exact-normalized intervention and mapped-condition Phase II/III registry match; not a manual efficacy assessment.,all_motifs_fda_or_phase2_3.csv
184,89524bc327993114860e,automatic_phase2_3_registry_match,automatic_not_manually_verified,psychiatric_mood,191,Bipolar Disorder,C0005586,D001714,430,1124,DB00834,mifepristone,NR3C1|2908|pool:2966,NR3C1,2908,2966,1,9.429599177800617,5.267750085645769,17.436943302500858,10,False,True,False,exact_or_named_subtype,1,PHASE2,NCT00043654,https://clinicaltrials.gov/study/NCT00043654,Clinical Trial of Mifepristone for Bipolar Depression,Automatic exact-normalized intervention and mapped-condition Phase II/III registry match; not a manual efficacy assessment.,all_motifs_fda_or_phase2_3.csv
185,0c948b722f0b90584160,automatic_phase2_3_registry_match,automatic_not_manually_verified,psychiatric_mood,191,Bipolar Disorder,C0005586,D001714,374,1068,DB00745,modafinil,SLC6A3|6531|pool:24053,SLC6A3,6531,24053,1,12.042865707434052,9.90600376841384,18.22702552243919,10,False,True,False,exact_or_named_subtype,1,PHASE3,NCT07263022,https://clinicaltrials.gov/study/NCT07263022,Cognitive Strategies in Early Psychosis 2,Automatic exact-normalized intervention and mapped-condition Phase II/III registry match; not a manual efficacy assessment.,all_motifs_fda_or_phase2_3.csv
186,cf4bdbf68d7f7ec58ef2,automatic_phase2_3_registry_match,automatic_not_manually_verified,psychiatric_mood,191,Bipolar Disorder,C0005586,D001714,357,1051,DB00715,paroxetine,HTR2A|3356|pool:22927; CHRM3|1131|pool:21454; CHRM2|1129|pool:35654; SLC6A4|6532|pool:30299; SLC6A2|6530|pool:38885,HTR2A; CHRM3; CHRM2; SLC6A4; SLC6A2,3356; 1131; 1129; 6532; 6530,22927;21454;35654;30299;38885,5,4.226618705035971,3.45687735525865,5.309502398081535,10,False,True,False,exact_or_named_subtype,1,PHASE3,NCT00119652,https://clinicaltrials.gov/study/NCT00119652,Seroquel in Bipolar Depression Versus SSRI,Automatic exact-normalized intervention and mapped-condition Phase II/III registry match; not a manual efficacy assessment.,all_motifs_fda_or_phase2_3.csv
187,e557219bc73545599555,automatic_phase2_3_registry_match,automatic_not_manually_verified,psychiatric_mood,191,Bipolar Disorder,C0005586,D001714,174,868,DB00413,pramipexole,DRD2|1813|pool:18084; HTR2A|3356|pool:22726; HTR1A|3350|pool:29387; DRD1|1812|pool:27889; HTR2C|3358|pool:5049; DRD3|1814|pool:17639; ADRA2C|152|pool:31134; HTR1B|3351|pool:9941; DRD4|1815|pool:19470; 1816|1816|pool:46284,DRD2; HTR2A; HTR1A; DRD1; HTR2C; DRD3; ADRA2C; HTR1B; DRD4; 1816,1813; 3356; 3350; 1812; 3358; 1814; 152; 3351; 1815; 1816,18084;22726;29387;27889;5049;17639;31134;9941;19470;46284,10,3.2020811921891057,1.7129153819801304,6.819009078451524,10,False,True,False,exact_or_named_subtype,2,PHASE2;PHASE3,NCT00025792;NCT07664852,https://clinicaltrials.gov/study/NCT00025792;https://clinicaltrials.gov/study/NCT07664852,Clinical Trial of Pramipexole in Bipolar Depression,Automatic exact-normalized intervention and mapped-condition Phase II/III registry match; not a manual efficacy assessment.,all_motifs_fda_or_phase2_3.csv
188,93e3a4ae450b824254f3,automatic_phase2_3_registry_match,automatic_not_manually_verified,psychiatric_mood,191,Bipolar Disorder,C0005586,D001714,163,857,DB00396,progesterone,ESR1|2099|pool:1391; NR3C1|2908|pool:2786; OPRK1|4986|pool:16014; 4306|4306|pool:44847,ESR1; NR3C1; OPRK1; 4306,2099; 2908; 4986; 4306,1391;2786;16014;44847,4,4.950325453922576,4.446085988352175,7.18835645769099,10,False,True,False,exact_or_named_subtype,1,PHASE2,NCT00206544,https://clinicaltrials.gov/study/NCT00206544,Anti-Estrogens - A Potential Treatment for Bipolar Affective Disorder in Women?,Automatic exact-normalized intervention and mapped-condition Phase II/III registry match; not a manual efficacy assessment.,all_motifs_fda_or_phase2_3.csv
189,7f7ee3e9e22bde8cd746,automatic_phase2_3_registry_match,automatic_not_manually_verified,psychiatric_mood,191,Bipolar Disorder,C0005586,D001714,376,1070,DB00747,scopolamine,CHRM3|1131|pool:21487; CHRM2|1129|pool:35674,CHRM3; CHRM2,1131; 1129,21487;35674,2,4.301558752997602,3.3257322713257964,5.3732014388489215,10,False,True,False,exact_or_named_subtype,2,PHASE2,NCT00369915;NCT04211961,https://clinicaltrials.gov/study/NCT00369915;https://clinicaltrials.gov/study/NCT04211961,The Antidepressant Efficacy of the Anticholinergic Scopolamine,Automatic exact-normalized intervention and mapped-condition Phase II/III registry match; not a manual efficacy assessment.,all_motifs_fda_or_phase2_3.csv
190,36b5be2f1781ce52e9fb,automatic_phase2_3_registry_match,automatic_not_manually_verified,psychiatric_mood,191,Bipolar Disorder,C0005586,D001714,597,1291,DB01104,sertraline,SLC6A4|6532|pool:30350,SLC6A4,6532,30350,1,8.926430284343953,6.374721651250429,10.75603802672148,10,False,True,False,exact_or_named_subtype,5,PHASE3,NCT00158990;NCT00276965;NCT00857584;NCT05603104;NCT05973786,https://clinicaltrials.gov/study/NCT00158990;https://clinicaltrials.gov/study/NCT00276965;https://clinicaltrials.gov/study/NCT00857584;https://clinicaltrials.gov/study/NCT05603104;https://clinicaltrials.gov/study/NCT05973786,Triiodothyronine (T3) Supplementation in the Treatment of Bipolar and Unipolar Depression.,Automatic exact-normalized intervention and mapped-condition Phase II/III registry match; not a manual efficacy assessment.,all_motifs_fda_or_phase2_3.csv
191,14c6e9937548772f04d4,automatic_phase2_3_registry_match,automatic_not_manually_verified,psychiatric_mood,191,Bipolar Disorder,C0005586,D001714,333,1027,DB00675,tamoxifen,ESR1|2099|pool:1570,ESR1,2099,1570,1,5.837829736211031,4.934266872216512,10.810101918465229,10,False,True,False,exact_or_named_subtype,2,PHASE2,NCT00026585;NCT00206544,https://clinicaltrials.gov/study/NCT00026585;https://clinicaltrials.gov/study/NCT00206544,Examination of Tamoxifen in Acute Mania in Patients With Bipolar I Disorder,Automatic exact-normalized intervention and mapped-condition Phase II/III registry match; not a manual efficacy assessment.,all_motifs_fda_or_phase2_3.csv
192,e3f52f01a632564efb9c,automatic_phase2_3_registry_match,automatic_not_manually_verified,psychiatric_mood,191,Bipolar Disorder,C0005586,D001714,1244,1938,DB01956,taurine,GABRA1|2554|pool:34150; GABRB1|2560|pool:38445; GABRA5|2558|pool:43129; GABRB3|2562|pool:24927; GABRG1|2565|pool:46687; GRIN2B|2904|pool:20950,GABRA1; GABRB1; GABRA5; GABRB3; GABRG1; GRIN2B,2554; 2560; 2558; 2562; 2565; 2904,34150;38445;43129;24927;46687;20950,6,6.802415210688592,5.97111596437136,11.179984583761565,10,False,True,False,exact_or_named_subtype,1,PHASE2,NCT00217165,https://clinicaltrials.gov/study/NCT00217165,"Taurine as an Anti-Manic Agent: A Double-Blind, Placebo-Controlled Study",Automatic exact-normalized intervention and mapped-condition Phase II/III registry match; not a manual efficacy assessment.,all_motifs_fda_or_phase2_3.csv
193,4e3d6f96920ca90fc666,automatic_phase2_3_registry_match,automatic_not_manually_verified,psychiatric_mood,191,Bipolar Disorder,C0005586,D001714,1248,1942,DB09289,tianeptine,HTR1A|3350|pool:29868; DRD3|1814|pool:17880; OPRK1|4986|pool:16118,HTR1A; DRD3; OPRK1,3350; 1814; 4986,29868;17880;16118,3,7.110739979445016,4.999571771154505,9.618019869818433,10,False,True,False,exact_or_named_subtype,1,PHASE3,NCT00879372,https://clinicaltrials.gov/study/NCT00879372,Efficacy of Adjunctive Tianeptine in the Treatment of Bipolar Depression,Automatic exact-normalized intervention and mapped-condition Phase II/III registry match; not a manual efficacy assessment.,all_motifs_fda_or_phase2_3.csv
194,959b75d8dbbbcfcc8faa,automatic_phase2_3_registry_match,automatic_not_manually_verified,psychiatric_mood,191,Bipolar Disorder,C0005586,D001714,86,780,DB00273,topiramate,GABRA1|2554|pool:33576; GABRA3|2556|pool:37727; GABRA5|2558|pool:42937; GABRB1|2560|pool:38233; GABRB3|2562|pool:24609; 2561|2561|pool:45572; GABRG1|2565|pool:46622; SCN8A|6334|pool:36258; GRIA2|2891|pool:25038,GABRA1; GABRA3; GABRA5; GABRB1; GABRB3; 2561; GABRG1; SCN8A; GRIA2,2554; 2556; 2558; 2560; 2562; 2561; 2565; 6334; 2891,33576;37727;42937;38233;24609;45572;46622;36258;25038,9,3.922576224734498,3.2090399109284,4.967989893799246,10,False,True,False,exact_or_named_subtype,5,PHASE3,NCT00035230;NCT00035802;NCT00037674;NCT00237289;NCT00240721,https://clinicaltrials.gov/study/NCT00035230;https://clinicaltrials.gov/study/NCT00035802;https://clinicaltrials.gov/study/NCT00037674;https://clinicaltrials.gov/study/NCT00237289;https://clinicaltrials.gov/study/NCT00240721,A Study on the Safety and Efficacy of Topiramate in the Treatment of Patients With Bipolar I Disorder,Automatic exact-normalized intervention and mapped-condition Phase II/III registry match; not a manual efficacy assessment.,all_motifs_fda_or_phase2_3.csv
195,7adf2d2c4b63c8304715,automatic_phase2_3_registry_match,automatic_not_manually_verified,psychiatric_mood,191,Bipolar Disorder,C0005586,D001714,95,789,DB00285,venlafaxine,SLC6A4|6532|pool:30129; SLC6A2|6530|pool:38791; SLC6A3|6531|pool:23895,SLC6A4; SLC6A2; SLC6A3,6532; 6530; 6531,30129;38791;23895,3,8.333333333333332,6.301922747516272,11.04883949982871,10,False,True,False,exact_or_named_subtype,2,PHASE3,NCT05603104;NCT05973786,https://clinicaltrials.gov/study/NCT05603104;https://clinicaltrials.gov/study/NCT05973786,"Intensified Pharmacological Treatment for Schizophrenia, Major Depressive Disorder and Bipolar Depression After a First-time Treatment Failure",Automatic exact-normalized intervention and mapped-condition Phase II/III registry match; not a manual efficacy assessment.,all_motifs_fda_or_phase2_3.csv
196,7a64f88d69ab880ae2c1,automatic_phase2_3_registry_match,automatic_not_manually_verified,psychiatric_mood,191,Bipolar Disorder,C0005586,D001714,922,1616,DB09068,vortioxetine,HTR2A|3356|pool:23430; HTR1A|3350|pool:29725; HTR2C|3358|pool:5309; SLC6A4|6532|pool:30536; HTR1B|3351|pool:10109; HTR3A|3359|pool:43248,HTR2A; HTR1A; HTR2C; SLC6A4; HTR1B; HTR3A,3356; 3350; 3358; 6532; 3351; 3359,23430;29725;5309;30536;10109;43248,6,5.173004453579993,4.1870075368276805,6.8168679342240495,10,False,True,False,exact_or_named_subtype,1,PHASE2,NCT03598868,https://clinicaltrials.gov/study/NCT03598868,Vortioxetine add-on Treatment Improves the Symptoms in Patients With Bipolar Depression,Automatic exact-normalized intervention and mapped-condition Phase II/III registry match; not a manual efficacy assessment.,all_motifs_fda_or_phase2_3.csv
197,5440c90771350b6f8414,automatic_phase2_3_registry_match,automatic_not_manually_verified,psychiatric_mood,191,Bipolar Disorder,C0005586,D001714,1119,1813,DB00909,zonisamide,MAOA|4128|pool:37319,MAOA,4128,37319,1,12.71732613908873,7.7198955121617,24.28699897225077,10,False,True,False,exact_or_named_subtype,1,PHASE2,NCT01566370,https://clinicaltrials.gov/study/NCT01566370,Zonisamide for Heavy Drinkers With Bipolar Disorder,Automatic exact-normalized intervention and mapped-condition Phase II/III registry match; not a manual efficacy assessment.,all_motifs_fda_or_phase2_3.csv
198,58055359cb6258148006,automatic_phase2_3_registry_match,automatic_not_manually_verified,prostate_oncology,2,Prostatic Neoplasms,C0376358,D011471,249,943,DB00544,5-fluorouracil,TYMS|7298|pool:36882,TYMS,7298,36882,1,12.673432682425489,7.510598663926002,15.51954864679685,10,False,False,True,exact_or_named_subtype,1,PHASE2,NCT05489211,https://clinicaltrials.gov/study/NCT05489211,Study of Dato-DXd as Monotherapy and in Combination With Anti-cancer Agents in Patients With Advanced Solid Tumours (TROPION-PanTumor03),Automatic exact-normalized intervention and mapped-condition Phase II/III registry match; not a manual efficacy assessment.,all_motifs_fda_or_phase2_3.csv
199,ba804aaa049661fd8a2e,automatic_phase2_3_registry_match,automatic_not_manually_verified,prostate_oncology,2,Prostatic Neoplasms,C0376358,D011471,1097,1791,DB00533,Rofecoxib,PTGS2|5743|pool:12842,PTGS2,5743,12842,1,5.128040424803015,1.600505310037684,7.86121103117506,10,False,False,True,exact_or_named_subtype,1,PHASE3,NCT00060476,https://clinicaltrials.gov/study/NCT00060476,Treatment With MK0966 for the Prevention of Prostate Cancer (0966-201),Automatic exact-normalized intervention and mapped-condition Phase II/III registry match; not a manual efficacy assessment.,all_motifs_fda_or_phase2_3.csv
200,715aab84fbe786edc684,automatic_phase2_3_registry_match,automatic_not_manually_verified,prostate_oncology,2,Prostatic Neoplasms,C0376358,D011471,1098,1792,DB00412,Rosiglitazone,PPARA|5465|pool:4251,PPARA,5465,4251,1,19.85911270983213,17.090613223706747,29.926772867420347,10,False,False,True,exact_or_named_subtype,1,PHASE3,NCT00182052,https://clinicaltrials.gov/study/NCT00182052,Rosiglitazone (Avandia) vs. Placebo for Androgen Dependent Prostate Cancer,Automatic exact-normalized intervention and mapped-condition Phase II/III registry match; not a manual efficacy assessment.,all_motifs_fda_or_phase2_3.csv
201,da24b79797d43c86c5fb,automatic_phase2_3_registry_match,automatic_not_manually_verified,prostate_oncology,2,Prostatic Neoplasms,C0376358,D011471,562,1256,DB01041,Thalidomide,PTGS2|5743|pool:11985,PTGS2,5743,11985,1,3.0265073655361423,0.4924631723192874,6.121531346351491,10,False,False,True,exact_or_named_subtype,11,PHASE1|PHASE2;PHASE2;PHASE3,NCT00001446;NCT00004635;NCT00020046;NCT00038181;NCT00038246;NCT00046826;NCT00083005;NCT00089609;NCT00307294;NCT00400517;NCT00450008,https://clinicaltrials.gov/study/NCT00001446;https://clinicaltrials.gov/study/NCT00004635;https://clinicaltrials.gov/study/NCT00020046;https://clinicaltrials.gov/study/NCT00038181;https://clinicaltrials.gov/study/NCT00038246;https://clinicaltrials.gov/study/NCT00046826;https://clinicaltrials.gov/study/NCT00083005;https://clinicaltrials.gov/study/NCT00089609;https://clinicaltrials.gov/study/NCT00307294;https://clinicaltrials.gov/study/NCT00400517;https://clinicaltrials.gov/study/NCT00450008,A Randomized Phase II Study of Oral Thalidomide in Patients With Hormone-Refractory Prostate Cancer,Automatic exact-normalized intervention and mapped-condition Phase II/III registry match; not a manual efficacy assessment.,all_motifs_fda_or_phase2_3.csv
202,5835d4ae9448405d70e9,automatic_phase2_3_registry_match,automatic_not_manually_verified,prostate_oncology,2,Prostatic Neoplasms,C0376358,D011471,496,1190,DB00945,aspirin,PTGS2|5743|pool:11681; TP53|7157|pool:4741,PTGS2; TP53,5743; 7157,11681;4741,2,2.0672747516272696,0.1739679684823569,4.7164054470709145,10,False,True,True,exact_or_named_subtype,1,PHASE2,NCT02420652,https://clinicaltrials.gov/study/NCT02420652,Metformin Hydrochloride and Aspirin in Treating Patients With Hormone-Dependent Prostate Cancer That Has Progressed After Surgery or Radiation Therapy,Automatic exact-normalized intervention and mapped-condition Phase II/III registry match; not a manual efficacy assessment.,all_motifs_fda_or_phase2_3.csv
203,460eaf2ffecfc77d2f4c,automatic_phase2_3_registry_match,automatic_not_manually_verified,prostate_oncology,2,Prostatic Neoplasms,C0376358,D011471,582,1276,DB01076,atorvastatin,AHR|196|pool:20214,AHR,196,20214,1,32.96933881466256,25.59042052072628,56.23126498800959,10,False,False,True,exact_or_named_subtype,6,PHASE2;PHASE3,NCT01821404;NCT02497638;NCT03819101;NCT03830164;NCT05404139;NCT05796973,https://clinicaltrials.gov/study/NCT01821404;https://clinicaltrials.gov/study/NCT02497638;https://clinicaltrials.gov/study/NCT03819101;https://clinicaltrials.gov/study/NCT03830164;https://clinicaltrials.gov/study/NCT05404139;https://clinicaltrials.gov/study/NCT05796973,Atorvastatin Before Prostatectomy and Prostate Cancer,Automatic exact-normalized intervention and mapped-condition Phase II/III registry match; not a manual efficacy assessment.,all_motifs_fda_or_phase2_3.csv
204,a5f475dc14f804452aee,automatic_phase2_3_registry_match,automatic_not_manually_verified,prostate_oncology,2,Prostatic Neoplasms,C0376358,D011471,13,707,DB00136,calcitriol,VDR|7421|pool:20677,VDR,7421,20677,1,18.80459917780062,8.371873929427887,27.579008221993835,10,False,False,True,exact_or_named_subtype,3,PHASE2;PHASE2|PHASE3;PHASE3,NCT00043576;NCT00273338;NCT00383487,https://clinicaltrials.gov/study/NCT00043576;https://clinicaltrials.gov/study/NCT00273338;https://clinicaltrials.gov/study/NCT00383487,ASCENT: Androgen Independent Prostate Cancer Study of Calcitriol Enhancing Taxotere,Automatic exact-normalized intervention and mapped-condition Phase II/III registry match; not a manual efficacy assessment.,all_motifs_fda_or_phase2_3.csv
205,1f14884e650e01471a43,automatic_phase2_3_registry_match,automatic_not_manually_verified,prostate_oncology,2,Prostatic Neoplasms,C0376358,D011471,596,1290,DB01101,capecitabine,TYMS|7298|pool:36924,TYMS,7298,36924,1,19.0861596437136,12.681997259335388,21.119176087701263,10,False,False,True,exact_or_named_subtype,5,PHASE2,NCT00006023;NCT00124566;NCT00151047;NCT00258284;NCT05489211,https://clinicaltrials.gov/study/NCT00006023;https://clinicaltrials.gov/study/NCT00124566;https://clinicaltrials.gov/study/NCT00151047;https://clinicaltrials.gov/study/NCT00258284;https://clinicaltrials.gov/study/NCT05489211,Capecitabine in Treating Patients With Metastatic Prostate Cancer That Has Not Responded to Hormone Therapy,Automatic exact-normalized intervention and mapped-condition Phase II/III registry match; not a manual efficacy assessment.,all_motifs_fda_or_phase2_3.csv
206,a5e2c0865662a9986a6a,automatic_phase2_3_registry_match,automatic_not_manually_verified,prostate_oncology,2,Prostatic Neoplasms,C0376358,D011471,619,1313,DB01136,carvedilol,ADRB2|154|pool:26666; VEGFA|7422|pool:22176,ADRB2; VEGFA,154; 7422,26666;22176,2,3.570357999314834,2.9729787598492634,11.014045906132235,10,False,False,True,exact_or_named_subtype,1,PHASE2,NCT02944201,https://clinicaltrials.gov/study/NCT02944201,Beta Adrenergic Receptor Blockade as a Novel Therapy for Patients With Adenocarcinoma of the Prostate,Automatic exact-normalized intervention and mapped-condition Phase II/III registry match; not a manual efficacy assessment.,all_motifs_fda_or_phase2_3.csv
207,8be019991bb4637af5aa,automatic_phase2_3_registry_match,automatic_not_manually_verified,prostate_oncology,2,Prostatic Neoplasms,C0376358,D011471,218,912,DB00482,celecoxib,PTGS2|5743|pool:10769,PTGS2,5743,10769,1,5.365707434052758,2.0592454607742376,6.882172833162042,10,False,False,True,exact_or_named_subtype,9,PHASE2;PHASE2|PHASE3,NCT00022399;NCT00073970;NCT00080782;NCT00136487;NCT00215345;NCT00218205;NCT00268476;NCT01220973;NCT02840162,https://clinicaltrials.gov/study/NCT00022399;https://clinicaltrials.gov/study/NCT00073970;https://clinicaltrials.gov/study/NCT00080782;https://clinicaltrials.gov/study/NCT00136487;https://clinicaltrials.gov/study/NCT00215345;https://clinicaltrials.gov/study/NCT00218205;https://clinicaltrials.gov/study/NCT00268476;https://clinicaltrials.gov/study/NCT01220973;https://clinicaltrials.gov/study/NCT02840162,Celecoxib Compared With No Treatment Before Surgery in Treating Patients With Localized Prostate Cancer,Automatic exact-normalized intervention and mapped-condition Phase II/III registry match; not a manual efficacy assessment.,all_motifs_fda_or_phase2_3.csv
208,e5c5e7c6a8d80da284e2,automatic_phase2_3_registry_match,automatic_not_manually_verified,prostate_oncology,2,Prostatic Neoplasms,C0376358,D011471,25,719,DB00169,cholecalciferol,VDR|7421|pool:20715,VDR,7421,20715,1,13.99130695443645,7.634249743062693,22.04522096608428,10,False,False,True,exact_or_named_subtype,3,PHASE2,NCT01325311;NCT02726113;NCT04621500,https://clinicaltrials.gov/study/NCT01325311;https://clinicaltrials.gov/study/NCT02726113;https://clinicaltrials.gov/study/NCT04621500,Cholecalciferol and Genistein Before Surgery in Treating Patients With Early Stage Prostate Cancer,Automatic exact-normalized intervention and mapped-condition Phase II/III registry match; not a manual efficacy assessment.,all_motifs_fda_or_phase2_3.csv
209,eb6b9c7bbcc3bc09dfcc,automatic_phase2_3_registry_match,automatic_not_manually_verified,prostate_oncology,2,Prostatic Neoplasms,C0376358,D011471,243,937,DB00537,ciprofloxacin,TOP2A|7153|pool:22322,TOP2A,7153,22322,1,12.615621788283658,9.81286399451867,17.83305498458376,10,False,False,True,exact_or_named_subtype,2,PHASE2;PHASE3,NCT02252978;NCT03862170,https://clinicaltrials.gov/study/NCT02252978;https://clinicaltrials.gov/study/NCT03862170,Ciprofloxacin Compared to Placebo in Diagnosing Prostate Cancer in Patients Undergoing Prostate Biopsy,Automatic exact-normalized intervention and mapped-condition Phase II/III registry match; not a manual efficacy assessment.,all_motifs_fda_or_phase2_3.csv
210,52ad7a74f576bab1400e,automatic_phase2_3_registry_match,automatic_not_manually_verified,prostate_oncology,2,Prostatic Neoplasms,C0376358,D011471,241,935,DB00531,cyclophosphamide,CYP3A4|1576|pool:34684; CYP2C19|1557|pool:33156; CYP2A6|1548|pool:40197,CYP3A4; CYP2C19; CYP2A6,1576; 1557; 1548,34684;33156;40197,3,8.602046933881466,4.167737238780404,14.39116563891744,10,False,False,True,exact_or_named_subtype,9,PHASE1|PHASE2;PHASE2,NCT00005960;NCT00176605;NCT00753220;NCT01093183;NCT01420965;NCT01496131;NCT01696877;NCT03514836;NCT06236139,https://clinicaltrials.gov/study/NCT00005960;https://clinicaltrials.gov/study/NCT00176605;https://clinicaltrials.gov/study/NCT00753220;https://clinicaltrials.gov/study/NCT01093183;https://clinicaltrials.gov/study/NCT01420965;https://clinicaltrials.gov/study/NCT01496131;https://clinicaltrials.gov/study/NCT01696877;https://clinicaltrials.gov/study/NCT03514836;https://clinicaltrials.gov/study/NCT06236139,Combination Chemotherapy in Treating Patients With Prostate Cancer That Has Not Responded to Hormone Therapy,Automatic exact-normalized intervention and mapped-condition Phase II/III registry match; not a manual efficacy assessment.,all_motifs_fda_or_phase2_3.csv
211,438a41a01bad3de4973f,automatic_phase2_3_registry_match,automatic_not_manually_verified,prostate_oncology,2,Prostatic Neoplasms,C0376358,D011471,905,1599,DB08912,dabrafenib,BRAF|673|pool:9611,BRAF,673,9611,1,23.917651593011307,7.599456149366222,47.3449811579308,10,False,False,True,exact_or_named_subtype,1,PHASE2,NCT02465060,https://clinicaltrials.gov/study/NCT02465060,"Targeted Therapy Directed by Genetic Testing in Treating Patients With Advanced Refractory Solid Tumors, Lymphomas, or Multiple Myeloma (The MATCH Screening Tri",Automatic exact-normalized intervention and mapped-condition Phase II/III registry match; not a manual efficacy assessment.,all_motifs_fda_or_phase2_3.csv
212,2902a3fe8bfd8d3ae1bd,automatic_phase2_3_registry_match,automatic_not_manually_verified,prostate_oncology,2,Prostatic Neoplasms,C0376358,D011471,684,1378,DB01234,dexamethasone,NR3C1|2908|pool:3124,NR3C1,2908,3124,1,1.6079993148338474,1.0352432339842412,8.826331791709489,9,False,False,True,exact_or_named_subtype,23,PHASE1|PHASE2;PHASE2;PHASE3,NCT00006002;NCT00024167;NCT00054522;NCT00060398;NCT00084864;NCT00176293;NCT00288080;NCT00316927;NCT00427999;NCT00473512;NCT00524589;NCT01036594;NCT01188187;NCT01250717;NCT02047253;NCT02649790;NCT02709889;NCT03834506;NCT04907227;NCT06136624;NCT06136650;NCT06353386;NCT06616597,https://clinicaltrials.gov/study/NCT00006002;https://clinicaltrials.gov/study/NCT00024167;https://clinicaltrials.gov/study/NCT00054522;https://clinicaltrials.gov/study/NCT00060398;https://clinicaltrials.gov/study/NCT00084864;https://clinicaltrials.gov/study/NCT00176293;https://clinicaltrials.gov/study/NCT00288080;https://clinicaltrials.gov/study/NCT00316927;https://clinicaltrials.gov/study/NCT00427999;https://clinicaltrials.gov/study/NCT00473512;https://clinicaltrials.gov/study/NCT00524589;https://clinicaltrials.gov/study/NCT01036594;https://clinicaltrials.gov/study/NCT01188187;https://clinicaltrials.gov/study/NCT01250717;https://clinicaltrials.gov/study/NCT02047253;https://clinicaltrials.gov/study/NCT02649790;https://clinicaltrials.gov/study/NCT02709889;https://clinicaltrials.gov/study/NCT03834506;https://clinicaltrials.gov/study/NCT04907227;https://clinicaltrials.gov/study/NCT06136624;https://clinicaltrials.gov/study/NCT06136650;https://clinicaltrials.gov/study/NCT06353386;https://clinicaltrials.gov/study/NCT06616597,SU5416 Compared to Dexamethasone in Treating Patients With Progressive Prostate Cancer That Has Not Responded to Hormone Therapy,Automatic exact-normalized intervention and mapped-condition Phase II/III registry match; not a manual efficacy assessment.,all_motifs_fda_or_phase2_3.csv
213,d808d98f90f9afc64f43,automatic_phase2_3_registry_match,automatic_not_manually_verified,prostate_oncology,2,Prostatic Neoplasms,C0376358,D011471,536,1230,DB00997,doxorubicin,TOP2A|7153|pool:22361,TOP2A,7153,22361,1,9.121274409044194,7.377312435765673,15.121831106543336,10,False,False,True,exact_or_named_subtype,3,PHASE2,NCT00176293;NCT02494713;NCT02560051,https://clinicaltrials.gov/study/NCT00176293;https://clinicaltrials.gov/study/NCT02494713;https://clinicaltrials.gov/study/NCT02560051,Randomized Phase II Trial of Doxil With or Without Dexamethasone for Metastatic Hormone Refractory Prostate Cancer,Automatic exact-normalized intervention and mapped-condition Phase II/III registry match; not a manual efficacy assessment.,all_motifs_fda_or_phase2_3.csv
214,f4d61d7ea6d98d3650a6,automatic_phase2_3_registry_match,automatic_not_manually_verified,prostate_oncology,2,Prostatic Neoplasms,C0376358,D011471,196,890,DB00445,epirubicin,TOP2A|7153|pool:22309,TOP2A,7153,22309,1,16.051087701267555,14.074276293251112,22.050573826652965,10,False,False,True,exact_or_named_subtype,1,PHASE2,NCT00218205,https://clinicaltrials.gov/study/NCT00218205,A Study of Epirubicin With Estramustine Phosphate and Celecoxib for the Treatment of Prostate Cancer,Automatic exact-normalized intervention and mapped-condition Phase II/III registry match; not a manual efficacy assessment.,all_motifs_fda_or_phase2_3.csv
215,2b4bf9f3ebcafe9c3114,automatic_phase2_3_registry_match,automatic_not_manually_verified,prostate_oncology,2,Prostatic Neoplasms,C0376358,D011471,1036,1730,DB00990,exemestane,CYP19A1|1588|pool:43434,CYP19A1,1588,43434,1,26.671163069544363,11.5669964028777,32.166409729359366,10,False,False,True,exact_or_named_subtype,2,PHASE2,NCT00031889;NCT06630325,https://clinicaltrials.gov/study/NCT00031889;https://clinicaltrials.gov/study/NCT06630325,Exemestane With or Without Bicalutamide in Treating Patients With Stage IV Prostate Cancer,Automatic exact-normalized intervention and mapped-condition Phase II/III registry match; not a manual efficacy assessment.,all_motifs_fda_or_phase2_3.csv
216,afcf3e97407b8cb02119,automatic_phase2_3_registry_match,automatic_not_manually_verified,prostate_oncology,2,Prostatic Neoplasms,C0376358,D011471,1045,1739,DB00947,fulvestrant,ESR1|2099|pool:2187,ESR1,2099,2187,1,8.044278862624186,5.407995032545393,18.127997601918462,10,False,False,True,exact_or_named_subtype,6,PHASE1|PHASE2;PHASE2,NCT00217464;NCT00244998;NCT00476645;NCT04606446;NCT07288359;NCT07570966,https://clinicaltrials.gov/study/NCT00217464;https://clinicaltrials.gov/study/NCT00244998;https://clinicaltrials.gov/study/NCT00476645;https://clinicaltrials.gov/study/NCT04606446;https://clinicaltrials.gov/study/NCT07288359;https://clinicaltrials.gov/study/NCT07570966,Fulvestrant in Treating Patients With Recurrent Prostate Cancer,Automatic exact-normalized intervention and mapped-condition Phase II/III registry match; not a manual efficacy assessment.,all_motifs_fda_or_phase2_3.csv
217,831e9b9346a027abf9ca,automatic_phase2_3_registry_match,automatic_not_manually_verified,prostate_oncology,2,Prostatic Neoplasms,C0376358,D011471,193,887,DB00441,gemcitabine,TYMS|7298|pool:36867,TYMS,7298,36867,1,16.176344638574854,11.555220109626584,18.06643970537856,10,False,False,True,exact_or_named_subtype,3,PHASE1|PHASE2;PHASE2,NCT00115635;NCT02538432;NCT06630325,https://clinicaltrials.gov/study/NCT00115635;https://clinicaltrials.gov/study/NCT02538432;https://clinicaltrials.gov/study/NCT06630325,Docetaxel and Gemcitabine in Hormonal Refractory Metastatic Prostate Cancer,Automatic exact-normalized intervention and mapped-condition Phase II/III registry match; not a manual efficacy assessment.,all_motifs_fda_or_phase2_3.csv
218,178bf46fc06f5f42913f,automatic_phase2_3_registry_match,automatic_not_manually_verified,prostate_oncology,2,Prostatic Neoplasms,C0376358,D011471,372,1066,DB00741,hydrocortisone,NR3C1|2908|pool:2929,NR3C1,2908,2929,1,1.6272696128811237,0.7884763617677287,9.56984412470024,10,False,False,True,exact_or_named_subtype,7,PHASE1|PHASE2;PHASE2;PHASE3,NCT00181597;NCT00859781;NCT00895310;NCT00953576;NCT01036594;NCT06136624;NCT06136650,https://clinicaltrials.gov/study/NCT00181597;https://clinicaltrials.gov/study/NCT00859781;https://clinicaltrials.gov/study/NCT00895310;https://clinicaltrials.gov/study/NCT00953576;https://clinicaltrials.gov/study/NCT01036594;https://clinicaltrials.gov/study/NCT06136624;https://clinicaltrials.gov/study/NCT06136650,Trilostane for Androgen-Independent Prostate Cancer,Automatic exact-normalized intervention and mapped-condition Phase II/III registry match; not a manual efficacy assessment.,all_motifs_fda_or_phase2_3.csv
219,90db5324162ae855c937,automatic_phase2_3_registry_match,automatic_not_manually_verified,prostate_oncology,2,Prostatic Neoplasms,C0376358,D011471,567,1261,DB01050,ibuprofen,PTGS2|5743|pool:12045; PPARA|5465|pool:4190; BCL2|596|pool:3448,PTGS2; PPARA; BCL2,5743; 5465; 596,12045;4190;3448,3,2.307082905104488,0.9019570058239124,5.393007022953066,10,False,False,True,exact_or_named_subtype,1,PHASE1|PHASE2,NCT03493945,https://clinicaltrials.gov/study/NCT03493945,"Phase I/II Study of Immunotherapy Combination BN-Brachyury Vaccine, M7824, N-803 and Epacadostat (QuEST1)",Automatic exact-normalized intervention and mapped-condition Phase II/III registry match; not a manual efficacy assessment.,all_motifs_fda_or_phase2_3.csv
220,678d2edc19003e7141a0,automatic_phase2_3_registry_match,automatic_not_manually_verified,prostate_oncology,2,Prostatic Neoplasms,C0376358,D011471,121,815,DB00328,indomethacin,PTGS2|5743|pool:10524; PPARA|5465|pool:4149,PTGS2; PPARA,5743; 5465,10524;4149,2,4.243747858855773,1.2033230558410415,7.144998287084618,10,False,False,True,exact_or_named_subtype,2,PHASE1|PHASE2;PHASE2,NCT02849990;NCT02935205,https://clinicaltrials.gov/study/NCT02849990;https://clinicaltrials.gov/study/NCT02935205,"A Phase II Neoadjuvant Study of Apalutamide, Abiraterone Acetate, Prednisone, Degarelix and Indomethacin in Men With Localized Prostate Cancer Pre-prostatectomy",Automatic exact-normalized intervention and mapped-condition Phase II/III registry match; not a manual efficacy assessment.,all_motifs_fda_or_phase2_3.csv
221,3bf355fd3cb7a51db237,automatic_phase2_3_registry_match,automatic_not_manually_verified,prostate_oncology,2,Prostatic Neoplasms,C0376358,D011471,554,1248,DB01026,ketoconazole,CYP19A1|1588|pool:43393,CYP19A1,1588,43393,1,23.62645597807468,11.257065775950668,42.89086587872559,10,False,False,True,exact_or_named_subtype,20,PHASE1|PHASE2;PHASE2;PHASE3,NCT00002760;NCT00002855;NCT00003084;NCT00006371;NCT00014352;NCT00019695;NCT00024167;NCT00027859;NCT00030654;NCT00309894;NCT00447473;NCT00460031;NCT00536991;NCT00586898;NCT00859781;NCT00895310;NCT00953576;NCT01036594;NCT02494713;NCT02560051,https://clinicaltrials.gov/study/NCT00002760;https://clinicaltrials.gov/study/NCT00002855;https://clinicaltrials.gov/study/NCT00003084;https://clinicaltrials.gov/study/NCT00006371;https://clinicaltrials.gov/study/NCT00014352;https://clinicaltrials.gov/study/NCT00019695;https://clinicaltrials.gov/study/NCT00024167;https://clinicaltrials.gov/study/NCT00027859;https://clinicaltrials.gov/study/NCT00030654;https://clinicaltrials.gov/study/NCT00309894;https://clinicaltrials.gov/study/NCT00447473;https://clinicaltrials.gov/study/NCT00460031;https://clinicaltrials.gov/study/NCT00536991;https://clinicaltrials.gov/study/NCT00586898;https://clinicaltrials.gov/study/NCT00859781;https://clinicaltrials.gov/study/NCT00895310;https://clinicaltrials.gov/study/NCT00953576;https://clinicaltrials.gov/study/NCT01036594;https://clinicaltrials.gov/study/NCT02494713;https://clinicaltrials.gov/study/NCT02560051,Antiandrogen Withdrawal in Treating Patients With Hormone-Refractory Prostate Cancer,Automatic exact-normalized intervention and mapped-condition Phase II/III registry match; not a manual efficacy assessment.,all_motifs_fda_or_phase2_3.csv
222,9cec6838d2913d6b991b,automatic_phase2_3_registry_match,automatic_not_manually_verified,prostate_oncology,2,Prostatic Neoplasms,C0376358,D011471,593,1287,DB01097,leflunomide,AHR|196|pool:20229,AHR,196,20229,1,51.62512846865365,37.07658872901679,62.42184823569716,9,False,False,True,exact_or_named_subtype,1,PHASE2|PHASE3,NCT00004071,https://clinicaltrials.gov/study/NCT00004071,Mitoxantrone and Prednisone With or Without Leflunomide in Treating Patients With Stage IV Prostate Cancer,Automatic exact-normalized intervention and mapped-condition Phase II/III registry match; not a manual efficacy assessment.,all_motifs_fda_or_phase2_3.csv
223,b0eda47e645fabe2fd0a,automatic_phase2_3_registry_match,automatic_not_manually_verified,prostate_oncology,2,Prostatic Neoplasms,C0376358,D011471,216,910,DB00480,lenalidomide,PTGS2|5743|pool:10707,PTGS2,5743,10707,1,3.9803871188763273,1.3077038369304557,7.0609583761562185,10,False,False,True,exact_or_named_subtype,5,PHASE1|PHASE2;PHASE2;PHASE3,NCT00460031;NCT00939510;NCT00942578;NCT00988208;NCT01093183,https://clinicaltrials.gov/study/NCT00460031;https://clinicaltrials.gov/study/NCT00939510;https://clinicaltrials.gov/study/NCT00942578;https://clinicaltrials.gov/study/NCT00988208;https://clinicaltrials.gov/study/NCT01093183,Treating Patients With Prostate Cancer That Did Not Respond to Hormone Therapy,Automatic exact-normalized intervention and mapped-condition Phase II/III registry match; not a manual efficacy assessment.,all_motifs_fda_or_phase2_3.csv
224,c210636eac5876d55e07,automatic_phase2_3_registry_match,automatic_not_manually_verified,prostate_oncology,2,Prostatic Neoplasms,C0376358,D011471,1057,1751,DB01006,letrozole,CYP19A1|1588|pool:43454,CYP19A1,1588,43454,1,18.01130524152107,10.395790510448784,26.28308067831449,9,False,False,True,exact_or_named_subtype,4,PHASE1|PHASE2;PHASE2,NCT04606446;NCT06630325;NCT07288359;NCT07570966,https://clinicaltrials.gov/study/NCT04606446;https://clinicaltrials.gov/study/NCT06630325;https://clinicaltrials.gov/study/NCT07288359;https://clinicaltrials.gov/study/NCT07570966,Study of PF-07248144 in Advanced or Metastatic Solid Tumors,Automatic exact-normalized intervention and mapped-condition Phase II/III registry match; not a manual efficacy assessment.,all_motifs_fda_or_phase2_3.csv
225,01604954dcf078d34dca,automatic_phase2_3_registry_match,automatic_not_manually_verified,prostate_oncology,2,Prostatic Neoplasms,C0376358,D011471,421,1115,DB00814,meloxicam,PTGS2|5743|pool:11438,PTGS2,5743,11438,1,5.238309352517986,1.91685936964714,8.403991092840013,10,False,False,True,exact_or_named_subtype,1,PHASE3,NCT00152919,https://clinicaltrials.gov/study/NCT00152919,Mobicox: Study of Meloxicam to Reduce Prostate Swelling in Permanent Seed Prostate Brachytherapy,Automatic exact-normalized intervention and mapped-condition Phase II/III registry match; not a manual efficacy assessment.,all_motifs_fda_or_phase2_3.csv
226,8588c31cdcf498afdd65,automatic_phase2_3_registry_match,automatic_not_manually_verified,prostate_oncology,2,Prostatic Neoplasms,C0376358,D011471,505,1199,DB00959,methylprednisolone,NR3C1|2908|pool:3041,NR3C1,2908,3041,1,2.284600890715999,1.1958290510448784,10.629175231243575,10,False,False,True,exact_or_named_subtype,2,PHASE3,NCT00003682;NCT02887976,https://clinicaltrials.gov/study/NCT00003682;https://clinicaltrials.gov/study/NCT02887976,Methylprednisolone With or Without Doxorubicin in Treating Patients With Metastatic Prostate Cancer,Automatic exact-normalized intervention and mapped-condition Phase II/III registry match; not a manual efficacy assessment.,all_motifs_fda_or_phase2_3.csv
227,ffde851c7916ad910e03,automatic_phase2_3_registry_match,automatic_not_manually_verified,prostate_oncology,2,Prostatic Neoplasms,C0376358,D011471,480,1174,DB00916,metronidazole,CYP3A4|1576|pool:34703,CYP3A4,1576,34703,1,13.638018156903048,9.412470023980816,19.982763788968825,10,False,False,True,exact_or_named_subtype,1,PHASE2,NCT06616597,https://clinicaltrials.gov/study/NCT06616597,Trial Targeting Gut Bacterial Androgen Production to Reverse Therapeutic Resistance to Abiraterone in Patients With Metastatic Prostate Cancer,Automatic exact-normalized intervention and mapped-condition Phase II/III registry match; not a manual efficacy assessment.,all_motifs_fda_or_phase2_3.csv
228,3b6087fcbccbc0eff95f,automatic_phase2_3_registry_match,automatic_not_manually_verified,prostate_oncology,2,Prostatic Neoplasms,C0376358,D011471,430,1124,DB00834,mifepristone,NR3C1|2908|pool:2957,NR3C1,2908,2957,1,6.923389859540938,4.653241692360397,13.048668208290511,10,False,False,True,exact_or_named_subtype,2,PHASE1|PHASE2;PHASE2,NCT00140478;NCT02012296,https://clinicaltrials.gov/study/NCT00140478;https://clinicaltrials.gov/study/NCT02012296,Mifepristone (RU-486) in Androgen Independent Prostate Cancer,Automatic exact-normalized intervention and mapped-condition Phase II/III registry match; not a manual efficacy assessment.,all_motifs_fda_or_phase2_3.csv
229,9cdf4a3dd16e076c4c62,automatic_phase2_3_registry_match,automatic_not_manually_verified,prostate_oncology,2,Prostatic Neoplasms,C0376358,D011471,547,1241,DB01017,minocycline,MMP9|4318|pool:19784; VEGFA|7422|pool:22101,MMP9; VEGFA,4318; 7422,19784;22101,2,21.32472593353889,17.27956920178143,54.69981157930798,10,False,False,True,exact_or_named_subtype,1,PHASE3,NCT02928692,https://clinicaltrials.gov/study/NCT02928692,Minocycline Attenuate Postoperative Cognitive Dysfunction and Delirium,Automatic exact-normalized intervention and mapped-condition Phase II/III registry match; not a manual efficacy assessment.,all_motifs_fda_or_phase2_3.csv
230,4579c6cbabc0d20bc207,automatic_phase2_3_registry_match,automatic_not_manually_verified,prostate_oncology,2,Prostatic Neoplasms,C0376358,D011471,896,1590,DB08893,mirabegron,ADRB2|154|pool:26910,ADRB2,154,26910,1,4.157031517643029,4.003404419321686,19.82485440219253,10,False,False,True,exact_or_named_subtype,1,PHASE2,NCT03600766,https://clinicaltrials.gov/study/NCT03600766,Mirabegron for Treatment of Erectile Dysfunction in Patients With LUTS Secondry to BPH: A Randomized Study,Automatic exact-normalized intervention and mapped-condition Phase II/III registry match; not a manual efficacy assessment.,all_motifs_fda_or_phase2_3.csv
231,bde35db545f28225819b,automatic_phase2_3_registry_match,automatic_not_manually_verified,prostate_oncology,2,Prostatic Neoplasms,C0376358,D011471,403,1097,DB00788,naproxen,PTGS2|5743|pool:11317,PTGS2,5743,11317,1,4.010363138060979,1.1219595751969853,6.902513703323056,10,False,False,True,exact_or_named_subtype,1,PHASE1|PHASE2,NCT03493945,https://clinicaltrials.gov/study/NCT03493945,"Phase I/II Study of Immunotherapy Combination BN-Brachyury Vaccine, M7824, N-803 and Epacadostat (QuEST1)",Automatic exact-normalized intervention and mapped-condition Phase II/III registry match; not a manual efficacy assessment.,all_motifs_fda_or_phase2_3.csv
232,d3af6082fcc8d6ecad81,automatic_phase2_3_registry_match,automatic_not_manually_verified,prostate_oncology,2,Prostatic Neoplasms,C0376358,D011471,680,1374,DB01229,paclitaxel,BCL2|596|pool:3474,BCL2,596,3474,1,17.813249400479616,8.685016272696128,22.820850462487154,10,False,False,True,exact_or_named_subtype,18,PHASE1|PHASE2;PHASE2;PHASE3,NCT00003084;NCT00003394;NCT00003614;NCT00003622;NCT00003717;NCT00004054;NCT00005028;NCT00005847;NCT00016913;NCT00028769;NCT00030654;NCT00049257;NCT00084565;NCT00151060;NCT00193193;NCT01558492;NCT04644068;NCT05652686,https://clinicaltrials.gov/study/NCT00003084;https://clinicaltrials.gov/study/NCT00003394;https://clinicaltrials.gov/study/NCT00003614;https://clinicaltrials.gov/study/NCT00003622;https://clinicaltrials.gov/study/NCT00003717;https://clinicaltrials.gov/study/NCT00004054;https://clinicaltrials.gov/study/NCT00005028;https://clinicaltrials.gov/study/NCT00005847;https://clinicaltrials.gov/study/NCT00016913;https://clinicaltrials.gov/study/NCT00028769;https://clinicaltrials.gov/study/NCT00030654;https://clinicaltrials.gov/study/NCT00049257;https://clinicaltrials.gov/study/NCT00084565;https://clinicaltrials.gov/study/NCT00151060;https://clinicaltrials.gov/study/NCT00193193;https://clinicaltrials.gov/study/NCT01558492;https://clinicaltrials.gov/study/NCT04644068;https://clinicaltrials.gov/study/NCT05652686,Combination Chemotherapy With Ketoconazole in Treating Patients With Prostate Cancer,Automatic exact-normalized intervention and mapped-condition Phase II/III registry match; not a manual efficacy assessment.,all_motifs_fda_or_phase2_3.csv
233,3b77dc97e522f8344982,automatic_phase2_3_registry_match,automatic_not_manually_verified,prostate_oncology,2,Prostatic Neoplasms,C0376358,D011471,1081,1775,DB00910,paricalcitol,VDR|7421|pool:20808,VDR,7421,20808,1,25.556697499143542,18.292865707434053,32.51595152449469,10,False,False,True,exact_or_named_subtype,1,PHASE2,NCT00634582,https://clinicaltrials.gov/study/NCT00634582,Paricalcitol in Treating Patients With Advanced Prostate Cancer and Bone Metastases,Automatic exact-normalized intervention and mapped-condition Phase II/III registry match; not a manual efficacy assessment.,all_motifs_fda_or_phase2_3.csv
234,349e01fc6fc0fab7cde9,automatic_phase2_3_registry_match,automatic_not_manually_verified,prostate_oncology,2,Prostatic Neoplasms,C0376358,D011471,617,1311,DB01132,pioglitazone,PPARA|5465|pool:4201,PPARA,5465,4201,1,22.02166837958205,19.19535799931484,28.251862795477905,10,False,False,True,exact_or_named_subtype,1,PHASE2,NCT00427999,https://clinicaltrials.gov/study/NCT00427999,Combined Antiinflammatory and Angiostatic Therapy in Patients With Hormone-refractory Prostate Cancer,Automatic exact-normalized intervention and mapped-condition Phase II/III registry match; not a manual efficacy assessment.,all_motifs_fda_or_phase2_3.csv
235,ae7e262357ee7ac6217f,automatic_phase2_3_registry_match,automatic_not_manually_verified,prostate_oncology,2,Prostatic Neoplasms,C0376358,D011471,448,1142,DB00860,prednisolone,NR3C1|2908|pool:2999,NR3C1,2908,2999,1,2.165767386091127,0.3773766700924974,8.661463686193903,9,False,False,True,exact_or_named_subtype,12,PHASE1|PHASE2;PHASE2;PHASE2|PHASE3;PHASE3,NCT00268476;NCT00498797;NCT00554918;NCT01485861;NCT01685983;NCT01756638;NCT01795703;NCT02288247;NCT03834519;NCT04736108;NCT07005154;NCT07553988,https://clinicaltrials.gov/study/NCT00268476;https://clinicaltrials.gov/study/NCT00498797;https://clinicaltrials.gov/study/NCT00554918;https://clinicaltrials.gov/study/NCT01485861;https://clinicaltrials.gov/study/NCT01685983;https://clinicaltrials.gov/study/NCT01756638;https://clinicaltrials.gov/study/NCT01795703;https://clinicaltrials.gov/study/NCT02288247;https://clinicaltrials.gov/study/NCT03834519;https://clinicaltrials.gov/study/NCT04736108;https://clinicaltrials.gov/study/NCT07005154;https://clinicaltrials.gov/study/NCT07553988,Systemic Therapy in Advancing or Metastatic Prostate Cancer: Evaluation of Drug Efficacy,Automatic exact-normalized intervention and mapped-condition Phase II/III registry match; not a manual efficacy assessment.,all_motifs_fda_or_phase2_3.csv
236,9728d7920ee49b4bf215,automatic_phase2_3_registry_match,automatic_not_manually_verified,prostate_oncology,2,Prostatic Neoplasms,C0376358,D011471,303,997,DB00635,prednisone,NR3C1|2908|pool:2887,NR3C1,2908,2887,1,1.7996317231928742,0.3586416581020897,12.440047961630697,10,False,False,True,exact_or_named_subtype,190,PHASE1|PHASE2;PHASE2;PHASE2|PHASE3;PHASE3,NCT00003232;NCT00003343;NCT00004001;NCT00004071;NCT00004124;NCT00024167;NCT00058084;NCT00069745;NCT00087165;NCT00089609;NCT00110214;NCT00124566;NCT00132301;NCT00134056;NCT00137436;NCT00182741;NCT00255606;NCT00258388;NCT00268593;NCT00288080;NCT00293371;NCT00313482;NCT00313781;NCT00331344;NCT00348816;NCT00385827;NCT00411528;NCT00416533;NCT00417079;NCT00436839;NCT00436956;NCT00452387;NCT00459186;NCT00466440;NCT00485303;NCT00503984;NCT00514267;NCT00527124;NCT00537381;NCT00541281;NCT00544440;NCT00598858;NCT00627354;NCT00634647;NCT00642018;NCT00676650;NCT00683475;NCT00744497;NCT00770848;NCT00811031;NCT00879619;NCT00887198;NCT00924469;NCT00942578;NCT00988208;NCT00996502;NCT01023061;NCT01051570;NCT01083615;NCT01084655;NCT01088529;NCT01120470;NCT01145508;NCT01188187;NCT01193244;NCT01193257;NCT01204710;NCT01234025;NCT01254864;NCT01308567;NCT01309672;NCT01393730;NCT01424930;NCT01468532;NCT01469338;NCT01478308;NCT01485861;NCT01503229;NCT01517802;NCT01522443;NCT01553188;NCT01576172;NCT01578655;NCT01605227;NCT01637402;NCT01650194;NCT01666314;NCT01681433;NCT01683994;NCT01685125;NCT01685268;NCT01695135;NCT01715285;NCT01717053;NCT01717898;NCT01718353;NCT01750866;NCT01786265;NCT01848067;NCT01940276;NCT01946165;NCT01949337;NCT01994590;NCT01995058;NCT02034552;NCT02159690;NCT02217566;NCT02257736;NCT02268175;NCT02344017;NCT02379390;NCT02453009;NCT02494921;NCT02522715;NCT02685267;NCT02703623;NCT02758132;NCT02789878;NCT02807805;NCT02844582;NCT02849990;NCT02867020;NCT02903160;NCT02903368;NCT02949284;NCT02960022;NCT02961257;NCT02985957;NCT03007732;NCT03009981;NCT03012321;NCT03093272;NCT03098836;NCT03141671;NCT03279250;NCT03338790;NCT03356912;NCT03360721;NCT03414034;NCT03419234;NCT03436654;NCT03480646;NCT03565835;NCT03649841;NCT03678025;NCT03706365;NCT03748641;NCT03761225;NCT03777982;NCT03821792;NCT03827473;NCT03833921;NCT03834506;NCT03834519;NCT03860987;NCT03934840;NCT04056754;NCT04100018;NCT04175431;NCT04262154;NCT04267887;NCT04356430;NCT04446117;NCT04497844;NCT04556617;NCT04633252;NCT04734730;NCT04748042;NCT04887506;NCT04907227;NCT04947254;NCT05223582;NCT05689021;NCT05848011;NCT06136624;NCT06173362;NCT06329830;NCT06353386;NCT06378866;NCT06384222;NCT06392841;NCT06470243;NCT06500247;NCT06527690;NCT06650579;NCT06925737;NCT07005154;NCT07237269;NCT07620574;NCT07650240,https://clinicaltrials.gov/study/NCT00003232;https://clinicaltrials.gov/study/NCT00003343;https://clinicaltrials.gov/study/NCT00004001;https://clinicaltrials.gov/study/NCT00004071;https://clinicaltrials.gov/study/NCT00004124;https://clinicaltrials.gov/study/NCT00024167;https://clinicaltrials.gov/study/NCT00058084;https://clinicaltrials.gov/study/NCT00069745;https://clinicaltrials.gov/study/NCT00087165;https://clinicaltrials.gov/study/NCT00089609;https://clinicaltrials.gov/study/NCT00110214;https://clinicaltrials.gov/study/NCT00124566;https://clinicaltrials.gov/study/NCT00132301;https://clinicaltrials.gov/study/NCT00134056;https://clinicaltrials.gov/study/NCT00137436;https://clinicaltrials.gov/study/NCT00182741;https://clinicaltrials.gov/study/NCT00255606;https://clinicaltrials.gov/study/NCT00258388;https://clinicaltrials.gov/study/NCT00268593;https://clinicaltrials.gov/study/NCT00288080;https://clinicaltrials.gov/study/NCT00293371;https://clinicaltrials.gov/study/NCT00313482;https://clinicaltrials.gov/study/NCT00313781;https://clinicaltrials.gov/study/NCT00331344;https://clinicaltrials.gov/study/NCT00348816;https://clinicaltrials.gov/study/NCT00385827;https://clinicaltrials.gov/study/NCT00411528;https://clinicaltrials.gov/study/NCT00416533;https://clinicaltrials.gov/study/NCT00417079;https://clinicaltrials.gov/study/NCT00436839;https://clinicaltrials.gov/study/NCT00436956;https://clinicaltrials.gov/study/NCT00452387;https://clinicaltrials.gov/study/NCT00459186;https://clinicaltrials.gov/study/NCT00466440;https://clinicaltrials.gov/study/NCT00485303;https://clinicaltrials.gov/study/NCT00503984;https://clinicaltrials.gov/study/NCT00514267;https://clinicaltrials.gov/study/NCT00527124;https://clinicaltrials.gov/study/NCT00537381;https://clinicaltrials.gov/study/NCT00541281;https://clinicaltrials.gov/study/NCT00544440;https://clinicaltrials.gov/study/NCT00598858;https://clinicaltrials.gov/study/NCT00627354;https://clinicaltrials.gov/study/NCT00634647;https://clinicaltrials.gov/study/NCT00642018;https://clinicaltrials.gov/study/NCT00676650;https://clinicaltrials.gov/study/NCT00683475;https://clinicaltrials.gov/study/NCT00744497;https://clinicaltrials.gov/study/NCT00770848;https://clinicaltrials.gov/study/NCT00811031;https://clinicaltrials.gov/study/NCT00879619;https://clinicaltrials.gov/study/NCT00887198;https://clinicaltrials.gov/study/NCT00924469;https://clinicaltrials.gov/study/NCT00942578;https://clinicaltrials.gov/study/NCT00988208;https://clinicaltrials.gov/study/NCT00996502;https://clinicaltrials.gov/study/NCT01023061;https://clinicaltrials.gov/study/NCT01051570;https://clinicaltrials.gov/study/NCT01083615;https://clinicaltrials.gov/study/NCT01084655;https://clinicaltrials.gov/study/NCT01088529;https://clinicaltrials.gov/study/NCT01120470;https://clinicaltrials.gov/study/NCT01145508;https://clinicaltrials.gov/study/NCT01188187;https://clinicaltrials.gov/study/NCT01193244;https://clinicaltrials.gov/study/NCT01193257;https://clinicaltrials.gov/study/NCT01204710;https://clinicaltrials.gov/study/NCT01234025;https://clinicaltrials.gov/study/NCT01254864;https://clinicaltrials.gov/study/NCT01308567;https://clinicaltrials.gov/study/NCT01309672;https://clinicaltrials.gov/study/NCT01393730;https://clinicaltrials.gov/study/NCT01424930;https://clinicaltrials.gov/study/NCT01468532;https://clinicaltrials.gov/study/NCT01469338;https://clinicaltrials.gov/study/NCT01478308;https://clinicaltrials.gov/study/NCT01485861;https://clinicaltrials.gov/study/NCT01503229;https://clinicaltrials.gov/study/NCT01517802;https://clinicaltrials.gov/study/NCT01522443;https://clinicaltrials.gov/study/NCT01553188;https://clinicaltrials.gov/study/NCT01576172;https://clinicaltrials.gov/study/NCT01578655;https://clinicaltrials.gov/study/NCT01605227;https://clinicaltrials.gov/study/NCT01637402;https://clinicaltrials.gov/study/NCT01650194;https://clinicaltrials.gov/study/NCT01666314;https://clinicaltrials.gov/study/NCT01681433;https://clinicaltrials.gov/study/NCT01683994;https://clinicaltrials.gov/study/NCT01685125;https://clinicaltrials.gov/study/NCT01685268;https://clinicaltrials.gov/study/NCT01695135;https://clinicaltrials.gov/study/NCT01715285;https://clinicaltrials.gov/study/NCT01717053;https://clinicaltrials.gov/study/NCT01717898;https://clinicaltrials.gov/study/NCT01718353;https://clinicaltrials.gov/study/NCT01750866;https://clinicaltrials.gov/study/NCT01786265;https://clinicaltrials.gov/study/NCT01848067;https://clinicaltrials.gov/study/NCT01940276;https://clinicaltrials.gov/study/NCT01946165;https://clinicaltrials.gov/study/NCT01949337;https://clinicaltrials.gov/study/NCT01994590;https://clinicaltrials.gov/study/NCT01995058;https://clinicaltrials.gov/study/NCT02034552;https://clinicaltrials.gov/study/NCT02159690;https://clinicaltrials.gov/study/NCT02217566;https://clinicaltrials.gov/study/NCT02257736;https://clinicaltrials.gov/study/NCT02268175;https://clinicaltrials.gov/study/NCT02344017;https://clinicaltrials.gov/study/NCT02379390;https://clinicaltrials.gov/study/NCT02453009;https://clinicaltrials.gov/study/NCT02494921;https://clinicaltrials.gov/study/NCT02522715;https://clinicaltrials.gov/study/NCT02685267;https://clinicaltrials.gov/study/NCT02703623;https://clinicaltrials.gov/study/NCT02758132;https://clinicaltrials.gov/study/NCT02789878;https://clinicaltrials.gov/study/NCT02807805;https://clinicaltrials.gov/study/NCT02844582;https://clinicaltrials.gov/study/NCT02849990;https://clinicaltrials.gov/study/NCT02867020;https://clinicaltrials.gov/study/NCT02903160;https://clinicaltrials.gov/study/NCT02903368;https://clinicaltrials.gov/study/NCT02949284;https://clinicaltrials.gov/study/NCT02960022;https://clinicaltrials.gov/study/NCT02961257;https://clinicaltrials.gov/study/NCT02985957;https://clinicaltrials.gov/study/NCT03007732;https://clinicaltrials.gov/study/NCT03009981;https://clinicaltrials.gov/study/NCT03012321;https://clinicaltrials.gov/study/NCT03093272;https://clinicaltrials.gov/study/NCT03098836;https://clinicaltrials.gov/study/NCT03141671;https://clinicaltrials.gov/study/NCT03279250;https://clinicaltrials.gov/study/NCT03338790;https://clinicaltrials.gov/study/NCT03356912;https://clinicaltrials.gov/study/NCT03360721;https://clinicaltrials.gov/study/NCT03414034;https://clinicaltrials.gov/study/NCT03419234;https://clinicaltrials.gov/study/NCT03436654;https://clinicaltrials.gov/study/NCT03480646;https://clinicaltrials.gov/study/NCT03565835;https://clinicaltrials.gov/study/NCT03649841;https://clinicaltrials.gov/study/NCT03678025;https://clinicaltrials.gov/study/NCT03706365;https://clinicaltrials.gov/study/NCT03748641;https://clinicaltrials.gov/study/NCT03761225;https://clinicaltrials.gov/study/NCT03777982;https://clinicaltrials.gov/study/NCT03821792;https://clinicaltrials.gov/study/NCT03827473;https://clinicaltrials.gov/study/NCT03833921;https://clinicaltrials.gov/study/NCT03834506;https://clinicaltrials.gov/study/NCT03834519;https://clinicaltrials.gov/study/NCT03860987;https://clinicaltrials.gov/study/NCT03934840;https://clinicaltrials.gov/study/NCT04056754;https://clinicaltrials.gov/study/NCT04100018;https://clinicaltrials.gov/study/NCT04175431;https://clinicaltrials.gov/study/NCT04262154;https://clinicaltrials.gov/study/NCT04267887;https://clinicaltrials.gov/study/NCT04356430;https://clinicaltrials.gov/study/NCT04446117;https://clinicaltrials.gov/study/NCT04497844;https://clinicaltrials.gov/study/NCT04556617;https://clinicaltrials.gov/study/NCT04633252;https://clinicaltrials.gov/study/NCT04734730;https://clinicaltrials.gov/study/NCT04748042;https://clinicaltrials.gov/study/NCT04887506;https://clinicaltrials.gov/study/NCT04907227;https://clinicaltrials.gov/study/NCT04947254;https://clinicaltrials.gov/study/NCT05223582;https://clinicaltrials.gov/study/NCT05689021;https://clinicaltrials.gov/study/NCT05848011;https://clinicaltrials.gov/study/NCT06136624;https://clinicaltrials.gov/study/NCT06173362;https://clinicaltrials.gov/study/NCT06329830;https://clinicaltrials.gov/study/NCT06353386;https://clinicaltrials.gov/study/NCT06378866;https://clinicaltrials.gov/study/NCT06384222;https://clinicaltrials.gov/study/NCT06392841;https://clinicaltrials.gov/study/NCT06470243;https://clinicaltrials.gov/study/NCT06500247;https://clinicaltrials.gov/study/NCT06527690;https://clinicaltrials.gov/study/NCT06650579;https://clinicaltrials.gov/study/NCT06925737;https://clinicaltrials.gov/study/NCT07005154;https://clinicaltrials.gov/study/NCT07237269;https://clinicaltrials.gov/study/NCT07620574;https://clinicaltrials.gov/study/NCT07650240,Combination Chemotherapy in Treating Pain in Hormone Refractory Metastatic Prostate Cancer,Automatic exact-normalized intervention and mapped-condition Phase II/III registry match; not a manual efficacy assessment.,all_motifs_fda_or_phase2_3.csv
237,a202c2e53faa42c33557,manual_strong_registry_review,manually_reviewed_strong,prostate_oncology,2,Prostatic Neoplasms,C0376358,D011471,267,961,DB00571,propranolol,ADRB2|154|pool:26436,ADRB2,154,26436,1,2.72674717368962,1.7059566632408358,7.393371017471736,10,False,False,True,exact_or_named_subtype,1,PHASE2,NCT05679193,https://clinicaltrials.gov/study/NCT05679193,,Propranolol is the active perioperative intervention in a Phase II prostate-cancer recurrence study that began in 2023.,ctgov_manually_reviewed_key_cases.csv
238,dd26824c5461de6d2fdc,automatic_phase2_3_registry_match,automatic_not_manually_verified,prostate_oncology,2,Prostatic Neoplasms,C0376358,D011471,891,1585,DB08877,ruxolitinib,JAK2|3717|pool:3318,JAK2,3717,3318,1,34.23903734155533,16.91396882494005,62.92127012675574,9,False,False,True,exact_or_named_subtype,2,PHASE1|PHASE2;PHASE2,NCT00638378;NCT06616155,https://clinicaltrials.gov/study/NCT00638378;https://clinicaltrials.gov/study/NCT06616155,Study of Ruxolitinib (INCB018424) Administered Orally to Patients With Androgen Independent Metastatic Prostate Cancer,Automatic exact-normalized intervention and mapped-condition Phase II/III registry match; not a manual efficacy assessment.,all_motifs_fda_or_phase2_3.csv
239,858b0dc05495d22942ce,automatic_phase2_3_registry_match,automatic_not_manually_verified,prostate_oncology,2,Prostatic Neoplasms,C0376358,D011471,165,859,DB00398,sorafenib,BRAF|673|pool:9524,BRAF,673,9524,1,21.79577766358342,7.636390887290168,33.54048903734155,10,False,False,True,exact_or_named_subtype,3,PHASE1|PHASE2;PHASE2,NCT00414388;NCT00452387;NCT00694291,https://clinicaltrials.gov/study/NCT00414388;https://clinicaltrials.gov/study/NCT00452387;https://clinicaltrials.gov/study/NCT00694291,Sorafenib to Overcome Resistance to Systemic Chemotherapy in Androgen-independent Prostate Cancer,Automatic exact-normalized intervention and mapped-condition Phase II/III registry match; not a manual efficacy assessment.,all_motifs_fda_or_phase2_3.csv
240,62403a723eb0e2beabb6,automatic_phase2_3_registry_match,automatic_not_manually_verified,prostate_oncology,2,Prostatic Neoplasms,C0376358,D011471,333,1027,DB00675,tamoxifen,ESR1|2099|pool:1557; SHBG|6462|pool:36717,ESR1; SHBG,2099; 6462,1557;36717,2,4.831491949297705,2.97458461801987,9.199426173347035,10,False,False,True,exact_or_named_subtype,4,PHASE2;PHASE3,NCT00233610;NCT00637871;NCT06630325;NCT07535905,https://clinicaltrials.gov/study/NCT00233610;https://clinicaltrials.gov/study/NCT00637871;https://clinicaltrials.gov/study/NCT06630325;https://clinicaltrials.gov/study/NCT07535905,Two Different Regimens of Nolvadex in Preventing Gynecomastia Induced by Casodex 150 mg in Patients With Prostate Cancer,Automatic exact-normalized intervention and mapped-condition Phase II/III registry match; not a manual efficacy assessment.,all_motifs_fda_or_phase2_3.csv
241,1e92f0df565d62817721,automatic_phase2_3_registry_match,automatic_not_manually_verified,prostate_oncology,2,Prostatic Neoplasms,C0376358,D011471,297,991,DB00624,testosterone,ESR1|2099|pool:1480,ESR1,2099,1480,1,4.862538540596095,2.8830507022953067,9.829457862281604,10,False,False,True,exact_or_named_subtype,1,PHASE2,NCT00577980,https://clinicaltrials.gov/study/NCT00577980,Testosterone in Castration-Resistant Prostate Cancer,Automatic exact-normalized intervention and mapped-condition Phase II/III registry match; not a manual efficacy assessment.,all_motifs_fda_or_phase2_3.csv
242,fc24a2eb72d9a4ba89d8,automatic_phase2_3_registry_match,automatic_not_manually_verified,prostate_oncology,2,Prostatic Neoplasms,C0376358,D011471,975,1669,DB13943,testosterone cypionate,ESR1|2099|pool:2055,ESR1,2099,2055,1,5.458847207947928,3.96593439534087,9.575196985268928,10,False,False,True,exact_or_named_subtype,13,PHASE2,NCT01750398;NCT02090114;NCT02286921;NCT03516812;NCT03554317;NCT04363164;NCT04424654;NCT04558866;NCT06039371;NCT06059118;NCT06100705;NCT06922318;NCT07142551,https://clinicaltrials.gov/study/NCT01750398;https://clinicaltrials.gov/study/NCT02090114;https://clinicaltrials.gov/study/NCT02286921;https://clinicaltrials.gov/study/NCT03516812;https://clinicaltrials.gov/study/NCT03554317;https://clinicaltrials.gov/study/NCT04363164;https://clinicaltrials.gov/study/NCT04424654;https://clinicaltrials.gov/study/NCT04558866;https://clinicaltrials.gov/study/NCT06039371;https://clinicaltrials.gov/study/NCT06059118;https://clinicaltrials.gov/study/NCT06100705;https://clinicaltrials.gov/study/NCT06922318;https://clinicaltrials.gov/study/NCT07142551,Bipolar Androgen-based Therapy for Prostate Cancer (BAT),Automatic exact-normalized intervention and mapped-condition Phase II/III registry match; not a manual efficacy assessment.,all_motifs_fda_or_phase2_3.csv
243,8a5f83fdef285cc5742c,automatic_phase2_3_registry_match,automatic_not_manually_verified,prostate_oncology,2,Prostatic Neoplasms,C0376358,D011471,601,1295,DB01108,trilostane,ESR1|2099|pool:1736,ESR1,2099,1736,1,6.883778691332648,4.261412298732442,12.731778862624186,10,False,False,True,exact_or_named_subtype,1,PHASE2,NCT00181597,https://clinicaltrials.gov/study/NCT00181597,Trilostane for Androgen-Independent Prostate Cancer,Automatic exact-normalized intervention and mapped-condition Phase II/III registry match; not a manual efficacy assessment.,all_motifs_fda_or_phase2_3.csv
244,415e6af8cddca2e973fe,automatic_phase2_3_registry_match,automatic_not_manually_verified,breast_oncology,6,Breast Neoplasms,C0006142,D001943,8,702,DB00122,Choline,BCHE|590|pool:32800,BCHE,590,32800,1,16.282331277834878,5.91330507022953,25.22589071599863,10,False,False,True,exact_or_named_subtype,1,PHASE2,NCT05076682,https://clinicaltrials.gov/study/NCT05076682,Reverse Triple Negative Immune Resistant Breast Cancer,Automatic exact-normalized intervention and mapped-condition Phase II/III registry match; not a manual efficacy assessment.,all_motifs_fda_or_phase2_3.csv
245,8051cacc64ea841140ab,automatic_phase2_3_registry_match,automatic_not_manually_verified,breast_oncology,6,Breast Neoplasms,C0006142,D001943,887,1581,DB08871,Eribulin,BCL2|596|pool:3579,BCL2,596,3579,1,30.5948098663926,14.361724905789654,40.79950325453923,10,False,False,True,exact_or_named_subtype,69,PHASE1|PHASE2;PHASE2;PHASE3,NCT01388647;NCT01401959;NCT01427933;NCT01498588;NCT01527487;NCT01554371;NCT01593020;NCT01596751;NCT01669252;NCT01705691;NCT01827787;NCT01912963;NCT01941407;NCT02035813;NCT02061085;NCT02215876;NCT02263495;NCT02299999;NCT02344472;NCT02396433;NCT02514681;NCT02555657;NCT02574455;NCT02623972;NCT02681523;NCT02723877;NCT02915744;NCT03032614;NCT03202316;NCT03222856;NCT03264547;NCT03637868;NCT03734029;NCT03786094;NCT03795012;NCT03901339;NCT04303741;NCT04464174;NCT04681911;NCT04745975;NCT04826016;NCT04913571;NCT04986579;NCT05063786;NCT05104866;NCT05402722;NCT05458674;NCT05570253;NCT05810870;NCT05824975;NCT06081959;NCT06102824;NCT06202313;NCT06268652;NCT06279364;NCT06308939;NCT06343948;NCT06382142;NCT06387628;NCT06435429;NCT06449222;NCT06519370;NCT06539559;NCT06731153;NCT06942234;NCT07007559;NCT07173751;NCT07255612;NCT07461454,https://clinicaltrials.gov/study/NCT01388647;https://clinicaltrials.gov/study/NCT01401959;https://clinicaltrials.gov/study/NCT01427933;https://clinicaltrials.gov/study/NCT01498588;https://clinicaltrials.gov/study/NCT01527487;https://clinicaltrials.gov/study/NCT01554371;https://clinicaltrials.gov/study/NCT01593020;https://clinicaltrials.gov/study/NCT01596751;https://clinicaltrials.gov/study/NCT01669252;https://clinicaltrials.gov/study/NCT01705691;https://clinicaltrials.gov/study/NCT01827787;https://clinicaltrials.gov/study/NCT01912963;https://clinicaltrials.gov/study/NCT01941407;https://clinicaltrials.gov/study/NCT02035813;https://clinicaltrials.gov/study/NCT02061085;https://clinicaltrials.gov/study/NCT02215876;https://clinicaltrials.gov/study/NCT02263495;https://clinicaltrials.gov/study/NCT02299999;https://clinicaltrials.gov/study/NCT02344472;https://clinicaltrials.gov/study/NCT02396433;https://clinicaltrials.gov/study/NCT02514681;https://clinicaltrials.gov/study/NCT02555657;https://clinicaltrials.gov/study/NCT02574455;https://clinicaltrials.gov/study/NCT02623972;https://clinicaltrials.gov/study/NCT02681523;https://clinicaltrials.gov/study/NCT02723877;https://clinicaltrials.gov/study/NCT02915744;https://clinicaltrials.gov/study/NCT03032614;https://clinicaltrials.gov/study/NCT03202316;https://clinicaltrials.gov/study/NCT03222856;https://clinicaltrials.gov/study/NCT03264547;https://clinicaltrials.gov/study/NCT03637868;https://clinicaltrials.gov/study/NCT03734029;https://clinicaltrials.gov/study/NCT03786094;https://clinicaltrials.gov/study/NCT03795012;https://clinicaltrials.gov/study/NCT03901339;https://clinicaltrials.gov/study/NCT04303741;https://clinicaltrials.gov/study/NCT04464174;https://clinicaltrials.gov/study/NCT04681911;https://clinicaltrials.gov/study/NCT04745975;https://clinicaltrials.gov/study/NCT04826016;https://clinicaltrials.gov/study/NCT04913571;https://clinicaltrials.gov/study/NCT04986579;https://clinicaltrials.gov/study/NCT05063786;https://clinicaltrials.gov/study/NCT05104866;https://clinicaltrials.gov/study/NCT05402722;https://clinicaltrials.gov/study/NCT05458674;https://clinicaltrials.gov/study/NCT05570253;https://clinicaltrials.gov/study/NCT05810870;https://clinicaltrials.gov/study/NCT05824975;https://clinicaltrials.gov/study/NCT06081959;https://clinicaltrials.gov/study/NCT06102824;https://clinicaltrials.gov/study/NCT06202313;https://clinicaltrials.gov/study/NCT06268652;https://clinicaltrials.gov/study/NCT06279364;https://clinicaltrials.gov/study/NCT06308939;https://clinicaltrials.gov/study/NCT06343948;https://clinicaltrials.gov/study/NCT06382142;https://clinicaltrials.gov/study/NCT06387628;https://clinicaltrials.gov/study/NCT06435429;https://clinicaltrials.gov/study/NCT06449222;https://clinicaltrials.gov/study/NCT06519370;https://clinicaltrials.gov/study/NCT06539559;https://clinicaltrials.gov/study/NCT06731153;https://clinicaltrials.gov/study/NCT06942234;https://clinicaltrials.gov/study/NCT07007559;https://clinicaltrials.gov/study/NCT07173751;https://clinicaltrials.gov/study/NCT07255612;https://clinicaltrials.gov/study/NCT07461454,"Study of Neoadjuvant Carboplatin, Eribulin and Trastuzumab for Operable HER2 Positive Breast Cancer",Automatic exact-normalized intervention and mapped-condition Phase II/III registry match; not a manual efficacy assessment.,all_motifs_fda_or_phase2_3.csv
246,459e1facbdbc3f4d72a8,automatic_phase2_3_registry_match,automatic_not_manually_verified,breast_oncology,6,Breast Neoplasms,C0006142,D001943,978,1672,DB09241,Methylene Blue,GUCY1A2|2977|pool:34342,GUCY1A2,2977,34342,1,47.525907845152446,29.07727389516958,50.93193302500856,9,False,False,True,exact_or_named_subtype,2,PHASE2,NCT00784849;NCT01276054,https://clinicaltrials.gov/study/NCT00784849;https://clinicaltrials.gov/study/NCT01276054,"Feasibility of One-Step Sentinel Lymph Node (SLN) Biopsy With Radiolabeled Methylene Blue (IND 70,627)",Automatic exact-normalized intervention and mapped-condition Phase II/III registry match; not a manual efficacy assessment.,all_motifs_fda_or_phase2_3.csv
247,c6a81190093aca4b5b65,automatic_phase2_3_registry_match,automatic_not_manually_verified,breast_oncology,6,Breast Neoplasms,C0006142,D001943,740,1434,DB01420,Testosterone Propionate,AR|367|pool:5689,AR,367,5689,1,10.106200753682767,6.123672490578966,13.784151250428229,10,False,False,True,exact_or_named_subtype,1,PHASE1|PHASE2,NCT01122342,https://clinicaltrials.gov/study/NCT01122342,Vaginal Testosterone Cream For Atrophic Vaginitis in Women Taking Aromatase Inhibitors for Breast Cancer.,Automatic exact-normalized intervention and mapped-condition Phase II/III registry match; not a manual efficacy assessment.,all_motifs_fda_or_phase2_3.csv
248,d4f73bec420597149cb0,automatic_phase2_3_registry_match,automatic_not_manually_verified,breast_oncology,6,Breast Neoplasms,C0006142,D001943,562,1256,DB01041,Thalidomide,PTGS2|5743|pool:11986; TNF|7124|pool:14020; FGFR2|2263|pool:25586,PTGS2; TNF; FGFR2,5743; 7124; 2263,11986;14020;25586,3,1.7932082905104487,0.4838985954093868,6.93141915039397,10,False,False,True,exact_or_named_subtype,2,PHASE2,NCT00193102;NCT02649101,https://clinicaltrials.gov/study/NCT00193102;https://clinicaltrials.gov/study/NCT02649101,Thalidomide in Combination With Capecitabine in Patients With Metastatic Breast Cancer,Automatic exact-normalized intervention and mapped-condition Phase II/III registry match; not a manual efficacy assessment.,all_motifs_fda_or_phase2_3.csv
249,dd2ef982e9d384914d13,automatic_phase2_3_registry_match,automatic_not_manually_verified,breast_oncology,6,Breast Neoplasms,C0006142,D001943,496,1190,DB00945,aspirin,PTGS2|5743|pool:11682; PTGS1|5742|pool:35223; TP53|7157|pool:4743,PTGS2; PTGS1; TP53,5743; 5742; 7157,11682;35223;4743,3,1.0727132579650565,0.1959146968139773,4.516208461801988,10,False,False,True,exact_or_named_subtype,6,PHASE2;PHASE3,NCT00263211;NCT01431053;NCT02927249;NCT03794596;NCT04038489;NCT04188119,https://clinicaltrials.gov/study/NCT00263211;https://clinicaltrials.gov/study/NCT01431053;https://clinicaltrials.gov/study/NCT02927249;https://clinicaltrials.gov/study/NCT03794596;https://clinicaltrials.gov/study/NCT04038489;https://clinicaltrials.gov/study/NCT04188119,A Study of the Effects of Inhibiting Platelet Function on Circulating Cancer Cells in Breast Cancer Patients,Automatic exact-normalized intervention and mapped-condition Phase II/III registry match; not a manual efficacy assessment.,all_motifs_fda_or_phase2_3.csv
250,e388bb74a07bfbf2df49,automatic_phase2_3_registry_match,automatic_not_manually_verified,breast_oncology,6,Breast Neoplasms,C0006142,D001943,838,1532,DB06401,bazedoxifene,ESR1|2099|pool:1951,ESR1,2099,1951,1,6.822756080849606,3.8663711887632752,12.501605858170606,10,False,False,True,exact_or_named_subtype,1,PHASE1|PHASE2,NCT02448771,https://clinicaltrials.gov/study/NCT02448771,A Study of Palbociclib in Combination With Bazedoxifene in Hormone Receptor Positive Breast Cancer,Automatic exact-normalized intervention and mapped-condition Phase II/III registry match; not a manual efficacy assessment.,all_motifs_fda_or_phase2_3.csv
251,388ec0a5de3b8438b49a,automatic_phase2_3_registry_match,automatic_not_manually_verified,breast_oncology,6,Breast Neoplasms,C0006142,D001943,105,799,DB00307,bexarotene,RXRB|6257|pool:8746,RXRB,6257,8746,1,49.49683110654334,36.17837872559095,65.7673860911271,9,False,False,True,exact_or_named_subtype,1,PHASE2,NCT00003752,https://clinicaltrials.gov/study/NCT00003752,Bexarotene in Treating Patients With Metastatic Breast Cancer,Automatic exact-normalized intervention and mapped-condition Phase II/III registry match; not a manual efficacy assessment.,all_motifs_fda_or_phase2_3.csv
252,faadd5fd58e1f05fbdda,automatic_phase2_3_registry_match,automatic_not_manually_verified,breast_oncology,6,Breast Neoplasms,C0006142,D001943,614,1308,DB01128,bicalutamide,AR|367|pool:5628,AR,367,5628,1,13.203365878725592,7.493469510106201,19.28903305926687,10,False,False,True,exact_or_named_subtype,11,PHASE1|PHASE2;PHASE2,NCT00468715;NCT02299999;NCT02348281;NCT02353988;NCT02605486;NCT02697032;NCT02910050;NCT03090165;NCT03650894;NCT05095207;NCT06365788,https://clinicaltrials.gov/study/NCT00468715;https://clinicaltrials.gov/study/NCT02299999;https://clinicaltrials.gov/study/NCT02348281;https://clinicaltrials.gov/study/NCT02353988;https://clinicaltrials.gov/study/NCT02605486;https://clinicaltrials.gov/study/NCT02697032;https://clinicaltrials.gov/study/NCT02910050;https://clinicaltrials.gov/study/NCT03090165;https://clinicaltrials.gov/study/NCT03650894;https://clinicaltrials.gov/study/NCT05095207;https://clinicaltrials.gov/study/NCT06365788,Bicalutamide in Treating Patients With Metastatic Breast Cancer,Automatic exact-normalized intervention and mapped-condition Phase II/III registry match; not a manual efficacy assessment.,all_motifs_fda_or_phase2_3.csv
253,24ec965ec287444c00bd,automatic_phase2_3_registry_match,automatic_not_manually_verified,breast_oncology,6,Breast Neoplasms,C0006142,D001943,846,1540,DB06616,bosutinib,ABL1|25|pool:4587,ABL1,25,4587,1,26.28789825282631,16.658102089756767,52.48747430626927,9,False,False,True,exact_or_named_subtype,3,PHASE1|PHASE2;PHASE2,NCT00793546;NCT00880009;NCT00959946,https://clinicaltrials.gov/study/NCT00793546;https://clinicaltrials.gov/study/NCT00880009;https://clinicaltrials.gov/study/NCT00959946,Study Evaluating Bosutinib-Exemestane Combination Vs Exemestane Alone in Post Menopausal Women With Breast Cancer,Automatic exact-normalized intervention and mapped-condition Phase II/III registry match; not a manual efficacy assessment.,all_motifs_fda_or_phase2_3.csv
254,219e71f7973f1a466718,automatic_phase2_3_registry_match,automatic_not_manually_verified,breast_oncology,6,Breast Neoplasms,C0006142,D001943,13,707,DB00136,calcitriol,VDR|7421|pool:20678,VDR,7421,20678,1,21.01640116478245,6.106008050702295,27.25730130181569,10,False,False,True,exact_or_named_subtype,2,PHASE2,NCT00904033;NCT01293682,https://clinicaltrials.gov/study/NCT00904033;https://clinicaltrials.gov/study/NCT01293682,"Calcitriol, Physical Activity, and Bone Health in Cancer Survivors",Automatic exact-normalized intervention and mapped-condition Phase II/III registry match; not a manual efficacy assessment.,all_motifs_fda_or_phase2_3.csv
255,2129c5c2710c2f890eff,automatic_phase2_3_registry_match,automatic_not_manually_verified,breast_oncology,6,Breast Neoplasms,C0006142,D001943,218,912,DB00482,celecoxib,PTGS2|5743|pool:10770,PTGS2,5743,10770,1,4.233042137718397,2.1748672490578964,7.451181911613566,10,False,False,True,exact_or_named_subtype,16,PHASE1|PHASE2;PHASE2;PHASE3,NCT00006381;NCT00045591;NCT00056082;NCT00088972;NCT00101062;NCT00201773;NCT00291694;NCT00305643;NCT00525096;NCT00665457;NCT01425476;NCT01695226;NCT02429427;NCT03084536;NCT03185871;NCT05756166,https://clinicaltrials.gov/study/NCT00006381;https://clinicaltrials.gov/study/NCT00045591;https://clinicaltrials.gov/study/NCT00056082;https://clinicaltrials.gov/study/NCT00088972;https://clinicaltrials.gov/study/NCT00101062;https://clinicaltrials.gov/study/NCT00201773;https://clinicaltrials.gov/study/NCT00291694;https://clinicaltrials.gov/study/NCT00305643;https://clinicaltrials.gov/study/NCT00525096;https://clinicaltrials.gov/study/NCT00665457;https://clinicaltrials.gov/study/NCT01425476;https://clinicaltrials.gov/study/NCT01695226;https://clinicaltrials.gov/study/NCT02429427;https://clinicaltrials.gov/study/NCT03084536;https://clinicaltrials.gov/study/NCT03185871;https://clinicaltrials.gov/study/NCT05756166,Celecoxib and Trastuzumab in Treating Women With Metastatic Breast Cancer,Automatic exact-normalized intervention and mapped-condition Phase II/III registry match; not a manual efficacy assessment.,all_motifs_fda_or_phase2_3.csv
256,c2fcbe24e0a0c1767575,automatic_phase2_3_registry_match,automatic_not_manually_verified,breast_oncology,6,Breast Neoplasms,C0006142,D001943,289,983,DB00608,chloroquine,TNF|7124|pool:13725,TNF,7124,13725,1,5.283273381294964,0.9115921548475504,24.48666067146283,10,False,False,True,exact_or_named_subtype,1,PHASE2,NCT02333890,https://clinicaltrials.gov/study/NCT02333890,"A Phase 2 Randomized, Double-blind Trial Evaluating the Effects of Chloroquine in Breast Cancer",Automatic exact-normalized intervention and mapped-condition Phase II/III registry match; not a manual efficacy assessment.,all_motifs_fda_or_phase2_3.csv
257,840ecd23b8d1e69401f8,automatic_phase2_3_registry_match,automatic_not_manually_verified,breast_oncology,6,Breast Neoplasms,C0006142,D001943,25,719,DB00169,cholecalciferol,VDR|7421|pool:20716,VDR,7421,20716,1,14.747130866735183,5.780554128126071,27.43180455635492,10,False,False,True,exact_or_named_subtype,4,PHASE1|PHASE2;PHASE2;PHASE3,NCT00859651;NCT01425476;NCT01608451;NCT02186015,https://clinicaltrials.gov/study/NCT00859651;https://clinicaltrials.gov/study/NCT01425476;https://clinicaltrials.gov/study/NCT01608451;https://clinicaltrials.gov/study/NCT02186015,Vitamin D in Postmenopausal Women at High Risk for Breast Cancer,Automatic exact-normalized intervention and mapped-condition Phase II/III registry match; not a manual efficacy assessment.,all_motifs_fda_or_phase2_3.csv
258,36fc452880d1f8f177b5,automatic_phase2_3_registry_match,automatic_not_manually_verified,breast_oncology,6,Breast Neoplasms,C0006142,D001943,243,937,DB00537,ciprofloxacin,TOP2A|7153|pool:22323,TOP2A,7153,22323,1,12.849006509078452,8.703751284686536,19.40840184994861,10,False,False,True,exact_or_named_subtype,1,PHASE3,NCT00590785,https://clinicaltrials.gov/study/NCT00590785,Phase III Comparison of Adjuvant Chemotherapy W/High-Dose Cyclophosphamide Plus Doxorubicin (AC) vs Sequential Doxorubicin Fol by Cyclophosphamide (A-C) in High,Automatic exact-normalized intervention and mapped-condition Phase II/III registry match; not a manual efficacy assessment.,all_motifs_fda_or_phase2_3.csv
259,1436b71c6b76d983f694,automatic_phase2_3_registry_match,automatic_not_manually_verified,breast_oncology,6,Breast Neoplasms,C0006142,D001943,4,698,DB00091,cyclosporine,SLCO1B1|10599|pool:43287,SLCO1B1,10599,43287,1,23.217497430626928,14.634185508735868,37.21790424803015,10,False,False,True,exact_or_named_subtype,5,PHASE1|PHASE2;PHASE2;PHASE3,NCT00008203;NCT00020176;NCT00074269;NCT00365287;NCT01105650,https://clinicaltrials.gov/study/NCT00008203;https://clinicaltrials.gov/study/NCT00020176;https://clinicaltrials.gov/study/NCT00074269;https://clinicaltrials.gov/study/NCT00365287;https://clinicaltrials.gov/study/NCT01105650,Comparison of Biological Therapies Following Combination Chemotherapy and Bone Marrow or Peripheral Stem Cell Transplantation in Women With Stage II or Stage II,Automatic exact-normalized intervention and mapped-condition Phase II/III registry match; not a manual efficacy assessment.,all_motifs_fda_or_phase2_3.csv
260,b025fba85547b70e20bc,automatic_phase2_3_registry_match,automatic_not_manually_verified,breast_oncology,6,Breast Neoplasms,C0006142,D001943,700,1394,DB01254,dasatinib,KIT|3815|pool:15324,KIT,3815,15324,1,12.168122644741349,5.592668722165125,24.34052757793765,9,False,False,True,exact_or_named_subtype,18,PHASE1|PHASE2;PHASE2,NCT00371254;NCT00371345;NCT00410813;NCT00546104;NCT00566618;NCT00696072;NCT00754325;NCT00780676;NCT00817531;NCT00903006;NCT00924352;NCT01306942;NCT01410708;NCT01471106;NCT02465060;NCT02720185;NCT05198843;NCT06355037,https://clinicaltrials.gov/study/NCT00371254;https://clinicaltrials.gov/study/NCT00371345;https://clinicaltrials.gov/study/NCT00410813;https://clinicaltrials.gov/study/NCT00546104;https://clinicaltrials.gov/study/NCT00566618;https://clinicaltrials.gov/study/NCT00696072;https://clinicaltrials.gov/study/NCT00754325;https://clinicaltrials.gov/study/NCT00780676;https://clinicaltrials.gov/study/NCT00817531;https://clinicaltrials.gov/study/NCT00903006;https://clinicaltrials.gov/study/NCT00924352;https://clinicaltrials.gov/study/NCT01306942;https://clinicaltrials.gov/study/NCT01410708;https://clinicaltrials.gov/study/NCT01471106;https://clinicaltrials.gov/study/NCT02465060;https://clinicaltrials.gov/study/NCT02720185;https://clinicaltrials.gov/study/NCT05198843;https://clinicaltrials.gov/study/NCT06355037,A Study of Dasatinib (BMS-354825) in Patients With Advanced 'Triple-negative' Breast Cancer,Automatic exact-normalized intervention and mapped-condition Phase II/III registry match; not a manual efficacy assessment.,all_motifs_fda_or_phase2_3.csv
261,0d481fea8d465a55eb88,automatic_phase2_3_registry_match,automatic_not_manually_verified,breast_oncology,6,Breast Neoplasms,C0006142,D001943,764,1458,DB01609,deferasirox,CYP3A4|1576|pool:34746,CYP3A4,1576,34746,1,15.50081363480644,10.524794450154165,19.59254025351148,10,False,False,True,exact_or_named_subtype,2,PHASE2,NCT00602446;NCT01159067,https://clinicaltrials.gov/study/NCT00602446;https://clinicaltrials.gov/study/NCT01159067,Deferasirox in Treating Patients With Iron Overload After Undergoing a Donor Stem Cell Transplant,Automatic exact-normalized intervention and mapped-condition Phase II/III registry match; not a manual efficacy assessment.,all_motifs_fda_or_phase2_3.csv
262,bfa057da4b57ed85587f,automatic_phase2_3_registry_match,automatic_not_manually_verified,breast_oncology,6,Breast Neoplasms,C0006142,D001943,240,934,DB00530,erlotinib,EGFR|1956|pool:1137,EGFR,1956,1137,1,37.68627954779034,25.10545135320315,50.98439105858171,9,False,False,True,exact_or_named_subtype,6,PHASE1|PHASE2;PHASE2,NCT00570258;NCT00597597;NCT00732810;NCT00834678;NCT01205685;NCT04591431,https://clinicaltrials.gov/study/NCT00570258;https://clinicaltrials.gov/study/NCT00597597;https://clinicaltrials.gov/study/NCT00732810;https://clinicaltrials.gov/study/NCT00834678;https://clinicaltrials.gov/study/NCT01205685;https://clinicaltrials.gov/study/NCT04591431,"Randomized, Double Blind Multicenter Phase II Study of Time to Progression on Fulvestrant in Combination With Erlotinib or Placebo in Hormone Receptor-Positive ",Automatic exact-normalized intervention and mapped-condition Phase II/III registry match; not a manual efficacy assessment.,all_motifs_fda_or_phase2_3.csv
263,3e5cfca6a26abd00ef99,automatic_phase2_3_registry_match,automatic_not_manually_verified,breast_oncology,6,Breast Neoplasms,C0006142,D001943,656,1350,DB01196,estramustine,ESR1|2099|pool:1818,ESR1,2099,1818,1,6.641829393627955,4.22287170263789,12.471094552929085,10,False,False,True,exact_or_named_subtype,2,PHASE2,NCT02853071;NCT02866955,https://clinicaltrials.gov/study/NCT02853071;https://clinicaltrials.gov/study/NCT02866955,Efficacy and Safety of Estracyt® in Metastatic Breast Cancer,Automatic exact-normalized intervention and mapped-condition Phase II/III registry match; not a manual efficacy assessment.,all_motifs_fda_or_phase2_3.csv
264,8ca98279e64650c64560,automatic_phase2_3_registry_match,automatic_not_manually_verified,breast_oncology,6,Breast Neoplasms,C0006142,D001943,394,1088,DB00773,etoposide,TOP2A|7153|pool:22343,TOP2A,7153,22343,1,7.744518670777664,6.255888146625557,12.08408273381295,10,False,False,True,exact_or_named_subtype,15,PHASE1|PHASE2;PHASE2;PHASE3,NCT00002509;NCT00002836;NCT00003269;NCT00004900;NCT00004906;NCT00006032;NCT00006260;NCT00012311;NCT00060255;NCT00693719;NCT00810017;NCT01492556;NCT01589159;NCT03923179;NCT06418594,https://clinicaltrials.gov/study/NCT00002509;https://clinicaltrials.gov/study/NCT00002836;https://clinicaltrials.gov/study/NCT00003269;https://clinicaltrials.gov/study/NCT00004900;https://clinicaltrials.gov/study/NCT00004906;https://clinicaltrials.gov/study/NCT00006032;https://clinicaltrials.gov/study/NCT00006260;https://clinicaltrials.gov/study/NCT00012311;https://clinicaltrials.gov/study/NCT00060255;https://clinicaltrials.gov/study/NCT00693719;https://clinicaltrials.gov/study/NCT00810017;https://clinicaltrials.gov/study/NCT01492556;https://clinicaltrials.gov/study/NCT01589159;https://clinicaltrials.gov/study/NCT03923179;https://clinicaltrials.gov/study/NCT06418594,High-Dose Combination Chemotherapy Followed by Peripheral Stem Cell Transplantation in Treating Patients With Poor-Prognosis Breast Cancer,Automatic exact-normalized intervention and mapped-condition Phase II/III registry match; not a manual efficacy assessment.,all_motifs_fda_or_phase2_3.csv
265,3b10a2ecb03440bb27a8,automatic_phase2_3_registry_match,automatic_not_manually_verified,breast_oncology,6,Breast Neoplasms,C0006142,D001943,112,806,DB00317,gefitinib,EGFR|1956|pool:1111,EGFR,1956,1111,1,45.15673175745118,33.062478588557724,64.41471822541966,10,False,False,True,exact_or_named_subtype,18,PHASE1|PHASE2;PHASE2;PHASE3,NCT00024154;NCT00049062;NCT00057941;NCT00066339;NCT00066378;NCT00077025;NCT00080743;NCT00082667;NCT00086957;NCT00229697;NCT00239343;NCT00247481;NCT00252811;NCT00255463;NCT00319618;NCT00357734;NCT00637026;NCT01732276,https://clinicaltrials.gov/study/NCT00024154;https://clinicaltrials.gov/study/NCT00049062;https://clinicaltrials.gov/study/NCT00057941;https://clinicaltrials.gov/study/NCT00066339;https://clinicaltrials.gov/study/NCT00066378;https://clinicaltrials.gov/study/NCT00077025;https://clinicaltrials.gov/study/NCT00080743;https://clinicaltrials.gov/study/NCT00082667;https://clinicaltrials.gov/study/NCT00086957;https://clinicaltrials.gov/study/NCT00229697;https://clinicaltrials.gov/study/NCT00239343;https://clinicaltrials.gov/study/NCT00247481;https://clinicaltrials.gov/study/NCT00252811;https://clinicaltrials.gov/study/NCT00255463;https://clinicaltrials.gov/study/NCT00319618;https://clinicaltrials.gov/study/NCT00357734;https://clinicaltrials.gov/study/NCT00637026;https://clinicaltrials.gov/study/NCT01732276,Trastuzumab and Gefitinib in Treating Patients With Metastatic Breast Cancer,Automatic exact-normalized intervention and mapped-condition Phase II/III registry match; not a manual efficacy assessment.,all_motifs_fda_or_phase2_3.csv
266,a112b14ca795defade47,automatic_phase2_3_registry_match,automatic_not_manually_verified,breast_oncology,6,Breast Neoplasms,C0006142,D001943,193,887,DB00441,gemcitabine,TYMS|7298|pool:36868,TYMS,7298,36868,1,13.648723878040425,6.845773381294964,30.094852689277147,10,False,False,True,exact_or_named_subtype,113,PHASE1|PHASE2;PHASE2;PHASE2|PHASE3;PHASE3,NCT00034489;NCT00063570;NCT00093795;NCT00110084;NCT00128310;NCT00128856;NCT00191152;NCT00191243;NCT00191269;NCT00191347;NCT00191373;NCT00191438;NCT00191451;NCT00191672;NCT00191789;NCT00191815;NCT00191854;NCT00192062;NCT00192101;NCT00193050;NCT00193063;NCT00193076;NCT00193206;NCT00201760;NCT00236899;NCT00244933;NCT00316199;NCT00320541;NCT00325234;NCT00334802;NCT00403130;NCT00431106;NCT00440622;NCT00450762;NCT00476827;NCT00480597;NCT00493636;NCT00503906;NCT00618826;NCT00623233;NCT00674206;NCT00754351;NCT00846027;NCT00894504;NCT01045304;NCT01201265;NCT01352494;NCT01815242;NCT01881230;NCT01939418;NCT02139358;NCT02213744;NCT02252887;NCT02263495;NCT02331251;NCT02393248;NCT02435680;NCT02489409;NCT02514681;NCT02538432;NCT02544243;NCT02555657;NCT02574455;NCT02632448;NCT02641847;NCT02755272;NCT02819518;NCT02915744;NCT02978716;NCT03025880;NCT03267316;NCT03371017;NCT03423849;NCT03674242;NCT03734029;NCT03901339;NCT04143906;NCT04191135;NCT04297267;NCT04464174;NCT04659603;NCT04681911;NCT04739670;NCT04745975;NCT04799249;NCT05007106;NCT05104866;NCT05181462;NCT05382286;NCT05382299;NCT05601440;NCT05809895;NCT05981001;NCT06026657;NCT06027268;NCT06081959;NCT06102824;NCT06103864;NCT06268652;NCT06343948;NCT06382142;NCT06435429;NCT06449222;NCT06492759;NCT06519370;NCT06531447;NCT06630325;NCT06841354;NCT06926868;NCT07007559;NCT07173751;NCT07366840;NCT07461454,https://clinicaltrials.gov/study/NCT00034489;https://clinicaltrials.gov/study/NCT00063570;https://clinicaltrials.gov/study/NCT00093795;https://clinicaltrials.gov/study/NCT00110084;https://clinicaltrials.gov/study/NCT00128310;https://clinicaltrials.gov/study/NCT00128856;https://clinicaltrials.gov/study/NCT00191152;https://clinicaltrials.gov/study/NCT00191243;https://clinicaltrials.gov/study/NCT00191269;https://clinicaltrials.gov/study/NCT00191347;https://clinicaltrials.gov/study/NCT00191373;https://clinicaltrials.gov/study/NCT00191438;https://clinicaltrials.gov/study/NCT00191451;https://clinicaltrials.gov/study/NCT00191672;https://clinicaltrials.gov/study/NCT00191789;https://clinicaltrials.gov/study/NCT00191815;https://clinicaltrials.gov/study/NCT00191854;https://clinicaltrials.gov/study/NCT00192062;https://clinicaltrials.gov/study/NCT00192101;https://clinicaltrials.gov/study/NCT00193050;https://clinicaltrials.gov/study/NCT00193063;https://clinicaltrials.gov/study/NCT00193076;https://clinicaltrials.gov/study/NCT00193206;https://clinicaltrials.gov/study/NCT00201760;https://clinicaltrials.gov/study/NCT00236899;https://clinicaltrials.gov/study/NCT00244933;https://clinicaltrials.gov/study/NCT00316199;https://clinicaltrials.gov/study/NCT00320541;https://clinicaltrials.gov/study/NCT00325234;https://clinicaltrials.gov/study/NCT00334802;https://clinicaltrials.gov/study/NCT00403130;https://clinicaltrials.gov/study/NCT00431106;https://clinicaltrials.gov/study/NCT00440622;https://clinicaltrials.gov/study/NCT00450762;https://clinicaltrials.gov/study/NCT00476827;https://clinicaltrials.gov/study/NCT00480597;https://clinicaltrials.gov/study/NCT00493636;https://clinicaltrials.gov/study/NCT00503906;https://clinicaltrials.gov/study/NCT00618826;https://clinicaltrials.gov/study/NCT00623233;https://clinicaltrials.gov/study/NCT00674206;https://clinicaltrials.gov/study/NCT00754351;https://clinicaltrials.gov/study/NCT00846027;https://clinicaltrials.gov/study/NCT00894504;https://clinicaltrials.gov/study/NCT01045304;https://clinicaltrials.gov/study/NCT01201265;https://clinicaltrials.gov/study/NCT01352494;https://clinicaltrials.gov/study/NCT01815242;https://clinicaltrials.gov/study/NCT01881230;https://clinicaltrials.gov/study/NCT01939418;https://clinicaltrials.gov/study/NCT02139358;https://clinicaltrials.gov/study/NCT02213744;https://clinicaltrials.gov/study/NCT02252887;https://clinicaltrials.gov/study/NCT02263495;https://clinicaltrials.gov/study/NCT02331251;https://clinicaltrials.gov/study/NCT02393248;https://clinicaltrials.gov/study/NCT02435680;https://clinicaltrials.gov/study/NCT02489409;https://clinicaltrials.gov/study/NCT02514681;https://clinicaltrials.gov/study/NCT02538432;https://clinicaltrials.gov/study/NCT02544243;https://clinicaltrials.gov/study/NCT02555657;https://clinicaltrials.gov/study/NCT02574455;https://clinicaltrials.gov/study/NCT02632448;https://clinicaltrials.gov/study/NCT02641847;https://clinicaltrials.gov/study/NCT02755272;https://clinicaltrials.gov/study/NCT02819518;https://clinicaltrials.gov/study/NCT02915744;https://clinicaltrials.gov/study/NCT02978716;https://clinicaltrials.gov/study/NCT03025880;https://clinicaltrials.gov/study/NCT03267316;https://clinicaltrials.gov/study/NCT03371017;https://clinicaltrials.gov/study/NCT03423849;https://clinicaltrials.gov/study/NCT03674242;https://clinicaltrials.gov/study/NCT03734029;https://clinicaltrials.gov/study/NCT03901339;https://clinicaltrials.gov/study/NCT04143906;https://clinicaltrials.gov/study/NCT04191135;https://clinicaltrials.gov/study/NCT04297267;https://clinicaltrials.gov/study/NCT04464174;https://clinicaltrials.gov/study/NCT04659603;https://clinicaltrials.gov/study/NCT04681911;https://clinicaltrials.gov/study/NCT04739670;https://clinicaltrials.gov/study/NCT04745975;https://clinicaltrials.gov/study/NCT04799249;https://clinicaltrials.gov/study/NCT05007106;https://clinicaltrials.gov/study/NCT05104866;https://clinicaltrials.gov/study/NCT05181462;https://clinicaltrials.gov/study/NCT05382286;https://clinicaltrials.gov/study/NCT05382299;https://clinicaltrials.gov/study/NCT05601440;https://clinicaltrials.gov/study/NCT05809895;https://clinicaltrials.gov/study/NCT05981001;https://clinicaltrials.gov/study/NCT06026657;https://clinicaltrials.gov/study/NCT06027268;https://clinicaltrials.gov/study/NCT06081959;https://clinicaltrials.gov/study/NCT06102824;https://clinicaltrials.gov/study/NCT06103864;https://clinicaltrials.gov/study/NCT06268652;https://clinicaltrials.gov/study/NCT06343948;https://clinicaltrials.gov/study/NCT06382142;https://clinicaltrials.gov/study/NCT06435429;https://clinicaltrials.gov/study/NCT06449222;https://clinicaltrials.gov/study/NCT06492759;https://clinicaltrials.gov/study/NCT06519370;https://clinicaltrials.gov/study/NCT06531447;https://clinicaltrials.gov/study/NCT06630325;https://clinicaltrials.gov/study/NCT06841354;https://clinicaltrials.gov/study/NCT06926868;https://clinicaltrials.gov/study/NCT07007559;https://clinicaltrials.gov/study/NCT07173751;https://clinicaltrials.gov/study/NCT07366840;https://clinicaltrials.gov/study/NCT07461454,A Phase II Study of a Combination of MTA (LY231514) and Gemcitabine in Patients With Metastatic Breast Cancer.,Automatic exact-normalized intervention and mapped-condition Phase II/III registry match; not a manual efficacy assessment.,all_motifs_fda_or_phase2_3.csv
267,f6a85349a7084e1bb771,automatic_phase2_3_registry_match,automatic_not_manually_verified,breast_oncology,6,Breast Neoplasms,C0006142,D001943,1046,1740,DB01296,glucosamine,TNF|7124|pool:14471; IL1B|3553|pool:34561; MMP9|4318|pool:19844,TNF; IL1B; MMP9,7124; 3553; 4318,14471;34561;19844,3,4.867891401164783,0.3763060979787598,25.20180284343953,10,False,False,True,exact_or_named_subtype,1,PHASE2,NCT00691678,https://clinicaltrials.gov/study/NCT00691678,Glucosamine and Chondroitin for Aromatase Inhibitor Induced Joint Symptoms in Women With Breast Cancer,Automatic exact-normalized intervention and mapped-condition Phase II/III registry match; not a manual efficacy assessment.,all_motifs_fda_or_phase2_3.csv
268,05d07bfd1866c1576ed5,automatic_phase2_3_registry_match,automatic_not_manually_verified,breast_oncology,6,Breast Neoplasms,C0006142,D001943,293,987,DB00619,imatinib,KIT|3815|pool:15304; ABL1|25|pool:4557,KIT; ABL1,3815; 25,15304;4557,2,15.409815005138746,6.5652834874957176,27.322606200753683,10,False,False,True,exact_or_named_subtype,1,PHASE2,NCT00193180,https://clinicaltrials.gov/study/NCT00193180,Docetaxel Plus Imatinib Mesylate in Metastatic Breast Cancer,Automatic exact-normalized intervention and mapped-condition Phase II/III registry match; not a manual efficacy assessment.,all_motifs_fda_or_phase2_3.csv
269,8ccd5637da8187b566b5,manual_strong_registry_review,manually_reviewed_strong,breast_oncology,6,Breast Neoplasms,C0006142,D001943,1213,1907,DB06202,lasofoxifene,ESR1|2099|pool:2296,ESR1,2099,2296,1,7.568944844124701,4.790810208975676,25.00695871873929,10,False,False,True,broader_category,2,PHASE2,NCT01042379;NCT03781063,https://clinicaltrials.gov/study/NCT01042379;https://clinicaltrials.gov/study/NCT03781063,,"Lasofoxifene is an active Phase II intervention in breast-cancer studies; the completed study concerns the narrower ER-positive, HER2-negative, ESR1-mutant subtype.",ctgov_manually_reviewed_key_cases.csv
270,9dcea7bb69cd90835161,automatic_phase2_3_registry_match,automatic_not_manually_verified,breast_oncology,6,Breast Neoplasms,C0006142,D001943,926,1620,DB09078,lenvatinib,KIT|3815|pool:15456; FGFR1|2260|pool:2509; KDR|3791|pool:1296,KIT; FGFR1; KDR,3815; 2260; 3791,15456;2509;1296,3,19.26922747516273,7.523445529290853,35.594916923603975,10,False,False,True,exact_or_named_subtype,6,PHASE1|PHASE2;PHASE2,NCT03168074;NCT03797326;NCT05007106;NCT06110793;NCT06140576;NCT06849492,https://clinicaltrials.gov/study/NCT03168074;https://clinicaltrials.gov/study/NCT03797326;https://clinicaltrials.gov/study/NCT05007106;https://clinicaltrials.gov/study/NCT06110793;https://clinicaltrials.gov/study/NCT06140576;https://clinicaltrials.gov/study/NCT06849492,Phase II Study of Single Agent Lenvatinib,Automatic exact-normalized intervention and mapped-condition Phase II/III registry match; not a manual efficacy assessment.,all_motifs_fda_or_phase2_3.csv
271,30acdc445abe20f6bf95,automatic_phase2_3_registry_match,automatic_not_manually_verified,breast_oncology,6,Breast Neoplasms,C0006142,D001943,314,1008,DB00650,leucovorin,TYMS|7298|pool:36909,TYMS,7298,36909,1,20.48967968482357,8.182917951353204,32.636926173347035,10,False,False,True,exact_or_named_subtype,7,PHASE1|PHASE2;PHASE2,NCT00001498;NCT01231802;NCT03175666;NCT03387085;NCT03554109;NCT05564377;NCT05714553,https://clinicaltrials.gov/study/NCT00001498;https://clinicaltrials.gov/study/NCT01231802;https://clinicaltrials.gov/study/NCT03175666;https://clinicaltrials.gov/study/NCT03387085;https://clinicaltrials.gov/study/NCT03554109;https://clinicaltrials.gov/study/NCT05564377;https://clinicaltrials.gov/study/NCT05714553,"A Pilot Trial of Sequential Chemotherapy With Antimetabolite Induction, High-Dose Alkylating Agent Consolidation With Peripheral Blood Progenitor Cell Support, ",Automatic exact-normalized intervention and mapped-condition Phase II/III registry match; not a manual efficacy assessment.,all_motifs_fda_or_phase2_3.csv
272,539cb5fa0ebfc371cc5f,automatic_phase2_3_registry_match,automatic_not_manually_verified,breast_oncology,6,Breast Neoplasms,C0006142,D001943,620,1314,DB01137,levofloxacin,TOP2A|7153|pool:22374,TOP2A,7153,22374,1,15.441932168550872,9.92313292223364,20.864379924631724,10,False,False,True,exact_or_named_subtype,1,PHASE3,NCT00005590,https://clinicaltrials.gov/study/NCT00005590,Levofloxacin to Prevent Infection Following Chemotherapy in Treating Patients With Solid Tumors or Lymphoma,Automatic exact-normalized intervention and mapped-condition Phase II/III registry match; not a manual efficacy assessment.,all_motifs_fda_or_phase2_3.csv
273,e4dbbadd91d61fc1c8d7,automatic_phase2_3_registry_match,automatic_not_manually_verified,breast_oncology,6,Breast Neoplasms,C0006142,D001943,91,785,DB00281,lidocaine,EGFR|1956|pool:1083,EGFR,1956,1083,1,32.10431654676259,15.921548475505311,48.65214970880439,10,False,False,True,exact_or_named_subtype,2,PHASE2,NCT01204242;NCT02839668,https://clinicaltrials.gov/study/NCT01204242;https://clinicaltrials.gov/study/NCT02839668,IRB-HSR# 13957: IV Lidocaine for Patients Undergoing Primary Breast Cancer Surgery:,Automatic exact-normalized intervention and mapped-condition Phase II/III registry match; not a manual efficacy assessment.,all_motifs_fda_or_phase2_3.csv
274,04d2c0fe8021c80b5464,automatic_phase2_3_registry_match,automatic_not_manually_verified,breast_oncology,6,Breast Neoplasms,C0006142,D001943,576,1270,DB01065,melatonin,ESR1|2099|pool:1712,ESR1,2099,1712,1,4.480344295991777,2.508350462487153,11.297212230215829,10,False,False,True,exact_or_named_subtype,7,PHASE1|PHASE2;PHASE2;PHASE2|PHASE3;PHASE3,NCT01557478;NCT01965522;NCT02332928;NCT02506777;NCT02506790;NCT03716583;NCT07067307,https://clinicaltrials.gov/study/NCT01557478;https://clinicaltrials.gov/study/NCT01965522;https://clinicaltrials.gov/study/NCT02332928;https://clinicaltrials.gov/study/NCT02506777;https://clinicaltrials.gov/study/NCT02506790;https://clinicaltrials.gov/study/NCT03716583;https://clinicaltrials.gov/study/NCT07067307,Melatonin as Adjuvant Therapy in Breast Cancer Patients,Automatic exact-normalized intervention and mapped-condition Phase II/III registry match; not a manual efficacy assessment.,all_motifs_fda_or_phase2_3.csv
275,14e631cfb0c348b2462c,automatic_phase2_3_registry_match,automatic_not_manually_verified,breast_oncology,6,Breast Neoplasms,C0006142,D001943,430,1124,DB00834,mifepristone,AR|367|pool:5565; PGR|5241|pool:7102,AR; PGR,367; 5241,5565;7102,2,5.618362452894827,4.047833162041795,11.987731243576569,10,False,False,True,exact_or_named_subtype,5,PHASE2;PHASE3,NCT01898312;NCT02788981;NCT03225547;NCT05016349;NCT06099769,https://clinicaltrials.gov/study/NCT01898312;https://clinicaltrials.gov/study/NCT02788981;https://clinicaltrials.gov/study/NCT03225547;https://clinicaltrials.gov/study/NCT05016349;https://clinicaltrials.gov/study/NCT06099769,BRCA1/2 and Effect of Mifepristone on the Breast,Automatic exact-normalized intervention and mapped-condition Phase II/III registry match; not a manual efficacy assessment.,all_motifs_fda_or_phase2_3.csv
276,5d08d2b291023f70c870,automatic_phase2_3_registry_match,automatic_not_manually_verified,breast_oncology,6,Breast Neoplasms,C0006142,D001943,403,1097,DB00788,naproxen,PTGS2|5743|pool:11318; PTGS1|5742|pool:35169,PTGS2; PTGS1,5743; 5742,11318;35169,2,2.2749657416923603,1.0802072627612196,10.337979616306956,10,False,False,True,exact_or_named_subtype,1,PHASE2,NCT01712009,https://clinicaltrials.gov/study/NCT01712009,NOLAN: Naproxen or Loratadine and Neulasta,Automatic exact-normalized intervention and mapped-condition Phase II/III registry match; not a manual efficacy assessment.,all_motifs_fda_or_phase2_3.csv
277,44b6a54e3f26f0ca33a4,automatic_phase2_3_registry_match,automatic_not_manually_verified,breast_oncology,6,Breast Neoplasms,C0006142,D001943,735,1429,DB01400,neostigmine,ACHE|43|pool:31442,ACHE,43,31442,1,14.620803357314148,9.64103717026379,23.59166238437821,10,False,False,True,exact_or_named_subtype,1,PHASE2,NCT02839668,https://clinicaltrials.gov/study/NCT02839668,The Impact of Intravenous Anaesthesia on Angiogenesis in Patients With Breast Cancer (TIVA/TCI-BC),Automatic exact-normalized intervention and mapped-condition Phase II/III registry match; not a manual efficacy assessment.,all_motifs_fda_or_phase2_3.csv
278,2e4847effb622357e498,automatic_phase2_3_registry_match,automatic_not_manually_verified,breast_oncology,6,Breast Neoplasms,C0006142,D001943,792,1486,DB04868,nilotinib,KIT|3815|pool:15368,KIT,3815,15368,1,21.51742891401165,9.223514045906132,45.38636947584789,10,False,False,True,exact_or_named_subtype,1,PHASE2,NCT05185947,https://clinicaltrials.gov/study/NCT05185947,Intravenous and Intraperitoneal Paclitaxel and Oral Nilotinib for Peritoneal Carcinomatosis,Automatic exact-normalized intervention and mapped-condition Phase II/III registry match; not a manual efficacy assessment.,all_motifs_fda_or_phase2_3.csv
279,116ded101614618db8fe,automatic_phase2_3_registry_match,automatic_not_manually_verified,breast_oncology,6,Breast Neoplasms,C0006142,D001943,1073,1767,DB04743,nimesulide,PTGS2|5743|pool:12719; PTGS1|5742|pool:35375,PTGS2; PTGS1,5743; 5742,12719;35375,2,5.780018842069202,1.5940818773552587,10.971758307639604,10,False,False,True,exact_or_named_subtype,1,PHASE2,NCT01500577,https://clinicaltrials.gov/study/NCT01500577,A Prevention Trial in Subjects at High Risk for Breast Cancer,Automatic exact-normalized intervention and mapped-condition Phase II/III registry match; not a manual efficacy assessment.,all_motifs_fda_or_phase2_3.csv
280,3024450662d81c5c832a,automatic_phase2_3_registry_match,automatic_not_manually_verified,breast_oncology,6,Breast Neoplasms,C0006142,D001943,927,1621,DB09079,nintedanib,FGFR1|2260|pool:2536; FGFR2|2263|pool:25706,FGFR1; FGFR2,2260; 2263,2536;25706,2,29.33046420006852,15.844467283316202,39.707519698526895,10,False,False,True,exact_or_named_subtype,1,PHASE2,NCT01658462,https://clinicaltrials.gov/study/NCT01658462,Phase II Study of Docetaxel +/- Nintedanib in Breast Cancer,Automatic exact-normalized intervention and mapped-condition Phase II/III registry match; not a manual efficacy assessment.,all_motifs_fda_or_phase2_3.csv
281,8c48f965dec85563e104,automatic_phase2_3_registry_match,automatic_not_manually_verified,breast_oncology,6,Breast Neoplasms,C0006142,D001943,126,820,DB00338,omeprazole,AHR|196|pool:20152,AHR,196,20152,1,46.725119904076735,24.653669921205893,59.19889088729017,9,False,False,True,exact_or_named_subtype,2,PHASE2;PHASE3,NCT02595372;NCT05646862,https://clinicaltrials.gov/study/NCT02595372;https://clinicaltrials.gov/study/NCT05646862,Inhibiting Fatty Acid Synthase to Improve Efficacy of Neoadjuvant Chemotherapy,Automatic exact-normalized intervention and mapped-condition Phase II/III registry match; not a manual efficacy assessment.,all_motifs_fda_or_phase2_3.csv
282,e755cdcdd04a27e7a3c6,automatic_phase2_3_registry_match,automatic_not_manually_verified,breast_oncology,6,Breast Neoplasms,C0006142,D001943,843,1537,DB06589,pazopanib,FGFR1|2260|pool:2428; KDR|3791|pool:1256; FLT1|2321|pool:3981,FGFR1; KDR; FLT1,2260; 3791; 2321,2428;1256;3981,3,25.53421548475505,15.255652620760534,39.80922404933197,10,False,False,True,exact_or_named_subtype,3,PHASE2,NCT00558103;NCT01392352;NCT01466972,https://clinicaltrials.gov/study/NCT00558103;https://clinicaltrials.gov/study/NCT01392352;https://clinicaltrials.gov/study/NCT01466972,Pazopanib Plus Lapatinib Compared To Lapatinib Alone In Subjects With Inflammatory Breast Cancer,Automatic exact-normalized intervention and mapped-condition Phase II/III registry match; not a manual efficacy assessment.,all_motifs_fda_or_phase2_3.csv
283,05a031aefc5f76c125bc,automatic_phase2_3_registry_match,automatic_not_manually_verified,breast_oncology,6,Breast Neoplasms,C0006142,D001943,308,1002,DB00642,pemetrexed,TYMS|7298|pool:36893; DHFR|1719|pool:20987,TYMS; DHFR,7298; 1719,36893;20987,2,15.433367591640971,11.562714114422748,35.615793079821856,10,False,False,True,exact_or_named_subtype,12,PHASE1|PHASE2;PHASE2,NCT00034489;NCT00063570;NCT00065533;NCT00072865;NCT00102219;NCT00106002;NCT00149214;NCT00190671;NCT00191347;NCT00325234;NCT03267316;NCT06630325,https://clinicaltrials.gov/study/NCT00034489;https://clinicaltrials.gov/study/NCT00063570;https://clinicaltrials.gov/study/NCT00065533;https://clinicaltrials.gov/study/NCT00072865;https://clinicaltrials.gov/study/NCT00102219;https://clinicaltrials.gov/study/NCT00106002;https://clinicaltrials.gov/study/NCT00149214;https://clinicaltrials.gov/study/NCT00190671;https://clinicaltrials.gov/study/NCT00191347;https://clinicaltrials.gov/study/NCT00325234;https://clinicaltrials.gov/study/NCT03267316;https://clinicaltrials.gov/study/NCT06630325,A Phase II Study of a Combination of MTA (LY231514) and Gemcitabine in Patients With Metastatic Breast Cancer.,Automatic exact-normalized intervention and mapped-condition Phase II/III registry match; not a manual efficacy assessment.,all_motifs_fda_or_phase2_3.csv
284,3ce2bb521db5d66849e4,automatic_phase2_3_registry_match,automatic_not_manually_verified,breast_oncology,6,Breast Neoplasms,C0006142,D001943,415,1109,DB00806,pentoxifylline,TNF|7124|pool:13872,TNF,7124,13872,1,1.537341555327167,0.0631637547105173,15.737410071942447,10,False,False,True,exact_or_named_subtype,5,PHASE2;PHASE2|PHASE3;PHASE3,NCT00022204;NCT00188669;NCT02898376;NCT05189535;NCT06087237,https://clinicaltrials.gov/study/NCT00022204;https://clinicaltrials.gov/study/NCT00188669;https://clinicaltrials.gov/study/NCT02898376;https://clinicaltrials.gov/study/NCT05189535;https://clinicaltrials.gov/study/NCT06087237,Vitamin E and Pentoxifylline in Treating Women With Lymphedema After Radiation Therapy for Breast Cancer,Automatic exact-normalized intervention and mapped-condition Phase II/III registry match; not a manual efficacy assessment.,all_motifs_fda_or_phase2_3.csv
285,657449a8dc418ad1c353,automatic_phase2_3_registry_match,automatic_not_manually_verified,breast_oncology,6,Breast Neoplasms,C0006142,D001943,900,1594,DB08901,ponatinib,KIT|3815|pool:15434; FGFR1|2260|pool:2482; ABL1|25|pool:4608,KIT; FGFR1; ABL1,3815; 2260; 25,15434;2482;4608,3,14.135834189791025,8.276593011305241,31.185765673175744,10,False,False,True,exact_or_named_subtype,1,PHASE2,NCT04591431,https://clinicaltrials.gov/study/NCT04591431,The Rome Trial From Histology to Target: the Road to Personalize Target Therapy and Immunotherapy,Automatic exact-normalized intervention and mapped-condition Phase II/III registry match; not a manual efficacy assessment.,all_motifs_fda_or_phase2_3.csv
286,05d39b7e6d6a9862b768,automatic_phase2_3_registry_match,automatic_not_manually_verified,breast_oncology,6,Breast Neoplasms,C0006142,D001943,705,1399,DB01263,posaconazole,CYP3A4|1576|pool:34737,CYP3A4,1576,34737,1,12.692702980472763,7.7996531346351485,18.38921719767044,10,False,False,True,exact_or_named_subtype,1,PHASE2,NCT06802757,https://clinicaltrials.gov/study/NCT06802757,Posaconazole Plus PD-1 Inhibitors and Chemotherapy vs PD-1 Inhibitors and Chemotherapy in Neoadjuvant Therapy for Triple Negative Breast Cancer,Automatic exact-normalized intervention and mapped-condition Phase II/III registry match; not a manual efficacy assessment.,all_motifs_fda_or_phase2_3.csv
287,73b7d7ef4c41bd414b38,automatic_phase2_3_registry_match,automatic_not_manually_verified,breast_oncology,6,Breast Neoplasms,C0006142,D001943,26,720,DB00175,pravastatin,SLCO1B1|10599|pool:43289,SLCO1B1,10599,43289,1,32.63960260363138,20.84350376841384,42.27421634121274,9,False,False,True,exact_or_named_subtype,2,PHASE2,NCT04190433;NCT04356209,https://clinicaltrials.gov/study/NCT04190433;https://clinicaltrials.gov/study/NCT04356209,"Autophagy Activation for the Alleviation of Cardiomyopathy Symptoms After Anthracycline Treatment, ATACAR Trial",Automatic exact-normalized intervention and mapped-condition Phase II/III registry match; not a manual efficacy assessment.,all_motifs_fda_or_phase2_3.csv
288,0ed0681428f3ea4d0859,automatic_phase2_3_registry_match,automatic_not_manually_verified,breast_oncology,6,Breast Neoplasms,C0006142,D001943,451,1145,DB00863,ranitidine,ACHE|43|pool:31404; BCHE|590|pool:32849,ACHE; BCHE,43; 590,31404;32849,2,15.446214457005825,7.490257793764988,23.6896197327852,10,False,False,True,exact_or_named_subtype,2,PHASE2;PHASE2|PHASE3,NCT01332630;NCT04862585,https://clinicaltrials.gov/study/NCT01332630;https://clinicaltrials.gov/study/NCT04862585,TPI 287 in Breast Cancer Metastatic to the Brain,Automatic exact-normalized intervention and mapped-condition Phase II/III registry match; not a manual efficacy assessment.,all_motifs_fda_or_phase2_3.csv
289,83a751dca28e70558c2d,automatic_phase2_3_registry_match,automatic_not_manually_verified,breast_oncology,6,Breast Neoplasms,C0006142,D001943,898,1592,DB08896,regorafenib,KIT|3815|pool:15412,KIT,3815,15412,1,15.343439534087016,8.360097636176773,28.7630609797876,10,False,False,True,exact_or_named_subtype,1,PHASE2,NCT02955940,https://clinicaltrials.gov/study/NCT02955940,An Open-Label Study to Enable Continued Treatment Access for Subjects Previously Enrolled in Studies of Ruxolitinib,Automatic exact-normalized intervention and mapped-condition Phase II/III registry match; not a manual efficacy assessment.,all_motifs_fda_or_phase2_3.csv
290,9e16c7a1c1d0e7e3692e,automatic_phase2_3_registry_match,automatic_not_manually_verified,breast_oncology,6,Breast Neoplasms,C0006142,D001943,165,859,DB00398,sorafenib,KIT|3815|pool:15281; FGFR1|2260|pool:2347; KDR|3791|pool:1226,KIT; FGFR1; KDR,3815; 2260; 3791,15281;2347;1226,3,15.676387461459404,7.46724049331963,28.43011305241521,10,False,False,True,exact_or_named_subtype,7,PHASE1|PHASE2;PHASE2,NCT00493636;NCT00525161;NCT00632541;NCT00634634;NCT00825734;NCT01194869;NCT05594095,https://clinicaltrials.gov/study/NCT00493636;https://clinicaltrials.gov/study/NCT00525161;https://clinicaltrials.gov/study/NCT00632541;https://clinicaltrials.gov/study/NCT00634634;https://clinicaltrials.gov/study/NCT00825734;https://clinicaltrials.gov/study/NCT01194869;https://clinicaltrials.gov/study/NCT05594095,1st or 2nd Line MBC (Metastatic Breast Cancer) With Previous Avastin (Bevacizumab) Therapy,Automatic exact-normalized intervention and mapped-condition Phase II/III registry match; not a manual efficacy assessment.,all_motifs_fda_or_phase2_3.csv
291,30edfe084c585ef92911,automatic_phase2_3_registry_match,automatic_not_manually_verified,breast_oncology,6,Breast Neoplasms,C0006142,D001943,180,874,DB00421,spironolactone,AR|367|pool:5429; PGR|5241|pool:7069,AR; PGR,367; 5241,5429;7069,2,5.773595409386776,4.358834361082563,12.134399623158616,10,False,False,True,exact_or_named_subtype,1,PHASE2,NCT04190433,https://clinicaltrials.gov/study/NCT04190433,"Autophagy Activation for the Alleviation of Cardiomyopathy Symptoms After Anthracycline Treatment, ATACAR Trial",Automatic exact-normalized intervention and mapped-condition Phase II/III registry match; not a manual efficacy assessment.,all_motifs_fda_or_phase2_3.csv
292,38cf37e7f514e94271ff,automatic_phase2_3_registry_match,automatic_not_manually_verified,breast_oncology,6,Breast Neoplasms,C0006142,D001943,407,1101,DB00795,sulfasalazine,PTGS2|5743|pool:11378; PTGS1|5742|pool:35178,PTGS2; PTGS1,5743; 5742,11378;35178,2,3.360525865022268,0.8441461116820829,7.401935594381637,10,False,False,True,exact_or_named_subtype,1,PHASE2,NCT03847311,https://clinicaltrials.gov/study/NCT03847311,Sulfasalazine in Decreasing Opioids Requirements in Breast Cancer Patients,Automatic exact-normalized intervention and mapped-condition Phase II/III registry match; not a manual efficacy assessment.,all_motifs_fda_or_phase2_3.csv
293,53bf48ee89c1d2aaa25a,automatic_phase2_3_registry_match,automatic_not_manually_verified,breast_oncology,6,Breast Neoplasms,C0006142,D001943,287,981,DB00605,sulindac,PTGS2|5743|pool:11074; PTGS1|5742|pool:35133,PTGS2; PTGS1,5743; 5742,11074;35133,2,3.8519184652278176,1.2102817745803356,11.14037341555327,10,False,False,True,exact_or_named_subtype,1,PHASE2,NCT00039520,https://clinicaltrials.gov/study/NCT00039520,Sulindac and Docetaxel in Treating Women With Metastatic or Recurrent Breast Cancer,Automatic exact-normalized intervention and mapped-condition Phase II/III registry match; not a manual efficacy assessment.,all_motifs_fda_or_phase2_3.csv
294,3ff213c6ce297c5feec8,automatic_phase2_3_registry_match,automatic_not_manually_verified,breast_oncology,6,Breast Neoplasms,C0006142,D001943,708,1402,DB01268,sunitinib,KDR|3791|pool:1236; FGFR1|2260|pool:2401; FLT1|2321|pool:3967,KDR; FGFR1; FLT1,3791; 2260; 2321,1236;2401;3967,3,31.478031860226103,14.986403734155534,59.00993490921549,10,False,False,True,exact_or_named_subtype,7,PHASE1|PHASE2;PHASE2;PHASE3,NCT00373256;NCT00434356;NCT00471276;NCT00570908;NCT00662025;NCT00887575;NCT01803503,https://clinicaltrials.gov/study/NCT00373256;https://clinicaltrials.gov/study/NCT00434356;https://clinicaltrials.gov/study/NCT00471276;https://clinicaltrials.gov/study/NCT00570908;https://clinicaltrials.gov/study/NCT00662025;https://clinicaltrials.gov/study/NCT00887575;https://clinicaltrials.gov/study/NCT01803503,A Study Of SU011248 Plus Paclitaxel Versus Bevacizumab Plus Paclitaxel In Patients With Advanced Breast Cancer,Automatic exact-normalized intervention and mapped-condition Phase II/III registry match; not a manual efficacy assessment.,all_motifs_fda_or_phase2_3.csv
295,07526bb1ee8b2a272676,automatic_phase2_3_registry_match,automatic_not_manually_verified,breast_oncology,6,Breast Neoplasms,C0006142,D001943,782,1476,DB04572,thiotepa,CYP3A4|1576|pool:34751,CYP3A4,1576,34751,1,11.14572627612196,8.098342754367934,17.061707776635835,10,False,False,True,exact_or_named_subtype,23,PHASE1|PHASE2;PHASE2;PHASE3,NCT00002680;NCT00002755;NCT00002772;NCT00002780;NCT00002836;NCT00002870;NCT00003068;NCT00003086;NCT00003199;NCT00003680;NCT00003877;NCT00003972;NCT00004092;NCT00004172;NCT00004900;NCT00004906;NCT00005798;NCT00006123;NCT00008203;NCT00012311;NCT00060255;NCT00182793;NCT00429182,https://clinicaltrials.gov/study/NCT00002680;https://clinicaltrials.gov/study/NCT00002755;https://clinicaltrials.gov/study/NCT00002772;https://clinicaltrials.gov/study/NCT00002780;https://clinicaltrials.gov/study/NCT00002836;https://clinicaltrials.gov/study/NCT00002870;https://clinicaltrials.gov/study/NCT00003068;https://clinicaltrials.gov/study/NCT00003086;https://clinicaltrials.gov/study/NCT00003199;https://clinicaltrials.gov/study/NCT00003680;https://clinicaltrials.gov/study/NCT00003877;https://clinicaltrials.gov/study/NCT00003972;https://clinicaltrials.gov/study/NCT00004092;https://clinicaltrials.gov/study/NCT00004172;https://clinicaltrials.gov/study/NCT00004900;https://clinicaltrials.gov/study/NCT00004906;https://clinicaltrials.gov/study/NCT00005798;https://clinicaltrials.gov/study/NCT00006123;https://clinicaltrials.gov/study/NCT00008203;https://clinicaltrials.gov/study/NCT00012311;https://clinicaltrials.gov/study/NCT00060255;https://clinicaltrials.gov/study/NCT00182793;https://clinicaltrials.gov/study/NCT00429182,Sequential High-Dose Chemotherapy and Stem Cell Transplantation in Treating Patients With Chemotherapy-Sensitive Metastatic Breast Cancer,Automatic exact-normalized intervention and mapped-condition Phase II/III registry match; not a manual efficacy assessment.,all_motifs_fda_or_phase2_3.csv
296,f8684dcafc3d8a46565e,automatic_phase2_3_registry_match,automatic_not_manually_verified,breast_oncology,6,Breast Neoplasms,C0006142,D001943,1249,1943,DB09070,tibolone,ESR1|2099|pool:2323,ESR1,2099,2323,1,7.23706748886605,4.895190990065091,14.652385234669406,10,False,False,True,exact_or_named_subtype,3,PHASE2;PHASE3,NCT00165204;NCT00408863;NCT00725374,https://clinicaltrials.gov/study/NCT00165204;https://clinicaltrials.gov/study/NCT00408863;https://clinicaltrials.gov/study/NCT00725374,"Effects of Tibilone on Bone Density, Menopause Symptoms and Breast Density in Women After Prophylactic Oophorectomy",Automatic exact-normalized intervention and mapped-condition Phase II/III registry match; not a manual efficacy assessment.,all_motifs_fda_or_phase2_3.csv
297,44543f83edcc315e0f61,automatic_phase2_3_registry_match,automatic_not_manually_verified,breast_oncology,6,Breast Neoplasms,C0006142,D001943,964,1658,DB11581,venetoclax,BCL2|596|pool:3632,BCL2,596,3632,1,29.27265330592669,18.376370332305584,46.53134635149024,10,False,False,True,exact_or_named_subtype,2,PHASE1|PHASE2;PHASE2,NCT03584009;NCT04298918,https://clinicaltrials.gov/study/NCT03584009;https://clinicaltrials.gov/study/NCT04298918,"A Phase II Study Comparing The Efficacy Of Venetoclax + Fulvestrant Vs. Fulvestrant In Women With Estrogen Receptor-Positive, Her2-Negative Locally Advanced Or ",Automatic exact-normalized intervention and mapped-condition Phase II/III registry match; not a manual efficacy assessment.,all_motifs_fda_or_phase2_3.csv
298,14896a81570728205e9b,automatic_phase2_3_registry_match,automatic_not_manually_verified,gynecologic_reproductive,1,Endometriosis,C0014175,D004715,1057,1751,DB01006,letrozole,CYP19A1|1588|pool:43453,CYP19A1,1588,43453,1,32.0561408016444,21.50083504624872,39.54853973963687,10,False,True,False,exact_or_named_subtype,3,PHASE2,NCT00240942;NCT04002141;NCT07183787,https://clinicaltrials.gov/study/NCT00240942;https://clinicaltrials.gov/study/NCT04002141;https://clinicaltrials.gov/study/NCT07183787,Letrozole in the Treatment of Severe and Recurrent Endometriosis,Automatic exact-normalized intervention and mapped-condition Phase II/III registry match; not a manual efficacy assessment.,all_motifs_fda_or_phase2_3.csv
299,3f7a2c57b4f7be1ab79a,automatic_phase2_3_registry_match,automatic_not_manually_verified,gynecologic_reproductive,1,Endometriosis,C0014175,D004715,144,838,DB00367,levonorgestrel,PGR|5241|pool:7058,PGR,5241,7058,1,31.160071942446045,23.02425916409729,45.46077423775266,10,False,True,False,exact_or_named_subtype,2,PHASE2;PHASE2|PHASE3,NCT02203331;NCT02599077,https://clinicaltrials.gov/study/NCT02203331;https://clinicaltrials.gov/study/NCT02599077,"Bay98-7196, Dose Finding / POC Study",Automatic exact-normalized intervention and mapped-condition Phase II/III registry match; not a manual efficacy assessment.,all_motifs_fda_or_phase2_3.csv
300,5c8d84612d349bd82f31,automatic_phase2_3_registry_match,automatic_not_manually_verified,gynecologic_reproductive,1,Endometriosis,C0014175,D004715,430,1124,DB00834,mifepristone,NR3C1|2908|pool:2956; PGR|5241|pool:7100,NR3C1; PGR,2908; 5241,2956;7100,2,15.259934909215485,11.26884206920178,29.844874100719423,10,False,True,False,exact_or_named_subtype,1,PHASE2|PHASE3,NCT02271958,https://clinicaltrials.gov/study/NCT02271958,"Mifepristone 2.5, 5, 10 mg Versus Placebo in the Treatment of Endometriosis",Automatic exact-normalized intervention and mapped-condition Phase II/III registry match; not a manual efficacy assessment.,all_motifs_fda_or_phase2_3.csv
301,032e4d4fcc7222cc0076,automatic_phase2_3_registry_match,automatic_not_manually_verified,gynecologic_reproductive,1,Endometriosis,C0014175,D004715,617,1311,DB01132,pioglitazone,MAOB|4129|pool:41033,MAOB,4129,41033,1,34.95739122987324,28.95844039054471,38.24672404933196,10,False,True,False,exact_or_named_subtype,1,PHASE2|PHASE3,NCT01184144,https://clinicaltrials.gov/study/NCT01184144,Endometriosis: Immunomodulation,Automatic exact-normalized intervention and mapped-condition Phase II/III registry match; not a manual efficacy assessment.,all_motifs_fda_or_phase2_3.csv
302,9b49bd5839e800c86318,automatic_phase2_3_registry_match,automatic_not_manually_verified,gynecologic_reproductive,1,Endometriosis,C0014175,D004715,217,911,DB00481,raloxifene,ESR2|2100|pool:6293,ESR2,2100,6293,1,33.21449982870846,26.61924032202809,41.2373672490579,10,False,True,False,exact_or_named_subtype,1,PHASE2,NCT00001848,https://clinicaltrials.gov/study/NCT00001848,The Safety and Effectiveness of Surgery With or Without Raloxifene for the Treatment of Pelvic Pain Caused by Endometriosis,Automatic exact-normalized intervention and mapped-condition Phase II/III registry match; not a manual efficacy assessment.,all_motifs_fda_or_phase2_3.csv
303,0a893b8a6984b3bd9669,automatic_phase2_3_registry_match,automatic_not_manually_verified,neurological_seizure,112,Seizures,C0494475,D012640,337,1031,DB00683,Midazolam,GABRA1|2554|pool:33773; GABRB3|2562|pool:24720; 2566|2566|pool:45223; GABRA5|2558|pool:42999; GABRD|2563|pool:8320,GABRA1; GABRB3; 2566; GABRA5; GABRD,2554; 2562; 2566; 2558; 2563,33773;24720;45223;42999;8320,5,10.790296334361082,8.946235868448099,16.870075368276808,10,False,True,True,broader_narrower_seizure_spectrum,4,PHASE2;PHASE2|PHASE3,NCT00326612;NCT04926844;NCT05779657;NCT07095842,https://clinicaltrials.gov/study/NCT00326612;https://clinicaltrials.gov/study/NCT04926844;https://clinicaltrials.gov/study/NCT05779657;https://clinicaltrials.gov/study/NCT07095842,Intranasal Midazolam Versus Rectal Diazepam for Treatment of Seizures,Automatic exact-normalized intervention and mapped-condition Phase II/III registry match; not a manual efficacy assessment.,all_motifs_fda_or_phase2_3.csv
304,f0041db366ffca092fe0,automatic_phase2_3_registry_match,automatic_not_manually_verified,neurological_seizure,112,Seizures,C0494475,D012640,760,1454,DB01595,Nitrazepam,GABRA1|2554|pool:33982; 2566|2566|pool:45321; GABRB3|2562|pool:24826; GABRD|2563|pool:8412; GABRA5|2558|pool:43072; SCN1A|6323|pool:31775,GABRA1; 2566; GABRB3; GABRD; GABRA5; SCN1A,2554; 2566; 2562; 2563; 2558; 6323,33982;45321;24826;8412;43072;31775,6,10.672533401849948,6.498908016443988,12.434159815005138,10,False,True,True,broader_narrower_seizure_spectrum,1,PHASE2,NCT00004758,https://clinicaltrials.gov/study/NCT00004758,Phase II Randomized Study of Early Surgery Vs Multiple Sequential Antiepileptic Drug Therapy for Infantile Spasms Refractory to Standard Treatment,Automatic exact-normalized intervention and mapped-condition Phase II/III registry match; not a manual efficacy assessment.,all_motifs_fda_or_phase2_3.csv
305,075d6d644d867f1d0455,automatic_phase2_3_registry_match,automatic_not_manually_verified,neurological_seizure,112,Seizures,C0494475,D012640,496,1190,DB00945,aspirin,PTGS2|5743|pool:11693,PTGS2,5743,11693,1,2.55866735183282,0.8650222678999657,7.772353545734841,10,False,False,True,broader_narrower_seizure_spectrum,1,PHASE2,NCT03356769,https://clinicaltrials.gov/study/NCT03356769,Aspirin as an add-on Treatment of Refractory Epilepsy in Tuberous Sclerosis Complex,Automatic exact-normalized intervention and mapped-condition Phase II/III registry match; not a manual efficacy assessment.,all_motifs_fda_or_phase2_3.csv
306,ed288a3e14114c3fb22f,automatic_phase2_3_registry_match,automatic_not_manually_verified,neurological_seizure,112,Seizures,C0494475,D012640,468,1162,DB00887,bumetanide,SLC12A1|6557|pool:43757,SLC12A1,6557,43757,1,38.83714457005824,31.646111682082907,43.01558752997602,10,False,False,True,broader_narrower_seizure_spectrum,1,PHASE1|PHASE2,NCT01434225,https://clinicaltrials.gov/study/NCT01434225,NEMO1:NEonatal Seizure Using Medication Off-patent,Automatic exact-normalized intervention and mapped-condition Phase II/III registry match; not a manual efficacy assessment.,all_motifs_fda_or_phase2_3.csv
307,e3206cb5a700c2f9e1c3,manual_strong_registry_review,manually_reviewed_strong,neurological_seizure,112,Seizures,C0494475,D012640,427,1121,DB00829,diazepam,GABRA1|2554|pool:33823; 2566|2566|pool:45254; GABRB3|2562|pool:24756; GABRA5|2558|pool:43018; GABRD|2563|pool:8350,GABRA1; 2566; GABRB3; GABRA5; GABRD,2554; 2566; 2562; 2558; 2563,33823;45254;24756;43018;8350,5,8.573141486810552,6.338322199383351,9.787170263788967,10,False,True,True,broader_category,3,PHASE3;PHASE2;PHASE2|PHASE3,NCT00004297;NCT00326612;NCT02904265,https://clinicaltrials.gov/study/NCT00004297;https://clinicaltrials.gov/study/NCT00326612;https://clinicaltrials.gov/study/NCT02904265,,Diazepam is an active comparator or treatment in Phase II/III seizure-spectrum trials; status epilepticus and epilepsy are narrower seizure-spectrum conditions.,ctgov_manually_reviewed_key_cases.csv
308,e58b4770c40930e022f4,automatic_phase2_3_registry_match,automatic_not_manually_verified,neurological_seizure,112,Seizures,C0494475,D012640,212,906,DB00472,fluoxetine,CHRNA2|1135|pool:46474,CHRNA2,1135,46474,1,38.02350976361768,19.94529376498801,47.83905018842069,9,False,False,True,broader_narrower_seizure_spectrum,1,PHASE2,NCT02929667,https://clinicaltrials.gov/study/NCT02929667,Abnormal Ventilatory Response to Carbon Dioxide: a Potential Biomarker for Seizure Induced Respiratory Depression & Modification by SSRI,Automatic exact-normalized intervention and mapped-condition Phase II/III registry match; not a manual efficacy assessment.,all_motifs_fda_or_phase2_3.csv
309,947c06f6ee5ce876818e,automatic_phase2_3_registry_match,automatic_not_manually_verified,neurological_seizure,112,Seizures,C0494475,D012640,567,1261,DB01050,ibuprofen,PTGS2|5743|pool:12058,PTGS2,5743,12058,1,2.9547790339157247,1.2959275436793425,9.212808324768757,10,False,False,True,broader_narrower_seizure_spectrum,1,PHASE2,NCT03399318,https://clinicaltrials.gov/study/NCT03399318,Aggressive Antipyretics for Fever Reduction in CNS Malaria,Automatic exact-normalized intervention and mapped-condition Phase II/III registry match; not a manual efficacy assessment.,all_motifs_fda_or_phase2_3.csv
310,e46969b56a50d4d74d2e,automatic_phase2_3_registry_match,automatic_not_manually_verified,neurological_seizure,112,Seizures,C0494475,D012640,647,1341,DB01183,naloxone,OPRM1|4988|pool:28932,OPRM1,4988,28932,1,18.09909215484755,12.856500513874614,23.9743919150394,10,False,False,True,broader_narrower_seizure_spectrum,1,PHASE3,NCT02332447,https://clinicaltrials.gov/study/NCT02332447,Efficacy of Naloxone in Reducing Postictal Central Respiratory Dysfunction in Patients With Epilepsy,Automatic exact-normalized intervention and mapped-condition Phase II/III registry match; not a manual efficacy assessment.,all_motifs_fda_or_phase2_3.csv
311,f3433878f9d5a1316061,automatic_phase2_3_registry_match,automatic_not_manually_verified,neurological_seizure,112,Seizures,C0494475,D012640,1091,1785,DB00818,propofol,GABRA1|2554|pool:34109; 2566|2566|pool:45392; GABRB3|2562|pool:24914; GABRA5|2558|pool:43117; GABRD|2563|pool:8483; SCN2A|6326|pool:45844,GABRA1; 2566; GABRB3; GABRA5; GABRD; SCN2A,2554; 2566; 2562; 2558; 2563; 6326,34109;45392;24914;43117;8483;45844,6,10.338514902363825,6.488202295306611,12.485011990407674,10,False,True,True,broader_narrower_seizure_spectrum,1,PHASE3,NCT00265616,https://clinicaltrials.gov/study/NCT00265616,Treatment of Refractory Status Epilepticus,Automatic exact-normalized intervention and mapped-condition Phase II/III registry match; not a manual efficacy assessment.,all_motifs_fda_or_phase2_3.csv
312,d25ee58e2404f8480638,automatic_phase2_3_registry_match,automatic_not_manually_verified,neurological_seizure,112,Seizures,C0494475,D012640,86,780,DB00273,topiramate,GABRA1|2554|pool:33573; 2566|2566|pool:45115; GABRB3|2562|pool:24606; GABRD|2563|pool:8231; GABRA5|2558|pool:42935; SCN1A|6323|pool:31665; SCN10A|6336|pool:45427; SCN2A|6326|pool:45754; SCN8A|6334|pool:36254,GABRA1; 2566; GABRB3; GABRD; GABRA5; SCN1A; SCN10A; SCN2A; SCN8A,2554; 2566; 2562; 2563; 2558; 6323; 6336; 6326; 6334,33573;45115;24606;8231;42935;31665;45427;45754;36254,9,6.94908359027064,3.4547362110311752,8.746038883179171,10,False,True,True,broader_narrower_seizure_spectrum,16,PHASE2;PHASE3,NCT00113815;NCT00210574;NCT00230698;NCT00231556;NCT00236418;NCT00236691;NCT00236704;NCT00236730;NCT00236743;NCT00236756;NCT00236847;NCT00236860;NCT00236873;NCT00236886;NCT00266591;NCT00563459,https://clinicaltrials.gov/study/NCT00113815;https://clinicaltrials.gov/study/NCT00210574;https://clinicaltrials.gov/study/NCT00230698;https://clinicaltrials.gov/study/NCT00231556;https://clinicaltrials.gov/study/NCT00236418;https://clinicaltrials.gov/study/NCT00236691;https://clinicaltrials.gov/study/NCT00236704;https://clinicaltrials.gov/study/NCT00236730;https://clinicaltrials.gov/study/NCT00236743;https://clinicaltrials.gov/study/NCT00236756;https://clinicaltrials.gov/study/NCT00236847;https://clinicaltrials.gov/study/NCT00236860;https://clinicaltrials.gov/study/NCT00236873;https://clinicaltrials.gov/study/NCT00236886;https://clinicaltrials.gov/study/NCT00266591;https://clinicaltrials.gov/study/NCT00563459,Topiramate as Adjunctive Therapy in Infants 1-24 Months for the Control of Partial Onset Seizures,Automatic exact-normalized intervention and mapped-condition Phase II/III registry match; not a manual efficacy assessment.,all_motifs_fda_or_phase2_3.csv
313,0ae39bd475701b526e58,automatic_phase2_3_registry_match,automatic_not_manually_verified,neurological_seizure,113,Status Epilepticus,C0038220,D013226,640,1334,DB01174,Phenobarbital,GABRA1|2554|pool:33908; GRIA2|2891|pool:25057,GABRA1; GRIA2,2554; 2891,33908;25057,2,19.50796505652621,12.567446043165468,21.93174032202809,10,False,True,False,exact_or_named_subtype,3,PHASE2;PHASE3,NCT02726867;NCT03025906;NCT03650270,https://clinicaltrials.gov/study/NCT02726867;https://clinicaltrials.gov/study/NCT03025906;https://clinicaltrials.gov/study/NCT03650270,"Levetiracetam, Lacosamide and Ketamine as Adjunctive Treatment of Refractory Status Epilepticus",Automatic exact-normalized intervention and mapped-condition Phase II/III registry match; not a manual efficacy assessment.,all_motifs_fda_or_phase2_3.csv
314,fbd0c9bef9f2623734d2,automatic_phase2_3_registry_match,automatic_not_manually_verified,neurological_seizure,113,Status Epilepticus,C0038220,D013226,109,803,DB00313,Valproic Acid,SCN2A|6326|pool:45768; SCN1A|6323|pool:31685; SCN8A|6334|pool:36272; ALDH5A1|7915|pool:39838,SCN2A; SCN1A; SCN8A; ALDH5A1,6326; 6323; 6334; 7915,45768;31685;36272;39838,4,28.88189448441247,22.917201952723538,33.48374871531346,10,False,True,False,exact_or_named_subtype,1,PHASE3,NCT01960075,https://clinicaltrials.gov/study/NCT01960075,Established Status Epilepticus Treatment Trial,Automatic exact-normalized intervention and mapped-condition Phase II/III registry match; not a manual efficacy assessment.,all_motifs_fda_or_phase2_3.csv
315,c639d444189805d423ca,automatic_phase2_3_registry_match,automatic_not_manually_verified,neurological_seizure,113,Status Epilepticus,C0038220,D013226,578,1272,DB01068,clonazepam,GABRA1|2554|pool:33883,GABRA1,2554,33883,1,22.855644056183625,18.773552586502227,32.7129367934224,10,False,True,False,exact_or_named_subtype,1,PHASE3,NCT01870024,https://clinicaltrials.gov/study/NCT01870024,"Comparison Between Lorazepam, Clonazepam and Clonazepam + Fosphenytoin for the Treatment of Out-of-hospital Generalized Status Epilepticus",Automatic exact-normalized intervention and mapped-condition Phase II/III registry match; not a manual efficacy assessment.,all_motifs_fda_or_phase2_3.csv
316,7f484d20548b81164901,automatic_phase2_3_registry_match,automatic_not_manually_verified,neurological_seizure,113,Status Epilepticus,C0038220,D013226,1056,1750,DB06218,lacosamide,SCN1A|6323|pool:31825; SCN2A|6326|pool:45838; SCN8A|6334|pool:36374,SCN1A; SCN2A; SCN8A,6323; 6326; 6334,31825;45838;36374,3,39.21291538198013,37.41756594724221,47.793550873586845,10,False,True,False,exact_or_named_subtype,1,PHASE3,NCT02726867,https://clinicaltrials.gov/study/NCT02726867,"Levetiracetam, Lacosamide and Ketamine as Adjunctive Treatment of Refractory Status Epilepticus",Automatic exact-normalized intervention and mapped-condition Phase II/III registry match; not a manual efficacy assessment.,all_motifs_fda_or_phase2_3.csv
317,ff1ae5f29774337be85c,automatic_phase2_3_registry_match,automatic_not_manually_verified,neurological_seizure,113,Status Epilepticus,C0038220,D013226,661,1355,DB01202,levetiracetam,SCN1A|6323|pool:31756,SCN1A,6323,31756,1,36.26991264131552,31.52513703323056,39.29053186022611,10,False,True,False,exact_or_named_subtype,4,PHASE2;PHASE2|PHASE3;PHASE3,NCT01960075;NCT02726867;NCT04926844;NCT07046611,https://clinicaltrials.gov/study/NCT01960075;https://clinicaltrials.gov/study/NCT02726867;https://clinicaltrials.gov/study/NCT04926844;https://clinicaltrials.gov/study/NCT07046611,Established Status Epilepticus Treatment Trial,Automatic exact-normalized intervention and mapped-condition Phase II/III registry match; not a manual efficacy assessment.,all_motifs_fda_or_phase2_3.csv
318,7a6e7019c40e91cdae51,automatic_phase2_3_registry_match,automatic_not_manually_verified,neurological_seizure,113,Status Epilepticus,C0038220,D013226,1168,1862,DB08883,perampanel,GRIA2|2891|pool:25076,GRIA2,2891,25076,1,52.04051044878383,47.35622216512504,56.63219424460432,9,False,True,False,exact_or_named_subtype,1,PHASE2,NCT06401707,https://clinicaltrials.gov/study/NCT06401707,PeRampanel fOr Status ePilEpticus pRophylaxis Post-cardiac Arrest,Automatic exact-normalized intervention and mapped-condition Phase II/III registry match; not a manual efficacy assessment.,all_motifs_fda_or_phase2_3.csv
319,333586821b633fe44af0,automatic_phase2_3_registry_match,automatic_not_manually_verified,neurological_seizure,115,Epilepsy,C0014544,D004827,337,1031,DB00683,Midazolam,GABRB3|2562|pool:24721; GABRD|2563|pool:8321,GABRB3; GABRD,2562; 2563,24721;8321,2,18.25004282288455,13.069544364508392,28.80106628982528,10,False,True,False,exact_or_named_subtype,2,PHASE2|PHASE3;PHASE3,NCT02325583;NCT07095842,https://clinicaltrials.gov/study/NCT02325583;https://clinicaltrials.gov/study/NCT07095842,Intraoral 30% Glucose Effect In Newborns,Automatic exact-normalized intervention and mapped-condition Phase II/III registry match; not a manual efficacy assessment.,all_motifs_fda_or_phase2_3.csv
320,19bc8662791536f5116d,automatic_phase2_3_registry_match,automatic_not_manually_verified,neurological_seizure,115,Epilepsy,C0014544,D004827,760,1454,DB01595,Nitrazepam,GABRB3|2562|pool:24827; GABRD|2563|pool:8413; SCN1A|6323|pool:31777,GABRB3; GABRD; SCN1A,2562; 2563; 6323,24827;8413;31777,3,18.623672490578965,12.861853374443305,21.60146882494005,10,False,True,False,exact_or_named_subtype,1,PHASE2,NCT00004758,https://clinicaltrials.gov/study/NCT00004758,Phase II Randomized Study of Early Surgery Vs Multiple Sequential Antiepileptic Drug Therapy for Infantile Spasms Refractory to Standard Treatment,Automatic exact-normalized intervention and mapped-condition Phase II/III registry match; not a manual efficacy assessment.,all_motifs_fda_or_phase2_3.csv
321,f004944a41a15ac15aa2,automatic_phase2_3_registry_match,automatic_not_manually_verified,neurological_seizure,115,Epilepsy,C0014544,D004827,418,1112,DB00810,biperiden,CHRM1|1128|pool:41565; CHRM2|1129|pool:35698; CHRNA2|1135|pool:46489,CHRM1; CHRM2; CHRNA2,1128; 1129; 1135,41565;35698;46489,3,11.976490236382322,6.981200753682768,19.95867591640973,10,False,True,False,exact_or_named_subtype,1,PHASE3,NCT04945213,https://clinicaltrials.gov/study/NCT04945213,Biperiden Trial for Epilepsy Prevention,Automatic exact-normalized intervention and mapped-condition Phase II/III registry match; not a manual efficacy assessment.,all_motifs_fda_or_phase2_3.csv
322,75897ecdbe774a065d7b,automatic_phase2_3_registry_match,automatic_not_manually_verified,neurological_seizure,115,Epilepsy,C0014544,D004827,215,909,DB00477,chlorpromazine,CHRM1|1128|pool:41500,CHRM1,1128,41500,1,8.424331963001027,4.920884720794793,13.251006337786912,10,False,True,False,exact_or_named_subtype,1,PHASE2|PHASE3,NCT05431595,https://clinicaltrials.gov/study/NCT05431595,Managing Agitated Delirium With Neuroleptics and Anti-Epileptics as a Neuroleptic Sparing Strategy,Automatic exact-normalized intervention and mapped-condition Phase II/III registry match; not a manual efficacy assessment.,all_motifs_fda_or_phase2_3.csv
323,4a002bc790b9de2b2eab,automatic_phase2_3_registry_match,automatic_not_manually_verified,neurological_seizure,115,Epilepsy,C0014544,D004827,427,1121,DB00829,diazepam,GABRD|2563|pool:8351; GABRB3|2562|pool:24757,GABRD; GABRB3,2563; 2562,8351;24757,2,14.955892428914012,13.86712058924289,19.146646968139773,10,False,True,False,exact_or_named_subtype,4,PHASE1|PHASE2;PHASE2;PHASE2|PHASE3;PHASE3,NCT00004297;NCT01417078;NCT02904265;NCT05361447,https://clinicaltrials.gov/study/NCT00004297;https://clinicaltrials.gov/study/NCT01417078;https://clinicaltrials.gov/study/NCT02904265;https://clinicaltrials.gov/study/NCT05361447,Phase III Randomized Study of Diazepam Vs Lorazepam Vs Placebo for Prehospital Treatment of Status Epilepticus,Automatic exact-normalized intervention and mapped-condition Phase II/III registry match; not a manual efficacy assessment.,all_motifs_fda_or_phase2_3.csv
324,0d3b6a38a830e383eba9,automatic_phase2_3_registry_match,automatic_not_manually_verified,neurological_seizure,115,Epilepsy,C0014544,D004827,212,906,DB00472,fluoxetine,CHRNA2|1135|pool:46475,CHRNA2,1135,46475,1,38.393927714970886,20.468803528605687,54.48087958204864,9,False,True,False,exact_or_named_subtype,1,PHASE2,NCT02929667,https://clinicaltrials.gov/study/NCT02929667,Abnormal Ventilatory Response to Carbon Dioxide: a Potential Biomarker for Seizure Induced Respiratory Depression & Modification by SSRI,Automatic exact-normalized intervention and mapped-condition Phase II/III registry match; not a manual efficacy assessment.,all_motifs_fda_or_phase2_3.csv
325,603cfaaaa9c0c6157b2e,automatic_phase2_3_registry_match,automatic_not_manually_verified,neurological_seizure,115,Epilepsy,C0014544,D004827,229,923,DB00502,haloperidol,GRIN2B|2904|pool:20857,GRIN2B,2904,20857,1,27.85200411099692,17.53757708119219,34.65441932168551,10,False,True,False,exact_or_named_subtype,1,PHASE2|PHASE3,NCT05431595,https://clinicaltrials.gov/study/NCT05431595,Managing Agitated Delirium With Neuroleptics and Anti-Epileptics as a Neuroleptic Sparing Strategy,Automatic exact-normalized intervention and mapped-condition Phase II/III registry match; not a manual efficacy assessment.,all_motifs_fda_or_phase2_3.csv
326,0fade3cb0882464a8347,automatic_phase2_3_registry_match,automatic_not_manually_verified,neurological_seizure,115,Epilepsy,C0014544,D004827,647,1341,DB01183,naloxone,OPRD1|4985|pool:4090,OPRD1,4985,4090,1,23.404847550531,17.641957862281604,30.51879924631723,10,False,True,False,exact_or_named_subtype,1,PHASE3,NCT02332447,https://clinicaltrials.gov/study/NCT02332447,Efficacy of Naloxone in Reducing Postictal Central Respiratory Dysfunction in Patients With Epilepsy,Automatic exact-normalized intervention and mapped-condition Phase II/III registry match; not a manual efficacy assessment.,all_motifs_fda_or_phase2_3.csv
327,e881e9dface1cf523164,automatic_phase2_3_registry_match,automatic_not_manually_verified,cardiovascular_hypertensive,17,Ventricular Fibrillation,C0042510,D014693,1088,1782,DB01035,procainamide,SCN5A|6331|pool:32205; KCNH2|3757|pool:17531,SCN5A; KCNH2,6331; 3757,32205;17531,2,38.32862281603289,32.264902363823225,42.907995032545394,10,False,True,False,exact_or_named_subtype,2,PHASE3,NCT00000464;NCT00000518,https://clinicaltrials.gov/study/NCT00000464;https://clinicaltrials.gov/study/NCT00000518,Cardiac Arrest in Seattle: Conventional Versus Amiodarone Drug Evaluation (CASCADE),Automatic exact-normalized intervention and mapped-condition Phase II/III registry match; not a manual efficacy assessment.,all_motifs_fda_or_phase2_3.csv
328,e7ebb1eb4b1fb48a5af5,automatic_phase2_3_registry_match,automatic_not_manually_verified,cardiovascular_hypertensive,17,Ventricular Fibrillation,C0042510,D014693,646,1340,DB01182,propafenone,SCN5A|6331|pool:32088; KCNH2|3757|pool:17461,SCN5A; KCNH2,6331; 3757,32088;17461,2,47.065561836245294,40.74115707434053,51.73967968482357,9,False,True,False,exact_or_named_subtype,1,PHASE3,NCT00000464,https://clinicaltrials.gov/study/NCT00000464,Cardiac Arrest in Seattle: Conventional Versus Amiodarone Drug Evaluation (CASCADE),Automatic exact-normalized intervention and mapped-condition Phase II/III registry match; not a manual efficacy assessment.,all_motifs_fda_or_phase2_3.csv
329,a807841b839707baa6e5,automatic_phase2_3_registry_match,automatic_not_manually_verified,cardiovascular_hypertensive,17,Ventricular Fibrillation,C0042510,D014693,477,1171,DB00908,quinidine,SCN5A|6331|pool:32057,SCN5A,6331,32057,1,44.73599691675231,39.42274751627269,47.157095751969855,9,False,True,False,exact_or_named_subtype,3,PHASE2;PHASE3,NCT00000464;NCT00000518;NCT05593757,https://clinicaltrials.gov/study/NCT00000464;https://clinicaltrials.gov/study/NCT00000518;https://clinicaltrials.gov/study/NCT05593757,Cardiac Arrest in Seattle: Conventional Versus Amiodarone Drug Evaluation (CASCADE),Automatic exact-normalized intervention and mapped-condition Phase II/III registry match; not a manual efficacy assessment.,all_motifs_fda_or_phase2_3.csv
330,cc8409c9813a3eb3a81f,automatic_phase2_3_registry_match,automatic_not_manually_verified,cardiovascular_hypertensive,17,Ventricular Fibrillation,C0042510,D014693,322,1016,DB00661,verapamil,SCN5A|6331|pool:31979,SCN5A,6331,31979,1,38.1980130181569,32.628896882494004,46.36701353203152,9,False,True,False,exact_or_named_subtype,1,PHASE2,NCT05593757,https://clinicaltrials.gov/study/NCT05593757,Quinidine Versus Verapamil in Short-coupled Idiopathic Ventricular Fibrillation,Automatic exact-normalized intervention and mapped-condition Phase II/III registry match; not a manual efficacy assessment.,all_motifs_fda_or_phase2_3.csv
331,7d14b9f6d6a06db73d12,automatic_phase2_3_registry_match,automatic_not_manually_verified,cardiovascular_hypertensive,81,Atherosclerosis,C0004153,D050197,496,1190,DB00945,aspirin,PTGS2|5743|pool:11686,PTGS2,5743,11686,1,16.38724734498116,7.966127098321342,22.777492291880783,10,False,True,False,exact_or_named_subtype,5,PHASE2;PHASE2|PHASE3;PHASE3,NCT00004728;NCT00222677;NCT00684203;NCT00776477;NCT05700266,https://clinicaltrials.gov/study/NCT00004728;https://clinicaltrials.gov/study/NCT00222677;https://clinicaltrials.gov/study/NCT00684203;https://clinicaltrials.gov/study/NCT00776477;https://clinicaltrials.gov/study/NCT05700266,Aspirin Or Warfarin To Prevent Stroke,Automatic exact-normalized intervention and mapped-condition Phase II/III registry match; not a manual efficacy assessment.,all_motifs_fda_or_phase2_3.csv
332,02a6c147d3b7c37272a2,automatic_phase2_3_registry_match,automatic_not_manually_verified,cardiovascular_hypertensive,81,Atherosclerosis,C0004153,D050197,582,1276,DB01076,atorvastatin,AHR|196|pool:20217,AHR,196,20217,1,54.8882322713258,41.83635234669408,64.16420435080508,9,False,True,False,exact_or_named_subtype,8,PHASE2;PHASE3,NCT00115817;NCT00115830;NCT00481364;NCT00620542;NCT00650689;NCT00804843;NCT06080256;NCT07474649,https://clinicaltrials.gov/study/NCT00115817;https://clinicaltrials.gov/study/NCT00115830;https://clinicaltrials.gov/study/NCT00481364;https://clinicaltrials.gov/study/NCT00620542;https://clinicaltrials.gov/study/NCT00650689;https://clinicaltrials.gov/study/NCT00804843;https://clinicaltrials.gov/study/NCT06080256;https://clinicaltrials.gov/study/NCT07474649,The Effects of Atorvastatin in Patients With Atherosclerosis,Automatic exact-normalized intervention and mapped-condition Phase II/III registry match; not a manual efficacy assessment.,all_motifs_fda_or_phase2_3.csv
333,abb93af94e1f280b98e1,automatic_phase2_3_registry_match,automatic_not_manually_verified,cardiovascular_hypertensive,81,Atherosclerosis,C0004153,D050197,400,1094,DB00783,estradiol,ESR1|2099|pool:1588,ESR1,2099,1588,1,35.14474134977732,27.938185166152792,40.45477903391573,10,False,True,False,exact_or_named_subtype,1,PHASE2,NCT00005108,https://clinicaltrials.gov/study/NCT00005108,Effects of Hormone Replacement Therapy on Inflammation and Stiffening of Artery Walls,Automatic exact-normalized intervention and mapped-condition Phase II/III registry match; not a manual efficacy assessment.,all_motifs_fda_or_phase2_3.csv
334,a9b7c2a83dba150f3bcb,automatic_phase2_3_registry_match,automatic_not_manually_verified,cardiovascular_hypertensive,81,Atherosclerosis,C0004153,D050197,415,1109,DB00806,pentoxifylline,TNF|7124|pool:13882,TNF,7124,13882,1,15.6164354230901,9.548432682425489,29.26355344295992,9,False,True,False,exact_or_named_subtype,2,PHASE2,NCT00796822;NCT00864916,https://clinicaltrials.gov/study/NCT00796822;https://clinicaltrials.gov/study/NCT00864916,Evaluating the Effectiveness of Pentoxifylline at Improving Blood Vessel Function in HIV-infected People Not Receiving Antiretroviral Medications,Automatic exact-normalized intervention and mapped-condition Phase II/III registry match; not a manual efficacy assessment.,all_motifs_fda_or_phase2_3.csv
335,a7515aaab2146d7768b8,automatic_phase2_3_registry_match,automatic_not_manually_verified,cardiovascular_hypertensive,81,Atherosclerosis,C0004153,D050197,163,857,DB00396,progesterone,ESR1|2099|pool:1384,ESR1,2099,1384,1,25.02141144227476,19.256915895854743,30.58196300102775,10,False,True,False,exact_or_named_subtype,1,PHASE2,NCT00005108,https://clinicaltrials.gov/study/NCT00005108,Effects of Hormone Replacement Therapy on Inflammation and Stiffening of Artery Walls,Automatic exact-normalized intervention and mapped-condition Phase II/III registry match; not a manual efficacy assessment.,all_motifs_fda_or_phase2_3.csv
336,4ef58a916bfbc41686dd,automatic_phase2_3_registry_match,automatic_not_manually_verified,cardiovascular_hypertensive,90,Myocardial Infarction,C0027051,D009203,1001,1695,DB00006,bivalirudin,F2|2147|pool:22464,F2,2147,22464,1,31.20610654333676,22.49860825625214,45.57264902363824,10,False,True,False,exact_or_named_subtype,3,PHASE3,NCT00433966;NCT02565147;NCT02897037,https://clinicaltrials.gov/study/NCT00433966;https://clinicaltrials.gov/study/NCT02565147;https://clinicaltrials.gov/study/NCT02897037,Harmonizing Outcomes With Revascularization and Stents in Acute Myocardial Infarction,Automatic exact-normalized intervention and mapped-condition Phase II/III registry match; not a manual efficacy assessment.,all_motifs_fda_or_phase2_3.csv
337,d0fcf14d5ef0982df18d,automatic_phase2_3_registry_match,automatic_not_manually_verified,cardiovascular_hypertensive,90,Myocardial Infarction,C0027051,D009203,576,1270,DB01065,melatonin,ESR1|2099|pool:1718,ESR1,2099,1718,1,21.2540681740322,14.992827166837955,24.48773124357657,10,False,True,False,exact_or_named_subtype,1,PHASE2,NCT00640094,https://clinicaltrials.gov/study/NCT00640094,The Melatonin Adjunct in the Acute myocaRdial Infarction Treated With Angioplasty,Automatic exact-normalized intervention and mapped-condition Phase II/III registry match; not a manual efficacy assessment.,all_motifs_fda_or_phase2_3.csv
338,452f01235482f5e60c52,automatic_phase2_3_registry_match,automatic_not_manually_verified,cardiovascular_hypertensive,90,Myocardial Infarction,C0027051,D009203,180,874,DB00421,spironolactone,4306|4306|pool:44856,4306,4306,44856,1,27.26961288112367,21.47300017129153,30.5107699554642,10,False,True,False,exact_or_named_subtype,2,PHASE3,NCT01059136;NCT03048825,https://clinicaltrials.gov/study/NCT01059136;https://clinicaltrials.gov/study/NCT03048825,Aldosterone Blockade Early After Acute Myocardial Infarction,Automatic exact-normalized intervention and mapped-condition Phase II/III registry match; not a manual efficacy assessment.,all_motifs_fda_or_phase2_3.csv
339,743034e9b41254a340e0,automatic_phase2_3_registry_match,automatic_not_manually_verified,cardiovascular_hypertensive,90,Myocardial Infarction,C0027051,D009203,297,991,DB00624,testosterone,ESR1|2099|pool:1488; 4306|4306|pool:44885,ESR1; 4306,2099; 4306,1488;44885,2,22.794621445700585,16.804770469338813,27.11491521068859,10,False,True,False,exact_or_named_subtype,1,PHASE2|PHASE3,NCT02803073,https://clinicaltrials.gov/study/NCT02803073,Effect of Testosterone Replacement on Exercise Capacity in Hypogonadal Men After a Recent Myocardial Infarction,Automatic exact-normalized intervention and mapped-condition Phase II/III registry match; not a manual efficacy assessment.,all_motifs_fda_or_phase2_3.csv
340,772d9c320d7d21e1604e,automatic_phase2_3_registry_match,automatic_not_manually_verified,cardiovascular_hypertensive,90,Myocardial Infarction,C0027051,D009203,49,743,DB00208,ticlopidine,64805|64805|pool:44355,64805,64805,44355,1,57.13215142171977,48.772053785542994,60.96212315861597,10,False,True,False,exact_or_named_subtype,1,PHASE3,NCT00821834,https://clinicaltrials.gov/study/NCT00821834,Safety Evaluation of Clopidogrel Sulfate in Patients With Stable Angina/Old Myocardial Infarction to Whom Percutaneous Coronary Intervention is Being Planned,Automatic exact-normalized intervention and mapped-condition Phase II/III registry match; not a manual efficacy assessment.,all_motifs_fda_or_phase2_3.csv
341,7b6bc726eeb50159296a,automatic_phase2_3_registry_match,automatic_not_manually_verified,cardiovascular_hypertensive,93,Hypertension,C0020538,D006973,1134,1828,DB00125,L-Arginine,NOS2|4843|pool:26187,NOS2,4843,26187,1,25.926044878383006,15.560230387118876,50.69212487153135,10,False,True,False,exact_or_named_subtype,3,PHASE2|PHASE3;PHASE3,NCT00137124;NCT00571766;NCT00974714,https://clinicaltrials.gov/study/NCT00137124;https://clinicaltrials.gov/study/NCT00571766;https://clinicaltrials.gov/study/NCT00974714,L-Arginine Metabolism in Essential Hypertension,Automatic exact-normalized intervention and mapped-condition Phase II/III registry match; not a manual efficacy assessment.,all_motifs_fda_or_phase2_3.csv
342,25d4afdf2ccaf7f36d6c,automatic_phase2_3_registry_match,automatic_not_manually_verified,cardiovascular_hypertensive,93,Hypertension,C0020538,D006973,316,1010,DB00653,Magnesium Sulfate,CACNA1C|775|pool:808; CACNA2D1|781|pool:39946,CACNA1C; CACNA2D1,775; 781,808;39946,2,13.096308667351831,10.470195272353546,17.708333333333332,10,False,True,False,exact_or_named_subtype,1,PHASE1|PHASE2,NCT04898114,https://clinicaltrials.gov/study/NCT04898114,Nebulized Magnesium Sulfate and Sildenafil for Persistent Pulmonary Hypertension of Newborn,Automatic exact-normalized intervention and mapped-condition Phase II/III registry match; not a manual efficacy assessment.,all_motifs_fda_or_phase2_3.csv
343,1ce618e3cac763984dfc,automatic_phase2_3_registry_match,automatic_not_manually_verified,cardiovascular_hypertensive,93,Hypertension,C0020538,D006973,364,1058,DB00727,Nitroglycerin,NPR1|4881|pool:7810,NPR1,4881,7810,1,48.84485268927715,40.6592583076396,59.60784943473792,9,False,True,False,exact_or_named_subtype,1,PHASE3,NCT00093886,https://clinicaltrials.gov/study/NCT00093886,Clevidipine in the Perioperative Treatment of Hypertension (ECLIPSE-NTG),Automatic exact-normalized intervention and mapped-condition Phase II/III registry match; not a manual efficacy assessment.,all_motifs_fda_or_phase2_3.csv
344,68463817643c168e3ab0,automatic_phase2_3_registry_match,automatic_not_manually_verified,cardiovascular_hypertensive,93,Hypertension,C0020538,D006973,598,1292,DB01105,Sibutramine,SLC6A2|6530|pool:38933,SLC6A2,6530,38933,1,17.913883179170952,13.338257965056528,21.744925488180883,10,False,True,False,exact_or_named_subtype,1,PHASE3,NCT00679653,https://clinicaltrials.gov/study/NCT00679653,Blood Pressure and Weight Trajectory on a Dual Antihypertensive Combination Plus Sibutramine Versus Placebo in Obese Hypertensives,Automatic exact-normalized intervention and mapped-condition Phase II/III registry match; not a manual efficacy assessment.,all_motifs_fda_or_phase2_3.csv
345,f809a09c218b718fa77f,automatic_phase2_3_registry_match,automatic_not_manually_verified,cardiovascular_hypertensive,93,Hypertension,C0020538,D006973,832,1526,DB06268,Sitaxentan,EDNRA|1909|pool:24972,EDNRA,1909,24972,1,31.37846865364851,26.789461288112367,46.23265673175745,10,False,True,False,exact_or_named_subtype,2,PHASE3,NCT01204853;NCT01210443,https://clinicaltrials.gov/study/NCT01204853;https://clinicaltrials.gov/study/NCT01210443,A 12 Week Safety And Efficacy Study Of Sitaxentan Sodium In Japanese Pulmonary Arterial Hypertension Patients,Automatic exact-normalized intervention and mapped-condition Phase II/III registry match; not a manual efficacy assessment.,all_motifs_fda_or_phase2_3.csv
346,54c4b2ca6fb19b469eb8,automatic_phase2_3_registry_match,automatic_not_manually_verified,cardiovascular_hypertensive,93,Hypertension,C0020538,D006973,562,1256,DB01041,Thalidomide,TNF|7124|pool:14034; FGFR2|2263|pool:25590,TNF; FGFR2,7124; 2263,14034;25590,2,2.971908187735526,0.9019570058239124,11.05686879068174,10,False,True,False,exact_or_named_subtype,1,PHASE3,NCT00787436,https://clinicaltrials.gov/study/NCT00787436,Secondary Prophylaxis of Gastrointestinal Bleeding in Cirrhotic Patients Using THALIDOMIDE,Automatic exact-normalized intervention and mapped-condition Phase II/III registry match; not a manual efficacy assessment.,all_motifs_fda_or_phase2_3.csv
347,9fcf766430d6d11ddc42,automatic_phase2_3_registry_match,automatic_not_manually_verified,cardiovascular_hypertensive,93,Hypertension,C0020538,D006973,539,1233,DB01001,albuterol,ADRB1|153|pool:388,ADRB1,153,388,1,12.143499486125386,10.76995546420007,24.325539568345324,10,False,True,False,exact_or_named_subtype,2,PHASE2,NCT02108743;NCT03270332,https://clinicaltrials.gov/study/NCT02108743;https://clinicaltrials.gov/study/NCT03270332,Albuterol and Dynamic Hyperinflation in Idiopathic Pulmonary Arterial Hypertension,Automatic exact-normalized intervention and mapped-condition Phase II/III registry match; not a manual efficacy assessment.,all_motifs_fda_or_phase2_3.csv
348,cb0bc8945e73659fdc37,automatic_phase2_3_registry_match,automatic_not_manually_verified,cardiovascular_hypertensive,93,Hypertension,C0020538,D006973,496,1190,DB00945,aspirin,TP53|7157|pool:4749; EDNRA|1909|pool:24966,TP53; EDNRA,7157; 1909,4749;24966,2,13.67762932511134,11.004410757108598,21.933881466255567,10,False,True,False,exact_or_named_subtype,3,PHASE2;PHASE3,NCT00059306;NCT00105209;NCT00384865,https://clinicaltrials.gov/study/NCT00059306;https://clinicaltrials.gov/study/NCT00105209;https://clinicaltrials.gov/study/NCT00384865,Secondary Prevention of Small Subcortical Strokes Trial,Automatic exact-normalized intervention and mapped-condition Phase II/III registry match; not a manual efficacy assessment.,all_motifs_fda_or_phase2_3.csv
349,fc682569b6fe151f5547,automatic_phase2_3_registry_match,automatic_not_manually_verified,cardiovascular_hypertensive,93,Hypertension,C0020538,D006973,99,793,DB00289,atomoxetine,SLC6A2|6530|pool:38793,SLC6A2,6530,38793,1,15.557553956834532,12.33620246659815,21.8407416923604,10,False,True,False,exact_or_named_subtype,1,PHASE2,NCT04905979,https://clinicaltrials.gov/study/NCT04905979,Trial of AD113 and Atomoxetine in OSA Patients With Hypertension,Automatic exact-normalized intervention and mapped-condition Phase II/III registry match; not a manual efficacy assessment.,all_motifs_fda_or_phase2_3.csv
350,095bde91264cb148d3d7,automatic_phase2_3_registry_match,automatic_not_manually_verified,cardiovascular_hypertensive,93,Hypertension,C0020538,D006973,1181,1875,DB12319,benzbromarone,ABCC1|4363|pool:36783,ABCC1,4363,36783,1,50.18413840356286,32.939362795477905,59.33806526207606,9,False,True,False,exact_or_named_subtype,1,PHASE2,NCT02790450,https://clinicaltrials.gov/study/NCT02790450,Acute Effects of Benzbromaron on the Pulmonary Circulation,Automatic exact-normalized intervention and mapped-condition Phase II/III registry match; not a manual efficacy assessment.,all_motifs_fda_or_phase2_3.csv
351,08e59f1dc1be3c4c409b,automatic_phase2_3_registry_match,automatic_not_manually_verified,cardiovascular_hypertensive,93,Hypertension,C0020538,D006973,219,913,DB00484,brimonidine,ADRA2A|150|pool:32411,ADRA2A,150,32411,1,19.14932339842412,13.457091469681398,25.828622816032887,10,False,True,False,exact_or_named_subtype,1,PHASE3,NCT00168363,https://clinicaltrials.gov/study/NCT00168363,Safety and Efficacy of Brimonidine in Patients With Glaucoma or Ocular Hypertension,Automatic exact-normalized intervention and mapped-condition Phase II/III registry match; not a manual efficacy assessment.,all_motifs_fda_or_phase2_3.csv
352,6d69a1e67192a71f4cef,automatic_phase2_3_registry_match,automatic_not_manually_verified,cardiovascular_hypertensive,93,Hypertension,C0020538,D006973,1184,1878,DB13919,candesartan,AGTR1|185|pool:28541,AGTR1,185,28541,1,23.430541281260705,20.132108598835217,29.915531860226103,10,False,True,False,exact_or_named_subtype,6,PHASE2;PHASE3,NCT00150631;NCT00282178;NCT00605072;NCT00644475;NCT01984164;NCT03640312,https://clinicaltrials.gov/study/NCT00150631;https://clinicaltrials.gov/study/NCT00282178;https://clinicaltrials.gov/study/NCT00605072;https://clinicaltrials.gov/study/NCT00644475;https://clinicaltrials.gov/study/NCT01984164;https://clinicaltrials.gov/study/NCT03640312,Danish Hypertension Prevention Project - DHYPP,Automatic exact-normalized intervention and mapped-condition Phase II/III registry match; not a manual efficacy assessment.,all_motifs_fda_or_phase2_3.csv
353,6d9771cfc3609a1179fd,automatic_phase2_3_registry_match,automatic_not_manually_verified,cardiovascular_hypertensive,93,Hypertension,C0020538,D006973,25,719,DB00169,cholecalciferol,VDR|7421|pool:20720,VDR,7421,20720,1,10.954093867762932,6.091555327166837,24.417608770126755,10,False,True,False,exact_or_named_subtype,2,PHASE2,NCT01166165;NCT03070483,https://clinicaltrials.gov/study/NCT01166165;https://clinicaltrials.gov/study/NCT03070483,Effect of Vitamin D Replacement During Winter Months in Patients With Hypertension,Automatic exact-normalized intervention and mapped-condition Phase II/III registry match; not a manual efficacy assessment.,all_motifs_fda_or_phase2_3.csv
354,5b3e80ae6abe79d1a91e,automatic_phase2_3_registry_match,automatic_not_manually_verified,cardiovascular_hypertensive,93,Hypertension,C0020538,D006973,641,1335,DB01175,escitalopram,SLC6A2|6530|pool:38982,SLC6A2,6530,38982,1,17.82502569373073,12.904140972935938,22.2025950668037,10,False,True,False,exact_or_named_subtype,1,PHASE3,NCT00190333,https://clinicaltrials.gov/study/NCT00190333,Serotonin Transporter Inhibitor Escitalopram in Pulmonary Hypertension,Automatic exact-normalized intervention and mapped-condition Phase II/III registry match; not a manual efficacy assessment.,all_motifs_fda_or_phase2_3.csv
355,01c197fb7e9ff00f43f8,automatic_phase2_3_registry_match,automatic_not_manually_verified,cardiovascular_hypertensive,93,Hypertension,C0020538,D006973,212,906,DB00472,fluoxetine,HTR2B|3357|pool:39165,HTR2B,3357,39165,1,13.838215142171975,11.843739294278862,17.79933196300103,10,False,True,False,exact_or_named_subtype,2,PHASE2,NCT00942708;NCT03638908,https://clinicaltrials.gov/study/NCT00942708;https://clinicaltrials.gov/study/NCT03638908,Safety and Efficacy of Fluoxetine in Pulmonary Arterial Hypertension,Automatic exact-normalized intervention and mapped-condition Phase II/III registry match; not a manual efficacy assessment.,all_motifs_fda_or_phase2_3.csv
356,e6192ca61382e402adc1,automatic_phase2_3_registry_match,automatic_not_manually_verified,cardiovascular_hypertensive,93,Hypertension,C0020538,D006973,567,1261,DB01050,ibuprofen,PLAT|5327|pool:22560,PLAT,5327,22560,1,35.402749229188075,16.15172147995889,42.04297276464543,10,False,True,False,exact_or_named_subtype,1,PHASE2|PHASE3,NCT01988298,https://clinicaltrials.gov/study/NCT01988298,Nonsteroidal Antiinflammatory Drugs in Women With Postpartum Pre-eclampsia,Automatic exact-normalized intervention and mapped-condition Phase II/III registry match; not a manual efficacy assessment.,all_motifs_fda_or_phase2_3.csv
357,6024cf2f0bb15616c8ae,automatic_phase2_3_registry_match,automatic_not_manually_verified,cardiovascular_hypertensive,93,Hypertension,C0020538,D006973,802,1496,DB04946,iloperidone,DRD2|1813|pool:18848,DRD2,1813,18848,1,7.265972935936965,6.291752312435765,15.184994861253854,10,False,True,False,exact_or_named_subtype,1,PHASE2,NCT07090161,https://clinicaltrials.gov/study/NCT07090161,Evaluation of Efficacy and Safety of Iloperidone for the Treatment of Participants With Uncontrolled Hypertension,Automatic exact-normalized intervention and mapped-condition Phase II/III registry match; not a manual efficacy assessment.,all_motifs_fda_or_phase2_3.csv
358,82327cd4b249ade222a1,automatic_phase2_3_registry_match,automatic_not_manually_verified,cardiovascular_hypertensive,93,Hypertension,C0020538,D006973,293,987,DB00619,imatinib,RET|5979|pool:9268,RET,5979,9268,1,22.294664268585134,13.990771668379583,29.82935080507023,9,False,True,False,exact_or_named_subtype,3,PHASE3,NCT01117987;NCT01392469;NCT01392495,https://clinicaltrials.gov/study/NCT01117987;https://clinicaltrials.gov/study/NCT01392469;https://clinicaltrials.gov/study/NCT01392495,"Extension to QTI571A2301 to Evaluate the Long-term Safety, Tolerability and Efficacy of Imatinib in Severe Pulmonary Arterial Hypertension (PAH)",Automatic exact-normalized intervention and mapped-condition Phase II/III registry match; not a manual efficacy assessment.,all_motifs_fda_or_phase2_3.csv
359,9dbf344cbaf136b08189,automatic_phase2_3_registry_match,automatic_not_manually_verified,cardiovascular_hypertensive,93,Hypertension,C0020538,D006973,909,1603,DB08932,macitentan,EDNRA|1909|pool:24978,EDNRA,1909,24978,1,38.58020726276122,30.407459746488524,49.22972336416581,10,False,True,False,exact_or_named_subtype,15,PHASE2;PHASE3,NCT00667823;NCT01841762;NCT01847014;NCT02021292;NCT02060721;NCT02070991;NCT02081690;NCT02112487;NCT02558231;NCT02651272;NCT02932410;NCT03422328;NCT04271475;NCT05167825;NCT05179876,https://clinicaltrials.gov/study/NCT00667823;https://clinicaltrials.gov/study/NCT01841762;https://clinicaltrials.gov/study/NCT01847014;https://clinicaltrials.gov/study/NCT02021292;https://clinicaltrials.gov/study/NCT02060721;https://clinicaltrials.gov/study/NCT02070991;https://clinicaltrials.gov/study/NCT02081690;https://clinicaltrials.gov/study/NCT02112487;https://clinicaltrials.gov/study/NCT02558231;https://clinicaltrials.gov/study/NCT02651272;https://clinicaltrials.gov/study/NCT02932410;https://clinicaltrials.gov/study/NCT03422328;https://clinicaltrials.gov/study/NCT04271475;https://clinicaltrials.gov/study/NCT05167825;https://clinicaltrials.gov/study/NCT05179876,Clinical Study to Assess the Long-term Safety and Tolerability of ACT 064992 in Patients With Symptomatic Pulmonary Arterial Hypertension,Automatic exact-normalized intervention and mapped-condition Phase II/III registry match; not a manual efficacy assessment.,all_motifs_fda_or_phase2_3.csv
360,49c6b4cac7e4b1e10156,automatic_phase2_3_registry_match,automatic_not_manually_verified,cardiovascular_hypertensive,93,Hypertension,C0020538,D006973,576,1270,DB01065,melatonin,HTR2B|3357|pool:39197,HTR2B,3357,39197,1,13.231200753682767,12.587786913326482,13.91583162041795,10,False,True,False,exact_or_named_subtype,5,PHASE2;PHASE3,NCT00238108;NCT01114360;NCT01114373;NCT05257291;NCT06685679,https://clinicaltrials.gov/study/NCT00238108;https://clinicaltrials.gov/study/NCT01114360;https://clinicaltrials.gov/study/NCT01114373;https://clinicaltrials.gov/study/NCT05257291;https://clinicaltrials.gov/study/NCT06685679,Melatonin Supplements for Improving Sleep in Individuals With Hypertension,Automatic exact-normalized intervention and mapped-condition Phase II/III registry match; not a manual efficacy assessment.,all_motifs_fda_or_phase2_3.csv
361,e62280e6b9239152a838,automatic_phase2_3_registry_match,automatic_not_manually_verified,cardiovascular_hypertensive,93,Hypertension,C0020538,D006973,66,760,DB00235,milrinone,PDE3A|5139|pool:40160,PDE3A,5139,40160,1,23.997944501541625,16.146368619390202,30.760213257965056,10,False,True,False,exact_or_named_subtype,3,PHASE1|PHASE2;PHASE2,NCT00819377;NCT02595541;NCT02951130,https://clinicaltrials.gov/study/NCT00819377;https://clinicaltrials.gov/study/NCT02595541;https://clinicaltrials.gov/study/NCT02951130,Milrinone Inhaled in Cardiac Surgery,Automatic exact-normalized intervention and mapped-condition Phase II/III registry match; not a manual efficacy assessment.,all_motifs_fda_or_phase2_3.csv
362,40f986608503b2777a9c,automatic_phase2_3_registry_match,automatic_not_manually_verified,cardiovascular_hypertensive,93,Hypertension,C0020538,D006973,547,1241,DB01017,minocycline,MMP9|4318|pool:19792; IL1B|3553|pool:34478,MMP9; IL1B,4318; 3553,19792;34478,2,20.470409386776293,13.18195443645084,35.28605686879068,10,False,True,False,exact_or_named_subtype,2,PHASE2;PHASE3,NCT02213575;NCT04478500,https://clinicaltrials.gov/study/NCT02213575;https://clinicaltrials.gov/study/NCT04478500,Study 3: Minocycline Decreases Microglia Activation,Automatic exact-normalized intervention and mapped-condition Phase II/III registry match; not a manual efficacy assessment.,all_motifs_fda_or_phase2_3.csv
363,1ad6e0085a72658108ed,automatic_phase2_3_registry_match,automatic_not_manually_verified,cardiovascular_hypertensive,93,Hypertension,C0020538,D006973,896,1590,DB08893,mirabegron,ADRB1|153|pool:586,ADRB1,153,586,1,14.143328194587188,10.010919835560124,19.92013532031517,10,False,True,False,exact_or_named_subtype,1,PHASE2,NCT02775539,https://clinicaltrials.gov/study/NCT02775539,Beta3 Agonist Treatment in Chronic Pulmonary Hypertension Secondary to Heart Failure,Automatic exact-normalized intervention and mapped-condition Phase II/III registry match; not a manual efficacy assessment.,all_motifs_fda_or_phase2_3.csv
364,dc5af5355e86bdc5132b,automatic_phase2_3_registry_match,automatic_not_manually_verified,cardiovascular_hypertensive,93,Hypertension,C0020538,D006973,145,839,DB00368,norepinephrine,ADRB1|153|pool:212; ADRA2A|150|pool:32367,ADRB1; ADRA2A,153; 150,212;32367,2,9.194073312778348,7.358042137718397,13.321664097293594,10,False,True,False,exact_or_named_subtype,1,PHASE2,NCT07614438,https://clinicaltrials.gov/study/NCT07614438,"Effect of Vasopressin Versus Norepinephrine on Post-operative Mean Pulmonary Arterial Pressure Following Pulmonary Endarterectomy Surgery,",Automatic exact-normalized intervention and mapped-condition Phase II/III registry match; not a manual efficacy assessment.,all_motifs_fda_or_phase2_3.csv
365,a3008fe7f288088288f8,automatic_phase2_3_registry_match,automatic_not_manually_verified,cardiovascular_hypertensive,93,Hypertension,C0020538,D006973,386,1080,DB00761,potassium chloride,SLC12A2|6558|pool:17151,SLC12A2,6558,17151,1,28.721308667351835,25.323848064405617,51.74342668722165,10,False,True,False,exact_or_named_subtype,4,PHASE1|PHASE2;PHASE2;PHASE3,NCT00241839;NCT01074918;NCT02450773;NCT07238400,https://clinicaltrials.gov/study/NCT00241839;https://clinicaltrials.gov/study/NCT01074918;https://clinicaltrials.gov/study/NCT02450773;https://clinicaltrials.gov/study/NCT07238400,Uric Acid and Hypertension in African Americans,Automatic exact-normalized intervention and mapped-condition Phase II/III registry match; not a manual efficacy assessment.,all_motifs_fda_or_phase2_3.csv
366,a4cb74de1a3b6ec23b09,automatic_phase2_3_registry_match,automatic_not_manually_verified,cardiovascular_hypertensive,93,Hypertension,C0020538,D006973,448,1142,DB00860,prednisolone,NR3C1|2908|pool:3001; 4306|4306|pool:44931; SERPINA6|866|pool:40842,NR3C1; 4306; SERPINA6,2908; 4306; 866,3001;44931;40842,3,2.9547790339157247,0.700689448441247,4.906967283316204,10,False,True,False,exact_or_named_subtype,1,PHASE3,NCT04005079,https://clinicaltrials.gov/study/NCT04005079,Pilocarpine After Combined Cataract/Trabectome Surgery,Automatic exact-normalized intervention and mapped-condition Phase II/III registry match; not a manual efficacy assessment.,all_motifs_fda_or_phase2_3.csv
367,27267dcd6fc2c5be465b,automatic_phase2_3_registry_match,automatic_not_manually_verified,cardiovascular_hypertensive,93,Hypertension,C0020538,D006973,163,857,DB00396,progesterone,NR3C1|2908|pool:2779; 4306|4306|pool:44841; CYP17A1|1586|pool:41182,NR3C1; 4306; CYP17A1,2908; 4306; 1586,2779;44841;41182,3,6.264988009592326,3.392643028434396,12.158487495717711,10,False,True,False,exact_or_named_subtype,1,PHASE3,NCT00000466,https://clinicaltrials.gov/study/NCT00000466,Postmenopausal Estrogen/Progestin Interventions (PEPI),Automatic exact-normalized intervention and mapped-condition Phase II/III registry match; not a manual efficacy assessment.,all_motifs_fda_or_phase2_3.csv
368,6be32576930ac6a37bed,automatic_phase2_3_registry_match,automatic_not_manually_verified,cardiovascular_hypertensive,93,Hypertension,C0020538,D006973,462,1156,DB00877,sirolimus,MTOR|2475|pool:6249,MTOR,2475,6249,1,35.756038026721484,21.412512846865365,44.43623672490579,10,False,True,False,exact_or_named_subtype,1,PHASE2|PHASE3,NCT01709136,https://clinicaltrials.gov/study/NCT01709136,Pharmacokinetics of Sirolimus and Tacrolimus in Liver Transplant Recipients With Tacrolimus Toxicity,Automatic exact-normalized intervention and mapped-condition Phase II/III registry match; not a manual efficacy assessment.,all_motifs_fda_or_phase2_3.csv
369,2146066970068a12f892,automatic_phase2_3_registry_match,automatic_not_manually_verified,cardiovascular_hypertensive,93,Hypertension,C0020538,D006973,165,859,DB00398,sorafenib,RET|5979|pool:9245,RET,5979,9245,1,22.96377183967112,12.462529976019184,35.33690904419322,9,False,True,False,exact_or_named_subtype,1,PHASE2,NCT01714609,https://clinicaltrials.gov/study/NCT01714609,The Effect of Sorafenib on Portal Pressure,Automatic exact-normalized intervention and mapped-condition Phase II/III registry match; not a manual efficacy assessment.,all_motifs_fda_or_phase2_3.csv
370,98a24e9019c174e1557d,automatic_phase2_3_registry_match,automatic_not_manually_verified,cardiovascular_hypertensive,94,Heart Failure,C0018802,D006333,1080,1774,DB09140,Oxygen,HBA2|3040|pool:36440; NOX1|27035|pool:40321,HBA2; NOX1,3040; 27035,36440;40321,2,33.96711202466598,25.48657502569373,46.538305070229534,10,False,True,True,exact_or_named_subtype,5,PHASE2;PHASE2|PHASE3;PHASE3,NCT02949531;NCT03102827;NCT03745898;NCT03841084;NCT05613218,https://clinicaltrials.gov/study/NCT02949531;https://clinicaltrials.gov/study/NCT03102827;https://clinicaltrials.gov/study/NCT03745898;https://clinicaltrials.gov/study/NCT03841084;https://clinicaltrials.gov/study/NCT05613218,Use of Oxygen in Heart Failure With Preserved Ejection Fraction,Automatic exact-normalized intervention and mapped-condition Phase II/III registry match; not a manual efficacy assessment.,all_motifs_fda_or_phase2_3.csv
371,e9a8fdf23ff6db3e4d4f,automatic_phase2_3_registry_match,automatic_not_manually_verified,cardiovascular_hypertensive,94,Heart Failure,C0018802,D006333,539,1233,DB01001,albuterol,ADRB1|153|pool:389; ADRB3|155|pool:27225,ADRB1; ADRB3,153; 155,389;27225,2,23.882322713257963,17.986146796848235,38.2065775950668,10,False,False,True,exact_or_named_subtype,2,PHASE2|PHASE3;PHASE3,NCT01375361;NCT02885636,https://clinicaltrials.gov/study/NCT01375361;https://clinicaltrials.gov/study/NCT02885636,Nebulized Albuterol for Congestive Heart Failure Exacerbation,Automatic exact-normalized intervention and mapped-condition Phase II/III registry match; not a manual efficacy assessment.,all_motifs_fda_or_phase2_3.csv
372,aa579a5431c0a3310369,automatic_phase2_3_registry_match,automatic_not_manually_verified,cardiovascular_hypertensive,94,Heart Failure,C0018802,D006333,608,1302,DB01118,amiodarone,PPARG|5468|pool:6804; ADRB1|153|pool:419,PPARG; ADRB1,5468; 153,6804;419,2,14.200068516615278,9.753982528263103,22.75179856115108,10,False,False,True,exact_or_named_subtype,1,PHASE3,NCT00000609,https://clinicaltrials.gov/study/NCT00000609,Sudden Cardiac Death in Heart Failure Trial (SCD-HeFT),Automatic exact-normalized intervention and mapped-condition Phase II/III registry match; not a manual efficacy assessment.,all_motifs_fda_or_phase2_3.csv
373,64872a890c0c5803f2cf,automatic_phase2_3_registry_match,automatic_not_manually_verified,cardiovascular_hypertensive,94,Heart Failure,C0018802,D006333,496,1190,DB00945,aspirin,PTGS2|5743|pool:11689; PTGS1|5742|pool:35225; PRKAG2|51422|pool:7404,PTGS2; PTGS1; PRKAG2,5743; 5742; 51422,11689;35225;7404,3,5.230815347721823,1.470430798218568,10.536035457348406,10,False,True,True,exact_or_named_subtype,1,PHASE3,NCT00007683,https://clinicaltrials.gov/study/NCT00007683,Warfarin and Antiplatelet Therapy in Chronic Heart Failure,Automatic exact-normalized intervention and mapped-condition Phase II/III registry match; not a manual efficacy assessment.,all_motifs_fda_or_phase2_3.csv
374,22c89e4a68e45a080daa,automatic_phase2_3_registry_match,automatic_not_manually_verified,cardiovascular_hypertensive,94,Heart Failure,C0018802,D006333,458,1152,DB00872,conivaptan,AVPR2|554|pool:28320,AVPR2,554,28320,1,30.89135834189792,24.19439448441247,45.5903134635149,10,False,False,True,exact_or_named_subtype,2,PHASE2;PHASE3,NCT00057356;NCT00843986,https://clinicaltrials.gov/study/NCT00057356;https://clinicaltrials.gov/study/NCT00843986,Safety and Efficacy Study of YM087 (Conivaptan) in Patients With Acute Decompensated Heart Failure,Automatic exact-normalized intervention and mapped-condition Phase II/III registry match; not a manual efficacy assessment.,all_motifs_fda_or_phase2_3.csv
375,2726a8354184be12131b,automatic_phase2_3_registry_match,automatic_not_manually_verified,cardiovascular_hypertensive,94,Heart Failure,C0018802,D006333,684,1378,DB01234,dexamethasone,4306|4306|pool:44963; NOS2|4843|pool:26131,4306; NOS2,4306; 4843,44963;26131,2,6.518713600548133,5.167651593011305,18.557832305584103,10,False,False,True,exact_or_named_subtype,1,PHASE2|PHASE3,NCT05809011,https://clinicaltrials.gov/study/NCT05809011,Efficacy and Safety of corticoSTEROids Added to Standard Therapy in Patients With Acute Heart Failure (STERO-AHF),Automatic exact-normalized intervention and mapped-condition Phase II/III registry match; not a manual efficacy assessment.,all_motifs_fda_or_phase2_3.csv
376,407132837b6ee217e386,automatic_phase2_3_registry_match,automatic_not_manually_verified,cardiovascular_hypertensive,94,Heart Failure,C0018802,D006333,35,729,DB00187,esmolol,ADRB1|153|pool:148,ADRB1,153,148,1,23.254967454607744,20.790510448783827,25.12258050702296,10,False,False,True,exact_or_named_subtype,1,PHASE2,NCT06522594,https://clinicaltrials.gov/study/NCT06522594,REMAP ECMO - Beta Receptor Modulation Trial,Automatic exact-normalized intervention and mapped-condition Phase II/III registry match; not a manual efficacy assessment.,all_motifs_fda_or_phase2_3.csv
377,4034227f48326acc04bf,automatic_phase2_3_registry_match,automatic_not_manually_verified,cardiovascular_hypertensive,94,Heart Failure,C0018802,D006333,1052,1746,DB05039,indacaterol,ADRB1|153|pool:657,ADRB1,153,657,1,23.050488180883868,18.06643970537856,26.13641229873244,10,False,False,True,exact_or_named_subtype,1,PHASE3,NCT02598505,https://clinicaltrials.gov/study/NCT02598505,Indacaterol in Heart Failure Patients: Any Role on Lung Fluid Regulation,Automatic exact-normalized intervention and mapped-condition Phase II/III registry match; not a manual efficacy assessment.,all_motifs_fda_or_phase2_3.csv
378,3f052fcaf54db9bfab9a,automatic_phase2_3_registry_match,automatic_not_manually_verified,cardiovascular_hypertensive,94,Heart Failure,C0018802,D006333,82,776,DB00264,metoprolol,ADRB1|153|pool:176,ADRB1,153,176,1,25.405746831106544,19.18465227817746,30.837829736211027,10,False,False,True,exact_or_named_subtype,1,PHASE2,NCT01434134,https://clinicaltrials.gov/study/NCT01434134,Prevention of Cardiac Dysfunction During Adjuvant Breast Cancer Therapy,Automatic exact-normalized intervention and mapped-condition Phase II/III registry match; not a manual efficacy assessment.,all_motifs_fda_or_phase2_3.csv
379,f4d8874705a98efac77a,automatic_phase2_3_registry_match,automatic_not_manually_verified,cardiovascular_hypertensive,94,Heart Failure,C0018802,D006333,896,1590,DB08893,mirabegron,ADRB1|153|pool:587; ADRB3|155|pool:27278,ADRB1; ADRB3,153; 155,587;27278,2,22.368533744433023,18.368876327509422,26.814619732785204,10,False,False,True,exact_or_named_subtype,3,PHASE2;PHASE2|PHASE3,NCT01876433;NCT02775539;NCT03926754,https://clinicaltrials.gov/study/NCT01876433;https://clinicaltrials.gov/study/NCT02775539;https://clinicaltrials.gov/study/NCT03926754,Beta 3 Agonist Treatment in Heart Failure,Automatic exact-normalized intervention and mapped-condition Phase II/III registry match; not a manual efficacy assessment.,all_motifs_fda_or_phase2_3.csv
380,46a44aa83ff9f6aed4f7,automatic_phase2_3_registry_match,automatic_not_manually_verified,cardiovascular_hypertensive,94,Heart Failure,C0018802,D006333,790,1484,DB04861,nebivolol,ADRB1|153|pool:548,ADRB1,153,548,1,26.81033744433025,20.08339756766016,40.50349006509079,10,False,False,True,exact_or_named_subtype,1,PHASE3,NCT01648634,https://clinicaltrials.gov/study/NCT01648634,Nebivolol for the Prevention of Left Ventricular Systolic Dysfunction in Patients With Duchenne Muscular Dystrophy,Automatic exact-normalized intervention and mapped-condition Phase II/III registry match; not a manual efficacy assessment.,all_motifs_fda_or_phase2_3.csv
381,025341e0ca9d9a9b5b47,automatic_phase2_3_registry_match,automatic_not_manually_verified,cardiovascular_hypertensive,94,Heart Failure,C0018802,D006333,297,991,DB00624,testosterone,4306|4306|pool:44887,4306,4306,44887,1,18.22327852004111,13.073291366906474,25.06316375471052,10,False,False,True,exact_or_named_subtype,2,PHASE2,NCT00957034;NCT01469988,https://clinicaltrials.gov/study/NCT00957034;https://clinicaltrials.gov/study/NCT01469988,Assessing the Safety/Efficacy of Transdermal Testosterone in Female Patients With Symptomatic Heart Failure,Automatic exact-normalized intervention and mapped-condition Phase II/III registry match; not a manual efficacy assessment.,all_motifs_fda_or_phase2_3.csv
382,d370b8170993920dc66e,automatic_phase2_3_registry_match,automatic_not_manually_verified,cardiovascular_hypertensive,116,Atrial Fibrillation,C0235480,D001281,1034,1728,DB00898,Ethanol,CACNA1C|775|pool:928,CACNA1C,775,928,1,53.25346865364851,33.49391915039397,61.39838129496403,10,False,False,True,exact_or_named_subtype,1,PHASE3,NCT01898221,https://clinicaltrials.gov/study/NCT01898221,Vein of Marshall Ethanol Infusion for Persistent Atrial Fibrillation,Automatic exact-normalized intervention and mapped-condition Phase II/III registry match; not a manual efficacy assessment.,all_motifs_fda_or_phase2_3.csv
383,42db8a554ff7676716a9,automatic_phase2_3_registry_match,automatic_not_manually_verified,cardiovascular_hypertensive,116,Atrial Fibrillation,C0235480,D001281,316,1010,DB00653,Magnesium Sulfate,CACNA1C|775|pool:809; CACNB2|783|pool:42886,CACNA1C; CACNB2,775; 783,809;42886,2,31.308881466255567,26.21349349092155,36.52363823227133,10,False,False,True,exact_or_named_subtype,1,PHASE2|PHASE3,NCT05669417,https://clinicaltrials.gov/study/NCT05669417,Peri-Operative Magnesium Infusion to Prevent Atrial Fibrillation Evaluated.,Automatic exact-normalized intervention and mapped-condition Phase II/III registry match; not a manual efficacy assessment.,all_motifs_fda_or_phase2_3.csv
384,2e68af3ec76bcd79e76e,automatic_phase2_3_registry_match,automatic_not_manually_verified,cardiovascular_hypertensive,116,Atrial Fibrillation,C0235480,D001281,496,1190,DB00945,aspirin,PRKAG2|51422|pool:7405,PRKAG2,51422,7405,1,37.23235697156561,31.778862624186367,65.55594809866393,10,False,True,False,exact_or_named_subtype,6,PHASE2;PHASE3,NCT00244426;NCT00623779;NCT02164864;NCT02565693;NCT02960126;NCT03907046,https://clinicaltrials.gov/study/NCT00244426;https://clinicaltrials.gov/study/NCT00623779;https://clinicaltrials.gov/study/NCT02164864;https://clinicaltrials.gov/study/NCT02565693;https://clinicaltrials.gov/study/NCT02960126;https://clinicaltrials.gov/study/NCT03907046,S.I.F.A. II: Prevention Of Thromboembolic Events In Patients With Nonrheumatic Atrial Fibrillation,Automatic exact-normalized intervention and mapped-condition Phase II/III registry match; not a manual efficacy assessment.,all_motifs_fda_or_phase2_3.csv
385,4fc642c3ed6b22c4b037,automatic_phase2_3_registry_match,automatic_not_manually_verified,cardiovascular_hypertensive,116,Atrial Fibrillation,C0235480,D001281,102,796,DB00297,bupivacaine,KCNA5|3741|pool:19716,KCNA5,3741,19716,1,64.68289653991093,57.41478245974649,67.3812735525865,9,False,True,False,exact_or_named_subtype,1,PHASE2|PHASE3,NCT05357690,https://clinicaltrials.gov/study/NCT05357690,A Study of Stellate Ganglion Block for Prevention of Atrial Fibrillation,Automatic exact-normalized intervention and mapped-condition Phase II/III registry match; not a manual efficacy assessment.,all_motifs_fda_or_phase2_3.csv
386,e2ef2f71066f2a949bf4,automatic_phase2_3_registry_match,automatic_not_manually_verified,cardiovascular_hypertensive,116,Atrial Fibrillation,C0235480,D001281,619,1313,DB01136,carvedilol,NPPB|4879|pool:8648,NPPB,4879,8648,1,32.86335217540254,26.9157887975334,41.00880010277493,10,False,False,True,exact_or_named_subtype,1,PHASE3,NCT00313157,https://clinicaltrials.gov/study/NCT00313157,RATe Control in Atrial Fibrillation,Automatic exact-normalized intervention and mapped-condition Phase II/III registry match; not a manual efficacy assessment.,all_motifs_fda_or_phase2_3.csv
387,777cadd9c3dbffec85bf,automatic_phase2_3_registry_match,automatic_not_manually_verified,cardiovascular_hypertensive,116,Atrial Fibrillation,C0235480,D001281,404,1098,DB00790,perindopril,ACE|1636|pool:40592,ACE,1636,40592,1,17.273681055155876,12.774601747173689,31.774045049674545,10,False,False,True,exact_or_named_subtype,1,PHASE3,NCT00461903,https://clinicaltrials.gov/study/NCT00461903,Efficacy of Perindopril to Prevent Recurrence of Atrial Fibrillation in Patients With Essential Hypertension,Automatic exact-normalized intervention and mapped-condition Phase II/III registry match; not a manual efficacy assessment.,all_motifs_fda_or_phase2_3.csv
388,71668452c201802a5e73,automatic_phase2_3_registry_match,automatic_not_manually_verified,cardiovascular_hypertensive,116,Atrial Fibrillation,C0235480,D001281,29,723,DB00178,ramipril,ACE|1636|pool:40375,ACE,1636,40375,1,20.67595923261391,14.887911099691674,38.7263403562864,10,False,False,True,exact_or_named_subtype,2,PHASE2|PHASE3;PHASE3,NCT00141778;NCT00736294,https://clinicaltrials.gov/study/NCT00141778;https://clinicaltrials.gov/study/NCT00736294,"Renin-angiotensin-aldosterone System (RAAS), Inflammation, and Post-Operative Atrial Fibrillation (AF)",Automatic exact-normalized intervention and mapped-condition Phase II/III registry match; not a manual efficacy assessment.,all_motifs_fda_or_phase2_3.csv
389,db9fb3e367314f5649a8,automatic_phase2_3_registry_match,automatic_not_manually_verified,cardiovascular_hypertensive,116,Atrial Fibrillation,C0235480,D001281,71,765,DB00243,ranolazine,SCN5A|6331|pool:31862,SCN5A,6331,31862,1,44.07545392257622,42.291345495032544,48.51725762247345,10,False,True,False,exact_or_named_subtype,4,PHASE2;PHASE3,NCT01349491;NCT01522651;NCT01534962;NCT01887353,https://clinicaltrials.gov/study/NCT01349491;https://clinicaltrials.gov/study/NCT01522651;https://clinicaltrials.gov/study/NCT01534962;https://clinicaltrials.gov/study/NCT01887353,Ranolazine for the Prevention of Atrial Fibrillation After Electrical Cardioversion,Automatic exact-normalized intervention and mapped-condition Phase II/III registry match; not a manual efficacy assessment.,all_motifs_fda_or_phase2_3.csv
390,32db7453c3570bb37df2,automatic_phase2_3_registry_match,automatic_not_manually_verified,cardiovascular_hypertensive,116,Atrial Fibrillation,C0235480,D001281,180,874,DB00421,spironolactone,CACNA1C|775|pool:777; CACNB2|783|pool:42880,CACNA1C; CACNB2,775; 783,777;42880,2,31.33778691332648,27.236425145597806,34.76789996574169,10,False,False,True,exact_or_named_subtype,3,PHASE2|PHASE3;PHASE3,NCT00141778;NCT02764619;NCT06204640,https://clinicaltrials.gov/study/NCT00141778;https://clinicaltrials.gov/study/NCT02764619;https://clinicaltrials.gov/study/NCT06204640,"Renin-angiotensin-aldosterone System (RAAS), Inflammation, and Post-Operative Atrial Fibrillation (AF)",Automatic exact-normalized intervention and mapped-condition Phase II/III registry match; not a manual efficacy assessment.,all_motifs_fda_or_phase2_3.csv
391,c3a2ffd9ffeafcfdaed8,automatic_phase2_3_registry_match,automatic_not_manually_verified,cardiovascular_hypertensive,168,"Arrhythmias, Cardiac",C0003811,D001145,1034,1728,DB00898,Ethanol,CACNA1C|775|pool:932,CACNA1C,775,932,1,33.43824940047961,27.25408958547448,36.303100376841385,10,False,True,False,broader_narrower_arrhythmia_spectrum,1,PHASE3,NCT01898221,https://clinicaltrials.gov/study/NCT01898221,Vein of Marshall Ethanol Infusion for Persistent Atrial Fibrillation,Automatic exact-normalized intervention and mapped-condition Phase II/III registry match; not a manual efficacy assessment.,all_motifs_fda_or_phase2_3.csv
392,eb916393da4da65cf193,automatic_phase2_3_registry_match,automatic_not_manually_verified,cardiovascular_hypertensive,168,"Arrhythmias, Cardiac",C0003811,D001145,496,1190,DB00945,aspirin,PTGS2|5743|pool:11699,PTGS2,5743,11699,1,8.186664953751285,1.9323826652963343,13.666923603973965,10,False,True,False,broader_narrower_arrhythmia_spectrum,5,PHASE2;PHASE3,NCT00244426;NCT02164864;NCT02565693;NCT02960126;NCT03907046,https://clinicaltrials.gov/study/NCT00244426;https://clinicaltrials.gov/study/NCT02164864;https://clinicaltrials.gov/study/NCT02565693;https://clinicaltrials.gov/study/NCT02960126;https://clinicaltrials.gov/study/NCT03907046,S.I.F.A. II: Prevention Of Thromboembolic Events In Patients With Nonrheumatic Atrial Fibrillation,Automatic exact-normalized intervention and mapped-condition Phase II/III registry match; not a manual efficacy assessment.,all_motifs_fda_or_phase2_3.csv
393,b0add92a3f28d5dcb49f,automatic_phase2_3_registry_match,automatic_not_manually_verified,cardiovascular_hypertensive,168,"Arrhythmias, Cardiac",C0003811,D001145,999,1693,DB12364,betrixaban,KCNH2|3757|pool:17514,KCNH2,3757,17514,1,29.892514559780743,28.622280746831105,41.27376670092497,10,False,True,False,broader_narrower_arrhythmia_spectrum,1,PHASE2,NCT00742859,https://clinicaltrials.gov/study/NCT00742859,"Phase 2 Study of the Safety, Tolerability and Pilot Efficacy of Oral Factor Xa Inhibitor Betrixaban Compared to Warfarin",Automatic exact-normalized intervention and mapped-condition Phase II/III registry match; not a manual efficacy assessment.,all_motifs_fda_or_phase2_3.csv
394,b8062edc606461e59683,automatic_phase2_3_registry_match,automatic_not_manually_verified,cardiovascular_hypertensive,168,"Arrhythmias, Cardiac",C0003811,D001145,619,1313,DB01136,carvedilol,KCNH2|3757|pool:17435,KCNH2,3757,17435,1,23.26567317574512,12.890223535457348,30.600162726961287,10,False,True,False,broader_narrower_arrhythmia_spectrum,1,PHASE3,NCT00313157,https://clinicaltrials.gov/study/NCT00313157,RATe Control in Atrial Fibrillation,Automatic exact-normalized intervention and mapped-condition Phase II/III registry match; not a manual efficacy assessment.,all_motifs_fda_or_phase2_3.csv
395,7018a95e1af376cdba0a,automatic_phase2_3_registry_match,automatic_not_manually_verified,cardiovascular_hypertensive,168,"Arrhythmias, Cardiac",C0003811,D001145,129,823,DB00343,diltiazem,CACNA1C|775|pool:740,CACNA1C,775,740,1,27.896968139773897,23.62324426173347,30.334660842754367,10,False,True,False,broader_narrower_arrhythmia_spectrum,2,PHASE3,NCT00000556;NCT00313157,https://clinicaltrials.gov/study/NCT00000556;https://clinicaltrials.gov/study/NCT00313157,Atrial Fibrillation Follow-up Investigation of Rhythm Management (AFFIRM),Automatic exact-normalized intervention and mapped-condition Phase II/III registry match; not a manual efficacy assessment.,all_motifs_fda_or_phase2_3.csv
396,cd68d44aa0c6b965a410,automatic_phase2_3_registry_match,automatic_not_manually_verified,cardiovascular_hypertensive,168,"Arrhythmias, Cardiac",C0003811,D001145,204,898,DB00458,imipramine,KCNH2|3757|pool:17343,KCNH2,3757,17343,1,28.506123672490578,25.42234069886948,35.802607913669064,10,False,True,False,broader_narrower_arrhythmia_spectrum,3,PHASE2;PHASE3,NCT00000464;NCT00000504;NCT00000518,https://clinicaltrials.gov/study/NCT00000464;https://clinicaltrials.gov/study/NCT00000504;https://clinicaltrials.gov/study/NCT00000518,Cardiac Arrest in Seattle: Conventional Versus Amiodarone Drug Evaluation (CASCADE),Automatic exact-normalized intervention and mapped-condition Phase II/III registry match; not a manual efficacy assessment.,all_motifs_fda_or_phase2_3.csv
397,773c6aea0a8e8782cf5c,automatic_phase2_3_registry_match,automatic_not_manually_verified,cardiovascular_hypertensive,168,"Arrhythmias, Cardiac",C0003811,D001145,121,815,DB00328,indomethacin,PTGS2|5743|pool:10544,PTGS2,5743,10544,1,17.04243747858856,3.2363394998287087,22.194565775950668,10,False,True,False,broader_narrower_arrhythmia_spectrum,1,PHASE1|PHASE2,NCT00262470,https://clinicaltrials.gov/study/NCT00262470,Treatment of Orthostatic Intolerance,Automatic exact-normalized intervention and mapped-condition Phase II/III registry match; not a manual efficacy assessment.,all_motifs_fda_or_phase2_3.csv
398,2b9e10011d8b41fbb3fc,automatic_phase2_3_registry_match,automatic_not_manually_verified,cardiovascular_hypertensive,168,"Arrhythmias, Cardiac",C0003811,D001145,404,1098,DB00790,perindopril,ACE|1636|pool:40596,ACE,1636,40596,1,11.479744775608086,7.194779890373416,25.218931997259336,10,False,True,False,broader_narrower_arrhythmia_spectrum,1,PHASE3,NCT00461903,https://clinicaltrials.gov/study/NCT00461903,Efficacy of Perindopril to Prevent Recurrence of Atrial Fibrillation in Patients With Essential Hypertension,Automatic exact-normalized intervention and mapped-condition Phase II/III registry match; not a manual efficacy assessment.,all_motifs_fda_or_phase2_3.csv
399,ef4f2a863d24e66253d2,automatic_phase2_3_registry_match,automatic_not_manually_verified,cardiovascular_hypertensive,168,"Arrhythmias, Cardiac",C0003811,D001145,29,723,DB00178,ramipril,ACE|1636|pool:40379,ACE,1636,40379,1,14.20435080507023,8.097807468311064,26.865471908187736,10,False,True,False,broader_narrower_arrhythmia_spectrum,2,PHASE2|PHASE3;PHASE3,NCT00141778;NCT00736294,https://clinicaltrials.gov/study/NCT00141778;https://clinicaltrials.gov/study/NCT00736294,"Renin-angiotensin-aldosterone System (RAAS), Inflammation, and Post-Operative Atrial Fibrillation (AF)",Automatic exact-normalized intervention and mapped-condition Phase II/III registry match; not a manual efficacy assessment.,all_motifs_fda_or_phase2_3.csv
400,c463825b18adf163759d,automatic_phase2_3_registry_match,automatic_not_manually_verified,cardiovascular_hypertensive,168,"Arrhythmias, Cardiac",C0003811,D001145,71,765,DB00243,ranolazine,SCN5A|6331|pool:31863,SCN5A,6331,31863,1,28.05755395683453,23.0842112024666,35.41452552243919,10,False,True,False,broader_narrower_arrhythmia_spectrum,4,PHASE2;PHASE3,NCT01349491;NCT01522651;NCT01534962;NCT01887353,https://clinicaltrials.gov/study/NCT01349491;https://clinicaltrials.gov/study/NCT01522651;https://clinicaltrials.gov/study/NCT01534962;https://clinicaltrials.gov/study/NCT01887353,Ranolazine for the Prevention of Atrial Fibrillation After Electrical Cardioversion,Automatic exact-normalized intervention and mapped-condition Phase II/III registry match; not a manual efficacy assessment.,all_motifs_fda_or_phase2_3.csv
401,c613e746e7bf92e61902,automatic_phase2_3_registry_match,automatic_not_manually_verified,cardiovascular_hypertensive,168,"Arrhythmias, Cardiac",C0003811,D001145,180,874,DB00421,spironolactone,CACNA1C|775|pool:781,CACNA1C,775,781,1,24.17244775608085,20.27181825967797,26.15407673860912,10,False,True,False,broader_narrower_arrhythmia_spectrum,2,PHASE2|PHASE3;PHASE3,NCT00141778;NCT02764619,https://clinicaltrials.gov/study/NCT00141778;https://clinicaltrials.gov/study/NCT02764619,"Renin-angiotensin-aldosterone System (RAAS), Inflammation, and Post-Operative Atrial Fibrillation (AF)",Automatic exact-normalized intervention and mapped-condition Phase II/III registry match; not a manual efficacy assessment.,all_motifs_fda_or_phase2_3.csv
402,0e25ace558039a3063c9,automatic_phase2_3_registry_match,automatic_not_manually_verified,cardiovascular_hypertensive,296,Coronary Artery Disease,C0003850,D003324,496,1190,DB00945,aspirin,PTGS2|5743|pool:11713,PTGS2,5743,11713,1,10.404890373415553,8.6357699554642,12.764431312093183,10,False,False,True,exact_or_named_subtype,13,PHASE1|PHASE2;PHASE2;PHASE3,NCT00330772;NCT00642811;NCT00823212;NCT01268917;NCT01466452;NCT01500434;NCT01510327;NCT01598337;NCT01755520;NCT02266030;NCT02294643;NCT04434365;NCT05093790,https://clinicaltrials.gov/study/NCT00330772;https://clinicaltrials.gov/study/NCT00642811;https://clinicaltrials.gov/study/NCT00823212;https://clinicaltrials.gov/study/NCT01268917;https://clinicaltrials.gov/study/NCT01466452;https://clinicaltrials.gov/study/NCT01500434;https://clinicaltrials.gov/study/NCT01510327;https://clinicaltrials.gov/study/NCT01598337;https://clinicaltrials.gov/study/NCT01755520;https://clinicaltrials.gov/study/NCT02266030;https://clinicaltrials.gov/study/NCT02294643;https://clinicaltrials.gov/study/NCT04434365;https://clinicaltrials.gov/study/NCT05093790,Preoperative Aspirin and Postoperative Antiplatelets in Coronary Artery Bypass Grafting: The PAPA CABG Study,Automatic exact-normalized intervention and mapped-condition Phase II/III registry match; not a manual efficacy assessment.,all_motifs_fda_or_phase2_3.csv
403,8c603cec02c8ff01ebeb,automatic_phase2_3_registry_match,automatic_not_manually_verified,cardiovascular_hypertensive,296,Coronary Artery Disease,C0003850,D003324,163,857,DB00396,progesterone,ESR1|2099|pool:1393,ESR1,2099,1393,1,18.38707605344296,12.68574426173347,22.45417951353204,10,False,False,True,exact_or_named_subtype,1,PHASE3,NCT00000555,https://clinicaltrials.gov/study/NCT00000555,Women's Angiographic Vitamin and Estrogen Trial (WAVE),Automatic exact-normalized intervention and mapped-condition Phase II/III registry match; not a manual efficacy assessment.,all_motifs_fda_or_phase2_3.csv
404,9e970190f2d757ffc77c,automatic_phase2_3_registry_match,automatic_not_manually_verified,cardiovascular_hypertensive,450,Cardiomyopathies,C0878544,D009202,496,1190,DB00945,aspirin,PTGS2|5743|pool:11725,PTGS2,5743,11725,1,14.08016443987667,8.587594210346008,19.675509592326136,10,False,True,False,exact_or_named_subtype,1,PHASE3,NCT02674958,https://clinicaltrials.gov/study/NCT02674958,Mobilization of Endothelial Progenitor Cells and Aspirin,Automatic exact-normalized intervention and mapped-condition Phase II/III registry match; not a manual efficacy assessment.,all_motifs_fda_or_phase2_3.csv
