"motif_id"	"candidate_index"	"disease_local_id"	"disease_name"	"disease_mesh_id"	"drug_local_id"	"drug_name"	"drugbank_id"	"gene_local_id"	"gene_symbol"	"gene_entrez_id"	"evidence_source"	"supporting_trials"
"9"	"18462"	"190"	"Schizophrenia"	"D012559"	"479"	"amantadine"	"DB00915"	"1406"	"DRD2"	"1813"	"strict_phase2_3_disease_directed_title"	"NCT00999505[PHASE3] Amantadine as Adjunctive Therapy to Antipsychotics in Schizophrenia"
"12"	"18083"	"190"	"Schizophrenia"	"D012559"	"174"	"pramipexole"	"DB00413"	"1406"	"DRD2"	"1813"	"strict_phase2_3_disease_directed_title"	"NCT01320982[PHASE3] Minocycline, Acetylsalicylic Acid or Pramipexole vs Placebo in Patients With Schizophrenia or Schizoaffective Disorder"
"15"	"19049"	"190"	"Schizophrenia"	"D012559"	"1061"	"memantine"	"DB01043"	"1406"	"DRD2"	"1813"	"strict_phase2_3_disease_directed_title"	"NCT00097942[PHASE2] Evaluation of the Safety and Efficacy of Memantine as Adjunctive Treatment in Schizophrenia Patients; NCT00148616[PHASE3] Memantine for the Treatment of Cognitive Dysfunction and Negative Symptoms in Patients With Chronic Schizophrenia; NCT02001103[PHASE3] Memantine add-on for Cognitive and Negative Symptoms of Schizophrenia; NCT02234752[PHASE2] Galantamine and Memantine Combination for Cognitive Impairments in Schizophrenia; NCT04857983[PHASE2|PHASE3] Memantine Augmentation of Targeted Cognitive Training in Schizophrenia"
"43"	"22725"	"190"	"Schizophrenia"	"D012559"	"174"	"pramipexole"	"DB00413"	"1559"	"HTR2A"	"3356"	"strict_phase2_3_disease_directed_title"	"NCT01320982[PHASE3] Minocycline, Acetylsalicylic Acid or Pramipexole vs Placebo in Patients With Schizophrenia or Schizoaffective Disorder"
"48"	"42512"	"190"	"Schizophrenia"	"D012559"	"641"	"escitalopram"	"DB01175"	"3639"	"HRH1"	"3269"	"strict_phase2_3_disease_directed_title"	"NCT00148447[PHASE3] The Efficacy of Escitalopram for Negative Symptoms in Schizophrenia"
"50"	"42149"	"190"	"Schizophrenia"	"D012559"	"93"	"clemastine"	"DB00283"	"3639"	"HRH1"	"3269"	"strict_phase2_3_disease_directed_title"	"NCT06315972[PHASE2] Combining Clemastine and Aerobic Exercise to Treat Cognitive Dysfunction in Schizophrenia by Targeting Myelin Plasticity"
"73"	"44598"	"190"	"Schizophrenia"	"D012559"	"641"	"escitalopram"	"DB01175"	"3855"	"ADRA1A"	"148"	"strict_phase2_3_disease_directed_title"	"NCT00148447[PHASE3] The Efficacy of Escitalopram for Negative Symptoms in Schizophrenia"
"90"	"29500"	"190"	"Schizophrenia"	"D012559"	"474"	"ondansetron"	"DB00904"	"2205"	"HTR1A"	"3350"	"strict_phase2_3_disease_directed_title"	"NCT00149734[PHASE3] Addition of Ondansetron to Ongoing Antipsychotic Treatment for Schizophrenia; NCT01121042[PHASE3] Double Blind, Placebo-Controlled, Randomised Investigation of Ondansetron in Schizophrenia"
"91"	"10792"	"190"	"Schizophrenia"	"D012559"	"218"	"celecoxib"	"DB00482"	"985"	"PTGS2"	"5743"	"strict_phase2_3_disease_directed_title"	"NCT00639483[PHASE2] Efficacy and Safety of Celecoxib as Add-on Therapy to Risperidone Versus Risperidone Alone in Patients With Schizophrenia"
"93"	"29386"	"190"	"Schizophrenia"	"D012559"	"174"	"pramipexole"	"DB00413"	"2205"	"HTR1A"	"3350"	"strict_phase2_3_disease_directed_title"	"NCT01320982[PHASE3] Minocycline, Acetylsalicylic Acid or Pramipexole vs Placebo in Patients With Schizophrenia or Schizoaffective Disorder"
"119"	"33510"	"190"	"Schizophrenia"	"D012559"	"34"	"lorazepam"	"DB00186"	"2538"	"GABRA1"	"2554"	"strict_phase2_3_disease_directed_title"	"NCT00797277[PHASE3] Intramuscular (IM) Olanzapine Versus IM Haloperidol Plus Lorazepam for Acute Agitation in Schizophrenia"
"121"	"32393"	"190"	"Schizophrenia"	"D012559"	"174"	"pramipexole"	"DB00413"	"2440"	"ADRA2A"	"150"	"strict_phase2_3_disease_directed_title"	"NCT01320982[PHASE3] Minocycline, Acetylsalicylic Acid or Pramipexole vs Placebo in Patients With Schizophrenia or Schizoaffective Disorder"
"124"	"41621"	"190"	"Schizophrenia"	"D012559"	"641"	"escitalopram"	"DB01175"	"3415"	"CHRM1"	"1128"	"strict_phase2_3_disease_directed_title"	"NCT00148447[PHASE3] The Efficacy of Escitalopram for Negative Symptoms in Schizophrenia"
"128"	"41426"	"190"	"Schizophrenia"	"D012559"	"50"	"trospium"	"DB00209"	"3415"	"CHRM1"	"1128"	"strict_phase2_3_disease_directed_title"	"NCT07084831[PHASE3] A Study Evaluating the Efficacy of Xanomeline/Trospium (XT) on Cognitive Impairment After 24 and 52 Weeks of Treatment in Adult Participants With Schizophrenia"
"138"	"5048"	"190"	"Schizophrenia"	"D012559"	"174"	"pramipexole"	"DB00413"	"259"	"HTR2C"	"3358"	"strict_phase2_3_disease_directed_title"	"NCT01320982[PHASE3] Minocycline, Acetylsalicylic Acid or Pramipexole vs Placebo in Patients With Schizophrenia or Schizoaffective Disorder"
"169"	"30410"	"190"	"Schizophrenia"	"D012559"	"641"	"escitalopram"	"DB01175"	"2215"	"SLC6A4"	"6532"	"strict_phase2_3_disease_directed_title"	"NCT00148447[PHASE3] The Efficacy of Escitalopram for Negative Symptoms in Schizophrenia"
"170"	"30139"	"190"	"Schizophrenia"	"D012559"	"99"	"atomoxetine"	"DB00289"	"2215"	"SLC6A4"	"6532"	"strict_phase2_3_disease_directed_title"	"NCT00216281[PHASE3] Efficacy and Safety Study of Clozapine Augmented by Atomoxetine Versus Clozapine Augmented by Placebo in Patients With Chronic Resistant Schizophrenia; NCT00420498[PHASE2] Effects of Atomoxetine on Cognitive Function in Schizophrenia"
"183"	"42911"	"190"	"Schizophrenia"	"D012559"	"34"	"lorazepam"	"DB00186"	"3668"	"GABRA5"	"2558"	"strict_phase2_3_disease_directed_title"	"NCT00797277[PHASE3] Intramuscular (IM) Olanzapine Versus IM Haloperidol Plus Lorazepam for Acute Agitation in Schizophrenia"
"185"	"30189"	"190"	"Schizophrenia"	"D012559"	"181"	"methylphenidate"	"DB00422"	"2215"	"SLC6A4"	"6532"	"strict_phase2_3_disease_directed_title"	"NCT05414058[PHASE2] Adjunctive Methylphenidate ER in Patients With Schizophrenia to Improve Functional and Cognitive Outcomes"
"207"	"38985"	"190"	"Schizophrenia"	"D012559"	"641"	"escitalopram"	"DB01175"	"3104"	"SLC6A2"	"6530"	"strict_phase2_3_disease_directed_title"	"NCT00148447[PHASE3] The Efficacy of Escitalopram for Negative Symptoms in Schizophrenia"
"210"	"38797"	"190"	"Schizophrenia"	"D012559"	"99"	"atomoxetine"	"DB00289"	"3104"	"SLC6A2"	"6530"	"strict_phase2_3_disease_directed_title"	"NCT00216281[PHASE3] Efficacy and Safety Study of Clozapine Augmented by Atomoxetine Versus Clozapine Augmented by Placebo in Patients With Chronic Resistant Schizophrenia; NCT00420498[PHASE2] Effects of Atomoxetine on Cognitive Function in Schizophrenia"
"218"	"27888"	"190"	"Schizophrenia"	"D012559"	"174"	"pramipexole"	"DB00413"	"2081"	"DRD1"	"1812"	"strict_phase2_3_disease_directed_title"	"NCT01320982[PHASE3] Minocycline, Acetylsalicylic Acid or Pramipexole vs Placebo in Patients With Schizophrenia or Schizoaffective Disorder"
"224"	"45076"	"190"	"Schizophrenia"	"D012559"	"34"	"lorazepam"	"DB00186"	"3903"	""	"2566"	"strict_phase2_3_disease_directed_title"	"NCT00797277[PHASE3] Intramuscular (IM) Olanzapine Versus IM Haloperidol Plus Lorazepam for Acute Agitation in Schizophrenia"
"226"	"17638"	"190"	"Schizophrenia"	"D012559"	"174"	"pramipexole"	"DB00413"	"1405"	"DRD3"	"1814"	"strict_phase2_3_disease_directed_title"	"NCT01320982[PHASE3] Minocycline, Acetylsalicylic Acid or Pramipexole vs Placebo in Patients With Schizophrenia or Schizoaffective Disorder"
"229"	"38827"	"190"	"Schizophrenia"	"D012559"	"181"	"methylphenidate"	"DB00422"	"3104"	"SLC6A2"	"6530"	"strict_phase2_3_disease_directed_title"	"NCT05414058[PHASE2] Adjunctive Methylphenidate ER in Patients With Schizophrenia to Improve Functional and Cognitive Outcomes"
"242"	"1594"	"190"	"Schizophrenia"	"D012559"	"400"	"estradiol"	"DB00783"	"72"	"ESR1"	"2099"	"strict_phase2_3_disease_directed_title"	"NCT00206570[PHASE2] Clinical Estradiol Trial in Women With Schizophrenia; NCT03848234[PHASE3] Estradiol Patch as add-on to Antipsychotics in Patients With Schizophrenia, Schizoaffective or Schizophreniform Disorder"
"244"	"38074"	"190"	"Schizophrenia"	"D012559"	"34"	"lorazepam"	"DB00186"	"3044"	"GABRA6"	"2559"	"strict_phase2_3_disease_directed_title"	"NCT00797277[PHASE3] Intramuscular (IM) Olanzapine Versus IM Haloperidol Plus Lorazepam for Acute Agitation in Schizophrenia"
"260"	"1416"	"190"	"Schizophrenia"	"D012559"	"217"	"raloxifene"	"DB00481"	"72"	"ESR1"	"2099"	"strict_phase2_3_disease_directed_title"	"NCT01280305[PHASE3] Raloxifene in Treatment of Schizophrenia and Schizoaffective Disorder; NCT01573637[PHASE3] Raloxifene as an Adjuvant Treatment of the Negative Symptoms of Schizophrenia in Post-menopausal Women; NCT03043820[PHASE3] Raloxifene Augmentation in Patients With a Schizophrenia Spectrum Disorder"
"262"	"38202"	"190"	"Schizophrenia"	"D012559"	"34"	"lorazepam"	"DB00186"	"3045"	"GABRB1"	"2560"	"strict_phase2_3_disease_directed_title"	"NCT00797277[PHASE3] Intramuscular (IM) Olanzapine Versus IM Haloperidol Plus Lorazepam for Acute Agitation in Schizophrenia"
"270"	"45556"	"190"	"Schizophrenia"	"D012559"	"34"	"lorazepam"	"DB00186"	"3920"	""	"2561"	"strict_phase2_3_disease_directed_title"	"NCT00797277[PHASE3] Intramuscular (IM) Olanzapine Versus IM Haloperidol Plus Lorazepam for Acute Agitation in Schizophrenia"
"307"	"8194"	"190"	"Schizophrenia"	"D012559"	"34"	"lorazepam"	"DB00186"	"583"	"GABRD"	"2563"	"strict_phase2_3_disease_directed_title"	"NCT00797277[PHASE3] Intramuscular (IM) Olanzapine Versus IM Haloperidol Plus Lorazepam for Acute Agitation in Schizophrenia"
"315"	"13883"	"83"	"Lung Neoplasms"	"D008175"	"415"	"pentoxifylline"	"DB00806"	"1092"	"TNF"	"7124"	"strict_phase2_3_disease_directed_title"	"NCT01871454[PHASE2] Safety of Pentoxifylline and Vitamin E With Stereotactic Ablative Radiotherapy (SABR) in Non-small Cell Lung Cancers; NCT06634056[PHASE2] Pneumonitis Prevention Protocol Using Pentoxifylline and α-tocopherol In Stage III Non-Small Cell Lung Cancer Patients Undergoing Chemoradiation"
"321"	"12107"	"18"	"Arthritis, Rheumatoid"	"D001172"	"713"	"Lumiracoxib"	"DB01283"	"985"	"PTGS2"	"5743"	"strict_phase2_3_disease_directed_title"	"NCT00170872[PHASE3] 6 Week Open-label Trial With Lumiracoxib 200mg o.d. in Primary Knee Osteoarthritis or Rheumatoid Arthritis"
"326"	"11709"	"265"	"Colorectal Neoplasms"	"D015179"	"496"	"aspirin"	"DB00945"	"985"	"PTGS2"	"5743"	"strict_phase2_3_disease_directed_title"	"NCT02467582[PHASE3] Adjuvant Aspirin Treatment for Colon Cancer Patients; NCT02607072[PHASE3] Aspirin for Prevention of Postsurgical Recurrence and Metastasis in Asian Colorectal Cancer Patients: a Multi-center Randomized Trial; NCT02945033[PHASE3] Study on Aspirin Versus Placebo in Resected Colon Cancer With PI3K Mutation Stage III or II High Risk; NCT03170115[PHASE2] Induction Chemotherapy Plus Chemoradiotherapy With or Without Aspirin in High Risk Rectal Cancer; NCT04534218[PHASE2] Regorafenib in Combination With Metronomic Chemotherapies, and Low-dose Aspirin in Metastatic Colorectal Cancer; NCT05462613[PHASE2|PHASE3] Regorafenib With Low-dose Chemotherapies and Aspirin Followed by Standard Chemotherapies in Metastatic Colorectal Cancer"
"336"	"24328"	"190"	"Schizophrenia"	"D012559"	"840"	"armodafinil"	"DB06413"	"1566"	"SLC6A3"	"6531"	"strict_phase2_3_disease_directed_title"	"NCT00772005[PHASE2] Study to Evaluate the Efficacy and Safety of Armodafinil as Adjunctive Therapy in Adults With Schizophrenia"
"338"	"23908"	"190"	"Schizophrenia"	"D012559"	"99"	"atomoxetine"	"DB00289"	"1566"	"SLC6A3"	"6531"	"strict_phase2_3_disease_directed_title"	"NCT00216281[PHASE3] Efficacy and Safety Study of Clozapine Augmented by Atomoxetine Versus Clozapine Augmented by Placebo in Patients With Chronic Resistant Schizophrenia; NCT00420498[PHASE2] Effects of Atomoxetine on Cognitive Function in Schizophrenia"
"341"	"12010"	"219"	"Melanoma"	"D008545"	"562"	"Thalidomide"	"DB01041"	"985"	"PTGS2"	"5743"	"strict_phase2_3_disease_directed_title"	"NCT00005815[PHASE1|PHASE2] Temozolomide and Thalidomide in Treating Patients With Stage III or Stage IV Melanoma; NCT00006200[PHASE2] Thalidomide and Dacarbazine for Metastatic Melanoma; NCT00017316[PHASE2] Thalidomide and SU5416 in Treating Patients With Metastatic Melanoma; NCT00026520[PHASE2] Interferon Alfa and Thalidomide in Treating Patients With Stage IV Melanoma; NCT00072163[PHASE2] Temozolomide and Thalidomide in Treating Patients With Brain Metastases Secondary to Melanoma; NCT00072345[PHASE2] Temozolomide, Thalidomide, and Lomustine in Treating Patients With Unresectable Stage III or Stage IV Melanoma; NCT00104988[PHASE2] S0508: Thalidomide and Temozolomide in Treating Patients With Stage IV Melanoma That Cannot Be Removed By Surgery; NCT00238329[PHASE2] PEG-Interferon Alfa-2b and Thalidomide in Treating Patients With Recurrent or Metastatic Melanoma"
"342"	"24563"	"190"	"Schizophrenia"	"D012559"	"34"	"lorazepam"	"DB00186"	"1600"	"GABRB3"	"2562"	"strict_phase2_3_disease_directed_title"	"NCT00797277[PHASE3] Intramuscular (IM) Olanzapine Versus IM Haloperidol Plus Lorazepam for Acute Agitation in Schizophrenia"
"343"	"34171"	"190"	"Schizophrenia"	"D012559"	"34"	"lorazepam"	"DB00186"	"2539"	"GABRA4"	"2557"	"strict_phase2_3_disease_directed_title"	"NCT00797277[PHASE3] Intramuscular (IM) Olanzapine Versus IM Haloperidol Plus Lorazepam for Acute Agitation in Schizophrenia"
"348"	"23950"	"190"	"Schizophrenia"	"D012559"	"181"	"methylphenidate"	"DB00422"	"1566"	"SLC6A3"	"6531"	"strict_phase2_3_disease_directed_title"	"NCT05414058[PHASE2] Adjunctive Methylphenidate ER in Patients With Schizophrenia to Improve Functional and Cognitive Outcomes"
"357"	"24052"	"190"	"Schizophrenia"	"D012559"	"374"	"modafinil"	"DB00745"	"1566"	"SLC6A3"	"6531"	"strict_phase2_3_disease_directed_title"	"NCT00314639[PHASE1|PHASE2] Modafinil as an Adjunctive on Cognitive Functioning in Patients With Schizophrenia; NCT00838227[PHASE2] Modafinil Augmentation in Chronic Schizophrenia and Schizoaffective Disorder"
"358"	"29929"	"190"	"Schizophrenia"	"D012559"	"174"	"pramipexole"	"DB00413"	"2206"	"HTR1D"	"3352"	"strict_phase2_3_disease_directed_title"	"NCT01320982[PHASE3] Minocycline, Acetylsalicylic Acid or Pramipexole vs Placebo in Patients With Schizophrenia or Schizoaffective Disorder"
"360"	"21112"	"18"	"Arthritis, Rheumatoid"	"D001172"	"415"	"pentoxifylline"	"DB00806"	"1509"	"ADORA2A"	"135"	"strict_phase2_3_disease_directed_title"	"NCT06998628[PHASE2] Pentoxifylline as Anti-Inflammatory in Patients With Rheumatoid Arthritis"
"368"	"24241"	"190"	"Schizophrenia"	"D012559"	"641"	"escitalopram"	"DB01175"	"1566"	"SLC6A3"	"6531"	"strict_phase2_3_disease_directed_title"	"NCT00148447[PHASE3] The Efficacy of Escitalopram for Negative Symptoms in Schizophrenia"
"379"	"19469"	"190"	"Schizophrenia"	"D012559"	"174"	"pramipexole"	"DB00413"	"1407"	"DRD4"	"1815"	"strict_phase2_3_disease_directed_title"	"NCT01320982[PHASE3] Minocycline, Acetylsalicylic Acid or Pramipexole vs Placebo in Patients With Schizophrenia or Schizoaffective Disorder"
"385"	"14031"	"83"	"Lung Neoplasms"	"D008175"	"562"	"Thalidomide"	"DB01041"	"1092"	"TNF"	"7124"	"strict_phase2_3_disease_directed_title"	"NCT00004859[PHASE3] Carboplatin, Paclitaxel, and Radiation Therapy With or Without Thalidomide in Patients With Stage III Non-small Cell Lung Cancer; NCT00025285[PHASE2] Combination Chemotherapy Plus Thalidomide in Treating Patients With Stage IIIB or Stage IV Non-Small Cell Lung Cancer; NCT00053300[PHASE2] Thalidomide in Treating Patients With Extensive-Stage Small Cell Lung Cancer; NCT00061919[PHASE3] Carboplatin and Etoposide With or Without Thalidomide in Treating Patients With Limited-Stage or Extensive-Stage Small Cell Lung Cancer; NCT00114192[PHASE2] Docetaxel and Thalidomide as Second-Line Therapy in Treating Patients With Stage III or Stage IV Non-Small Cell Lung Cancer; NCT00281827[PHASE2] Carboplatin, Gemcitabine, and Thalidomide in Patients Undergoing Surgery for Stage II or III Non-Small Cell Lung Cancer"
"393"	"34610"	"18"	"Arthritis, Rheumatoid"	"D001172"	"1189"	"diacerein"	"DB11994"	"2578"	"IL1B"	"3553"	"strict_phase2_3_disease_directed_title"	"NCT01264211[PHASE2] Safety and Efficacy of the Combination of Diacerein 100 mg Daily and MTX Versus MTX Alone in the Treatment of Early Rheumatoid Arthritis (RA)"
"406"	"11688"	"85"	"Stroke"	"D020521"	"496"	"aspirin"	"DB00945"	"985"	"PTGS2"	"5743"	"strict_phase2_3_disease_directed_title"	"NCT01586975[PHASE2|PHASE3] Aspirin Resistance and Stroke Risk: Platelet Function Analysis in Patients With Ischemic Events; NCT03884530[PHASE3] Ticagrelol Versus Aspirin in Ischemic Stroke; NCT06530537[PHASE3] Cilostazol vs. Aspirin in Acute Non-cardioembolic Stroke With Cerebral mIcrobleeds; NCT06591338[PHASE3] Combining Aspirin With Ticagrelor or Clopidogrel in Large-vessel Minor Stroke or TIA; NCT06591377[PHASE3] Combining Aspirin With Ticagrelor or Cilostazol in Large-vessel Minor Stroke or TIA; NCT06638151[PHASE2] Clopidogrel Plus Aspirin in Acute Ischemic Stroke Following Thrombectomy and/or Intravenous Thrombolysis (CoPrime)"
"409"	"28880"	"190"	"Schizophrenia"	"D012559"	"474"	"ondansetron"	"DB00904"	"2152"	"OPRM1"	"4988"	"strict_phase2_3_disease_directed_title"	"NCT00149734[PHASE3] Addition of Ondansetron to Ongoing Antipsychotic Treatment for Schizophrenia; NCT01121042[PHASE3] Double Blind, Placebo-Controlled, Randomised Investigation of Ondansetron in Schizophrenia"
"413"	"28894"	"190"	"Schizophrenia"	"D012559"	"484"	"Buprenorphine"	"DB00921"	"2152"	"OPRM1"	"4988"	"strict_phase2_3_disease_directed_title"	"NCT05778591[PHASE2] Low-dose Buprenorphine as a Modulator of Social Motivation in Schizophrenia"
"430"	"10549"	"219"	"Melanoma"	"D008545"	"121"	"indomethacin"	"DB00328"	"985"	"PTGS2"	"5743"	"strict_phase2_3_disease_directed_title"	"NCT00002535[PHASE2] Indomethacin Plus Biological Therapy in Treating Patients With Advanced Melanoma"
"437"	"13901"	"221"	"Acute Coronary Syndrome"	"D054058"	"415"	"pentoxifylline"	"DB00806"	"1092"	"TNF"	"7124"	"strict_phase2_3_disease_directed_title"	"NCT04367935[PHASE2|PHASE3] Effect of Pentoxifylline on Endothelial Dysfunction in Patients With Acute Coronary Syndrome"
"444"	"9537"	"219"	"Melanoma"	"D008545"	"165"	"sorafenib"	"DB00398"	"846"	"BRAF"	"673"	"strict_phase2_3_disease_directed_title"	"NCT00110019[PHASE3] Carboplatin and Paclitaxel With or Without Sorafenib Tosylate in Treating Patients With Stage III or Stage IV Melanoma That Cannot Be Removed by Surgery; NCT00119249[PHASE2] Sorafenib in Treating Patients With Stage III or Stage IV Melanoma That Cannot Be Removed By Surgery; NCT00281957[PHASE2] Sorafenib With Either Temsirolimus or Tipifarnib in Treating Patients With Stage IV Malignant Melanoma That Cannot Be Removed By Surgery; NCT00329641[PHASE2] Sorafenib, Carboplatin, and Paclitaxel in Treating Patients With Stage IV Melanoma of the Eye; NCT00387751[PHASE2] Bevacizumab and Sorafenib in Treating Patients With Unresectable Stage III or Stage IV Malignant Melanoma; NCT00483301[PHASE2] A Phase II Trial OF Carboplatin, ABI-007 (Abraxane) And Sorafenib (BAY 43-9006) in Metastatic Melanoma; NCT00492297[PHASE2] A Phase II, Multi-Center, Open-Label, Uncontrolled Study to Evaluate the Efficacy and Safety of Sorafenib Given Daily in Combination With Repeated 21-Day Cycles of Dacarbazine (DTIC) Chemotherapy in Subjects With Advanced Metastatic Melanoma; NCT00492505[PHASE2] Sorafenib, Tamoxifen, and Cisplatin in Treating Patients With High-Risk Stage III Melanoma; NCT00498836[PHASE2] Multicentre, Dose Finding, Ph II,CP-4055 in Comb. With Sorafenib - Patients With Metastatic Malignant Melanoma; NCT00538005[PHASE1|PHASE2] Sorafenib, Bevacizumab, and Oxaliplatin in Treating Patients With Metastatic Malignant Melanoma; NCT00602576[PHASE2] Temozolomide and Sorafenib in Treating Patients With Metastatic or Unresectable Melanoma; NCT00623402[PHASE2] Combined Treatment of Sorafenib and Pegylated Interferon α2b in Stage IV Metastatic Melanoma; NCT00794235[PHASE2] Monocentric Pilot Study Investigating the Metabolic Activity of Melanoma in Vivo During Sorafenib and Dacarbazine; NCT00811759[PHASE1|PHASE2] Sorafenib and Temozolomide in Treating Patients With Stage III or Stage IV Melanoma; NCT01377025[PHASE2] A Study of Sorafenib in Patients With Chemonaive Metastatic Uveal Melanoma; NCT01851408[PHASE2] Sorafenib and Temsirolimus in Treating Patients With Metastatic, Recurrent, or Unresectable Melanoma; NCT02517736[PHASE2] Study Multicentre Evaluating the Effectiveness and Toxicity Sorafenib (Nexavar®) in Adult Patients With Uveal Melanoma and Metastatic Dissemination"
"448"	"16070"	"190"	"Schizophrenia"	"D012559"	"484"	"Buprenorphine"	"DB00921"	"1281"	"OPRK1"	"4986"	"strict_phase2_3_disease_directed_title"	"NCT05778591[PHASE2] Low-dose Buprenorphine as a Modulator of Social Motivation in Schizophrenia"
"450"	"11098"	"219"	"Melanoma"	"D008545"	"287"	"sulindac"	"DB00605"	"985"	"PTGS2"	"5743"	"strict_phase2_3_disease_directed_title"	"NCT00755976[PHASE2] Sulindac and Epirubicin in Treating Patients With Metastatic Malignant Melanoma"
"451"	"9580"	"219"	"Melanoma"	"D008545"	"898"	"regorafenib"	"DB08896"	"846"	"BRAF"	"673"	"strict_phase2_3_disease_directed_title"	"NCT02501551[PHASE2] Regorafenib, C-kit Mutated Malignant Melanoma, 2nd Line Therapy; NCT02587650[PHASE2] Capmatinib, Ceritinib, Regorafenib, or Entrectinib in Treating Patients With BRAF/NRAS Wild-Type Stage III-IV Melanoma; NCT05370807[PHASE2] A Clinical Trial of Regorafenib in Patients With Pretreated Advanced Melanoma"
"455"	"10733"	"219"	"Melanoma"	"D008545"	"216"	"lenalidomide"	"DB00480"	"985"	"PTGS2"	"5743"	"strict_phase2_3_disease_directed_title"	"NCT00482911[PHASE2] Lenalidomide, Sunitinib, and Cyclophosphamide in Treating Patients With Stage IV Eye Melanoma"
"457"	"14021"	"21"	"Psoriasis"	"D011565"	"562"	"Thalidomide"	"DB01041"	"1092"	"TNF"	"7124"	"strict_phase2_3_disease_directed_title"	"NCT01891019[PHASE2] Thalidomide in the Treatment of Chronic Plaque Psoriasis."
"460"	"12016"	"265"	"Colorectal Neoplasms"	"D015179"	"562"	"Thalidomide"	"DB01041"	"985"	"PTGS2"	"5743"	"strict_phase2_3_disease_directed_title"	"NCT00019747[PHASE2] Surgery With or Without Thalidomide in Treating Patients With Recurrent or Metastatic Colorectal Cancer; NCT00310076[PHASE2] Thalidomide in Treating Patients Who Have Undergone Surgery and Chemotherapy for Cancer That Has Spread Throughout the Abdomen Due to Colorectal Cancer or Appendix Cancer; NCT00890188[PHASE2] Thalidomide and Tegafur/Uracil(UFUR) in the Treatment of Advanced Colorectal Cancer; NCT05266820[PHASE2] Trifluridine/Tipiracil (TAS-102) With or Without Thalidomide for the Treatment of Metastatic Colorectal Cancer; NCT06279351[PHASE2] Thalidomide Enhances Clinical Efficacy of Cetuximab Combined With Standard Chemotherapy for Left Colorectal Cancer"
"466"	"36555"	"190"	"Schizophrenia"	"D012559"	"415"	"pentoxifylline"	"DB00806"	"2878"	"PDE4B"	"5142"	"strict_phase2_3_disease_directed_title"	"NCT04094207[PHASE1|PHASE2] Pentoxifylline as an Adjunctive in Treatment of Negative Symptoms in Chronic Schizophrenia"
"469"	"3880"	"18"	"Arthritis, Rheumatoid"	"D001172"	"1189"	"diacerein"	"DB11994"	"124"	"ALOX5"	"240"	"strict_phase2_3_disease_directed_title"	"NCT01264211[PHASE2] Safety and Efficacy of the Combination of Diacerein 100 mg Daily and MTX Versus MTX Alone in the Treatment of Early Rheumatoid Arthritis (RA)"
"471"	"43205"	"190"	"Schizophrenia"	"D012559"	"474"	"ondansetron"	"DB00904"	"3672"	"HTR3A"	"3359"	"strict_phase2_3_disease_directed_title"	"NCT00149734[PHASE3] Addition of Ondansetron to Ongoing Antipsychotic Treatment for Schizophrenia; NCT01121042[PHASE3] Double Blind, Placebo-Controlled, Randomised Investigation of Ondansetron in Schizophrenia"
"473"	"10794"	"219"	"Melanoma"	"D008545"	"218"	"celecoxib"	"DB00482"	"985"	"PTGS2"	"5743"	"strict_phase2_3_disease_directed_title"	"NCT04093323[PHASE2] Polarized Dendritic Cell (aDC1) Based Treatment, Interferon Alpha-2, Rintatolimod, and Celecoxib for the Treatment of HLA-A2+ Refractory Melanoma"
"475"	"13897"	"190"	"Schizophrenia"	"D012559"	"415"	"pentoxifylline"	"DB00806"	"1092"	"TNF"	"7124"	"strict_phase2_3_disease_directed_title"	"NCT04094207[PHASE1|PHASE2] Pentoxifylline as an Adjunctive in Treatment of Negative Symptoms in Chronic Schizophrenia"
"480"	"43265"	"190"	"Schizophrenia"	"D012559"	"1061"	"memantine"	"DB01043"	"3672"	"HTR3A"	"3359"	"strict_phase2_3_disease_directed_title"	"NCT00097942[PHASE2] Evaluation of the Safety and Efficacy of Memantine as Adjunctive Treatment in Schizophrenia Patients; NCT00148616[PHASE3] Memantine for the Treatment of Cognitive Dysfunction and Negative Symptoms in Patients With Chronic Schizophrenia; NCT02001103[PHASE3] Memantine add-on for Cognitive and Negative Symptoms of Schizophrenia; NCT02234752[PHASE2] Galantamine and Memantine Combination for Cognitive Impairments in Schizophrenia; NCT04857983[PHASE2|PHASE3] Memantine Augmentation of Targeted Cognitive Training in Schizophrenia"
"481"	"22833"	"106"	"Obesity"	"D009765"	"259"	"lamotrigine"	"DB00555"	"1559"	"HTR2A"	"3356"	"strict_phase2_3_disease_directed_title"	"NCT00277641[PHASE3] Lamotrigine in the Treatment of Binge Eating Disorder Associated With Obesity"
"484"	"1591"	"106"	"Obesity"	"D009765"	"400"	"estradiol"	"DB00783"	"72"	"ESR1"	"2099"	"strict_phase2_3_disease_directed_title"	"NCT00687739[PHASE3] Prevention of Obesity in Women Via Estradiol Regulation"
"489"	"280"	"106"	"Obesity"	"D009765"	"259"	"lamotrigine"	"DB00555"	"17"	"ADRB1"	"153"	"strict_phase2_3_disease_directed_title"	"NCT00277641[PHASE3] Lamotrigine in the Treatment of Binge Eating Disorder Associated With Obesity"
"491"	"18734"	"442"	"Alcoholism"	"D000437"	"686"	"aripiprazole"	"DB01238"	"1406"	"DRD2"	"1813"	"strict_phase2_3_disease_directed_title"	"NCT02918370[PHASE3] Aripiprazole for Bipolar Disorder and Alcohol Use Disorder"
"492"	"26289"	"106"	"Obesity"	"D009765"	"82"	"metoprolol"	"DB00264"	"1944"	"ADRB2"	"154"	"strict_phase2_3_disease_directed_title"	"NCT03845075[PHASE2] 48 Weeks, Study to Evaluate Overall Safety and Tolerability of Co-administration of Tesofensine and Metoprolol in Subjects With Hypothalamic Injury-induced Obesity (HIO)"
"495"	"20246"	"18"	"Arthritis, Rheumatoid"	"D001172"	"1192"	"diosmin"	"DB08995"	"1445"	"AHR"	"196"	"strict_phase2_3_disease_directed_title"	"NCT05756179[PHASE3] Effect of Diosmin and Hesperidin in Treatment of Patients With Rheumatoid Arthritis; NCT07745426[PHASE2] Clinical Study Comparing Diosmin vs Rebamipide as Adjuvant Therapies vs Conventional Therapy in Patients With Rheumatoid Arthritis"
"498"	"6545"	"219"	"Melanoma"	"D008545"	"109"	"Valproic Acid"	"DB00313"	"341"	"PPARG"	"5468"	"strict_phase2_3_disease_directed_title"	"NCT00358319[PHASE1|PHASE2] Phase I/II Trial of Valproic Acid and Karenitecin for Melanoma; NCT02068586[PHASE2] Sunitinib Malate or Valproic Acid in Preventing Metastasis in Patients With High-Risk Uveal Melanoma"
"499"	"6341"	"190"	"Schizophrenia"	"D012559"	"400"	"estradiol"	"DB00783"	"340"	"ESR2"	"2100"	"strict_phase2_3_disease_directed_title"	"NCT00206570[PHASE2] Clinical Estradiol Trial in Women With Schizophrenia; NCT03848234[PHASE3] Estradiol Patch as add-on to Antipsychotics in Patients With Schizophrenia, Schizoaffective or Schizophreniform Disorder"
"501"	"15311"	"264"	"Carcinoma, Non-Small-Cell Lung"	"D002289"	"293"	"imatinib"	"DB00619"	"1193"	"KIT"	"3815"	"strict_phase2_3_disease_directed_title"	"NCT00408460[PHASE2] Imatinib Mesylate and Paclitaxel in Treating Older Patients With Stage IIIB or Stage IV Non-Small Cell Lung Cancer; NCT01083589[PHASE2] Imatinib Mesylate and Docetaxel in Non-Small Cell Lung Cancer (NSCLC)"
"505"	"15331"	"264"	"Carcinoma, Non-Small-Cell Lung"	"D002289"	"700"	"dasatinib"	"DB01254"	"1193"	"KIT"	"3815"	"strict_phase2_3_disease_directed_title"	"NCT00459342[PHASE2] Dasatinib in Treating Patients With Stage IIIB, Stage IV, or Recurrent Non-Small Cell Lung Cancer; NCT00564876[PHASE2] Phase II Study Evaluating The Safety And Response To Neoadjuvant Dasatinib In Early Stage Non-Small Cell Lung Cancer; NCT00826449[PHASE1|PHASE2] Dasatinib and Erlotinib in Non-Small Cell Lung Cancer (NSCLC)"
"512"	"37811"	"106"	"Obesity"	"D009765"	"259"	"lamotrigine"	"DB00555"	"3043"	"GABRA3"	"2556"	"strict_phase2_3_disease_directed_title"	"NCT00277641[PHASE3] Lamotrigine in the Treatment of Binge Eating Disorder Associated With Obesity"
"515"	"5574"	"442"	"Alcoholism"	"D000437"	"430"	"mifepristone"	"DB00834"	"262"	"AR"	"367"	"strict_phase2_3_disease_directed_title"	"NCT02179749[PHASE2] Mifepristone Treatment of Alcohol Use Disorder"
"516"	"31353"	"190"	"Schizophrenia"	"D012559"	"8"	"Choline"	"DB00122"	"2366"	"ACHE"	"43"	"strict_phase2_3_disease_directed_title"	"NCT00509067[PHASE2] Use of Galantamine and CDP-choline (Citicoline) to Treat Adults With Schizophrenia"
"518"	"43398"	"76"	"Diabetes Mellitus, Type 2"	"D003924"	"554"	"ketoconazole"	"DB01026"	"3692"	"CYP19A1"	"1588"	"strict_phase2_3_disease_directed_title"	"NCT00302224[PHASE1|PHASE2] A Phase 1/2a Study of the 2S,4R Enantiomer of Ketoconazole in Subjects With Type 2 Diabetes Mellitus"
"521"	"30660"	"18"	"Arthritis, Rheumatoid"	"D001172"	"811"	"apremilast"	"DB05676"	"2233"	"IFNG"	"3458"	"strict_phase2_3_disease_directed_title"	"NCT01250548[PHASE2] The Controlled Trial of Apremilast for Rheumatoid Arthritis Treatment (CARAT); NCT01285310[PHASE2] Study of Apremilast to Evaluate the Safety and Effectiveness for Patients With Rheumatoid Arthritis"
"532"	"31384"	"190"	"Schizophrenia"	"D012559"	"332"	"galantamine"	"DB00674"	"2366"	"ACHE"	"43"	"strict_phase2_3_disease_directed_title"	"NCT00077727[PHASE3] A Study of the Effectiveness and Safety of Galantamine Hydrobromide on Cognitive Impairment in Patients With Schizophrenia.; NCT00463879[PHASE2|PHASE3] Galantamine for Cognitive Deficits in Schizophrenia; NCT00509067[PHASE2] Use of Galantamine and CDP-choline (Citicoline) to Treat Adults With Schizophrenia; NCT01012167[PHASE2] Oxytocin or Galantamine Versus Placebo for the Treatment of Negative Symptoms and Cognitive Impairments in Schizophrenia; NCT02234752[PHASE2] Galantamine and Memantine Combination for Cognitive Impairments in Schizophrenia"
"544"	"15289"	"264"	"Carcinoma, Non-Small-Cell Lung"	"D002289"	"165"	"sorafenib"	"DB00398"	"1193"	"KIT"	"3815"	"strict_phase2_3_disease_directed_title"	"NCT00098540[PHASE2] Sorafenib in Treating Patients With Stage IIIB or Stage IV Non-Small Cell Lung Cancer; NCT00417248[PHASE1|PHASE2] Cisplatin/Etoposide/Radiotherapy Followed by Consolidation Sorafenib for Inoperable Stage III Non-Small Cell Lung Cancer; NCT00449033[PHASE3] A Phase III Randomized, Double-blind, Placebo Controlled Trial Comparing the Efficacy of Gemcitabine, Cisplatin and Sorafenib to Gemcitabine, Cisplatin and Placebo in First-Line Treatment of Patients With Stage IIIb With Effusion and Stage IV Non-Small Cell Lung Cancer (NSCLC); NCT00473486[PHASE1|PHASE2] Study in Patients With Advanced Non-Small Cell Lung Cancer Treated With Pemetrexed and Carboplatin Plus or Minus Sorafenib; NCT00558636[PHASE3] A Trial Comparing Safety and Efficacy of Carboplatin and Paclitaxel Plus or Minus Sorafenib (BAY43-9006) in Chemonaive Patients With Stage IIIB-IV Non-Small Cell Lung Cancer (NSCLC); NCT00600015[PHASE2] Sorafenib/Erlotinib Versus Erlotinib Alone in Previously Treated Advanced Non-Small-Cell Lung Cancer (NSCLC); NCT00609804[PHASE2] Sorafenib and Erlotinib or Sorafenib Alone in Advanced Non-Small Cell Lung Cancer Progressing on Erlotinib; NCT00722969[PHASE2] Erlotinib and Sorafenib in Chemonaive Patients With Locally Advanced or Metastatic Non Small Cell Lung Cancer; NCT00922584[PHASE2] Sorafenib Treatment in Non-Small Cell Lung Cancer After Failure of Epidermal Growth Factor Receptor-tyrosine Kinase Inhibitor"
"550"	"3450"	"25"	"Asthma"	"D001249"	"567"	"ibuprofen"	"DB01050"	"119"	"BCL2"	"596"	"strict_phase2_3_disease_directed_title"	"NCT01606319[PHASE3] Acetaminophen Versus Ibuprofen in Children With Asthma"
"551"	"26914"	"106"	"Obesity"	"D009765"	"896"	"mirabegron"	"DB08893"	"1944"	"ADRB2"	"154"	"strict_phase2_3_disease_directed_title"	"NCT05713799[PHASE2] Trial of the Combination of Alpha-Lipoic Acid and Mirabegron in Women and in Men With Obesity"
"554"	"6567"	"219"	"Melanoma"	"D008545"	"121"	"indomethacin"	"DB00328"	"341"	"PPARG"	"5468"	"strict_phase2_3_disease_directed_title"	"NCT00002535[PHASE2] Indomethacin Plus Biological Therapy in Treating Patients With Advanced Melanoma"
"563"	"22105"	"25"	"Asthma"	"D001249"	"547"	"minocycline"	"DB01017"	"1540"	"VEGFA"	"7422"	"strict_phase2_3_disease_directed_title"	"NCT00456677[PHASE2] Evaluation of the Utility of Minocycline as an Anti-Inflammatory Agent in the Treatment of Asthma; NCT00536042[PHASE2] Open-Label Trial of the Use of Minocycline in the Treatment of Asthma"
"564"	"6062"	"190"	"Schizophrenia"	"D012559"	"415"	"pentoxifylline"	"DB00806"	"279"	"PDE4D"	"5144"	"strict_phase2_3_disease_directed_title"	"NCT04094207[PHASE1|PHASE2] Pentoxifylline as an Adjunctive in Treatment of Negative Symptoms in Chronic Schizophrenia"
"565"	"6299"	"190"	"Schizophrenia"	"D012559"	"217"	"raloxifene"	"DB00481"	"340"	"ESR2"	"2100"	"strict_phase2_3_disease_directed_title"	"NCT01280305[PHASE3] Raloxifene in Treatment of Schizophrenia and Schizoaffective Disorder; NCT01573637[PHASE3] Raloxifene as an Adjuvant Treatment of the Negative Symptoms of Schizophrenia in Post-menopausal Women; NCT03043820[PHASE3] Raloxifene Augmentation in Patients With a Schizophrenia Spectrum Disorder"
"566"	"20374"	"106"	"Obesity"	"D009765"	"400"	"estradiol"	"DB00783"	"1452"	"NR1I2"	"8856"	"strict_phase2_3_disease_directed_title"	"NCT00687739[PHASE3] Prevention of Obesity in Women Via Estradiol Regulation"
"569"	"13660"	"83"	"Lung Neoplasms"	"D008175"	"216"	"lenalidomide"	"DB00480"	"1092"	"TNF"	"7124"	"strict_phase2_3_disease_directed_title"	"NCT02963610[PHASE1|PHASE2] Phase I/II Study of Lenalidomide Plus Pembrolizumab in Patients With Solid Tumors With Expansion in Non-small Cell Lung Cancer"
"582"	"15397"	"264"	"Carcinoma, Non-Small-Cell Lung"	"D002289"	"843"	"pazopanib"	"DB06589"	"1193"	"KIT"	"3815"	"strict_phase2_3_disease_directed_title"	"NCT00367679[PHASE2] Pazopanib As Pre-Surgical Therapy In Treatment-Naive Subjects With Non-Small Cell Lung Cancer; NCT01027598[PHASE2] Randomized, Double-Blind Trial of Erlotinib/Pazopanib or Erlotinib/Placebo in Patients With Previously Treated Advanced Non-Small-Cell Lung Cancer; NCT01179269[PHASE2] Pazopanib and Paclitaxel for Non-Small Cell Lung Cancer"
"593"	"10800"	"265"	"Colorectal Neoplasms"	"D015179"	"218"	"celecoxib"	"DB00482"	"985"	"PTGS2"	"5743"	"strict_phase2_3_disease_directed_title"	"NCT00033371[PHASE2] Celecoxib With or Without Eflornithine in Preventing Colorectal Cancer in Patients With Familial Adenomatous Polyposis; NCT00064181[PHASE3] Combination Chemotherapy With or Without Celecoxib in Treating Patients With Metastatic Colorectal Cancer; NCT00072553[PHASE2] Celecoxib, Leucovorin, Fluorouracil, and Oxaliplatin in Treating Patients With Metastatic Colorectal Cancer; NCT00250835[PHASE2] Combination of Oxaliplatin, Capecitabine, and Celecoxib With Concurrent Radiation for Rectal Cancer; NCT00258232[PHASE2] Celecoxib, Capecitabine, and Irinotecan in Treating Patients With Recurrent or Metastatic Colorectal Cancer; NCT00336960[PHASE2] Celecoxib, Fluorouracil, and Radiation Therapy in Treating Patients With Stage II or Stage III Rectal Cancer That Can Be Removed By Surgery; NCT00466505[PHASE2] Cetuximab & Celecoxib for Metastatic Colorectal Cancer or Colorectal Cancer That Cannot Be Removed by Surgery; NCT01150045[PHASE3] Oxaliplatin, Leucovorin Calcium, and Fluorouracil With or Without Celecoxib in Treating Patients With Stage III Colon Cancer Previously Treated With Surgery; NCT01729923[PHASE2] A Trial of Maintenance ADAPT Therapy With Capecitabine and Celecoxib in Patients With Metastatic Colorectal Cancer; NCT03403634[PHASE2] Celecoxib, Recombinant Interferon Alfa-2b, and Rintatolimod in Treating Patients With Colorectal Cancer Metastatic to the Liver; NCT03926338[PHASE2] Neoadjuvant Toripalimab With or Without Celecoxib in dMMR/MSI-H Colorectal Cancer; NCT06903858[PHASE2] Toripalimab Plus Celecoxib for dMMR/MSI-H Locally Advanced Colorectal Cancer"
"594"	"21998"	"190"	"Schizophrenia"	"D012559"	"8"	"Choline"	"DB00122"	"1529"	"CHRNA7"	"1139"	"strict_phase2_3_disease_directed_title"	"NCT00509067[PHASE2] Use of Galantamine and CDP-choline (Citicoline) to Treat Adults With Schizophrenia"
"599"	"23206"	"442"	"Alcoholism"	"D000437"	"686"	"aripiprazole"	"DB01238"	"1559"	"HTR2A"	"3356"	"strict_phase2_3_disease_directed_title"	"NCT02918370[PHASE3] Aripiprazole for Bipolar Disorder and Alcohol Use Disorder"
"612"	"15354"	"264"	"Carcinoma, Non-Small-Cell Lung"	"D002289"	"708"	"sunitinib"	"DB01268"	"1193"	"KIT"	"3815"	"strict_phase2_3_disease_directed_title"	"NCT00265317[PHASE2] A Study In Patients With Non-Small Cell Lung Cancer Testing If Erlotinib Plus SU011248 (Sunitinib) Is Better Than Erlotinib Alone; NCT00434226[PHASE2] A Study of Sunitinib in Combination With Bevacizumab, Carboplatin, and Paclitaxel in Patients With Advanced Non-Small Cell Lung Cancer (SABRE-L); NCT00693992[PHASE3] Sunitinib Malate as Maintenance Therapy in Treating Patients With Stage III or Stage IV Non-Small Cell Lung Cancer Previously Treated With Combination Chemotherapy; NCT00698815[PHASE2] Pemetrexed and/or Sunitinib as Second-Line Therapy in Treating Patients With Stage IIIB or Stage IV Non-small Cell Lung Cancer; NCT01019798[PHASE2] Salvage Therapy With Sunitinib,Docetaxel and Platinum on Metastatic or Unresectable Non Small Cell Lung Cancer"
"616"	"15420"	"264"	"Carcinoma, Non-Small-Cell Lung"	"D002289"	"898"	"regorafenib"	"DB08896"	"1193"	"KIT"	"3815"	"strict_phase2_3_disease_directed_title"	"NCT03520842[PHASE2] Regorafenib and Methotrexate in Treating Participants With Recurrent or Metastatic KRAS Mutated Non-Small Cell Lung Cancer"
"618"	"27767"	"190"	"Schizophrenia"	"D012559"	"415"	"pentoxifylline"	"DB00806"	"2080"	"ADORA1"	"134"	"strict_phase2_3_disease_directed_title"	"NCT04094207[PHASE1|PHASE2] Pentoxifylline as an Adjunctive in Treatment of Negative Symptoms in Chronic Schizophrenia"
"622"	"15441"	"264"	"Carcinoma, Non-Small-Cell Lung"	"D002289"	"900"	"ponatinib"	"DB08901"	"1193"	"KIT"	"3815"	"strict_phase2_3_disease_directed_title"	"NCT03704688[PHASE1|PHASE2] Trial of Trametinib and Ponatinib in Patients With KRAS Mutant Advanced Non-Small Cell Lung Cancer"
"623"	"36705"	"76"	"Diabetes Mellitus, Type 2"	"D003924"	"180"	"spironolactone"	"DB00421"	"2888"	"SHBG"	"6462"	"strict_phase2_3_disease_directed_title"	"NCT01586442[PHASE3] Comparison of Eplerenone Versus Spironolactone in Heart Failure Patients With Glucose Intolerance or Type 2 Diabetes"
"629"	"12006"	"180"	"Inflammatory Bowel Diseases"	"D015212"	"562"	"Thalidomide"	"DB01041"	"985"	"PTGS2"	"5743"	"strict_phase2_3_disease_directed_title"	"NCT00720538[PHASE3] Thalidomide in Pediatric Inflammatory Bowel Diseases."
"630"	"7299"	"25"	"Asthma"	"D001249"	"567"	"ibuprofen"	"DB01050"	"373"	"CFTR"	"1080"	"strict_phase2_3_disease_directed_title"	"NCT01606319[PHASE3] Acetaminophen Versus Ibuprofen in Children With Asthma"
"634"	"28113"	"442"	"Alcoholism"	"D000437"	"686"	"aripiprazole"	"DB01238"	"2081"	"DRD1"	"1812"	"strict_phase2_3_disease_directed_title"	"NCT02918370[PHASE3] Aripiprazole for Bipolar Disorder and Alcohol Use Disorder"
"642"	"33063"	"190"	"Schizophrenia"	"D012559"	"400"	"estradiol"	"DB00783"	"2486"	"CHRNA4"	"1137"	"strict_phase2_3_disease_directed_title"	"NCT00206570[PHASE2] Clinical Estradiol Trial in Women With Schizophrenia; NCT03848234[PHASE3] Estradiol Patch as add-on to Antipsychotics in Patients With Schizophrenia, Schizoaffective or Schizophreniform Disorder"
"644"	"34470"	"25"	"Asthma"	"D001249"	"547"	"minocycline"	"DB01017"	"2578"	"IL1B"	"3553"	"strict_phase2_3_disease_directed_title"	"NCT00456677[PHASE2] Evaluation of the Utility of Minocycline as an Anti-Inflammatory Agent in the Treatment of Asthma; NCT00536042[PHASE2] Open-Label Trial of the Use of Minocycline in the Treatment of Asthma"
"646"	"20132"	"76"	"Diabetes Mellitus, Type 2"	"D003924"	"1117"	"yohimbine"	"DB01392"	"1430"	"KCNJ11"	"3767"	"strict_phase2_3_disease_directed_title"	"NCT01593215[PHASE2] Randomized Study of Yohimbine Treatment for Type 2 Diabetes Patients Carrying a Specific Genetic Risk Variant"
"647"	"22062"	"190"	"Schizophrenia"	"D012559"	"479"	"amantadine"	"DB00915"	"1529"	"CHRNA7"	"1139"	"strict_phase2_3_disease_directed_title"	"NCT00999505[PHASE3] Amantadine as Adjunctive Therapy to Antipsychotics in Schizophrenia"
"649"	"19786"	"25"	"Asthma"	"D001249"	"547"	"minocycline"	"DB01017"	"1421"	"MMP9"	"4318"	"strict_phase2_3_disease_directed_title"	"NCT00456677[PHASE2] Evaluation of the Utility of Minocycline as an Anti-Inflammatory Agent in the Treatment of Asthma; NCT00536042[PHASE2] Open-Label Trial of the Use of Minocycline in the Treatment of Asthma"
"655"	"22045"	"190"	"Schizophrenia"	"D012559"	"332"	"galantamine"	"DB00674"	"1529"	"CHRNA7"	"1139"	"strict_phase2_3_disease_directed_title"	"NCT00077727[PHASE3] A Study of the Effectiveness and Safety of Galantamine Hydrobromide on Cognitive Impairment in Patients With Schizophrenia.; NCT00463879[PHASE2|PHASE3] Galantamine for Cognitive Deficits in Schizophrenia; NCT00509067[PHASE2] Use of Galantamine and CDP-choline (Citicoline) to Treat Adults With Schizophrenia; NCT01012167[PHASE2] Oxytocin or Galantamine Versus Placebo for the Treatment of Negative Symptoms and Cognitive Impairments in Schizophrenia; NCT02234752[PHASE2] Galantamine and Memantine Combination for Cognitive Impairments in Schizophrenia"
"659"	"589"	"106"	"Obesity"	"D009765"	"896"	"mirabegron"	"DB08893"	"17"	"ADRB1"	"153"	"strict_phase2_3_disease_directed_title"	"NCT05713799[PHASE2] Trial of the Combination of Alpha-Lipoic Acid and Mirabegron in Women and in Men With Obesity"
"663"	"17762"	"442"	"Alcoholism"	"D000437"	"686"	"aripiprazole"	"DB01238"	"1405"	"DRD3"	"1814"	"strict_phase2_3_disease_directed_title"	"NCT02918370[PHASE3] Aripiprazole for Bipolar Disorder and Alcohol Use Disorder"
"664"	"178"	"106"	"Obesity"	"D009765"	"82"	"metoprolol"	"DB00264"	"17"	"ADRB1"	"153"	"strict_phase2_3_disease_directed_title"	"NCT03845075[PHASE2] 48 Weeks, Study to Evaluate Overall Safety and Tolerability of Co-administration of Tesofensine and Metoprolol in Subjects With Hypothalamic Injury-induced Obesity (HIO)"
"666"	"12027"	"370"	"Esophageal Neoplasms"	"D004938"	"562"	"Thalidomide"	"DB01041"	"985"	"PTGS2"	"5743"	"strict_phase2_3_disease_directed_title"	"NCT01551641[PHASE2] Phase II Trial of Thalidomide Combined With Concurrent Chemoradiotherapy in Esophageal Cancer"
"675"	"10433"	"265"	"Colorectal Neoplasms"	"D015179"	"72"	"mesalazine"	"DB00244"	"985"	"PTGS2"	"5743"	"strict_phase2_3_disease_directed_title"	"NCT02077777[PHASE2] Chemopreventive Action of Mesalazine on Colorectal Cancer: a Pilot Study for an ""in Vivo"" Evaluation of the Molecular Effects on β-catenin Signaling Pathway."
"678"	"33084"	"190"	"Schizophrenia"	"D012559"	"479"	"amantadine"	"DB00915"	"2486"	"CHRNA4"	"1137"	"strict_phase2_3_disease_directed_title"	"NCT00999505[PHASE3] Amantadine as Adjunctive Therapy to Antipsychotics in Schizophrenia"
"680"	"6546"	"265"	"Colorectal Neoplasms"	"D015179"	"109"	"Valproic Acid"	"DB00313"	"341"	"PPARG"	"5468"	"strict_phase2_3_disease_directed_title"	"NCT01898104[PHASE1|PHASE2] Preoperative Valproic Acid and Radiation Therapy for Rectal Cancer; NCT04310176[PHASE2] Valproic Acid in Combination With Bevacizumab and Oxaliplatin/Fluoropyrimidine Regimens in Patients With Ras-mutated Metastatic Colorectal Cancer; NCT06714357[PHASE2] ValproIc Acid to Potentiate Anti-EGFR Treatment Efficacy and Prevent/Revert Resistance in Colorectal Cancer"
"682"	"33047"	"190"	"Schizophrenia"	"D012559"	"332"	"galantamine"	"DB00674"	"2486"	"CHRNA4"	"1137"	"strict_phase2_3_disease_directed_title"	"NCT00077727[PHASE3] A Study of the Effectiveness and Safety of Galantamine Hydrobromide on Cognitive Impairment in Patients With Schizophrenia.; NCT00463879[PHASE2|PHASE3] Galantamine for Cognitive Deficits in Schizophrenia; NCT00509067[PHASE2] Use of Galantamine and CDP-choline (Citicoline) to Treat Adults With Schizophrenia; NCT01012167[PHASE2] Oxytocin or Galantamine Versus Placebo for the Treatment of Negative Symptoms and Cognitive Impairments in Schizophrenia; NCT02234752[PHASE2] Galantamine and Memantine Combination for Cognitive Impairments in Schizophrenia"
"684"	"12033"	"463"	"Amyotrophic Lateral Sclerosis"	"D000690"	"562"	"Thalidomide"	"DB01041"	"985"	"PTGS2"	"5743"	"strict_phase2_3_disease_directed_title"	"NCT00231140[PHASE2] Pilot-Study of Thalidomide in Amyotrophic Lateral Sclerosis (ALS)"
"694"	"2363"	"264"	"Carcinoma, Non-Small-Cell Lung"	"D002289"	"165"	"sorafenib"	"DB00398"	"75"	"FGFR1"	"2260"	"strict_phase2_3_disease_directed_title"	"NCT00098540[PHASE2] Sorafenib in Treating Patients With Stage IIIB or Stage IV Non-Small Cell Lung Cancer; NCT00417248[PHASE1|PHASE2] Cisplatin/Etoposide/Radiotherapy Followed by Consolidation Sorafenib for Inoperable Stage III Non-Small Cell Lung Cancer; NCT00449033[PHASE3] A Phase III Randomized, Double-blind, Placebo Controlled Trial Comparing the Efficacy of Gemcitabine, Cisplatin and Sorafenib to Gemcitabine, Cisplatin and Placebo in First-Line Treatment of Patients With Stage IIIb With Effusion and Stage IV Non-Small Cell Lung Cancer (NSCLC); NCT00473486[PHASE1|PHASE2] Study in Patients With Advanced Non-Small Cell Lung Cancer Treated With Pemetrexed and Carboplatin Plus or Minus Sorafenib; NCT00558636[PHASE3] A Trial Comparing Safety and Efficacy of Carboplatin and Paclitaxel Plus or Minus Sorafenib (BAY43-9006) in Chemonaive Patients With Stage IIIB-IV Non-Small Cell Lung Cancer (NSCLC); NCT00600015[PHASE2] Sorafenib/Erlotinib Versus Erlotinib Alone in Previously Treated Advanced Non-Small-Cell Lung Cancer (NSCLC); NCT00609804[PHASE2] Sorafenib and Erlotinib or Sorafenib Alone in Advanced Non-Small Cell Lung Cancer Progressing on Erlotinib; NCT00722969[PHASE2] Erlotinib and Sorafenib in Chemonaive Patients With Locally Advanced or Metastatic Non Small Cell Lung Cancer; NCT00922584[PHASE2] Sorafenib Treatment in Non-Small Cell Lung Cancer After Failure of Epidermal Growth Factor Receptor-tyrosine Kinase Inhibitor"
"700"	"36885"	"83"	"Lung Neoplasms"	"D008175"	"249"	"5-fluorouracil"	"DB00544"	"2912"	"TYMS"	"7298"	"strict_phase2_3_disease_directed_title"	"NCT01658813[PHASE2] 5-Fluorouracil Followed by Interferon-alfa-2b in Previously-treated Metastatic Gastrointestinal, Kidney, or Lung Cancer"
"705"	"24057"	"442"	"Alcoholism"	"D000437"	"374"	"modafinil"	"DB00745"	"1566"	"SLC6A3"	"6531"	"strict_phase2_3_disease_directed_title"	"NCT03424681[PHASE2] Modafinil for the Treatment of Alcohol Use Disorders"
"707"	"11104"	"265"	"Colorectal Neoplasms"	"D015179"	"287"	"sulindac"	"DB00605"	"985"	"PTGS2"	"5743"	"strict_phase2_3_disease_directed_title"	"NCT01856322[PHASE2] Surgery Plus Sulindac or Surgery Alone for Advanced Colorectal Cancer"
"709"	"12035"	"495"	"Glioma"	"D005910"	"562"	"Thalidomide"	"DB01041"	"985"	"PTGS2"	"5743"	"strict_phase2_3_disease_directed_title"	"NCT00047879[PHASE2] Phase II Trial of Peginterferon Alpha-2b and Thalidomide in Adults With Recurrent Gliomas; NCT00412542[PHASE2] Thalidomide and Temozolomide or Camptothecin-11 (CPT-11) in Patients With Gliomas"
"710"	"27060"	"25"	"Asthma"	"D001249"	"1052"	"indacaterol"	"DB05039"	"1944"	"ADRB2"	"154"	"strict_phase2_3_disease_directed_title"	"NCT00403637[PHASE2|PHASE3] Efficacy and Safety of Single Doses of Indacaterol Delivered Via a Single Dose Dry Powder Inhaler (SDDPI) Compared to Placebo in Patients With Persistent Asthma; NCT00403754[PHASE2] Dose Ranging Study for Indacaterol in Japanese Asthma Patients; NCT00529529[PHASE3] Safety of Indacaterol in Patients (≥ 12 Years) With Moderate to Severe Persistent Asthma; NCT00545272[PHASE2] A Dose Ranging Trial of 4 Doses of Indacaterol Delivered Via TWISTHALER® Device in Adult and Adolescent Patients With Persistent Asthma; NCT00556673[PHASE2] Bronchodilatory Efficacy of a Single Dose QMF149 (Indacaterol Maleate/Mometasone Furoate) Via the Twisthaler® Device in Adult Patients With Asthma; NCT00557440[PHASE2] Investigation of the 24 Hour Forced Expiratory Flow in 1 Second (FEV1) Profile of a Single Dose of Indacaterol/Mometasone Delivered Via the TWISTHALER® Device in Adult Patients With Persistent Asthma; NCT00605306[PHASE2] Safety and Tolerability of Indacaterol Maleate/Mometasone Furoate Delivered Via the Twisthaler® Device After 14 Days Treatment in Patients With Mild to Moderate Asthma; NCT00927901[PHASE2] Efficacy, Safety, Tolerability, and Pharmacokinetics of Indacaterol Salts in Patients With Asthma; NCT01609478[PHASE2] Efficacy, Safety and Pharmacokinetics of Indacaterol Acetate in Patients With Persistent Asthma; NCT01959412[PHASE2] Crossover Study to Evaluate the Efficacy, Safety and Tolerability of Different Doses of Indacaterol in Patients With Persistent Asthma; NCT02892019[PHASE2] Efficacy and Safety of Indacaterol Acetate Delivered Via the Concept1 Inhalation Device in Children Greater or Equal to 6 and Less Than 12 Years of Age With Asthma; NCT03257995[PHASE2] Pharmacodynamics, Safety, Tolerability, and Pharmacokinetics of Two Orally Inhaled Indacaterol Salts in Adult Subjects With Asthma."
"712"	"14046"	"180"	"Inflammatory Bowel Diseases"	"D015212"	"562"	"Thalidomide"	"DB01041"	"1092"	"TNF"	"7124"	"strict_phase2_3_disease_directed_title"	"NCT00720538[PHASE3] Thalidomide in Pediatric Inflammatory Bowel Diseases."
"717"	"2444"	"264"	"Carcinoma, Non-Small-Cell Lung"	"D002289"	"843"	"pazopanib"	"DB06589"	"75"	"FGFR1"	"2260"	"strict_phase2_3_disease_directed_title"	"NCT00367679[PHASE2] Pazopanib As Pre-Surgical Therapy In Treatment-Naive Subjects With Non-Small Cell Lung Cancer; NCT01027598[PHASE2] Randomized, Double-Blind Trial of Erlotinib/Pazopanib or Erlotinib/Placebo in Patients With Previously Treated Advanced Non-Small-Cell Lung Cancer; NCT01179269[PHASE2] Pazopanib and Paclitaxel for Non-Small Cell Lung Cancer"
"722"	"14061"	"265"	"Colorectal Neoplasms"	"D015179"	"562"	"Thalidomide"	"DB01041"	"1092"	"TNF"	"7124"	"strict_phase2_3_disease_directed_title"	"NCT00019747[PHASE2] Surgery With or Without Thalidomide in Treating Patients With Recurrent or Metastatic Colorectal Cancer; NCT00310076[PHASE2] Thalidomide in Treating Patients Who Have Undergone Surgery and Chemotherapy for Cancer That Has Spread Throughout the Abdomen Due to Colorectal Cancer or Appendix Cancer; NCT00890188[PHASE2] Thalidomide and Tegafur/Uracil(UFUR) in the Treatment of Advanced Colorectal Cancer; NCT05266820[PHASE2] Trifluridine/Tipiracil (TAS-102) With or Without Thalidomide for the Treatment of Metastatic Colorectal Cancer; NCT06279351[PHASE2] Thalidomide Enhances Clinical Efficacy of Cetuximab Combined With Standard Chemotherapy for Left Colorectal Cancer"
"728"	"33280"	"76"	"Diabetes Mellitus, Type 2"	"D003924"	"1189"	"diacerein"	"DB11994"	"2507"	"CYP1A2"	"1544"	"strict_phase2_3_disease_directed_title"	"NCT02242149[PHASE3] Efficacy Study of Diacerein on Glycemic Control and Liver Fat in Type 2 Diabetes Subjects"
"729"	"35800"	"442"	"Alcoholism"	"D000437"	"686"	"aripiprazole"	"DB01238"	"2749"	"CHRM2"	"1129"	"strict_phase2_3_disease_directed_title"	"NCT02918370[PHASE3] Aripiprazole for Bipolar Disorder and Alcohol Use Disorder"
"734"	"15464"	"264"	"Carcinoma, Non-Small-Cell Lung"	"D002289"	"926"	"lenvatinib"	"DB09078"	"1193"	"KIT"	"3815"	"strict_phase2_3_disease_directed_title"	"NCT03829319[PHASE3] Safety and Efficacy Study of Pemetrexed + Platinum Chemotherapy + Pembrolizumab (MK-3475) With or Without Lenvatinib (MK-7902/E7080) as First-line Intervention in Adults With Metastatic Nonsquamous Non-small Cell Lung Cancer (MK-7902-006/E7080-G000-315/LEAP-006); NCT03976375[PHASE3] Efficacy and Safety of Pembrolizumab (MK-3475) With Lenvatinib (E7080/MK-7902) vs. Docetaxel in Participants With Metastatic Non-Small Cell Lung Cancer (NSCLC) and Progressive Disease (PD) After Platinum Doublet Chemotherapy and Immunotherapy (MK-7902-008/E7080-G000-316/LEAP-008); NCT04716933[PHASE3] Safety and Efficacy Study of Pemetrexed + Platinum Chemotherapy + Pembrolizumab (MK-3475) With or Without Lenvatinib (MK-7902/E7080) as First-line Intervention in Adults With Metastatic Nonsquamous Non-small Cell Lung Cancer (MK-7902-006/E7080-G000-315/LEAP-006)-China Extension Study; NCT05001724[PHASE2|PHASE3] KN046 Plus Lenvatinib in Subject With Advanced Non-Small Cell Lung Cancer in the Failure of Anti-PD-(L)1 Agent"
"736"	"14585"	"244"	"Hypersensitivity"	"D006967"	"1227"	"pirfenidone"	"DB04951"	"1092"	"TNF"	"7124"	"strict_phase2_3_disease_directed_title"	"NCT04675619[PHASE2] Evaluation of the Efficacy of Pirfenidone in Progressive Chronic Hypersensitivity Pneumonitis"
"738"	"14568"	"147"	"Pneumonia"	"D011014"	"1227"	"pirfenidone"	"DB04951"	"1092"	"TNF"	"7124"	"strict_phase2_3_disease_directed_title"	"NCT07388680[PHASE2|PHASE3] Pirfenidone Capsules in the Treatment of Radiation-induced Lung Injury With or Without Immune Pneumonia"
"750"	"29618"	"442"	"Alcoholism"	"D000437"	"686"	"aripiprazole"	"DB01238"	"2205"	"HTR1A"	"3350"	"strict_phase2_3_disease_directed_title"	"NCT02918370[PHASE3] Aripiprazole for Bipolar Disorder and Alcohol Use Disorder"
"753"	"32405"	"442"	"Alcoholism"	"D000437"	"203"	"prazosin"	"DB00457"	"2440"	"ADRA2A"	"150"	"strict_phase2_3_disease_directed_title"	"NCT02322047[PHASE2] Prazosin and Naltrexone (PaN) Study for Veterans With Alcohol Use Disorders"
"754"	"24231"	"442"	"Alcoholism"	"D000437"	"629"	"bupropion"	"DB01156"	"1566"	"SLC6A3"	"6531"	"strict_phase2_3_disease_directed_title"	"NCT04167306[PHASE2] Varenicline and Bupropion for Alcohol Use Disorder"
"758"	"22344"	"334"	"Leukemia"	"D007938"	"394"	"etoposide"	"DB00773"	"1542"	"TOP2A"	"7153"	"strict_phase2_3_disease_directed_title"	"NCT00003875[PHASE2] Busulfan and Etoposide Followed by Peripheral Blood Stem Cell Transplant and Low-Dose Aldesleukin in Treating Patients With Acute Myeloid Leukemia; NCT00315705[PHASE1|PHASE2] A Study of Clofarabine in Combination With Etoposide and Cyclophosphamide in Children With Acute Leukemias.; NCT00410423[PHASE1|PHASE2] Study of VELCADE® With Mitoxantrone and Etoposide for Leukemias; NCT00427791[PHASE2] Rituximab to the Preparative Regimen of Etoposide and Total Body Irradiation in Acute Lymphoblastic Leukemia; NCT00512252[PHASE1|PHASE2] AMD3100 Plus Mitoxantrone, Etoposide and Cytarabine in Acute Myeloid Leukemia; NCT00576979[PHASE1|PHASE2] Intensity-Modulated Radiation Therapy, Etoposide, and Cyclophosphamide Followed By Donor Stem Cell Transplant in Treating Patients With Relapsed or Refractory Acute Lymphoblastic Leukemia or Acute Myeloid Leukemia; NCT00602771[PHASE2] Tipifarnib and Etoposide in Treating Older Patients With Newly Diagnosed, Previously Untreated Acute Myeloid Leukemia; NCT00939653[PHASE2] T2007-002 Clofarabine, Etoposide, Cyclophosphamide in Relapsed Acute Myelogenous Leukemia (AML); NCT01237808[PHASE3] Study of Low-Dose Cytarabine and Etoposide With or Without All-Trans Retinoic Acid in Older Patients Not Eligible for Intensive Chemotherapy With Acute Myeloid Leukemia and NPM1 Mutation; NCT01342887[PHASE1|PHASE2] Cyclosporine, Pravastatin Sodium, Etoposide, and Mitoxantrone Hydrochloride in Treating Patients With Relapsed or Refractory Acute Myeloid Leukemia; NCT01677949[PHASE2] Clofarabine, Cyclophosphamide and Etoposide for Minimal Residual Disease Positive Acute Leukemia; NCT01729845[PHASE1|PHASE2] Decitabine Followed by Mitoxantrone Hydrochloride, Etoposide, and Cytarabine in Treating Patients With Relapsed or Refractory Acute Myeloid Leukemia or High-Risk Myelodysplastic Syndromes; NCT02773732[PHASE1|PHASE2] Clinical Trial of Oral Ciprofloxacin and Etoposide in Subjects With Resistant Acute Myeloid Leukemia (AML)(UF-AML-CE-101); NCT03023046[PHASE2] Etoposide, Prednisone, Vincristine Sulfate, Cyclophosphamide, and Doxorubicin in Treating Patients With Acute Lymphoblastic Leukemia or Lymphoblastic Lymphoma; NCT03839446[PHASE2] Phase II Study of the Combination of Mitoxantrone, Etoposide and Gemtuzumab Ozogamicin (MEGO) for Patients With Acute Myeloid Leukemia Refractory to Initial Standard Induction Therapy"
"759"	"11408"	"265"	"Colorectal Neoplasms"	"D015179"	"407"	"sulfasalazine"	"DB00795"	"985"	"PTGS2"	"5743"	"strict_phase2_3_disease_directed_title"	"NCT06134388[PHASE3] Sulfasalazine in Patients With Metastatic Colorectal Cancer"
"760"	"26721"	"25"	"Asthma"	"D001249"	"662"	"nadolol"	"DB01203"	"1944"	"ADRB2"	"154"	"strict_phase2_3_disease_directed_title"	"NCT00670267[PHASE1|PHASE2] Oral Nadolol for the Treatment of Adults With Mild Asthma; NCT01804218[PHASE2] Efficacy and Safety of Beta-adrenoceptor Inverse Agonist, Nadolol, in Mild Asthma"
"762"	"2471"	"264"	"Carcinoma, Non-Small-Cell Lung"	"D002289"	"898"	"regorafenib"	"DB08896"	"75"	"FGFR1"	"2260"	"strict_phase2_3_disease_directed_title"	"NCT03520842[PHASE2] Regorafenib and Methotrexate in Treating Participants With Recurrent or Metastatic KRAS Mutated Non-Small Cell Lung Cancer"
"766"	"14077"	"495"	"Glioma"	"D005910"	"562"	"Thalidomide"	"DB01041"	"1092"	"TNF"	"7124"	"strict_phase2_3_disease_directed_title"	"NCT00047879[PHASE2] Phase II Trial of Peginterferon Alpha-2b and Thalidomide in Adults With Recurrent Gliomas; NCT00412542[PHASE2] Thalidomide and Temozolomide or Camptothecin-11 (CPT-11) in Patients With Gliomas"
"778"	"2525"	"264"	"Carcinoma, Non-Small-Cell Lung"	"D002289"	"926"	"lenvatinib"	"DB09078"	"75"	"FGFR1"	"2260"	"strict_phase2_3_disease_directed_title"	"NCT03829319[PHASE3] Safety and Efficacy Study of Pemetrexed + Platinum Chemotherapy + Pembrolizumab (MK-3475) With or Without Lenvatinib (MK-7902/E7080) as First-line Intervention in Adults With Metastatic Nonsquamous Non-small Cell Lung Cancer (MK-7902-006/E7080-G000-315/LEAP-006); NCT03976375[PHASE3] Efficacy and Safety of Pembrolizumab (MK-3475) With Lenvatinib (E7080/MK-7902) vs. Docetaxel in Participants With Metastatic Non-Small Cell Lung Cancer (NSCLC) and Progressive Disease (PD) After Platinum Doublet Chemotherapy and Immunotherapy (MK-7902-008/E7080-G000-316/LEAP-008); NCT04716933[PHASE3] Safety and Efficacy Study of Pemetrexed + Platinum Chemotherapy + Pembrolizumab (MK-3475) With or Without Lenvatinib (MK-7902/E7080) as First-line Intervention in Adults With Metastatic Nonsquamous Non-small Cell Lung Cancer (MK-7902-006/E7080-G000-315/LEAP-006)-China Extension Study; NCT05001724[PHASE2|PHASE3] KN046 Plus Lenvatinib in Subject With Advanced Non-Small Cell Lung Cancer in the Failure of Anti-PD-(L)1 Agent"
"780"	"2498"	"264"	"Carcinoma, Non-Small-Cell Lung"	"D002289"	"900"	"ponatinib"	"DB08901"	"75"	"FGFR1"	"2260"	"strict_phase2_3_disease_directed_title"	"NCT03704688[PHASE1|PHASE2] Trial of Trametinib and Ponatinib in Patients With KRAS Mutant Advanced Non-Small Cell Lung Cancer"
"784"	"41161"	"442"	"Alcoholism"	"D000437"	"1119"	"zonisamide"	"DB00909"	"3354"	"MAOB"	"4129"	"strict_phase2_3_disease_directed_title"	"NCT02900352[PHASE3] Zonisamide Treatment of Alcohol Use Disorder: an Evaluation of Efficacy and Mechanism of Action"
"785"	"36871"	"83"	"Lung Neoplasms"	"D008175"	"193"	"gemcitabine"	"DB00441"	"2912"	"TYMS"	"7298"	"strict_phase2_3_disease_directed_title"	"NCT00003202[PHASE1|PHASE2] Gemcitabine Plus Radiation Therapy or Combination Chemotherapy in Treating Patients With Non-small Cell Lung Cancer; NCT00003447[PHASE3] Vinorelbine and/or Gemcitabine in Treating Older Patients With Stage IIIB or Stage IV Non-small Cell Lung Cancer; NCT00003762[PHASE2] Docetaxel and Gemcitabine in Treating Patients With Stage IIIB or Stage IV Non-small Cell Lung Cancer; NCT00004139[PHASE2] Gemcitabine Plus Docetaxel or Irinotecan in Treating Patients With Stage IIIB or Stage IV Non-small Cell Lung Cancer; NCT00004159[PHASE1|PHASE2] Gemcitabine Plus Paclitaxel in Treating Patients With Advanced Non-small Cell Lung Cancer or Other Solid Tumor; NCT00004201[PHASE2] Gemcitabine Plus Carboplatin or Cisplatin in Treating Patients With Stage IIIB, Stage IV, or Recurrent Non-small Cell Lung Cancer; NCT00005093[PHASE3] Gemcitabine With or Without CI-994 in Treating Patients With Advanced Non-small Cell Lung Cancer; NCT00016367[PHASE2] Cisplatin and Gemcitabine Plus Trastuzumab in Treating Patients With Stage IIIB or Stage IV Non-Small Cell Lung Cancer; NCT00022009[PHASE2|PHASE3] Gemcitabine Plus Supportive Care in Treating Patients With Locally Advanced or Metastatic Non-Small Cell Lung Cancer; NCT00022646[PHASE2] Pemetrexed Disodium Plus Gemcitabine in Treating Patients With Locally Advanced or Metastatic Non-Small Cell Lung Cancer; NCT00042679[PHASE2] A Phase 2 Trial of Antisense Nucleotide to PKC-Alpha (LY900003, ISIS 3521) Plus Gemcitabine and Carboplatin in Patients With Advanced, Previously Untreated Non-Small Cell Lung Cancer.; NCT00054197[PHASE3] Polyglutamate Paclitaxel Compared With Gemcitabine or Vinorelbine in Treating Patients With Advanced or Recurrent Non-Small Cell Lung Cancer; NCT00055757[PHASE2] Tipifarnib, Gemcitabine, and Cisplatin in Treating Patients With Stage III or Stage IV Non-Small Cell Lung Cancer; NCT00055965[PHASE3] Hospitalization Rates of Patients With Non-Small Cell Lung Cancer Treated With Gemcitabine and Either Cisplatin or Carboplatin; NCT00057798[PHASE2] Genetic Changes in Patients With Non-Small Cell Lung Cancer Who Are Receiving Vinorelbine and Gemcitabine Before Surgery; NCT00061451[PHASE2] Pemetrexed Plus Gemcitabine as Front-Line Chemotherapy for Patients With Locally Advanced or Metastatic Non-Small Cell Lung Cancer: A Clinical Trial; NCT00064064[PHASE2] 3-AP and Gemcitabine in Treating Patients With Metastatic Non-Small Cell Lung Cancer; NCT00069875[PHASE2] A Study With Gemcitabine, Cisplatin, and LY293111 in Non-Small Cell Lung Cancer; NCT00070486[PHASE2] Carboplatin and Gemcitabine Combined With Celecoxib and/or Zileuton in Treating Patients With Advanced Non-Small Cell Lung Cancer; NCT00071136[PHASE1|PHASE2] Pemetrexed and Gemcitabine in Patients With Advanced Non-Small Cell Lung Cancer (NSCLC); NCT00074204[PHASE3] Gemcitabine and Carboplatin Followed By Docetaxel in Treating Patients With Stage IIIB or Stage IV Non-Small Cell Lung Cancer; NCT00075517[PHASE2] Gemcitabine and Docetaxel in Treating Patients With Inoperable Stage IIIB or Stage IV Non-Small Cell Lung Cancer; NCT00075751[PHASE2] Gemcitabine, Carboplatin, and Bortezomib in Advanced or Recurrent Non-Small Cell Lung Cancer; NCT00077350[PHASE2] A Phase II Trial of Triapine (NSC #663249) in Combination With Gemcitabine as Second Line Treatment of Non-Small Cell Lung Cancer; NCT00077415[PHASE2] 3-AP and Gemcitabine as Second-Line Therapy in Treating Patients With Stage III or Stage IV Recurrent Non-Small Cell Lung Cancer; NCT00079287[PHASE3] Vinorelbine, Gemcitabine, and Docetaxel Compared With Paclitaxel and Carboplatin in Treating Patients With Advanced Non-Small Cell Lung Cancer; NCT00087802[PHASE3] Gemcitabine/Oxaliplatin (GEMOX) vs Carboplatin/Paclitaxel (CP) in Non-Small Cell Lung Cancer (NSCLC); NCT00103051[PHASE2] Gemcitabine, Cisplatin, and Gefitinib in Treating Patients Who Are Undergoing Surgery for Stage III Non-Small Cell Lung Cancer; NCT00112710[PHASE3] Gemcitabine in Combination With Either Cisplatin or Carboplatin in Treating Patients With Stage III or Stage IV Non-Small Cell Lung Cancer; NCT00150657[PHASE2] Study of Carboplatin/Gemcitabine Plus Bevacizumab in Advanced Lung Cancer; NCT00154739[PHASE2] Gemcitabine/Cisplatin Versus Gemcitabine/Epirubicin for Non-Small Cell Lung Cancer (NSCLC); NCT00173888[PHASE2] Docetaxel Plus Cisplatin Followed by Gemcitabine Versus Gemcitabine Plus Cisplatin Followed by Docetaxel for Non-Small Cell Lung Cancer (NSCLC); NCT00182806[PHASE2] Irinotecan and Gemcitabine in Treating Patients With Recurrent or Progressive Stage III or Stage IV Non-Small Cell Lung Cancer; NCT00190710[PHASE3] A Trial of Carboplatin and Gemcitabine Versus Gemcitabine Alone in Patients With Non-Small-Cell Lung Cancer; NCT00191139[PHASE2] Gemcitabine or Gemcitabine Plus Docetaxel After Cisplatin, Etoposide and Radiation in Non Small Cell Lung Cancer (NSCLC); NCT00191490[PHASE2] A Randomized Study Evaluating the Feasibility and Activity of Three Different Combination With Gemcitabine as First Line Therapy for Non Small Cell Lung Cancer; NCT00191763[PHASE2] Neo-Adjuvant Gemcitabine and Cisplatin in Treating Patients With Early Stage of Non Small Cell Lung Cancer; NCT00192036[PHASE2] Multicenter Phase 2 Trial Evaluating Cisplatin-Gemcitabine With Concomitant Thoracic Radiotherapy for Treatment of Inoperable Stage III Non Small Cell Lung Cancer; NCT00193323[PHASE2] Weekly Docetaxel Versus Weekly Docetaxel/Gemcitabine in the Treatment of Non-Small Cell Lung Cancer in Elderly Patients; NCT00193362[PHASE3] Study of Paclitaxel, Carboplatin, and Gemcitabine Versus Gemcitabine and Vinorelbine for Non-Small Cell Lung Cancer; NCT00193414[PHASE2] Pemetrexed and Gemcitabine in Patients With Advanced Non-Small Cell Lung Cancer; NCT00193453[PHASE2] Gemcitabine, Docetaxel, and Cetuximab in Patients With Unresectable Advanced Non-Small Cell Lung Cancer; NCT00217282[PHASE2] Study of Oxaliplatin and Gemcitabine With or Without Bevacizumab to Treat Advanced Non-Small Cell Lung Cancer; NCT00217698[PHASE2] Gefitinib as First-Line Therapy Followed by Gemcitabine and Cisplatin in Treating Patients With Stage III or Stage IV Non-Small Cell Lung Cancer; NCT00226577[PHASE2] Pharmacogenomic & Phase II Study of Gemcitabine and Pemetrexed in Non-Small-Cell Lung Cancer.; NCT00247416[PHASE2] Effects of Carboplatin and Gemcitabine on Stage IIIB Pleural Effusion and Stage IV Lung Cancer; NCT00270582[PHASE2] A Study of Weekly Docetaxel Plus Cisplatin Followed by Gemcitabine vs. Gemcitabine Plus Cisplatin Followed by Weekly Docetaxel in the Treatment of Advanced Non-Small-Cell Lung Cancer; NCT00276588[PHASE2] Gemcitabine and Carboplatin Followed by Paclitaxel in Treating Patients With Stage III or Stage IV Non-Small Cell Lung Cancer; NCT00278460[PHASE2] Gemcitabine and Docetaxel in Treating Patients With Recurrent Stage III or Stage IV Non-Small Cell Lung Cancer; NCT00281827[PHASE2] Carboplatin, Gemcitabine, and Thalidomide in Patients Undergoing Surgery for Stage II or III Non-Small Cell Lung Cancer; NCT00305786[PHASE2] Gemcitabine and Oxaliplatin as Second-Line Therapy in Treating Patients With Stage III or Stage IV Non-Small Cell Lung Cancer; NCT00323362[PHASE2] Gemcitabine and Imatinib Mesylate in Treating Patients With Recurrent or Metastatic Non-Small Cell Lung Cancer; NCT00323869[PHASE2] Phase II Bevacizumab, Gemcitabine and Carboplatin in Newly Diagnosed Non-Small Cell Lung Cancer; NCT00326599[PHASE2] Gemcitabine and Carboplatin With or Without AZD2171 as First-Line Therapy in Treating Patients With Stage IIIB or Stage IV Non-Small Cell Lung Cancer; NCT00330746[PHASE2] CALC-1 (Cetuximab in Advanced Lung Cancer): Study of 2 Methods of Combining Cetuximab and Gemcitabine in Patients With Advanced Non Small-cell Lung Cancer; NCT00378573[PHASE2] Multicenter Evaluation of Docetaxel, Gemcitabine, and Bevacizumab Combination Followed by Bevacizumab Alone in Subjects With Locally Advanced or Metastatic Non-Small Cell Lung Cancer; NCT00383331[PHASE2] Pemetrexed and Gemcitabine Every 14 Days Versus Every 21 Days in Advanced Non Small Cell Lung Cancer; NCT00398385[PHASE2] Gemcitabine and Cisplatin Before or After Surgery in Treating Patients With Stage I or Stage II Non-Small Cell Lung Cancer; NCT00400803[PHASE2] Carboplatin and Gemcitabine With Bevacizumab Every 2 Weeks for Stage IIIb/IV Non-small Cell Lung Cancer; NCT00401609[PHASE1|PHASE2] G-Step: Gemcitabine Based Small-cell Lung Cancer Treatment in Elderly Patients; NCT00407550[PHASE2] Pemetrexed Disodium and Gemcitabine in Treating Patients With Stage IIIB or Stage IV Non-Small Cell Lung Cancer; NCT00424853[PHASE2] ADVANCED Phase II Trial of Weekly vs 3 Weekly Docetaxel and Cisplatin Followed by Gemcitabine in Non-small-cell Lung Cancer (NSCLC); NCT00431613[PHASE2] Study of Docetaxel/Gemcitabine Followed by Chemo-radiotherapy (Chemo-RT), With or Without Consolidation Chemotherapy, in IIIA/IIIB Non Small Cell Lung Cancer (NSCLC); NCT00434135[PHASE2] Alimta and Gemcitabine in Non-Small Cell Lung Cancer; NCT00438204[PHASE2] Pemetrexed Disodium, Gemcitabine, and Bevacizumab in Treating Patients With Stage IIIB or Stage IV Non-Small Cell Lung Cancer; NCT00441740[PHASE3] Randomized Trial With Vinorelbine and Gemcitabine Versus Docetaxel and Gemcitabine in Patients With Non-Small Cell Lung Cancer; NCT00453115[PHASE2] Gemcitabine Plus Oxaliplatin in Advanced Stage IIIB/IV Non Small Cell Lung Cancer (NSCLC); NCT00453167[PHASE2] Weekly Paclitaxel Plus Gemcitabine as Second-line in Small Cell Lung Cancer; NCT00469976[PHASE2] Enzastaurin, Carboplatin, and Gemcitabine With or Without Bevacizumab in Treating Patients With Recurrent, Stage IIIB, or Stage IV Non-Small Cell Lung Cancer; NCT00489983[PHASE2] Trial of Pemetrexed or Pemetrexed With Gemcitabine for Patients With Advanced Lung Cancer Who Are Not Eligible for Platinum-Based Chemotherapy and Have Not Previously Been Treated With Chemotherapy; NCT00489996[PHASE2] Trial Comparing 3 and 4 Week Regimen of Gemcitabine and Cisplatin in Patients With Lung Cancer; NCT00490659[PHASE2] Trial of Perioperative Chemotherapy (Gemcitabine and Cisplatin) and Adjuvant Chemoradiotherapy (With Weekly Low Dose Gemcitabine) in Patients With Lung Cancer With Positive Nodes; NCT00518011[PHASE2] A Study of Tarceva (Erlotinib) and Gemcitabine in Treatment-Naive Patients With Advanced Non-Small Cell Lung Cancer.; NCT00530634[PHASE2] Surgery, Gemcitabine, Cisplatin, and Radiation Therapy in Treating Patients With Stage II or Stage III Non-Small Cell Lung Cancer; NCT00540280[PHASE3] Randomized Phase III Trial of Surgery Alone or Surgery Plus Preoperative Gemcitabine-Cisplatin in Clinical Early Stages of Non-small Cell Lung Cancer; NCT00563160[PHASE2] Study of Efficacy of Induction Chemotherapy With Gemcitabine and Carboplatin for Operable Non-small-cell Lung Cancer Before Surgery; NCT00701558[PHASE2] A Study of First Line Treatment With Tarceva (Erlotinib) in Combination With Gemcitabine in Patients With Unresectable Advanced and/or Metastatic Non-Small Cell Lung Cancer; NCT00735904[PHASE2] Trial Of AG-013736, Cisplatin, And Gemcitabine For Patients With Squamous Non-Small Cell Lung Cancer; NCT00737867[PHASE3] Vinorelbine/Gemcitabine Versus Vinorelbine/Carboplatin in Advanced Non-small Cell Lung Cancer; NCT00753714[PHASE2] Zactima in Non Small Cell Lung Cancer (NSCLC) ELderly Patients In Combination With or Versus Gemcitabine; NCT00874419[PHASE3] Erlotinib Versus Gemcitabine/Carboplatin in Chemo-naive Stage IIIB/IV Non-Small Cell Lung Cancer Patients With Epidermal Growth Factor Receptor (EGFR) Exon 19 or 21 Mutation; NCT00881296[PHASE2] Gemcitabine and Carboplatin for Elderly Patient With Lung Cancer; NCT00905983[PHASE2] Biweekly Gemcitabine and Docetaxel as First Line Treatment for Advanced Disease in Elderly Non-Small Cell Lung Cancer (NSCLC) Patients; NCT00906061[PHASE2] Biweekly Gemcitabine and Docetaxel as First Line Therapy for Advanced Non-Small Cell Lung Cancer (NSCLC) Patients; NCT00907504[PHASE3] Study Of The Effect Of CP-751,871 In Combination With Gemcitabine And Cisplatin In Patients With Advanced Non-Small Cell Lung Cancer; NCT00940875[PHASE2] A Study of Tarceva (Erlotinib) in Sequential Combination With Gemcitabine as First Line Therapy in Patients With Advanced Non-Small Cell Lung Cancer; NCT00970684[PHASE2] Bevacizumab, Docetaxel, and Gemcitabine Patients With Stage IIIB, Stage IV, or Recurrent Non-Small Cell Lung Cancer; NCT00981058[PHASE3] First-line Treatment of Participants With Stage IV Squamous Non-Small Cell Lung Cancer With Necitumumab and Gemcitabine-Cisplatin; NCT01004731[PHASE1|PHASE2] Study of Anti-Epidermal Growth Factor Receptor (EGFr) Antibody, Cetuximab, in Combination With Gemcitabine/Carboplatin in Patients With Stage IV Lung Cancer; NCT01077713[PHASE2] A Study of Avastin (Bevacizumab) in Combination With Gemcitabine With or Without Cisplatin in First-Line Treatment of Elderly Patients With Non-Small Cell Lung Cancer; NCT01086254[PHASE2] SAR240550 in Combination With Gemcitabine/Cisplatin in Non-small Cell Lung Cancer; NCT01121393[PHASE3] BIBW 2992 (Afatinib) vs Gemcitabine-cisplatin in 1st Line Non-small Cell Lung Cancer (NSCLC); NCT01194453[PHASE2] Pemetrexed Plus Cisplatin Versus Gemcitabine Plus Cisplatin for Advanced NSCLC Metastatic Non-small Cell Lung Cancer; NCT01405586[PHASE3] MILES-3: Cisplatin in Combination With Gemcitabine for Elderly Patients With Lung Cancer; NCT01407822[PHASE2|PHASE3] Erlotinib Versus Gemcitabine/Cisplatin as (Neo)Adjuvant Treatment in Non-small Cell Lung Cancer; NCT01549093[PHASE2] Endostar Continued Pumping Into Vein Combining With Gemcitabine-Carboplatin to Treat Non-Small Cell Lung Cancer (NSCLC); NCT01623102[PHASE2] Cisplatin and Gemcitabine With or Without Bevacizumab in EGFR Wild-type Non-Small Cell Lung Cancer; NCT01633645[PHASE2] Bortezomib in Combination With Gemcitabine and Cisplatin in Advanced or Metastatic Non-Small Cell Lung Cancer; NCT01656551[PHASE3] MILES-4: Study Comparing Gemcitabine and Pemetrexed, With or Without Cisplatin, in Patients With Nonsquamous Lung Cancer; NCT01770795[PHASE2] A Phase II Trial of Genexol-PM and Gemcitabine in Patients With Advanced Non-small-cell Lung Cancer; NCT01788566[PHASE2] A Study of Gemcitabine-Cisplatin Chemotherapy Plus Necitumumab in the First-Line Treatment of Participants With Squamous Lung Cancer; NCT01797913[PHASE2] The Study of Gemcitabine in the Maintenance Treatment of Advanced Non-small Cell Lung Cancer; NCT01951157[PHASE2] A Clinical Study in Three-arm of Lurbinectedin (PM01183) Alone or in Combination With Gemcitabine and a Control Arm With Docetaxel as Second Line Treatment in Non-Small Cell Lung Cancer (NSCLC) Patients; NCT02409342[PHASE3] A Study of Atezolizumab (MPDL3280A) Compared With a Platinum Agent (Cisplatin or Carboplatin) + (Pemetrexed or Gemcitabine) in Participants With Stage IV Non-Squamous or Squamous Non-Small Cell Lung Cancer (NSCLC) [IMpower110]; NCT02409355[PHASE3] A Study of Atezolizumab Compared With Gemcitabine Plus (+) Cisplatin or Carboplatin for PD-L1-Selected Participants With Stage IV Squamous Non-Small Cell Lung Cancer (NSCLC) (IMpower111); NCT02422381[PHASE1|PHASE2] MK-3475 and Gemcitabine in Non-Small Cell Lung Cancer (NSCLC); NCT02423590[PHASE2] Study of Gemcitabine/Carboplatin First-line Chemotherapy +/- Apatorsen in Advanced Squamous Cell Lung Cancers; NCT02525653[PHASE2] Albumin-Bound Paclitaxel and Gemcitabine in Patients With Untreated Stage IV or Recurrent Squamous Cell Lung Cancers; NCT02722369[PHASE2] STUDY 15 - Comparing Gemcitabine/Carboplatin and Hydroxychloroquine Versus Carboplatin/Etoposide Therapy Alone in Small Cell Lung Cancer (SCLC); NCT03366766[PHASE2] Nivolumab Plus Cisplatin/Pemetrexed or Cisplatin/Gemcitabine as Induction in Resectable Non-Small Cell Lung Cancer; NCT03662074[PHASE2] Subsequent Line Gemcitabine and Nivolumab in Treating Participants With Metastatic Small Cell Lung Cancer; NCT04216316[PHASE1|PHASE2] Testing the Addition of an Anti-cancer Drug, Berzosertib (M6620, VX-970), to the Usual Treatments (Carboplatin and Gemcitabine) and to Pembrolizumab for Patients With Advanced Squamous Cell Non-small Cell Lung Cancer; NCT05616624[PHASE1|PHASE2] ADI-PEG 20 in Combination With Gemcitabine and Docetaxel After Progression on Frontline Therapy in Non-small Cell and Small Cell Lung Cancers; NCT05647330[PHASE2] Hydroxychloroquine Combined With Gemcitabine in the Treatment of Advanced Non-small Cell Lung Cancer"
"813"	"10739"	"265"	"Colorectal Neoplasms"	"D015179"	"216"	"lenalidomide"	"DB00480"	"985"	"PTGS2"	"5743"	"strict_phase2_3_disease_directed_title"	"NCT01032291[PHASE2] A Study to Assess the Efficacy and Safety of Lenalidomide in Combination With Cetuximab in Pre-treated Patients With KRAS Mutant Colorectal Cancer"
"815"	"3862"	"25"	"Asthma"	"D001249"	"547"	"minocycline"	"DB01017"	"124"	"ALOX5"	"240"	"strict_phase2_3_disease_directed_title"	"NCT00456677[PHASE2] Evaluation of the Utility of Minocycline as an Anti-Inflammatory Agent in the Treatment of Asthma; NCT00536042[PHASE2] Open-Label Trial of the Use of Minocycline in the Treatment of Asthma"
"822"	"31600"	"106"	"Obesity"	"D009765"	"1119"	"zonisamide"	"DB00909"	"2370"	"CA4"	"762"	"strict_phase2_3_disease_directed_title"	"NCT00339014[PHASE2] Safety and Efficacy of Different Combinations of Zonisamide-CR Plus Bupropion-SR to Treat Uncomplicated Obesity; NCT00709371[PHASE2] Zonisamide SR Plus Bupropion SR Combination Therapy in Subjects With Obesity"
"824"	"12028"	"388"	"Kidney Neoplasms"	"D007680"	"562"	"Thalidomide"	"DB01041"	"985"	"PTGS2"	"5743"	"strict_phase2_3_disease_directed_title"	"NCT00005966[PHASE3] Interferon Alfa-2b With or Without Thalidomide in Treating Patients With Metastatic or Unresectable Kidney Cancer; NCT00027664[PHASE2] Interferon Alfa With or Without Thalidomide in Treating Patients With Metastatic Kidney Cancer; NCT00090870[PHASE2] PEG-Interferon Alfa-2b, Sargramostim, and Thalidomide in Treating Patients With Metastatic Kidney Cancer"
"829"	"36889"	"265"	"Colorectal Neoplasms"	"D015179"	"249"	"5-fluorouracil"	"DB00544"	"2912"	"TYMS"	"7298"	"strict_phase2_3_disease_directed_title"	"NCT00001428[PHASE2] A Phase II Study of 5-Fluorouracil Administered as a One Hour Infusion in Combination With Calcium Leucovorin and Interferon Alpha-2A in Advanced Colorectal Cancer; NCT00009737[PHASE3] A Study of Xeloda (Capecitabine) Compared With 5-Fluorouracil in Combination With Low-Dose Leucovorin in Patients Who Have Undergone Surgery for Colon Cancer; NCT00065117[PHASE2] Safety, Tolerability and Efficacy of ZD6126 in Combination With Oxaliplatin, 5-Fluorouracil and Leucovorin in Subjects With Metastatic Colorectal Cancer.; NCT00110721[PHASE2] GM-CT-01 Plus 5-Fluorouracil as Third- or Fourth-Line Therapy for Metastatic Colorectal Cancer; NCT00278889[PHASE2] Second Line ColoRectal Cancer Therapy in Combination With Combination of FOL- Folinic Acid(Leucovorin), F - Fluorouracil and OX - Oxaliplatin (FOLFOX); NCT00307736[PHASE1|PHASE2] Bevacizumab, Erlotinib and 5-Fluorouracil With External Beam Radiation Therapy in Locally Advanced Rectal Cancer; NCT00308516[PHASE2] 5-Fluorouracil, Bevacizumab, and Radiation Followed by Modified FOLFOX6 and Bevacizumab in Stage II/III Rectal Cancer; NCT00612586[PHASE2] Study of Enzastaurin With 5-Fluorouracil/Leucovorin (5-FU/LV) Plus Bevacizumab as Maintenance Regimen Following First Line Therapy for Metastatic Colon Cancer; NCT00689624[PHASE2] Irinotecan/Oxaliplatin/5-Fluorouracil/Leucovorin/Cetuximab As First Line Treatment In Colorectal Cancer; NCT00932438[PHASE1|PHASE2] Drug-Eluting Bead, Irinotecan (DEBIRI) Therapy of Liver Metastasis From Colon Cancer With Systemic Fluorouracil, Oxaliplatin, Leucovorin and Bevacizumab; NCT01150045[PHASE3] Oxaliplatin, Leucovorin Calcium, and Fluorouracil With or Without Celecoxib in Treating Patients With Stage III Colon Cancer Previously Treated With Surgery; NCT06501989[PHASE2] Study of 5-fluorouracil (5-FU) in Patients With Metastatic Colorectal Cancer"
"831"	"10772"	"29"	"Pancreatic Neoplasms"	"D010190"	"218"	"celecoxib"	"DB00482"	"985"	"PTGS2"	"5743"	"strict_phase2_3_disease_directed_title"	"NCT00068432[PHASE2] Gemcitabine and Celecoxib in Treating Patients With Metastatic Pancreatic Cancer; NCT00176813[PHASE2] Gemcitabine, Cisplatin, and Celecoxib Treatment of Metastatic Pancreatic Cancer"
"840"	"2194"	"83"	"Lung Neoplasms"	"D008175"	"1045"	"fulvestrant"	"DB00947"	"72"	"ESR1"	"2099"	"strict_phase2_3_disease_directed_title"	"NCT00100854[PHASE2] Erlotinib With or Without Fulvestrant in Treating Patients With Stage IIIB or Stage IV Non-Small Cell Lung Cancer; NCT00932152[PHASE2] Fulvestrant and Anastrozole as Consolidation Therapy in Postmenopausal Women With Advanced Non-small Cell Lung Cancer"
"854"	"20933"	"190"	"Schizophrenia"	"D012559"	"1061"	"memantine"	"DB01043"	"1478"	"GRIN2B"	"2904"	"strict_phase2_3_disease_directed_title"	"NCT00097942[PHASE2] Evaluation of the Safety and Efficacy of Memantine as Adjunctive Treatment in Schizophrenia Patients; NCT00148616[PHASE3] Memantine for the Treatment of Cognitive Dysfunction and Negative Symptoms in Patients With Chronic Schizophrenia; NCT02001103[PHASE3] Memantine add-on for Cognitive and Negative Symptoms of Schizophrenia; NCT02234752[PHASE2] Galantamine and Memantine Combination for Cognitive Impairments in Schizophrenia; NCT04857983[PHASE2|PHASE3] Memantine Augmentation of Targeted Cognitive Training in Schizophrenia"
"861"	"6826"	"80"	"Alzheimer Disease"	"D000544"	"617"	"pioglitazone"	"DB01132"	"341"	"PPARG"	"5468"	"strict_phase2_3_disease_directed_title"	"NCT00982202[PHASE2] Pioglitazone in Alzheimer Disease"
"865"	"20874"	"190"	"Schizophrenia"	"D012559"	"479"	"amantadine"	"DB00915"	"1478"	"GRIN2B"	"2904"	"strict_phase2_3_disease_directed_title"	"NCT00999505[PHASE3] Amantadine as Adjunctive Therapy to Antipsychotics in Schizophrenia"
"869"	"19041"	"48"	"Anxiety"	"D001007"	"1061"	"memantine"	"DB01043"	"1406"	"DRD2"	"1813"	"strict_phase2_3_disease_directed_title"	"NCT00411398[PHASE3] A 10 Week Open-Label Pilot Study to Evaluate the Effectiveness and Safety of Memantine(Namenda) as Augmentation Therapy in Patients With Generalized Anxiety Disorder; NCT00674219[PHASE3] Memantine Treatment for Obsessive-compulsive Disorder and Generalized Anxiety Disorder"
"875"	"37313"	"120"	"Parkinson Disease"	"D010300"	"1119"	"zonisamide"	"DB00909"	"2950"	"MAOA"	"4128"	"strict_phase2_3_disease_directed_title"	"NCT01766128[PHASE2|PHASE3] Study of Zonisamide in Early Parkinson Disease"
"877"	"36934"	"266"	"Stomach Neoplasms"	"D013274"	"596"	"capecitabine"	"DB01101"	"2912"	"TYMS"	"7298"	"strict_phase2_3_disease_directed_title"	"NCT00411229[PHASE3] Capecitabine and Oxaliplatin Adjuvant Study in Stomach Cancer"
"883"	"41153"	"120"	"Parkinson Disease"	"D010300"	"1119"	"zonisamide"	"DB00909"	"3354"	"MAOB"	"4129"	"strict_phase2_3_disease_directed_title"	"NCT01766128[PHASE2|PHASE3] Study of Zonisamide in Early Parkinson Disease"
"885"	"38968"	"442"	"Alcoholism"	"D000437"	"629"	"bupropion"	"DB01156"	"3104"	"SLC6A2"	"6530"	"strict_phase2_3_disease_directed_title"	"NCT04167306[PHASE2] Varenicline and Bupropion for Alcohol Use Disorder"
"886"	"13746"	"147"	"Pneumonia"	"D011014"	"289"	"chloroquine"	"DB00608"	"1092"	"TNF"	"7124"	"strict_phase2_3_disease_directed_title"	"NCT04428268[PHASE2] Chloroquine + Losartan Compared to Chloroquine Alone for the Treatment of COVID-19 Pneumonia"
"889"	"21117"	"190"	"Schizophrenia"	"D012559"	"415"	"pentoxifylline"	"DB00806"	"1509"	"ADORA2A"	"135"	"strict_phase2_3_disease_directed_title"	"NCT04094207[PHASE1|PHASE2] Pentoxifylline as an Adjunctive in Treatment of Negative Symptoms in Chronic Schizophrenia"
"891"	"37321"	"442"	"Alcoholism"	"D000437"	"1119"	"zonisamide"	"DB00909"	"2950"	"MAOA"	"4128"	"strict_phase2_3_disease_directed_title"	"NCT02900352[PHASE3] Zonisamide Treatment of Alcohol Use Disorder: an Evaluation of Efficacy and Mechanism of Action"
"894"	"15336"	"409"	"Gastrointestinal Stromal Tumors"	"D046152"	"700"	"dasatinib"	"DB01254"	"1193"	"KIT"	"3815"	"strict_phase2_3_disease_directed_title"	"NCT00568750[PHASE2] Dasatinib as First-Line Therapy in Treating Patients With Gastrointestinal Stromal Tumors"
"896"	"44153"	"190"	"Schizophrenia"	"D012559"	"99"	"atomoxetine"	"DB00289"	"3805"	""	"2903"	"strict_phase2_3_disease_directed_title"	"NCT00216281[PHASE3] Efficacy and Safety Study of Clozapine Augmented by Atomoxetine Versus Clozapine Augmented by Placebo in Patients With Chronic Resistant Schizophrenia; NCT00420498[PHASE2] Effects of Atomoxetine on Cognitive Function in Schizophrenia"
"897"	"15310"	"252"	"Sarcoma"	"D012509"	"293"	"imatinib"	"DB00619"	"1193"	"KIT"	"3815"	"strict_phase2_3_disease_directed_title"	"NCT00031915[PHASE2] Imatinib Mesylate in Treating Patients With Advanced Soft Tissue Sarcoma or Bone Sarcoma; NCT00084630[PHASE2] Imatinib Mesylate in Treating Patients With Locally Recurrent or Metastatic Dermatofibrosarcoma Protuberans; NCT00085475[PHASE2] Imatinib Mesylate in Treating Patients With Locally Advanced or Metastatic Dermatofibrosarcoma Protuberans or Giant Cell Fibroblastoma; NCT00090987[PHASE2] Imatinib Mesylate in Treating Patients With HIV-Related Kaposi's Sarcoma; NCT00122473[PHASE1|PHASE2] Imatinib in Dermatofibrosarcoma Protuberans (DFSP); NCT01281865[PHASE1|PHASE2] Everolimus in Combination With Imatinib Mesylate in Treating Patients With Locally Advanced, Locally Recurrent, or Metastatic Soft Tissue Sarcoma"
"907"	"18384"	"48"	"Anxiety"	"D001007"	"367"	"risperidone"	"DB00734"	"1406"	"DRD2"	"1813"	"strict_phase2_3_disease_directed_title"	"NCT00086112[PHASE3] Study Comparing Risperidone vs Placebo as add-on Therapy in Patients With Generalized Anxiety Disorder Who Are Sub-optimally Responding to Standard Therapy.; NCT00277654[PHASE3] Study of Risperidone Monotherapy in Ambulatory Bipolar Disorder With Concurrent Moderately Severe Anxiety and Lifetime Panic or Generalized Anxiety Disorder; NCT03227562[PHASE3] Is Initial Response to Low Dose Risperidone Predictive for Outcome in Anxiety?"
"912"	"7706"	"219"	"Melanoma"	"D008545"	"109"	"Valproic Acid"	"DB00313"	"427"	"HDAC2"	"3066"	"strict_phase2_3_disease_directed_title"	"NCT00358319[PHASE1|PHASE2] Phase I/II Trial of Valproic Acid and Karenitecin for Melanoma; NCT02068586[PHASE2] Sunitinib Malate or Valproic Acid in Preventing Metastasis in Patients With High-Risk Uveal Melanoma"
"913"	"9525"	"83"	"Lung Neoplasms"	"D008175"	"165"	"sorafenib"	"DB00398"	"846"	"BRAF"	"673"	"strict_phase2_3_disease_directed_title"	"NCT00064350[PHASE2] Sorafenib in Treating Patients With Refractory Non-Small Cell Lung Cancer; NCT00098540[PHASE2] Sorafenib in Treating Patients With Stage IIIB or Stage IV Non-Small Cell Lung Cancer; NCT00182689[PHASE2] Sorafenib in Treating Patients With Extensive Stage Small Cell Lung Cancer; NCT00417248[PHASE1|PHASE2] Cisplatin/Etoposide/Radiotherapy Followed by Consolidation Sorafenib for Inoperable Stage III Non-Small Cell Lung Cancer; NCT00454194[PHASE2] Pemetrexed Disodium With or Without Sorafenib as Second-Line Therapy in Treating Patients With Stage IIIB or Stage IV Non-Small Cell Lung Cancer; NCT00473486[PHASE1|PHASE2] Study in Patients With Advanced Non-Small Cell Lung Cancer Treated With Pemetrexed and Carboplatin Plus or Minus Sorafenib; NCT00547443[PHASE1|PHASE2] Sorafenib and High-Dose Carboplatin, Paclitaxel, and External-Beam Radiation Therapy in Treating Patients With Stage III Non-Small Cell Lung Cancer; NCT00558636[PHASE3] A Trial Comparing Safety and Efficacy of Carboplatin and Paclitaxel Plus or Minus Sorafenib (BAY43-9006) in Chemonaive Patients With Stage IIIB-IV Non-Small Cell Lung Cancer (NSCLC); NCT00600015[PHASE2] Sorafenib/Erlotinib Versus Erlotinib Alone in Previously Treated Advanced Non-Small-Cell Lung Cancer (NSCLC); NCT00609804[PHASE2] Sorafenib and Erlotinib or Sorafenib Alone in Advanced Non-Small Cell Lung Cancer Progressing on Erlotinib; NCT00722969[PHASE2] Erlotinib and Sorafenib in Chemonaive Patients With Locally Advanced or Metastatic Non Small Cell Lung Cancer; NCT00726986[PHASE2] Sorafenib, Cisplatin, and Etoposide in Treating Patients With Extensive-Stage Small Cell Lung Cancer; NCT00754923[PHASE2] Sorafenib in Treating Non-Smokers or Former Light Smokers With Relapsed or Refractory Stage IIIB or Stage IV Non-Small Cell Lung Cancer; NCT00801385[PHASE2] Sorafenib and Erlotinib in Treating Patients With Stage IIIB or Stage IV Non-Small Cell Lung Cancer That Has Not Responded to Chemotherapy; NCT00922584[PHASE2] Sorafenib Treatment in Non-Small Cell Lung Cancer After Failure of Epidermal Growth Factor Receptor-tyrosine Kinase Inhibitor"
"918"	"32605"	"442"	"Alcoholism"	"D000437"	"686"	"aripiprazole"	"DB01238"	"2440"	"ADRA2A"	"150"	"strict_phase2_3_disease_directed_title"	"NCT02918370[PHASE3] Aripiprazole for Bipolar Disorder and Alcohol Use Disorder"
"919"	"15330"	"252"	"Sarcoma"	"D012509"	"700"	"dasatinib"	"DB01254"	"1193"	"KIT"	"3815"	"strict_phase2_3_disease_directed_title"	"NCT00464620[PHASE2] Trial of Dasatinib in Advanced Sarcomas; NCT03041701[PHASE1|PHASE2] Insulin-like Growth Factor 1 Receptor (IGF-1R) Antibody AMG479 (Ganitumab) in Combination With the Src Family Kinase (SFK) Inhibitor Dasatinib in People With Embryonal and Alveolar Rhabdomyosarcoma"
"928"	"19006"	"48"	"Anxiety"	"D001007"	"933"	"brexpiprazole"	"DB09128"	"1406"	"DRD2"	"1813"	"strict_phase2_3_disease_directed_title"	"NCT02013531[PHASE3] Brexpiprazole (OPC-34712) as an Adjunctive Treatment in Adults With Major Depressive Disorder and Anxiety Symptoms"
"932"	"5249"	"442"	"Alcoholism"	"D000437"	"686"	"aripiprazole"	"DB01238"	"259"	"HTR2C"	"3358"	"strict_phase2_3_disease_directed_title"	"NCT02918370[PHASE3] Aripiprazole for Bipolar Disorder and Alcohol Use Disorder"
"935"	"6550"	"495"	"Glioma"	"D005910"	"109"	"Valproic Acid"	"DB00313"	"341"	"PPARG"	"5468"	"strict_phase2_3_disease_directed_title"	"NCT00879437[PHASE2] Valproic Acid, Radiation, and Bevacizumab in Children With High Grade Gliomas or Diffuse Intrinsic Pontine Glioma; NCT01817751[PHASE2] Sorafenib, Valproic Acid, and Sildenafil in Treating Patients With Recurrent High-Grade Glioma"
"936"	"29505"	"442"	"Alcoholism"	"D000437"	"474"	"ondansetron"	"DB00904"	"2205"	"HTR1A"	"3350"	"strict_phase2_3_disease_directed_title"	"NCT00000443[PHASE2] Ondansetron Treatment for Alcoholism; NCT00027079[PHASE2] Combined Pharmacotherapies for Alcoholism (Naltrexone/Ondansetron); NCT02354703[PHASE2] Pharmacogenetic Study of Ondansetron in Alcohol Use Disorder"
"937"	"31274"	"190"	"Schizophrenia"	"D012559"	"479"	"amantadine"	"DB00915"	"2336"	"GRIN3A"	"116443"	"strict_phase2_3_disease_directed_title"	"NCT00999505[PHASE3] Amantadine as Adjunctive Therapy to Antipsychotics in Schizophrenia"
"940"	"14078"	"498"	"Pulmonary Fibrosis"	"D011658"	"562"	"Thalidomide"	"DB01041"	"1092"	"TNF"	"7124"	"strict_phase2_3_disease_directed_title"	"NCT00162760[PHASE2] Treatment of Idiopathic Pulmonary Fibrosis With Thalidomide; NCT00600028[PHASE3] Treatment of Chronic Cough in Idiopathic Pulmonary Fibrosis With Thalidomide"
"944"	"2350"	"83"	"Lung Neoplasms"	"D008175"	"165"	"sorafenib"	"DB00398"	"75"	"FGFR1"	"2260"	"strict_phase2_3_disease_directed_title"	"NCT00064350[PHASE2] Sorafenib in Treating Patients With Refractory Non-Small Cell Lung Cancer; NCT00098540[PHASE2] Sorafenib in Treating Patients With Stage IIIB or Stage IV Non-Small Cell Lung Cancer; NCT00182689[PHASE2] Sorafenib in Treating Patients With Extensive Stage Small Cell Lung Cancer; NCT00417248[PHASE1|PHASE2] Cisplatin/Etoposide/Radiotherapy Followed by Consolidation Sorafenib for Inoperable Stage III Non-Small Cell Lung Cancer; NCT00454194[PHASE2] Pemetrexed Disodium With or Without Sorafenib as Second-Line Therapy in Treating Patients With Stage IIIB or Stage IV Non-Small Cell Lung Cancer; NCT00473486[PHASE1|PHASE2] Study in Patients With Advanced Non-Small Cell Lung Cancer Treated With Pemetrexed and Carboplatin Plus or Minus Sorafenib; NCT00547443[PHASE1|PHASE2] Sorafenib and High-Dose Carboplatin, Paclitaxel, and External-Beam Radiation Therapy in Treating Patients With Stage III Non-Small Cell Lung Cancer; NCT00558636[PHASE3] A Trial Comparing Safety and Efficacy of Carboplatin and Paclitaxel Plus or Minus Sorafenib (BAY43-9006) in Chemonaive Patients With Stage IIIB-IV Non-Small Cell Lung Cancer (NSCLC); NCT00600015[PHASE2] Sorafenib/Erlotinib Versus Erlotinib Alone in Previously Treated Advanced Non-Small-Cell Lung Cancer (NSCLC); NCT00609804[PHASE2] Sorafenib and Erlotinib or Sorafenib Alone in Advanced Non-Small Cell Lung Cancer Progressing on Erlotinib; NCT00722969[PHASE2] Erlotinib and Sorafenib in Chemonaive Patients With Locally Advanced or Metastatic Non Small Cell Lung Cancer; NCT00726986[PHASE2] Sorafenib, Cisplatin, and Etoposide in Treating Patients With Extensive-Stage Small Cell Lung Cancer; NCT00754923[PHASE2] Sorafenib in Treating Non-Smokers or Former Light Smokers With Relapsed or Refractory Stage IIIB or Stage IV Non-Small Cell Lung Cancer; NCT00801385[PHASE2] Sorafenib and Erlotinib in Treating Patients With Stage IIIB or Stage IV Non-Small Cell Lung Cancer That Has Not Responded to Chemotherapy; NCT00922584[PHASE2] Sorafenib Treatment in Non-Small Cell Lung Cancer After Failure of Epidermal Growth Factor Receptor-tyrosine Kinase Inhibitor"
"946"	"31303"	"190"	"Schizophrenia"	"D012559"	"1061"	"memantine"	"DB01043"	"2336"	"GRIN3A"	"116443"	"strict_phase2_3_disease_directed_title"	"NCT00097942[PHASE2] Evaluation of the Safety and Efficacy of Memantine as Adjunctive Treatment in Schizophrenia Patients; NCT00148616[PHASE3] Memantine for the Treatment of Cognitive Dysfunction and Negative Symptoms in Patients With Chronic Schizophrenia; NCT02001103[PHASE3] Memantine add-on for Cognitive and Negative Symptoms of Schizophrenia; NCT02234752[PHASE2] Galantamine and Memantine Combination for Cognitive Impairments in Schizophrenia; NCT04857983[PHASE2|PHASE3] Memantine Augmentation of Targeted Cognitive Training in Schizophrenia"
"949"	"20830"	"190"	"Schizophrenia"	"D012559"	"99"	"atomoxetine"	"DB00289"	"1478"	"GRIN2B"	"2904"	"strict_phase2_3_disease_directed_title"	"NCT00216281[PHASE3] Efficacy and Safety Study of Clozapine Augmented by Atomoxetine Versus Clozapine Augmented by Placebo in Patients With Chronic Resistant Schizophrenia; NCT00420498[PHASE2] Effects of Atomoxetine on Cognitive Function in Schizophrenia"
"951"	"1407"	"7"	"Endometrial Neoplasms"	"D016889"	"217"	"raloxifene"	"DB00481"	"72"	"ESR1"	"2099"	"strict_phase2_3_disease_directed_title"	"NCT00004915[PHASE2] Raloxifene in Treating Patients With Persistent or Recurrent Endometrial Cancer"
"952"	"27279"	"106"	"Obesity"	"D009765"	"896"	"mirabegron"	"DB08893"	"1945"	"ADRB3"	"155"	"strict_phase2_3_disease_directed_title"	"NCT05713799[PHASE2] Trial of the Combination of Alpha-Lipoic Acid and Mirabegron in Women and in Men With Obesity"
"954"	"28884"	"442"	"Alcoholism"	"D000437"	"474"	"ondansetron"	"DB00904"	"2152"	"OPRM1"	"4988"	"strict_phase2_3_disease_directed_title"	"NCT00000443[PHASE2] Ondansetron Treatment for Alcoholism; NCT00027079[PHASE2] Combined Pharmacotherapies for Alcoholism (Naltrexone/Ondansetron); NCT02354703[PHASE2] Pharmacogenetic Study of Ondansetron in Alcohol Use Disorder"
"955"	"3410"	"593"	"Thrombocytopenia"	"D013921"	"1043"	"fostamatinib"	"DB12010"	"112"	"JAK2"	"3717"	"strict_phase2_3_disease_directed_title"	"NCT04543279[PHASE2] Fostamatinib as a Single Agent or in Combination With Ruxolitinib for Treatment of Patients With Myelofibrosis With Severe Thrombocytopenia"
"958"	"6524"	"265"	"Colorectal Neoplasms"	"D015179"	"72"	"mesalazine"	"DB00244"	"341"	"PPARG"	"5468"	"strict_phase2_3_disease_directed_title"	"NCT02077777[PHASE2] Chemopreventive Action of Mesalazine on Colorectal Cancer: a Pilot Study for an ""in Vivo"" Evaluation of the Molecular Effects on β-catenin Signaling Pathway."
"959"	"44200"	"190"	"Schizophrenia"	"D012559"	"479"	"amantadine"	"DB00915"	"3805"	""	"2903"	"strict_phase2_3_disease_directed_title"	"NCT00999505[PHASE3] Amantadine as Adjunctive Therapy to Antipsychotics in Schizophrenia"
"960"	"44144"	"190"	"Schizophrenia"	"D012559"	"15"	"Glycine"	"DB00145"	"3805"	""	"2903"	"strict_phase2_3_disease_directed_title"	"NCT00000372[PHASE3] Glycine and D-Cycloserine in Schizophrenia; NCT00291226[PHASE2|PHASE3] Glycine vs Placebo for the Schizophrenia Prodrome"
"963"	"10564"	"325"	"Pancreatitis"	"D010195"	"121"	"indomethacin"	"DB00328"	"985"	"PTGS2"	"5743"	"strict_phase2_3_disease_directed_title"	"NCT02110810[PHASE3] Indomethacin Decreases Post-ERCP Pancreatitis; NCT02692391[PHASE3] A Randomized Controlled Pilot Trial of Indomethacin in Acute Pancreatitis; NCT04207060[PHASE1|PHASE2] Trial of Indomethacin in Chronic Pancreatitis"
"964"	"10811"	"370"	"Esophageal Neoplasms"	"D004938"	"218"	"celecoxib"	"DB00482"	"985"	"PTGS2"	"5743"	"strict_phase2_3_disease_directed_title"	"NCT00137852[PHASE2] Cisplatin, CPT-11 and Celecoxib With Radiation Therapy and Surgery for Operable Esophageal Cancer; NCT00520091[PHASE2] Irinotecan, Cisplatin, and Radiation Therapy With or Without Celecoxib in Treating Patients With Stage II, Stage III, or Stage IV Esophageal Cancer"
"979"	"6119"	"106"	"Obesity"	"D009765"	"771"	"roflumilast"	"DB01656"	"279"	"PDE4D"	"5144"	"strict_phase2_3_disease_directed_title"	"NCT04800172[PHASE3] The Possible Effects of Roflumilast on Obesity Related Disorders"
"981"	"7496"	"219"	"Melanoma"	"D008545"	"680"	"paclitaxel"	"DB01229"	"392"	"TLR4"	"7099"	"strict_phase2_3_disease_directed_title"	"NCT00084214[PHASE1|PHASE2] STA-4783/Paclitaxel or Paclitaxel Alone in Melanoma; NCT00110019[PHASE3] Carboplatin and Paclitaxel With or Without Sorafenib Tosylate in Treating Patients With Stage III or Stage IV Melanoma That Cannot Be Removed by Surgery; NCT00255762[PHASE2] Carboplatin, Paclitaxel, and Bevacizumab in Treating Patients With Stage IV Melanoma That Cannot Be Removed By Surgery; NCT00278122[PHASE2] Paclitaxel and GM-CSF in Treating Patients With Stage III or Stage IV Melanoma That Cannot Be Removed By Surgery; NCT00288041[PHASE2] Bortezomib, Paclitaxel, and Carboplatin in Treating Patients With Metastatic Melanoma; NCT00329641[PHASE2] Sorafenib, Carboplatin, and Paclitaxel in Treating Patients With Stage IV Melanoma of the Eye; NCT00434252[PHASE2] A Study of Bevacizumab With Carboplatin and Paclitaxel Chemotherapy for the First-Line Treatment of Patients With Metastatic Melanoma; NCT00522834[PHASE3] Elesclomol (STA-4783) With Paclitaxel Versus Paclitaxel Alone in Melanoma; NCT00568451[PHASE2] Paclitaxel and Carboplatin or Temozolomide in Treating Patients With Stage IV Melanoma; NCT00626405[PHASE2] Bevacizumab and Temozolomide or Bevacizumab and Paclitaxel Albumin-Stabilized Nanoparticle Formulation and Carboplatin in Treating Patients With Stage IV Malignant Melanoma That Cannot Be Removed by Surgery; NCT00738361[PHASE2] Paclitaxel Albumin-Stabilized Nanoparticle Formulation in Treating Patients With Metastatic Melanoma of the Eye That Cannot Be Removed By Surgery; NCT00976573[PHASE2] Carboplatin, Paclitaxel, and Bevacizumab With or Without Everolimus in Treating Patients With Metastatic Malignant Melanoma; NCT00984464[PHASE2] Study of REOLYSIN® in Combination With Paclitaxel and Carboplatin in Patients With Metastatic Melanoma; NCT01006252[PHASE3] A Study of Tasisulam-sodium Versus Paclitaxel as Treatment for Metastatic Melanoma; NCT01009515[PHASE2] Carboplatin, Paclitaxel, and Temozolomide for Patients With Metastatic Melanoma; NCT01014351[PHASE2] Study of Everolimus With Paclitaxel and Carboplatin in Patients With Metastatic Melanoma; NCT01107665[PHASE2] Pazopanib and Paclitaxel as First-Line Treatment for Subjects With Unresectable Stage III and Stage IV Melanoma; NCT01174238[PHASE2] A Two Arm Trial of Axitinib and Carboplatin/Paclitaxel in Melanoma; NCT01200342[PHASE2] Genasense, Carboplatin, Paclitaxel (GCP) Combination in Uveal Melanoma; NCT01666418[PHASE2] Pilot Study Investigating the Metabolic Activity and Transcriptional Profiling in Vivo in Tumor Biopsies in Melanoma Patients During Treatment With Pazopanib Alone and in Combination With Paclitaxel; NCT01676649[PHASE2] Ipilimumab With Carboplatin and Paclitaxel in Patients With Unresectable Stage III and Stage IV Melanoma; NCT01721746[PHASE3] A Study to Compare BMS-936558 to the Physician's Choice of Either Dacarbazine or Carboplatin and Paclitaxel in Advanced Melanoma Patients That Have Progressed Following Anti-CTLA-4 Therapy (CheckMate 037); NCT02023710[PHASE2] Bevacizumab Combined With Carboplatin Plus Paclitaxel Chemotherapy to Treat Metastatic Mucosal Melanoma; NCT02158520[PHASE2] Nab-Paclitaxel and Bevacizumab or Ipilimumab as First-Line Therapy in Treating Patients With Stage IV Melanoma That Cannot Be Removed by Surgery; NCT02308553[PHASE1|PHASE2] Efficacy and Safety of Nintedanib Combined With Paclitaxel Chemotherapy for Patients With BRAF wt Metastatic Melanoma; NCT02617849[PHASE2] Pembrolizumab With Carboplatin/Paclitaxel in Patients With Metastatic Melanoma; NCT05420324[PHASE2] A Study to Assess YH003 in Combination with Pebolizumab and Albumin Paclitaxel Injection in Subjects with Unresectable/metastatic Mucosal Melanoma; NCT05664139[PHASE2] Recombinant Human Adenovirus Type 5 Injection Combined With PD-1 Monoclonal Antibody and Nab-paclitaxel in the Treatment of Patients With Liver Metastases From Malignant Melanoma; NCT07336979[PHASE2] Paclitaxel Polymersomes + Carboplatin + Adebelimab: Neoadjuvant Phase Ⅱ Single-Arm Study for Resectable Mucosal Melanoma"
"982"	"10819"	"495"	"Glioma"	"D005910"	"218"	"celecoxib"	"DB00482"	"985"	"PTGS2"	"5743"	"strict_phase2_3_disease_directed_title"	"NCT00504660[PHASE2] 6-TG, Capecitabine and Celecoxib Plus TMZ or CCNU for Anaplastic Glioma Patients"
"984"	"2417"	"264"	"Carcinoma, Non-Small-Cell Lung"	"D002289"	"708"	"sunitinib"	"DB01268"	"75"	"FGFR1"	"2260"	"strict_phase2_3_disease_directed_title"	"NCT00265317[PHASE2] A Study In Patients With Non-Small Cell Lung Cancer Testing If Erlotinib Plus SU011248 (Sunitinib) Is Better Than Erlotinib Alone; NCT00434226[PHASE2] A Study of Sunitinib in Combination With Bevacizumab, Carboplatin, and Paclitaxel in Patients With Advanced Non-Small Cell Lung Cancer (SABRE-L); NCT00693992[PHASE3] Sunitinib Malate as Maintenance Therapy in Treating Patients With Stage III or Stage IV Non-Small Cell Lung Cancer Previously Treated With Combination Chemotherapy; NCT00698815[PHASE2] Pemetrexed and/or Sunitinib as Second-Line Therapy in Treating Patients With Stage IIIB or Stage IV Non-small Cell Lung Cancer; NCT01019798[PHASE2] Salvage Therapy With Sunitinib,Docetaxel and Platinum on Metastatic or Unresectable Non Small Cell Lung Cancer"
"986"	"3479"	"118"	"Multiple Myeloma"	"D009101"	"680"	"paclitaxel"	"DB01229"	"119"	"BCL2"	"596"	"strict_phase2_3_disease_directed_title"	"NCT02075021[PHASE1|PHASE2] Phase I/II Trial of the Combination of Lenalidomide (Revlimid) and Nab-paclitaxel (Abraxane) in the Treatment of Relapsed/Refractory Multiple Myeloma; NCT02985333[PHASE2] Paclitaxel,Cyclophosphamide and Dexamethasone for Relapsed or Refractory Multiple Myeloma"
"989"	"7694"	"219"	"Melanoma"	"D008545"	"61"	"lovastatin"	"DB00227"	"427"	"HDAC2"	"3066"	"strict_phase2_3_disease_directed_title"	"NCT00963664[PHASE2] Evaluation of Interferon-Lovastatin Therapy for Malignant Melanoma"
"993"	"26181"	"25"	"Asthma"	"D001249"	"1134"	"L-Arginine"	"DB00125"	"1939"	"NOS2"	"4843"	"strict_phase2_3_disease_directed_title"	"NCT00280683[PHASE2] Effects of L-arginine Supplementation in Adults With Moderate to Severe Asthma; NCT01841281[PHASE2] L-arginine in Severe Asthma Patients Grouped by Exhaled Nitric Oxide Levels"
"1005"	"31980"	"85"	"Stroke"	"D020521"	"322"	"verapamil"	"DB00661"	"2401"	"SCN5A"	"6331"	"strict_phase2_3_disease_directed_title"	"NCT03347786[PHASE1|PHASE2] Verapamil for Neuroprotection in Stroke"
"1006"	"6553"	"588"	"Adenocarcinoma"	"D000230"	"109"	"Valproic Acid"	"DB00313"	"341"	"PPARG"	"5468"	"strict_phase2_3_disease_directed_title"	"NCT05821556[PHASE2] Valproic Acid/Simvastatin Plus Gemcitabine/Nab-paclitaxel Based Regimens in Untreated Metastatic Pancreatic Adenocarcinoma Patients"
"1007"	"26939"	"25"	"Asthma"	"D001249"	"928"	"olodaterol"	"DB09080"	"1944"	"ADRB2"	"154"	"strict_phase2_3_disease_directed_title"	"NCT01311661[PHASE2] A Study to Compare the Efficacy and Safety of Different Dosings of Olodaterol Administered With the Respimat® Inhaler in Patients With Moderate to Severe Asthma; NCT01428622[PHASE2] Olodaterol Bridging Study in Asthma"
"1008"	"9568"	"83"	"Lung Neoplasms"	"D008175"	"898"	"regorafenib"	"DB08896"	"846"	"BRAF"	"673"	"strict_phase2_3_disease_directed_title"	"NCT03520842[PHASE2] Regorafenib and Methotrexate in Treating Participants With Recurrent or Metastatic KRAS Mutated Non-Small Cell Lung Cancer"
"1011"	"38615"	"442"	"Alcoholism"	"D000437"	"686"	"aripiprazole"	"DB01238"	"3056"	"HTR7"	"3363"	"strict_phase2_3_disease_directed_title"	"NCT02918370[PHASE3] Aripiprazole for Bipolar Disorder and Alcohol Use Disorder"
"1014"	"3489"	"250"	"Head and Neck Neoplasms"	"D006258"	"680"	"paclitaxel"	"DB01229"	"119"	"BCL2"	"596"	"strict_phase2_3_disease_directed_title"	"NCT00002922[PHASE2] Paclitaxel in Treating Patients With Advanced Head and Neck Cancer; NCT00003193[PHASE1|PHASE2] Paclitaxel and Radiation Therapy Plus Chemoprotection With Amifostine in Treating Patients With Stage III or Stage IV Head and Neck Cancer; NCT00003327[PHASE2] Paclitaxel in Treating Patients With Recurrent or Refractory Head and Neck Cancer; NCT00003592[PHASE3] Methotrexate Compared With Paclitaxel in Treating Patients With Advanced Head and Neck Cancer; NCT00005087[PHASE2] Paclitaxel, Cisplatin, and Filgrastim Combined With Radiation Therapy in Treating Patients With Locally Recurrent Head and Neck Cancer; NCT00021333[PHASE2] Paclitaxel and Cisplatin Plus Radiation Therapy Followed by Filgrastim in Treating Patients With Recurrent Head and Neck Cancer or Lung Cancer; NCT00022217[PHASE2] Cisplatin-Epinephrine Injectable Gel Plus Paclitaxel and Carboplatin in Treating Patients With Recurrent Head and Neck Cancer; NCT00100789[PHASE2] S0329, Gemcitabine and Paclitaxel in Treating Patients With Persistent, Recurrent, or Metastatic Head and Neck Cancer; NCT00301028[PHASE2] Cetuximab, Carboplatin, and Paclitaxel Followed by Radiation Therapy, With or Without Cisplatin, in Treating Patients With Metastatic Head and Neck Cancer; NCT00337532[PHASE2|PHASE3] A Phase II Trial Neoadjuvant Paclitaxel and Cisplatin in Patients With Locally Advanced Head and Neck Cancer; NCT00833261[PHASE2] Nab-Paclitaxel, Cetuximab, Cisplatin, and Radiation Therapy in Treating Patients With Recurrent Head and Neck Cancer; NCT00851877[PHASE1|PHASE2] Nab-Paclitaxel, Cisplatin, and Cetuximab With Concurrent Radiation Therapy for Locally Advanced Head and Neck Cancer; NCT00855764[PHASE2] Late Phase II Study of Weekly Paclitaxel (BMS-181339) in Patients With Advanced or Recurrent Head and Neck Cancer; NCT00971867[PHASE2] Rollover Study of Weekly Paclitaxel (BMS-181339) in Patients With Head and Neck Cancer; NCT01024101[PHASE2] Early Phase II Study of Weekly Paclitaxel (BMS-181339) in Patient With Advanced or Recurrent Head and Neck Cancer; NCT01264328[PHASE2] Study of the Combination of Panitumumab With Paclitaxel as First-line Treatment of Subjects With Head and Neck Cancer; NCT01333085[PHASE1|PHASE2] Everolimus, Carboplatin, and Paclitaxel in Locally Advanced Head and Neck Cancer That Cannot Be Removed by Surgery; NCT01333852[PHASE2] Metformin Plus Paclitaxel for Metastatic or Recurrent Head and Neck Cancer"
"1020"	"44275"	"190"	"Schizophrenia"	"D012559"	"1061"	"memantine"	"DB01043"	"3805"	""	"2903"	"strict_phase2_3_disease_directed_title"	"NCT00097942[PHASE2] Evaluation of the Safety and Efficacy of Memantine as Adjunctive Treatment in Schizophrenia Patients; NCT00148616[PHASE3] Memantine for the Treatment of Cognitive Dysfunction and Negative Symptoms in Patients With Chronic Schizophrenia; NCT02001103[PHASE3] Memantine add-on for Cognitive and Negative Symptoms of Schizophrenia; NCT02234752[PHASE2] Galantamine and Memantine Combination for Cognitive Impairments in Schizophrenia; NCT04857983[PHASE2|PHASE3] Memantine Augmentation of Targeted Cognitive Training in Schizophrenia"
"1027"	"18883"	"48"	"Anxiety"	"D001007"	"813"	"cariprazine"	"DB06016"	"1406"	"DRD2"	"1813"	"strict_phase2_3_disease_directed_title"	"NCT04965272[PHASE2] A Study To Assess Adverse Events and Change in Disease Activity With Oral Cariprazine When Added to Antidepressant Therapies (ADTs) Compared to Placebo in Adult Participants With Generalized Anxiety Disorder (GAD) Who Have Had an Inadequate Response to ADTs Alone"
"1030"	"2431"	"83"	"Lung Neoplasms"	"D008175"	"843"	"pazopanib"	"DB06589"	"75"	"FGFR1"	"2260"	"strict_phase2_3_disease_directed_title"	"NCT00367679[PHASE2] Pazopanib As Pre-Surgical Therapy In Treatment-Naive Subjects With Non-Small Cell Lung Cancer; NCT00549328[PHASE2] Monotherapy Pazopanib in Subjects With Advanced Non-Small Cell Lung Cancer; NCT00871403[PHASE2] Study of Pazopanib and Pemetrexed in Advanced Non-small Cell Lung Cancer; NCT01027598[PHASE2] Randomized, Double-Blind Trial of Erlotinib/Pazopanib or Erlotinib/Placebo in Patients With Previously Treated Advanced Non-Small-Cell Lung Cancer; NCT01179269[PHASE2] Pazopanib and Paclitaxel for Non-Small Cell Lung Cancer; NCT01208064[PHASE2|PHASE3] Pazopanib Hydrochloride or a Placebo in Treating Patients With Non-Small Cell Lung Cancer Who Have Received First-Line Chemotherapy; NCT01253369[PHASE2] Pazopanib in Patients With Relapsed or Refractory Small Cell Lung Cancer; NCT01262820[PHASE2] Pazopanib In Stage IIIB/IV NSCLC Lung Cancer After Progression on First Line Therapy Containing Bevacizumab"
"1032"	"22362"	"334"	"Leukemia"	"D007938"	"536"	"doxorubicin"	"DB00997"	"1542"	"TOP2A"	"7153"	"strict_phase2_3_disease_directed_title"	"NCT01328236[PHASE2] Bortezomib in Combination With Liposomal Doxorubicin and Dexamethasone to Treat Plasma Cell Leukemia; NCT02538926[PHASE2] Etoposide, Prednisone, Vincristine Sulfate, Cyclophosphamide, and Doxorubicin Hydrochloride With Asparaginase in Treating Patients With Acute Lymphoblastic Leukemia or Lymphoblastic Lymphoma; NCT03023046[PHASE2] Etoposide, Prednisone, Vincristine Sulfate, Cyclophosphamide, and Doxorubicin in Treating Patients With Acute Lymphoblastic Leukemia or Lymphoblastic Lymphoma"
"1037"	"6118"	"96"	"Diabetes Mellitus"	"D003920"	"771"	"roflumilast"	"DB01656"	"279"	"PDE4D"	"5144"	"strict_phase2_3_disease_directed_title"	"NCT01140542[PHASE2] Efficacy of 500µg Roflumilast Once Daily Versus Placebo Over 12 Weeks in Patients With Diabetes Mellitus Type 2. A Double Blind, Parallel Group, Proof of Concept Clinical Study"
"1038"	"13610"	"25"	"Asthma"	"D001249"	"496"	"aspirin"	"DB00945"	"1076"	"NFKB2"	"4791"	"strict_phase2_3_disease_directed_title"	"NCT02906761[PHASE3] Aspirin for Uncontrolled Asthma"
"1039"	"18954"	"48"	"Anxiety"	"D001007"	"849"	"vilazodone"	"DB06684"	"1406"	"DRD2"	"1813"	"strict_phase2_3_disease_directed_title"	"NCT01629966[PHASE3] Safety, Efficacy and Tolerability of Vilazodone in Generalized Anxiety Disorder; NCT01844115[PHASE3] Safety, Efficacy and Tolerability of Vilazodone in (GAD) Generalized Anxiety Disorder"
"1048"	"19604"	"442"	"Alcoholism"	"D000437"	"686"	"aripiprazole"	"DB01238"	"1407"	"DRD4"	"1815"	"strict_phase2_3_disease_directed_title"	"NCT02918370[PHASE3] Aripiprazole for Bipolar Disorder and Alcohol Use Disorder"
"1052"	"22364"	"495"	"Glioma"	"D005910"	"536"	"doxorubicin"	"DB00997"	"1542"	"TOP2A"	"7153"	"strict_phase2_3_disease_directed_title"	"NCT02758366[PHASE2] Prolonged Exposure to Doxorubicin in Patients With Glioblastoma Multiforme and Diffuse Intrinsic Pontine Glioma"
"1055"	"10089"	"442"	"Alcoholism"	"D000437"	"686"	"aripiprazole"	"DB01238"	"968"	"HTR1B"	"3351"	"strict_phase2_3_disease_directed_title"	"NCT02918370[PHASE3] Aripiprazole for Bipolar Disorder and Alcohol Use Disorder"
"1061"	"25589"	"83"	"Lung Neoplasms"	"D008175"	"562"	"Thalidomide"	"DB01041"	"1830"	"FGFR2"	"2263"	"strict_phase2_3_disease_directed_title"	"NCT00004859[PHASE3] Carboplatin, Paclitaxel, and Radiation Therapy With or Without Thalidomide in Patients With Stage III Non-small Cell Lung Cancer; NCT00025285[PHASE2] Combination Chemotherapy Plus Thalidomide in Treating Patients With Stage IIIB or Stage IV Non-Small Cell Lung Cancer; NCT00053300[PHASE2] Thalidomide in Treating Patients With Extensive-Stage Small Cell Lung Cancer; NCT00061919[PHASE3] Carboplatin and Etoposide With or Without Thalidomide in Treating Patients With Limited-Stage or Extensive-Stage Small Cell Lung Cancer; NCT00114192[PHASE2] Docetaxel and Thalidomide as Second-Line Therapy in Treating Patients With Stage III or Stage IV Non-Small Cell Lung Cancer; NCT00281827[PHASE2] Carboplatin, Gemcitabine, and Thalidomide in Patients Undergoing Surgery for Stage II or III Non-Small Cell Lung Cancer"
"1073"	"34290"	"190"	"Schizophrenia"	"D012559"	"15"	"Glycine"	"DB00145"	"2555"	"GRIN2C"	"2905"	"strict_phase2_3_disease_directed_title"	"NCT00000372[PHASE3] Glycine and D-Cycloserine in Schizophrenia; NCT00291226[PHASE2|PHASE3] Glycine vs Placebo for the Schizophrenia Prodrome"
"1074"	"3518"	"370"	"Esophageal Neoplasms"	"D004938"	"695"	"docetaxel"	"DB01248"	"119"	"BCL2"	"596"	"strict_phase2_3_disease_directed_title"	"NCT00072033[PHASE2] Neoadjuvant Docetaxel and Cisplatin Plus Chemoradiotherapy Followed By Surgery in Treating Patients With Locally Advanced, Resectable Esophageal Cancer; NCT00238407[PHASE2] Docetaxel, Cisplatin, and Radiation Therapy in Treating Patients With Locally Advanced Esophageal Cancer That Cannot Be Removed By Surgery; NCT00445861[PHASE1|PHASE2] Cetuximab, Docetaxel, Cisplatin, and Radiation Therapy in Treating Patients With Locally Advanced Esophageal Cancer That Can Be Removed by Surgery; NCT00551759[PHASE2] Chemotherapy, Radiation Therapy, and Cetuximab Followed by Surgery, Docetaxel, and Cetuximab in Treating Patients With Esophageal Cancer or Gastroesophageal Junction Cancer; NCT00757172[PHASE2] Panitumumab, Docetaxel, Cisplatin, Radiation Therapy, and Surgery in Treating Patients With Newly Diagnosed, Locally Advanced Esophageal Cancer or Cancer of the Gastroesophageal Junction; NCT00865982[PHASE2] Study to Evaluate Safety and Efficacy of Perioperative Chemotherapy With Docetaxel, Cisplatin and Capecitabine (DCX) in Patients With Gastro-esophageal Cancer; NCT00978549[PHASE3] Symptom Control With or Without Docetaxel in Treating Patients With Relapsed Esophageal Cancer or Stomach Cancer; NCT01129206[PHASE2] Pralatrexate and Docetaxel in Treating Patients With Stage IV Esophageal or Gastroesophageal Cancer Who Have Failed Platinum-Based Therapy; NCT01693432[PHASE2] Docetaxel and S-1 for Advanced Esophageal Cancer; NCT01710592[PHASE2] A Phase II Trial of Epirubicin, Oxaliplatin and Capecitabine (EOX) Versus Docetaxel and Oxaliplatin (ElTax) in the Treatment of Advanced Gastro-oesophageal Cancer; NCT02465736[PHASE3] Study of Docetaxel or Vinorelbine Plus Cisplatin in Neoadjuvant Chemoradiotherapy for Esophageal Cancer (NEOCRTEC308)"
"1075"	"3720"	"147"	"Pneumonia"	"D011014"	"496"	"aspirin"	"DB00945"	"122"	"NFKB1"	"4790"	"strict_phase2_3_disease_directed_title"	"NCT06774846[PHASE3] Aspirin in Acute Pneumonia in the Elderly: a Multicenter, Double-blind, Randomized, Placebo-controlled Trial."
"1077"	"31259"	"190"	"Schizophrenia"	"D012559"	"99"	"atomoxetine"	"DB00289"	"2336"	"GRIN3A"	"116443"	"strict_phase2_3_disease_directed_title"	"NCT00216281[PHASE3] Efficacy and Safety Study of Clozapine Augmented by Atomoxetine Versus Clozapine Augmented by Placebo in Patients With Chronic Resistant Schizophrenia; NCT00420498[PHASE2] Effects of Atomoxetine on Cognitive Function in Schizophrenia"
"1079"	"3490"	"251"	"Lymphoma"	"D008223"	"680"	"paclitaxel"	"DB01229"	"119"	"BCL2"	"596"	"strict_phase2_3_disease_directed_title"	"NCT00004916[PHASE1|PHASE2] Ifosfamide, Teniposide, and Paclitaxel in Treating Patients With Relapsed Non-Hodgkin's Lymphoma; NCT00021372[PHASE2] Paclitaxel and Estramustine in Treating Patients With Relapsed or Refractory Non-Hodgkin's Lymphoma; NCT00038545[PHASE2] A Phase II Study of Paclitaxel and Topotecan With Filgrastim-SD/01 Support For Relapsed and Refractory Aggressive Non-Hodgkin's Lymphoma"
"1080"	"6656"	"265"	"Colorectal Neoplasms"	"D015179"	"407"	"sulfasalazine"	"DB00795"	"341"	"PPARG"	"5468"	"strict_phase2_3_disease_directed_title"	"NCT06134388[PHASE3] Sulfasalazine in Patients With Metastatic Colorectal Cancer"
"1087"	"20982"	"265"	"Colorectal Neoplasms"	"D015179"	"262"	"methotrexate"	"DB00563"	"1495"	"DHFR"	"1719"	"strict_phase2_3_disease_directed_title"	"NCT00952016[PHASE2] Methotrexate in Metastatic Colorectal Cancer With MSH2 Deficiency"
"1090"	"43808"	"264"	"Carcinoma, Non-Small-Cell Lung"	"D002289"	"165"	"sorafenib"	"DB00398"	"3772"	"RAF1"	"5894"	"strict_phase2_3_disease_directed_title"	"NCT00098540[PHASE2] Sorafenib in Treating Patients With Stage IIIB or Stage IV Non-Small Cell Lung Cancer; NCT00417248[PHASE1|PHASE2] Cisplatin/Etoposide/Radiotherapy Followed by Consolidation Sorafenib for Inoperable Stage III Non-Small Cell Lung Cancer; NCT00449033[PHASE3] A Phase III Randomized, Double-blind, Placebo Controlled Trial Comparing the Efficacy of Gemcitabine, Cisplatin and Sorafenib to Gemcitabine, Cisplatin and Placebo in First-Line Treatment of Patients With Stage IIIb With Effusion and Stage IV Non-Small Cell Lung Cancer (NSCLC); NCT00473486[PHASE1|PHASE2] Study in Patients With Advanced Non-Small Cell Lung Cancer Treated With Pemetrexed and Carboplatin Plus or Minus Sorafenib; NCT00558636[PHASE3] A Trial Comparing Safety and Efficacy of Carboplatin and Paclitaxel Plus or Minus Sorafenib (BAY43-9006) in Chemonaive Patients With Stage IIIB-IV Non-Small Cell Lung Cancer (NSCLC); NCT00600015[PHASE2] Sorafenib/Erlotinib Versus Erlotinib Alone in Previously Treated Advanced Non-Small-Cell Lung Cancer (NSCLC); NCT00609804[PHASE2] Sorafenib and Erlotinib or Sorafenib Alone in Advanced Non-Small Cell Lung Cancer Progressing on Erlotinib; NCT00722969[PHASE2] Erlotinib and Sorafenib in Chemonaive Patients With Locally Advanced or Metastatic Non Small Cell Lung Cancer; NCT00922584[PHASE2] Sorafenib Treatment in Non-Small Cell Lung Cancer After Failure of Epidermal Growth Factor Receptor-tyrosine Kinase Inhibitor"
"1094"	"7103"	"7"	"Endometrial Neoplasms"	"D016889"	"430"	"mifepristone"	"DB00834"	"349"	"PGR"	"5241"	"strict_phase2_3_disease_directed_title"	"NCT00505739[PHASE2] Mifepristone for Patients With Endometrial Cancer and LGESS"
"1095"	"2792"	"78"	"Acne Vulgaris"	"D000152"	"180"	"spironolactone"	"DB00421"	"81"	"NR3C1"	"2908"	"strict_phase2_3_disease_directed_title"	"NCT07473895[PHASE2] Topical 5% Spironolactone Gel Versus 0.1% Adapalene Gel for Acne Vulgaris: A Randomized Split-Face Study"
"1097"	"10759"	"495"	"Glioma"	"D005910"	"216"	"lenalidomide"	"DB00480"	"985"	"PTGS2"	"5743"	"strict_phase2_3_disease_directed_title"	"NCT01553149[PHASE2] Low-Dose or High-Dose Lenalidomide in Treating Younger Patients With Recurrent, Refractory, or Progressive Pilocytic Astrocytoma or Optic Pathway Glioma"
"1098"	"8821"	"83"	"Lung Neoplasms"	"D008175"	"293"	"imatinib"	"DB00619"	"732"	"PDGFRB"	"5159"	"strict_phase2_3_disease_directed_title"	"NCT00052949[PHASE2] Imatinib Mesylate in Treating Patients With Recurrent Small Cell Lung Cancer; NCT00323362[PHASE2] Gemcitabine and Imatinib Mesylate in Treating Patients With Recurrent or Metastatic Non-Small Cell Lung Cancer; NCT00408460[PHASE2] Imatinib Mesylate and Paclitaxel in Treating Older Patients With Stage IIIB or Stage IV Non-Small Cell Lung Cancer; NCT01083589[PHASE2] Imatinib Mesylate and Docetaxel in Non-Small Cell Lung Cancer (NSCLC)"
"1105"	"19096"	"48"	"Anxiety"	"D001007"	"1117"	"yohimbine"	"DB01392"	"1406"	"DRD2"	"1813"	"strict_phase2_3_disease_directed_title"	"NCT00958880[PHASE3] Yohimbine to Enhance Cognitive Behavioral Therapy (CBT) for Social Anxiety"
"1116"	"3964"	"219"	"Melanoma"	"D008545"	"165"	"sorafenib"	"DB00398"	"159"	"FLT1"	"2321"	"strict_phase2_3_disease_directed_title"	"NCT00110019[PHASE3] Carboplatin and Paclitaxel With or Without Sorafenib Tosylate in Treating Patients With Stage III or Stage IV Melanoma That Cannot Be Removed by Surgery; NCT00119249[PHASE2] Sorafenib in Treating Patients With Stage III or Stage IV Melanoma That Cannot Be Removed By Surgery; NCT00281957[PHASE2] Sorafenib With Either Temsirolimus or Tipifarnib in Treating Patients With Stage IV Malignant Melanoma That Cannot Be Removed By Surgery; NCT00329641[PHASE2] Sorafenib, Carboplatin, and Paclitaxel in Treating Patients With Stage IV Melanoma of the Eye; NCT00387751[PHASE2] Bevacizumab and Sorafenib in Treating Patients With Unresectable Stage III or Stage IV Malignant Melanoma; NCT00483301[PHASE2] A Phase II Trial OF Carboplatin, ABI-007 (Abraxane) And Sorafenib (BAY 43-9006) in Metastatic Melanoma; NCT00492297[PHASE2] A Phase II, Multi-Center, Open-Label, Uncontrolled Study to Evaluate the Efficacy and Safety of Sorafenib Given Daily in Combination With Repeated 21-Day Cycles of Dacarbazine (DTIC) Chemotherapy in Subjects With Advanced Metastatic Melanoma; NCT00492505[PHASE2] Sorafenib, Tamoxifen, and Cisplatin in Treating Patients With High-Risk Stage III Melanoma; NCT00498836[PHASE2] Multicentre, Dose Finding, Ph II,CP-4055 in Comb. With Sorafenib - Patients With Metastatic Malignant Melanoma; NCT00538005[PHASE1|PHASE2] Sorafenib, Bevacizumab, and Oxaliplatin in Treating Patients With Metastatic Malignant Melanoma; NCT00602576[PHASE2] Temozolomide and Sorafenib in Treating Patients With Metastatic or Unresectable Melanoma; NCT00623402[PHASE2] Combined Treatment of Sorafenib and Pegylated Interferon α2b in Stage IV Metastatic Melanoma; NCT00794235[PHASE2] Monocentric Pilot Study Investigating the Metabolic Activity of Melanoma in Vivo During Sorafenib and Dacarbazine; NCT00811759[PHASE1|PHASE2] Sorafenib and Temozolomide in Treating Patients With Stage III or Stage IV Melanoma; NCT01377025[PHASE2] A Study of Sorafenib in Patients With Chemonaive Metastatic Uveal Melanoma; NCT01851408[PHASE2] Sorafenib and Temsirolimus in Treating Patients With Metastatic, Recurrent, or Unresectable Melanoma; NCT02517736[PHASE2] Study Multicentre Evaluating the Effectiveness and Toxicity Sorafenib (Nexavar®) in Adult Patients With Uveal Melanoma and Metastatic Dissemination"
"1117"	"4006"	"219"	"Melanoma"	"D008545"	"927"	"nintedanib"	"DB09079"	"159"	"FLT1"	"2321"	"strict_phase2_3_disease_directed_title"	"NCT02308553[PHASE1|PHASE2] Efficacy and Safety of Nintedanib Combined With Paclitaxel Chemotherapy for Patients With BRAF wt Metastatic Melanoma"
"1118"	"36915"	"215"	"Colonic Neoplasms"	"D003110"	"314"	"leucovorin"	"DB00650"	"2912"	"TYMS"	"7298"	"strict_phase2_3_disease_directed_title"	"NCT00004931[PHASE3] Fluorouracil Plus Leucovorin With or Without Oxaliplatin in Treating Patients With Stage II or Stage III Colon Cancer; NCT00096278[PHASE3] Fluorouracil, Leucovorin, and Oxaliplatin With or Without Bevacizumab in Treating Patients Who Have Undergone Surgery for Stage II or Stage III Colon Cancer; NCT00217737[PHASE3] Oxaliplatin, Leucovorin, and Fluorouracil With or Without Bevacizumab in Treating Patients Who Have Undergone Surgery for Stage II Colon Cancer; NCT00932438[PHASE1|PHASE2] Drug-Eluting Bead, Irinotecan (DEBIRI) Therapy of Liver Metastasis From Colon Cancer With Systemic Fluorouracil, Oxaliplatin, Leucovorin and Bevacizumab"
"1123"	"6514"	"47"	"Crohn Disease"	"D003424"	"72"	"mesalazine"	"DB00244"	"341"	"PPARG"	"5468"	"strict_phase2_3_disease_directed_title"	"NCT00976690[PHASE3] Comparison Azathioprine to Mesalazine for the Prevention of Postoperative Recurrence in the Crohn Disease"
"1124"	"36877"	"265"	"Colorectal Neoplasms"	"D015179"	"193"	"gemcitabine"	"DB00441"	"2912"	"TYMS"	"7298"	"strict_phase2_3_disease_directed_title"	"NCT00007943[PHASE2] Gemcitabine in Treating Patients With Advanced Colorectal Cancer; NCT00159445[PHASE2] Capecitabine and Gemcitabine in Patients With Metastatic Colorectal Cancer; NCT00192075[PHASE2] A Randomized Trial of Avastin + Gemcitabine + 5-Fluorouracil (5FU)/Folinic Acid Versus Avastin + Oxaliplatin + 5FU/Folinic Acid in Metastatic Colorectal Cancer; NCT00220155[PHASE2] Phase II Fixed Dose Rate Gemcitabine for Advanced or Metastatic Colorectal Cancer; NCT00276861[PHASE2] Gemcitabine and Oxaliplatin as Second-Line Therapy in Treating Patients With Metastatic Colon Cancer; NCT00496704[PHASE1|PHASE2] Gemcitabine, Capecitabine, and Oxaliplatin as Second-Line Therapy in Treating Patients With Advanced Colorectal Cancer Previously Treated With Irinotecan; NCT00645710[PHASE1|PHASE2] Hepatic Arterial Infusion of Floxuridine, Gemcitabine Hydrochloride, and Radiolabeled Monoclonal Antibody Therapy in Treating Liver Metastases in Patients With Metastatic Colorectal Cancer Previously Treated With Surgery; NCT01109615[PHASE2] Pemetrexed and Gemcitabine for Treatment Resistant Patients With Metastatic Colorectal Cancer and KRAS Mutations; NCT01409005[PHASE2] Gemcitabine-UFTE Chemotherapy in Refractory Colorectal Cancer; NCT01472770[PHASE2] A Phase II Study of Gemcitabine and Capecitabine for Treatment Resistant, Metastatic Colorectal Cancer; NCT01909830[PHASE2] Gemcitabine in Combination With Pemetrexed Long Term Infusion in the Treatment of Pretreated Metastatic Colorectal Cancer Patients; NCT01929421[PHASE2] A Phase II Trial of Salvage Treatment With Gemcitabine and S-1 Combination in Patients With Heavily Treated Advanced Colorectal Cancer."
"1128"	"41035"	"80"	"Alzheimer Disease"	"D000544"	"617"	"pioglitazone"	"DB01132"	"3354"	"MAOB"	"4129"	"strict_phase2_3_disease_directed_title"	"NCT00982202[PHASE2] Pioglitazone in Alzheimer Disease"
"1132"	"13690"	"265"	"Colorectal Neoplasms"	"D015179"	"216"	"lenalidomide"	"DB00480"	"1092"	"TNF"	"7124"	"strict_phase2_3_disease_directed_title"	"NCT01032291[PHASE2] A Study to Assess the Efficacy and Safety of Lenalidomide in Combination With Cetuximab in Pre-treated Patients With KRAS Mutant Colorectal Cancer"
"1133"	"2539"	"83"	"Lung Neoplasms"	"D008175"	"927"	"nintedanib"	"DB09079"	"75"	"FGFR1"	"2260"	"strict_phase2_3_disease_directed_title"	"NCT01948141[PHASE2] Nintedanib in Treating Patients With Advanced Non-Small Cell Lung Cancer Who Have Failed Up to Two Previous Chemotherapy Regimens; NCT02231164[PHASE3] LUME-Columbus: Nintedanib Plus Docetaxel in Advanced Non-small Cell Lung Cancer With Translational Research; NCT02299141[PHASE2] Nintedanib in Molecularly Selected Patients With Advanced Non-Small Cell Lung Cancer; NCT03377023[PHASE1|PHASE2] Phase I/II Study of Nivolumab and Ipilimumab Combined With Nintedanib in Non Small Cell Lung Cancer; NCT06071013[PHASE1|PHASE2] Nintedanib Plus EGFR TKI In EGFR-mutated Non-small Cell Lung Cancer Patients"
"1135"	"44221"	"442"	"Alcoholism"	"D000437"	"535"	"gabapentin"	"DB00996"	"3805"	""	"2903"	"strict_phase2_3_disease_directed_title"	"NCT02252536[PHASE2] HORIZANT (Gabapentin Enacarbil Extended-Release Tablets) for the Treatment of Alcohol Use Disorder"
"1138"	"43239"	"442"	"Alcoholism"	"D000437"	"686"	"aripiprazole"	"DB01238"	"3672"	"HTR3A"	"3359"	"strict_phase2_3_disease_directed_title"	"NCT02918370[PHASE3] Aripiprazole for Bipolar Disorder and Alcohol Use Disorder"
"1139"	"20890"	"442"	"Alcoholism"	"D000437"	"535"	"gabapentin"	"DB00996"	"1478"	"GRIN2B"	"2904"	"strict_phase2_3_disease_directed_title"	"NCT02252536[PHASE2] HORIZANT (Gabapentin Enacarbil Extended-Release Tablets) for the Treatment of Alcohol Use Disorder"
"1146"	"3985"	"219"	"Melanoma"	"D008545"	"843"	"pazopanib"	"DB06589"	"159"	"FLT1"	"2321"	"strict_phase2_3_disease_directed_title"	"NCT00861913[PHASE2] Pazopanib Hydrochloride in Treating Patients With Metastatic Melanoma That Cannot be Removed by Surgery; NCT01107665[PHASE2] Pazopanib and Paclitaxel as First-Line Treatment for Subjects With Unresectable Stage III and Stage IV Melanoma; NCT01666418[PHASE2] Pilot Study Investigating the Metabolic Activity and Transcriptional Profiling in Vivo in Tumor Biopsies in Melanoma Patients During Treatment With Pazopanib Alone and in Combination With Paclitaxel"
"1150"	"36935"	"312"	"Carcinoma, Hepatocellular"	"D006528"	"596"	"capecitabine"	"DB01101"	"2912"	"TYMS"	"7298"	"strict_phase2_3_disease_directed_title"	"NCT03026803[PHASE2] A Study of Oxaliplatin and Capecitabine in Unresectable Metastatic Hepatocellular Cancer"
"1151"	"34296"	"190"	"Schizophrenia"	"D012559"	"479"	"amantadine"	"DB00915"	"2555"	"GRIN2C"	"2905"	"strict_phase2_3_disease_directed_title"	"NCT00999505[PHASE3] Amantadine as Adjunctive Therapy to Antipsychotics in Schizophrenia"
"1155"	"15342"	"522"	"Mastocytosis"	"D008415"	"700"	"dasatinib"	"DB01254"	"1193"	"KIT"	"3815"	"strict_phase2_3_disease_directed_title"	"NCT00979160[PHASE2] Evaluation of Response of Dasatinib to Treat Mastocytosis"
"1156"	"10752"	"388"	"Kidney Neoplasms"	"D007680"	"216"	"lenalidomide"	"DB00480"	"985"	"PTGS2"	"5743"	"strict_phase2_3_disease_directed_title"	"NCT00096525[PHASE2] Lenalidomide in Treating Patients With Advanced or Unresectable Kidney Cancer; NCT00403169[PHASE2] Lenalidomide in Treating Patients With Advanced or Unresectable Kidney Cancer"
"1159"	"15148"	"252"	"Sarcoma"	"D012509"	"293"	"imatinib"	"DB00619"	"1165"	"PDGFRA"	"5156"	"strict_phase2_3_disease_directed_title"	"NCT00031915[PHASE2] Imatinib Mesylate in Treating Patients With Advanced Soft Tissue Sarcoma or Bone Sarcoma; NCT00084630[PHASE2] Imatinib Mesylate in Treating Patients With Locally Recurrent or Metastatic Dermatofibrosarcoma Protuberans; NCT00085475[PHASE2] Imatinib Mesylate in Treating Patients With Locally Advanced or Metastatic Dermatofibrosarcoma Protuberans or Giant Cell Fibroblastoma; NCT00090987[PHASE2] Imatinib Mesylate in Treating Patients With HIV-Related Kaposi's Sarcoma; NCT00122473[PHASE1|PHASE2] Imatinib in Dermatofibrosarcoma Protuberans (DFSP); NCT01281865[PHASE1|PHASE2] Everolimus in Combination With Imatinib Mesylate in Treating Patients With Locally Advanced, Locally Recurrent, or Metastatic Soft Tissue Sarcoma"
"1160"	"36869"	"29"	"Pancreatic Neoplasms"	"D010190"	"193"	"gemcitabine"	"DB00441"	"2912"	"TYMS"	"7298"	"strict_phase2_3_disease_directed_title"	"NCT00003546[PHASE2] Gemcitabine Plus Radiation Therapy in Treating Patients With Pancreatic Cancer; NCT00004190[PHASE2] Gemcitabine Plus Oxaliplatin in Treating Patients With Refractory Locally Advanced or Metastatic Pancreatic Cancer; NCT00004861[PHASE2] Gemcitabine With or Without CI-994 in Treating Patients With Advanced Pancreatic Cancer; NCT00004884[PHASE2] Docetaxel and Gemcitabine Compared With Docetaxel and Cisplatin in Treating Patients With Metastatic or Locally Advanced Pancreatic Cancer; NCT00005648[PHASE3] Gemcitabine With or Without Tipifarnib (R115777) in Treating Patients With Advanced Pancreatic Cancer; NCT00005869[PHASE3] Nitrocamptothecin Compared With Gemcitabine in Treating Patients With Unresectable Locally Advanced or Metastatic Pancreatic Cancer; NCT00006117[PHASE2] Gemcitabine and Oxaliplatin in Treating Patients With Locally Advanced or Metastatic Pancreatic Cancer; NCT00023972[PHASE3] Gemcitabine With or Without Exatecan Mesylate in Treating Patients With Locally Advanced or Metastatic Pancreatic Cancer; NCT00024427[PHASE3] Triacetyluridine and Fluorouracil Compared With Gemcitabine in Treating Patients With Unresectable Locally Advanced, or Metastatic Pancreatic Cancer; NCT00026338[PHASE3] Gemcitabine With/Out Erlotinib in Unresectable Locally Advanced/Metastatic Pancreatic Cancer; NCT00028834[PHASE2] Bevacizumab and Gemcitabine in Treating Patients With Advanced Pancreatic Cancer; NCT00030732[PHASE3] Gemcitabine With or Without Capecitabine in Treating Patients With Advanced Pancreatic Cancer; NCT00031837[PHASE3] Gemcitabine With or Without Dalteparin in Treating Patients With Unresectable or Metastatic Pancreatic Cancer; NCT00032175[PHASE3] Gemcitabine With or Without Capecitabine in Treating Patients With Locally Advanced or Metastatic Pancreatic Cancer; NCT00052689[PHASE2] Bortezomib With or Without Gemcitabine in Treating Patients With Metastatic Pancreatic Cancer; NCT00055250[PHASE2] A Study With LY293111, Gemcitabine and Placebo in Patients With Pancreatic Cancer; NCT00057876[PHASE3] Gemcitabine With or Without Radiation Therapy in Treating Patients With Pancreatic Cancer; NCT00058149[PHASE3] Gemcitabine With or Without Oxaliplatin in Treating Patients With Locally Advanced or Metastatic Pancreatic Cancer; NCT00064051[PHASE2] 3-AP and Gemcitabine in Treating Patients With Unresectable or Metastatic Pancreatic Cancer; NCT00064207[PHASE2|PHASE3] Gemcitabine and Radiation Therapy Compared With Gemcitabine Alone in Treating Patients Who Have Undergone Surgery for Pancreatic Cancer; NCT00068432[PHASE2] Gemcitabine and Celecoxib in Treating Patients With Metastatic Pancreatic Cancer; NCT00078975[PHASE2] 3-AP and Gemcitabine in Treating Patients With Recurrent, Unresectable, or Metastatic Pancreatic Cancer; NCT00082862[PHASE2] Cisplatin, Metronomic Low-Dose Interferon Alfa, Gemcitabine, and Fever-Range Whole-Body Hyperthermia in Treating Patients With Inoperable or Metastatic Pancreatic Cancer; NCT00088894[PHASE3] Gemcitabine With or Without Bevacizumab in Treating Patients With Locally Advanced or Metastatic Pancreatic Cancer; NCT00091026[PHASE2] Bevacizumab and Gemcitabine Combined With Either Cetuximab or Erlotinib in Treating Patients With Advanced Pancreatic Cancer; NCT00095966[PHASE2] Sorafenib and Gemcitabine in Treating Patients With Locally Advanced or Metastatic Pancreatic Cancer; NCT00096070[PHASE2] Radiotherapy Combined With Oxaliplatin and Fluorouracil Followed By Gemcitabine in Treating Patients With Locally Advanced, Unresectable Pancreatic Cancer; NCT00100815[PHASE2] Gemcitabine, Capecitabine, and Bevacizumab in Treating Patients With Metastatic or Unresectable Pancreatic Cancer; NCT00102700[PHASE2] ARQ 501 in Combination With Gemcitabine in Subjects With Pancreatic Cancer; NCT00112528[PHASE2] Bevacizumab, Gemcitabine, and Oxaliplatin in Treating Patients With Metastatic Pancreatic Cancer; NCT00114179[PHASE2] Capecitabine, Bevacizumab, and Radiation Therapy Followed By Gemcitabine and Bevacizumab in Treating Patients With Locally Advanced Pancreatic Cancer That Cannot Be Removed By Surgery; NCT00114244[PHASE2] Sorafenib With or Without Gemcitabine in Treating Patients With Metastatic Pancreatic Cancer; NCT00126633[PHASE2] Gemcitabine, Cisplatin, and Bevacizumab in Treating Patients With Metastatic Pancreatic Cancer; NCT00161213[PHASE2] Gemcitabine and Imatinib Mesylate as First-Line Therapy in Patients With Locally Adv. or Metastatic Pancreatic Cancer; NCT00176813[PHASE2] Gemcitabine, Cisplatin, and Celecoxib Treatment of Metastatic Pancreatic Cancer; NCT00185588[PHASE1|PHASE2] Phase 1-2 Vatalanib and Gemcitabine in Advanced Pancreatic Cancer; NCT00191568[PHASE2] Gemcitabine, Oxaliplatin and Radiotherapy in Treating Patients With Completely Resected Pancreatic Cancer; NCT00192712[PHASE2|PHASE3] Irinotecan, Gemcitabine and Radiation Therapy for Pancreatic Cancer; NCT00192842[PHASE2] Gemcitabine With Curcumin for Pancreatic Cancer; NCT00202800[PHASE2] Phase II Trial to Evaluate Gemcitabine and Etoposide for Locally Advanced or Metastatic Pancreatic Cancer; NCT00209677[PHASE1|PHASE2] Phase I/II Study of Oral S-1 Plus Gemcitabine in Patients With Metastatic Pancreatic Cancer; NCT00219557[PHASE2] AG-013736 In Combination With Gemcitabine Versus Gemcitabine Alone For Patients With Metastatic Pancreatic Cancer; NCT00225784[PHASE2] Cetuximab, Radiotherapy and Twice Weekly Gemcitabine to Treat Pancreatic Cancer; NCT00234416[PHASE1|PHASE2] IRESSA Combined With Radiotherapy & Gemcitabine as First-Line Treatment in Locally Advanced Pancreatic Cancer; NCT00242190[PHASE1|PHASE2] Gemcitabine, Oxaliplatin and Radiation Therapy in Pancreatic Cancer; NCT00253526[PHASE2] Gemcitabine Hydrochloride With or Without Bevacizumab in Treating Patients Who Are Undergoing Surgery for Pancreatic Cancer; NCT00260364[PHASE1|PHASE2] Combining Erlotinib Plus Bevacizumab and Gemcitabine Plus Capecitabine to Treat Advanced Pancreatic Cancer; NCT00265876[PHASE1|PHASE2] AZD0530 and Gemcitabine in Locally Advanced/Metastatic Pancreatic Cancer That Cannot Be Removed By Surgery; NCT00267020[PHASE2] Phase 2 Study of Gemcitabine or Gemcitabine + Enzastaurin in Participants With Advanced or Metastatic Pancreatic Cancer; NCT00268411[PHASE3] Gemcitabine and Oxaliplatin in Treating Patients With Metastatic Pancreatic Cancer; NCT00275119[PHASE2] Gemcitabine and Oxaliplatin Followed By Radiation Therapy, Fluorouracil, and Oxaliplatin in Treating Patients With Locally Advanced Pancreatic Cancer That Cannot Be Removed By Surgery; NCT00307723[PHASE1|PHASE2] Study of Bevacizumab in Combination With 5-FU, Oxaliplatin and External Beam Radiation Followed by Gemcitabine and Bevacizumab for Locally Advanced Pancreatic Cancer; NCT00326911[PHASE2] Cetuximab and Bevacizumab With or Without Gemcitabine to Treat Metastatic Pancreatic Cancer; NCT00335543[PHASE2] Gemcitabine, Cisplatin, and Radiation Therapy Followed By Surgery or Surgery Alone in Treating Patients With Localized Pancreatic Cancer That Can Be Removed By Surgery; NCT00336700[PHASE2] A Phase II Study of Gemcitabine and Erlotinib As Adjuvant Therapy In Patients With Resected Pancreatic Cancer; NCT00338039[PHASE2] Induction Cetuximab (IM-C225), Gemcitabine, and Oxaliplatin in Pancreatic Cancer Patients; NCT00358566[PHASE3] GV1001 and Gemcitabine in Sequential Combination to Gemcitabine Monotherapy in Pancreatic Cancer; NCT00366457[PHASE2] Gemcitabine, Bevacizumab and Erlotinib in Pancreatic Cancer; NCT00376948[PHASE2] Genistein, Gemcitabine, and Erlotinib in Treating Patients With Locally Advanced or Metastatic Pancreatic Cancer; NCT00398086[PHASE1|PHASE2] Gemcitabine Plus Albumin-bound Paclitaxel In Patients With Advanced Metastatic Pancreatic Cancer; NCT00401570[PHASE2] A Study of Volociximab in Combination With Gemcitabine in Metastatic Pancreatic Cancer; NCT00410774[PHASE1|PHASE2] Gemcitabine and Bevacizumab in Treating Patients With Pancreatic Cancer That Has Been Completely Removed By Surgery; NCT00416507[PHASE3] Gemcitabine With or Without Combination Chemotherapy and Radiation Therapy in Treating Patients With Nonmetastatic Pancreatic Cancer That Cannot Be Removed By Surgery; NCT00425360[PHASE3] Gemcitabine and Capecitabine With or Without Vaccine Therapy in Treating Patients With Locally Advanced or Metastatic Pancreatic Cancer; NCT00429858[PHASE2] Gemcitabine and S-1 for Locally Advanced Unresectable or Metastatic Pancreatic Cancer; NCT00436423[PHASE2] A Phase Ⅱ Study of Gemcitabine Combination With TS-1 in Patient With Advanced or Recurred Pancreatic Cancer; NCT00456599[PHASE2] Study of Gemcitabine and Oxaliplatin With Radiation Therapy in Patients With Pancreatic Cancer; NCT00460174[PHASE2] Gemcitabine, Bevacizumab, and Abdominal Radiation Therapy in Treating Patients With Localized Pancreatic Cancer; NCT00462852[PHASE2] Gemcitabine With or Without Dalteparin in Treating Patients With Locally Advanced or Metastatic Pancreatic Cancer; NCT00498225[PHASE3] Phase III of Gemcitabine Vs TS-1 Vs Gemcitabine Plus TS-1 in Pancreatic Cancer; NCT00499265[PHASE2] Gemcitabine With or Without WX-671 in Treating Patients With Locally Advanced Pancreatic Cancer That Cannot Be Removed By Surgery; NCT00536770[PHASE2] A Study of Gemcitabine ± Erlotinib and DN-101 Versus Gemcitabine ± Erlotinib and Placebo in Patients With Advanced Pancreatic Cancer; NCT00536874[PHASE2] Gemcitabine and Oxaliplatin in Treating Patients With Pancreatic Cancer That Can Be Removed By Surgery; NCT00541021[PHASE3] Gemcitabine With or Without Sorafenib in Treating Patients With Locally Advanced or Metastatic Pancreatic Cancer; NCT00550836[PHASE2] Erlotinib and Gemcitabine With or Without Panitumumab in Treating Patients With Metastatic Pancreatic Cancer; NCT00564720[PHASE2] Gemcitabine Plus Erlotinib Versus Erlotinib Plus Gemcitabine Plus Oxaliplatin, in Pancreatic Cancer; NCT00574275[PHASE3] Aflibercept Compared to Placebo in Term of Efficacy in Patients Treated With Gemcitabine for Metastatic Pancreatic Cancer; NCT00577889[PHASE2] Gemcitabine Hydrochloride and Tanespimycin in Treating Patients With Stage IV Pancreatic Cancer; NCT00617708[PHASE1|PHASE2] S0727 Gemcitabine Hydrochloride and Erlotinib Hydrochloride With or Without Monoclonal Antibody Therapy in Treating Patients With Metastatic Pancreatic Cancer That Cannot Be Removed By Surgery; NCT00625586[PHASE2] Monoclonal Antibody RAV12 and Gemcitabine in Treating Patients With Metastatic Pancreatic Cancer; NCT00636883[PHASE2] Oxaliplatin, Gemcitabine, and Erlotinib Study in Patients With Advanced Chemo-naïve Pancreatic Cancer; NCT00637247[PHASE2] A Randomized Study of Amplimexon (Imexon) With Gemcitabine in Pancreatic Cancer; NCT00652366[PHASE2] A Dose-Escalation to Rash Study of Tarceva (Erlotinib) Plus Gemcitabine in Patients With Metastatic Pancreatic Cancer; NCT00655785[PHASE1|PHASE2] Antiangiogenic Peptide Vaccine Therapy With Gemcitabine in Treating Patient With Pancreatic Cancer (Phase1/2); NCT00673504[PHASE2] First-Line Gemcitabine Chemotherapy With Our Without Sunitinib In Advanced or Metastatic Pancreatic Cancer; NCT00696696[PHASE2] Study of Gemcitabine and Erlotinib Plus Sorafenib (GES) in Metastatic Pancreatic Cancer; NCT00709826[PHASE2] APRiCOT-P: Study of Apricoxib With Gemcitabine and Erlotinib to Treat Advanced Pancreatic Cancer; NCT00733746[PHASE2] Gemcitabine and Erlotinib Before and After Surgery in Treating Patients With Pancreatic Cancer That Can Be Removed by Surgery; NCT00761241[PHASE2] Borderline Resectable Pancreatic Cancer: Gemcitabine/Docetaxel and Oxaliplatin Based Chemo/RT; NCT00769483[PHASE1|PHASE2] MK-0646 and Gemcitabine +/- Erlotinib for Patients With Advanced Pancreatic Cancer; NCT00789633[PHASE3] Masitinib in Combination With Gemcitabine for Treatment of Patients With Advanced/Metastatic Pancreatic Cancer; NCT00810719[PHASE2] Gemcitabine and Erlotinib in Treating Patients With Metastatic or Recurrent Pancreatic Cancer; NCT00813696[PHASE3] Gemcitabine or Gemcitabine and Cisplatin in the Treatment of Advanced Pancreatic Cancer; NCT00837239[PHASE2] Huachansu & Gemcitabine in Pancreatic Cancer; NCT00862524[PHASE1|PHASE2] A Study of ARRY-334543 and Gemcitabine in Patients With Advanced Cancer and Pancreatic Cancer; NCT00898287[PHASE1|PHASE2] Safety and Efficacy Study of P276-00 in Combination With Gemcitabine in Patients With Advanced Pancreatic Cancer; NCT00902291[PHASE2] A Study of AGS-1C4D4 Given in Combination With Gemcitabine in Subjects With Metastatic Pancreatic Cancer; NCT00910741[PHASE1|PHASE2] NC-6004(Nanoplatin) and Gemcitabine to Treat Pancreatic Cancer in Asia; NCT00919282[PHASE2] Gemcitabine (GFF) in Patients With Pancreatic Cancer; NCT00922896[PHASE2] Trial of Erlotinib, Gemcitabine and Cisplatin in Metastatic Pancreatic Cancer; NCT00944463[PHASE2] Trial of Simvastatin and Gemcitabine in Pancreatic Cancer Patients; NCT00960284[PHASE2|PHASE3] Gemcitabine or Combination Chemotherapy Followed by Chemoradiation for Stage IB, II, or III Pancreatic Cancer; NCT00966706[PHASE2] Cisplatin, Capecitabine, Gemcitabine and Epirubicin or Docetaxel for Patients With Stage III or IV Pancreatic Cancer; NCT01017822[PHASE1|PHASE2] Conatumumab, Gemcitabine Hydrochloride, Capecitabine, and Radiation Therapy in Treating Patients With Locally Advanced Pancreatic Cancer; NCT01019382[PHASE2] A Study of the Effect of Gemcitabine With Fish Oil in Patients With Advanced Pancreatic Cancer; NCT01020006[PHASE2] Study of Safety and Tolerability of PCI-27483 in Patients With Pancreatic Cancer Patients Receiving Treatment With Gemcitabine; NCT01028495[PHASE2] A Safety and Efficacy Study of RX-0201 Plus Gemcitabine in Metastatic Pancreatic Cancer; NCT01032057[PHASE2] Gemcitabine, Capecitabine, and Radiation Therapy in Treating Patients With Locally Advanced Pancreatic Cancer That Cannot Be Removed by Surgery; NCT01064622[PHASE2] Gemcitabine Hydrochloride With or Without Vismodegib in Treating Patients With Recurrent or Metastatic Pancreatic Cancer; NCT01080248[PHASE2] Gemcitabine and Pazopanib in Metastatic Pancreatic Cancer; NCT01130142[PHASE1|PHASE2] A Study Evaluating IPI-926 in Combination With Gemcitabine in Patients With Metastatic Pancreatic Cancer; NCT01150630[PHASE2] Gemcitabine, Cisplatin, Epirubicin, and Capecitabine in Treating Patients With Stage I-II Resectable Pancreatic Cancer; NCT01195415[PHASE2] Vismodegib and Gemcitabine Hydrochloride in Treating Patients With Advanced Pancreatic Cancer; NCT01234935[PHASE2] Dasatinib and Gemcitabine Hydrochloride or Gemcitabine Hydrochloride Alone in Treating Patients With Pancreatic Cancer Previously Treated With Surgery; NCT01251640[PHASE1|PHASE2] Combination With Gemcitabine in Advanced Pancreatic Cancer; NCT01272791[PHASE2] Trial of Gemcitabine With or Without Bavituximab in Patients With Previously Untreated Stage IV Pancreatic Cancer; NCT01298011[PHASE2] Study of Gemcitabine and Abraxane to Treat Potentially Operable Pancreatic Cancer; NCT01303029[PHASE2] Safety and Efficacy Study of Gemcitabine-erlotinib Versus Gemcitabine-erlotinib-capecitabine in Patients With Metastatic Pancreatic Cancer; NCT01303172[PHASE2] A Trial Comparing Gemcitabine With and Without IMM-101 in Advanced Pancreatic Cancer; NCT01313416[PHASE2] Gemcitabine and CT-011 for Resected Pancreatic Cancer; NCT01396668[PHASE2] Fixed Dose Rate Gemcitabine and Cisplatin Followed by Chemoradiation for Locally Advanced Pancreatic Cancer; NCT01396681[PHASE2] Adjuvant Gemcitabine and Cisplatin Followed by Chemoradiation for Resected Pancreatic Cancer; NCT01416662[PHASE2] Gemcitabine Hydrochloride in Treating Patients With Pancreatic Cancer That Has Been Removed by Surgery; NCT01430052[PHASE2] Chemoradiotherapy With Gemcitabine/S-1 vs Gemcitabine/S-1 for Locally Advanced Pancreatic Cancer; NCT01453153[PHASE1|PHASE2] Study of Gemcitabine + PEGPH20 vs Gemcitabine Alone in Stage IV Previously Untreated Pancreatic Cancer; NCT01459614[PHASE2] Gemcitabine/Taxotere/Xeloda (GTX) With Cisplatin in Subjects With Metastatic Pancreatic Cancer; NCT01461915[PHASE2] Phase 2 Study to Assess the Efficacy & Safety of Gemcitabine + Nab Paclitaxel With or Without Dociparstat in Metastatic Pancreatic Cancer Patients; NCT01488552[PHASE1|PHASE2] Gemcitabine+Nab-paclitaxel and FOLFIRINOX and Molecular Profiling for Patients With Advanced Pancreatic Cancer; NCT01505413[PHASE2] Phase 2 Study of Erlotinib, Gemcitabine and Oxaliplatin Combination Chemotherapy to Advanced Pancreatic Cancer; NCT01509911[PHASE2] A Clinical Trial of Anti-Angiogenic Drug Combination Tl-118 for Pancreatic Cancer Patients Who Are Starting Gemcitabine Treatment; NCT01524575[PHASE2] Gemcitabine and Oxaliplatin in the Management of Metastatic Pancreatic Cancers With Low Expression of ERCC1; NCT01621243[PHASE1|PHASE2] M402 in Combination With Nab-Paclitaxel and Gemcitabine in Pancreatic Cancer; NCT01647828[PHASE1|PHASE2] A Phase 1b/2 Study of OMP-59R5 (Tarextumab) in Combination With Nab-Paclitaxel and Gemcitabine in Subjects With Previously Untreated Stage IV Pancreatic Cancer; NCT01693276[PHASE1|PHASE2] Gemcitabine/Abraxane Chemotherapy and Dose Escalated Radiotherapy for Locally Advanced, Unresectable Pancreatic Cancer; NCT01834235[PHASE1|PHASE2] QUILT-3.010: A Study of Gemcitabine and Nab-paclitaxel With or Without NPC-1C to Treat Patients With Pancreatic Cancer; NCT01839487[PHASE2] PEGPH20 Plus Nab-Paclitaxel Plus Gemcitabine Compared With Nab-Paclitaxel Plus Gemcitabine in Participants With Stage IV Untreated Pancreatic Cancer; NCT01851174[PHASE2] Study to Evaluate Bi-weekly Dosing of Gemcitabine Plus Nab-Paclitaxel to Treat Metastatic Pancreatic Cancer; NCT01897454[PHASE2] Gemcitabine Hydrochloride, and Radiation Therapy in Patients With Borderline Resectable Pancreatic Cancer; NCT01921751[PHASE2] High or Standard Intensity Radiation Therapy After Gemcitabine Hydrochloride and Nab-paclitaxel in Treating Patients With Pancreatic Cancer That Cannot Be Removed by Surgery; NCT01956812[PHASE3] Phase 3 Trial of 90Y-Clivatuzumab Tetraxetan & Gemcitabine vs Placebo & Gemcitabine in Metastatic Pancreatic Cancer; NCT01964430[PHASE3] Nab-paclitaxel and Gemcitabine vs Gemcitabine Alone as Adjuvant Therapy for Patients With Resected Pancreatic Cancer (the ""Apact"" Study); NCT01964534[PHASE2] Efficacy of ABI-007 Plus Gemcitabine or sLV5FU2 as First-line Therapy in Patients With Metastatic Pancreatic Cancer; NCT02017015[PHASE2] Safety and Efficacy Study of Nab-paclitaxel Plus Gemcitabine in Chinese Patients With Metastatic Pancreatic Cancer; NCT02035072[PHASE2] Phase II Study of Hypofractionated Radio-chemotherapy With Gemcitabine Plus Oxaliplatin for Unresectable Nonmetastatic Locally Advanced Pancreatic Cancer.; NCT02043288[PHASE3] Combination Therapy With NC-6004 and Gemcitabine Versus Gemcitabine Alone in Pancreatic Cancer; NCT02043730[PHASE2] Abraxane and Gemcitabine Versus Gemcitabine Alone in Locally Advanced Unresectable Pancreatic Cancer.; NCT02047513[PHASE2] Neoadjuvant Plus Adjuvant or Only Adjuvant Nab- Paclitaxel Plus Gemcitabine for Resectable Pancreatic Cancer; NCT02077881[PHASE1|PHASE2] Study of IDO Inhibitor in Combination With Gemcitabine and Nab-Paclitaxel in Patients With Metastatic Pancreatic Cancer; NCT02131493[PHASE2] S-1 and and Gemcitabine vs Gemcitabine Alone as Adjuvant Chemotherapy for Patients With Resected Pancreatic Cancer; NCT02135822[PHASE2] Nab-paclitaxel Plus Gemcitabine in Chinese Patients With Advanced Pancreatic Cancer; NCT02178436[PHASE1|PHASE2] Gemcitabine, Nab-paclitaxel and KPT-330 in Advanced Pancreatic Cancer; NCT02194829[PHASE1|PHASE2] Paclitaxel Albumin-Stabilized Nanoparticle Formulation and Gemcitabine Hydrochloride With or Without WEE1 Inhibitor AZD1775 in Treating Patients With Previously Untreated Pancreatic Cancer That Is Metastatic or Cannot Be Removed by Surgery; NCT02210559[PHASE1|PHASE2] A Study of Gemcitabine Plus Nab-paclitaxel With or Without FG-3019 in Participants With Locally Advanced, Unresectable Pancreatic Cancer; NCT02241551[PHASE2] Phase II Neoadjuvant Chemotheraphy (Gemcitabine and Nab-Paclitaxel vs. mFOLFIRINOX) and Sterotatic Body Radiation Therapy for Borderline Resectable Pancreatic Cancer; NCT02243007[PHASE2] Phase II Study of Preoperative FOLFIRINOX Versus Gemcitabine/Nab-Paclitaxel in Patients With Resectable Pancreatic Cancer; NCT02301143[PHASE2] Phase 2 Nab® -Paclitaxel (Abraxane®) Plus Gemcitabine in Subjects With Locally Advanced Pancreatic Cancer (LAPC); NCT02340117[PHASE2] Study of Combined SGT-53 Plus Gemcitabine/Nab-Paclitaxel for Metastatic Pancreatic Cancer; NCT02355119[PHASE3] Italian Multicenter Study Comparing FOLFOXIRI Versus Gemcitabine as Adjuvant Treatment for Resected Pancreatic Cancer; NCT02358161[PHASE1|PHASE2] Phase I/II Study of LDE225 With Gemcitabine and Nab-paclitaxel in Patients With Pancreatic Cancer; NCT02382263[PHASE1|PHASE2] Nab-paclitaxel in Combination With Gemcitabine in Fragile Patients With Advanced Pancreatic Cancer; NCT02395016[PHASE3] A Study of Nimotuzumab Combinated With Gemcitabine in K-RAS Wild-type Locally Advanced and Metastatic Pancreatic Cancer; NCT02399137[PHASE2] A Phase 2 Study of MM-141 Plus Nab-paclitaxel and Gemcitabine in Front-line Metastatic Pancreatic Cancer; NCT02481635[PHASE1|PHASE2] A Study of Gemcitabine/Nab-paclitaxel and Radiation Therapy Followed by Surgery in Patients With Advanced Pancreatic Cancer; NCT02506842[PHASE3] Second-Line Adjuvant Therapy With Nab-Paclitaxel Plus Gemcitabine Versus Oxaliplatin Plus Folinic Acid and Fluorouracil for Gemcitabine-Refractory Pancreatic Cancer After Curative Resection; NCT02564146[PHASE2] First-line Treatment of Metastatic Pancreatic Cancer With Nab-paclitaxel and Gemcitabine; NCT02570711[PHASE2] Phase 2, Nab Paclitaxel/Gemcitabine Alone and in Combination With ACP-196 in Subjects With Metastatic Pancreatic Cancer; NCT02650804[PHASE2] BPM31510 Administered Intravenously With Gemcitabine in Advanced Pancreatic Cancer Patients; NCT02717091[PHASE2] Neoadjuvant FOLFIRINOX or Nab-paclitaxel With Gemcitabine for Borderline Resectable Pancreatic Cancer; NCT02737228[PHASE1|PHASE2] Study of CG200745 PPA in Combination With Gemcitabine and Erlotinib for Advanced Pancreatic Cancer; NCT02767752[PHASE2] Gemcitabine and Capecitabine With or Without T-ChOS as Adjuvant Therapy for Patients With Resected Pancreatic Cancer; NCT02827201[PHASE2] FIrst Line Treatment of Metastatic Pancreatic Cancer: Sequential Nab-paclitaxel + Gemcitabine/FOLFIRI.3 VS Nab-paclitaxel + Gemcitabine; NCT02863367[PHASE2] A One-Arm Exploratory Clinical Trial of Apatinib Plus Gemcitabine in Patients With Advanced Metastatic Pancreatic Cancer; NCT03086369[PHASE1|PHASE2] A Study of Nab-Paclitaxel and Gemcitabine With or Without Olaratumab (LY3012207) in Participants With Metastatic Pancreatic Cancer; NCT03498326[PHASE2] Gemcitabine and Celecoxib Combination Therapy in Treating Patients With R0 Resection Pancreatic Cancer; NCT03502343[PHASE2] Efficacy and Safety of Modified Nab-Paclitaxel Plus Gemcitabine Chemotherapy for Metastatic Pancreatic Cancer; NCT03535727[PHASE1|PHASE2] A Study of Gemcitabine, Nab-paclitaxel, Capecitabine, Cisplatin, and Irinotecan in Metastatic Pancreatic Cancer; NCT03572400[PHASE2] Neoadjuvant CCRT With Gemcitabine/Durvalumab (MEDI4736) Followed by Adjuvant Gemcitabine/Durvalumab(MEDI4736) in Resectable or Borderline Resectable Pancreatic Cancer; NCT03579836[PHASE1|PHASE2] Evaluation of Safety and Efficacy in BEY1107 in Monotherapy Gemcitabine Combination in Patient with Pancreatic Cancer; NCT03636308[PHASE2] Nab-paclitaxel Plus S-1(AS) Versus Nab-paclitaxel Plus Gemcitabine(AG) in Patients With Advanced Pancreatic Cancer; NCT03652428[PHASE1|PHASE2] Phase I Nab-Paclitaxel Plus Gemcitabine With Proton Therapy for Locally Advanced Pancreatic Cancer (LAPC); NCT03693677[PHASE2] First Line Metastatic Pancreatic Cancer : 5FU/LV+Nal-IRI, Gemcitabine+Nab-paclitaxel or a Sequential Regimen of 2 Months 5FU/LV+Nal-IRI; NCT03697239[PHASE1|PHASE2] High Dose Ascorbic Acid (AA) + Nanoparticle Paclitaxel Protein Bound + Cisplatin + Gemcitabine (AA NABPLAGEM) in Patients Who Have Metastatic Pancreatic Cancer; NCT03697564[PHASE2] Nivolumab + Cabiralizumab + Gemcitabine in Patients With Stage IV Pancreatic Cancer; NCT03721744[PHASE2|PHASE3] A Study of GB201 in Combination With Weekly Paclitaxel and Low-dose Gemcitabine in Patients With Pancreatic Cancer; NCT03766295[PHASE3] Masitinib Plus Gemcitabine in Pancreatic Cancer; NCT03797443[PHASE1|PHASE2] High Dose Ascorbic Acid (AA) + Nanoparticle Paclitaxel Protein Bound + Cisplatin + Gemcitabine (AA NABPLAGEM) in Patients Who Have Metastatic Pancreatic Cancer; NCT03908333[PHASE1|PHASE2] High Dose Ascorbic Acid and Nanoparticle Paclitaxel Protein Bound and Cisplatin and Gemcitabine (AA NABPLAGEM) in Patients Who Have Metastatic Pancreatic Cancer; NCT03929094[PHASE2] Nab-paclitaxel and Gemcitabine in Metastatic Pancreatic Cancer; NCT03941093[PHASE3] Evaluation of Efficacy and Safety of Neoadjuvant Treatment With Pamrevlumab in Combination With Chemotherapy (Either Gemcitabine Plus Nab-paclitaxel or FOLFIRINOX) in Participants With Locally Advanced, Unresectable Pancreatic Cancer; NCT04115163[PHASE2] Biologically Optimized Infusion Schedule of Gemcitabine and Nab-Paclitaxel for the Treatment of Metastatic Pancreatic Cancer; NCT04233866[PHASE2] Comparing Two Treatment Combinations, Gemcitabine and Nab-Paclitaxel With 5-Fluorouracil, Leucovorin, and Liposomal Irinotecan for Older Patients With Pancreatic Cancer That Has Spread; NCT04377048[PHASE2] Nivolumab Adding on Gemcitabine/S-1 in Metastatic Pancreatic Cancer; NCT04498689[PHASE2] Efficacy and Safety of Camrelizumab Combined With Nab-Paclitaxel Plus Gemcitabine for Metastatic Pancreatic Cancer; NCT04524702[PHASE2] Paricalcitol and Hydroxychloroquine in Combination With Gemcitabine and Nab-Paclitaxel for Advanced Pancreatic Cancer; NCT04539808[PHASE2] NeoOPTIMIZE: Early Switching of mFOLFIRINOX or Gemcitabine/Nab-Paclitaxel Before Surgery for the Treatment of Resectable, Borderline Resectable, or Locally-Advanced Unresectable Pancreatic Cancer; NCT04617067[PHASE2] Paricalcitol Trial: Phase II, Open Label Clinical Trial of Paricalcitol in Combination With Gemcitabine/ Nab-Paclitaxel Therapy in Advanced Pancreatic Cancer; NCT04672005[PHASE2] Modified FOLFIRINOX Alternated With Biweekly Gemcitabine Plus Nab-Paclitaxel Untreated Pancreatic Cancer; NCT04674956[PHASE3] A Prospective, Randomized, Double-blinded, Multi-center Clinical Trial to Evaluate the Efficiency and Safety of Anti-PD1 Antibody (Camrelizumab) Combined With Paclitaxel(Albumin Bound) and Gemcitabine as First-line Therapy in Patients With Metastatic Pancreatic Cancer; NCT04902261[PHASE2] Tislelizumab Combined With Nab-paclitaxel and Gemcitabine for Recurrent Pancreatic Cancer; NCT04940286[PHASE2] Gemcitabine, Nab-paclitaxel, Durvalumab, and Oleclumab Before Surgery for the Treatment of in Resectable/Borderline Resectable Primary Pancreatic Cancer; NCT05168527[PHASE2] The First Line Treatment of Fruquintinib Combined With Albumin Paclitaxel and Gemcitabine in Pancreatic Cancer Patients; NCT05185869[PHASE2] SHR6390 Plus Nab-paclitaxel and Gemcitabine in Advanced/Metastatic Pancreatic Cancer; NCT05254171[PHASE2|PHASE3] Study of Nab-Paclitaxel and Gemcitabine With or Without SBP-101 in Pancreatic Cancer; NCT05346146[PHASE2] A Prospective, Single-arm, Exploratory Clinical Study of Sintilimab Injection in Combination With Paclitaxel (Albumin-bound) and Gemcitabine in Translational Therapy in Patients With Unresectable Locally Advanced Pancreatic Cancer.; NCT05415917[PHASE2] Adjuvant Gemcitabine and Capecitabine Chemotherapy in Resected Pancreatic Cancer Following Neoadjuvant Chemotherapy; NCT05493995[PHASE2] A Study of Penpulimab and Anlotinib Plus Nab-paclitaxel and Gemcitabine for Metastatic Pancreatic Cancer.; NCT05562297[PHASE2] Neoadjuvant/Adjuvant Sintilimab, Nab-paclitaxel, and Gemcitabine for Resectable/Borderline Resectable Pancreatic Cancer; NCT05580445[PHASE1|PHASE2] Safety, Pharmacokinetics and Efficacy of CT-707, Toripalimab and Gemcitabine in Advanced Pancreatic Cancer; NCT05653453[PHASE3] Clinical Study of Tumor Treating Fields Combined with Gemcitabine and Albumin-bound Paclitaxel in the First-line Treatment of Locally Advanced Pancreatic Cancer; NCT05795920[PHASE2] Utidelone Injection Combined With Gemcitabine in First-line Chemotherapy for Unresectable Advanced Pancreatic Cancer; NCT05908747[PHASE2] Efficacy and Safety of Surufatinib Combined With Gemcitabine and Albumin-bound Paclitaxel in the Peri-operative Treatment of Pancreatic Cancer; NCT06234072[PHASE2] Comparing Astragalus Plus Gemcitabine to Gemcitabine Alone as Neoadjuvant Treatment for Pancreatic Cancer Patients; NCT06361030[PHASE2] Surufatinib Combined With Gemcitabine Plus Nab-paclitaxel in Locally Advanced Pancreatic Cancer; NCT06361888[PHASE2|PHASE3] A Phase II/III Trial to Evaluate the Efficacy and Safety of Surufatinib Combined With Camrelizumab, Nab-paclitaxel, and Gemcitabine in Metastatic Pancreatic Cancer; NCT06423326[PHASE2] Gemcitabine, Cisplatin and Nab-Paclitaxel as Neoadjuvant Treatment for Patients With Resectable or Borderline Resectable Pancreatic Cancer; NCT06513455[PHASE1|PHASE2] Irinotecan Liposome，Albumin Paclitaxel and Gemcitabine First-line Treatment for Pancreatic Cancer; NCT06571461[PHASE3] Liposomal Irinotecan in Combination With Oxaliplatin and S-1 Versus Gemcitabine Combined With Capecitabine as Postoperative Adjuvant Therapy for Pancreatic Cancer; NCT06783140[PHASE2|PHASE3] Study of NABPLAGEM vs. Nab-Paclitaxel/Gemcitabine in BRCA1/2 or PALB2 Pancreatic Cancer; NCT07049055[PHASE1|PHASE2] A Clinical Trial to Evaluate EDV Nanocell Therapy With Gemcitabine and Nab-paclitaxel in Pancreatic Cancer; NCT07108504[PHASE2] Efficacy and Safety of LM-302 Combined With Gemcitabine CLDN 18.2 Positive Unresectable Locally Advanced or Metastatic Pancreatic Cancer; NCT07575191[PHASE1|PHASE2] Safety and Performance of a Novel Infusion Catheter System for Peri/Intratumoral Gemcitabine Delivery in Patients With Pancreatic Cancer"
"1162"	"3999"	"219"	"Melanoma"	"D008545"	"926"	"lenvatinib"	"DB09078"	"159"	"FLT1"	"2321"	"strict_phase2_3_disease_directed_title"	"NCT01133977[PHASE1|PHASE2] E7080 (Lenvatinib) in Combination With Dacarbazine Versus Dacarbazine Alone as First Line Therapy in Patients With Stage IV Melanoma; NCT01136967[PHASE2] An Open-Label, 2-Cohort, Multicenter, Study of Lenvatinib in Previously Treated Subjects With Unresectable Stage III or Stage IV Melanoma; NCT03776136[PHASE2] Efficacy and Safety of Lenvatinib (E7080/MK-7902) Plus Pembrolizumab (MK-3475) for Advanced Melanoma in Anti-Programmed Death-1/Programmed Death-Ligand 1 (PD-1/L1)-Exposed Participants (MK-7902-004/E7080-G000-225/LEAP-004); NCT03820986[PHASE3] Safety and Efficacy Study of Pembrolizumab (MK-3475) Combined With Lenvatinib (MK-7902/E7080) as First-line Intervention in Adults With Advance Melanoma (MK-7902-003/E7080-G000-312/LEAP-003); NCT04207086[PHASE2] A Phase II Study of Neoadjuvant Pembrolizumab & Lenvatinib for Resectable Stage III Melanoma; NCT04622566[PHASE2] Lenvatinib and Pembrolizumab in Resectable Mucosal Melanoma; NCT04889118[PHASE3] Safety and Efficacy Study of Pembrolizumab (MK-3475) Combined With Lenvatinib (MK-7902/E7080) as First-line Intervention in Adults With Advanced Melanoma (MK-7902-003/E7080-G000-312/LEAP-003)-China Extension Study; NCT04955743[PHASE2] Pembrolizumab and Lenvatinib in Patients With Brain Metastases From Melanoma or Renal Cell Carcinoma; NCT05308901[PHASE2] Lenvatinib Plus Pembrolizumab In Patients With Immune Checkpoint Inhibitor Naïve Metastatic Uveal Melanoma; NCT05406466[PHASE2] Cryoablation Combined With Tislelizumab Plus Lenvatinib in Patients With Melanoma Liver Metastasis; NCT05545969[PHASE2] Neoadjuvant Pembrolizumab and Lenvatinib for Mucosal Melanoma; NCT06030037[PHASE2] Pembrolizumab/Lenvatinib With and Without Healthy Donor FMT (hdFMT) in Relapsed/ Refractory (R/R) Melanoma; NCT07353073[PHASE2] A Prospective, Single-Arm, Phase II Clinical Study of Neoadjuvant Therapy With Pucotenlimab, Lenvatinib, and Temozolomide for Resectable Head and Neck Mucosal Melanoma (PLT-NAT-HNMM-II); NCT07501104[PHASE2] Neoadjuvant Pucotenlimab Combined With Lenvatinib and Temozolomide in Resectable Stage IIB/III Acral Melanoma"
"1163"	"10003"	"442"	"Alcoholism"	"D000437"	"474"	"ondansetron"	"DB00904"	"968"	"HTR1B"	"3351"	"strict_phase2_3_disease_directed_title"	"NCT00000443[PHASE2] Ondansetron Treatment for Alcoholism; NCT00027079[PHASE2] Combined Pharmacotherapies for Alcoholism (Naltrexone/Ondansetron); NCT02354703[PHASE2] Pharmacogenetic Study of Ondansetron in Alcohol Use Disorder"
"1168"	"36928"	"83"	"Lung Neoplasms"	"D008175"	"596"	"capecitabine"	"DB01101"	"2912"	"TYMS"	"7298"	"strict_phase2_3_disease_directed_title"	"NCT00201825[PHASE2] A Phase II Study of Capecitabine and Docetaxel in Previously Untreated Advanced Non-Small Cell Lung Cancer Patients"
"1169"	"25907"	"190"	"Schizophrenia"	"D012559"	"415"	"pentoxifylline"	"DB00806"	"1901"	"PDE4A"	"5141"	"strict_phase2_3_disease_directed_title"	"NCT04094207[PHASE1|PHASE2] Pentoxifylline as an Adjunctive in Treatment of Negative Symptoms in Chronic Schizophrenia"
"1170"	"2512"	"83"	"Lung Neoplasms"	"D008175"	"926"	"lenvatinib"	"DB09078"	"75"	"FGFR1"	"2260"	"strict_phase2_3_disease_directed_title"	"NCT03829319[PHASE3] Safety and Efficacy Study of Pemetrexed + Platinum Chemotherapy + Pembrolizumab (MK-3475) With or Without Lenvatinib (MK-7902/E7080) as First-line Intervention in Adults With Metastatic Nonsquamous Non-small Cell Lung Cancer (MK-7902-006/E7080-G000-315/LEAP-006); NCT03829332[PHASE3] Efficacy and Safety Study of Pembrolizumab (MK-3475) With or Without Lenvatinib (MK-7902/E7080) in Adults With Programmed Cell Death-Ligand 1 (PD-L1)-Positive Treatment-naïve Nonsmall Cell Lung Cancer (NSCLC) (MK-7902-007/E7080-G000-314/LEAP-007); NCT03976375[PHASE3] Efficacy and Safety of Pembrolizumab (MK-3475) With Lenvatinib (E7080/MK-7902) vs. Docetaxel in Participants With Metastatic Non-Small Cell Lung Cancer (NSCLC) and Progressive Disease (PD) After Platinum Doublet Chemotherapy and Immunotherapy (MK-7902-008/E7080-G000-316/LEAP-008); NCT04676412[PHASE3] Efficacy and Safety Study of Pembrolizumab (MK-3475) With or Without Lenvatinib (MK-7902/E7080) in Adults With Programmed Cell Death-Ligand 1 (PD-L1)-Positive Treatment-naïve Nonsmall Cell Lung Cancer (NSCLC) [MK-7902-007/E7080-G000-314/LEAP-007] - China Extension Study; NCT04716933[PHASE3] Safety and Efficacy Study of Pemetrexed + Platinum Chemotherapy + Pembrolizumab (MK-3475) With or Without Lenvatinib (MK-7902/E7080) as First-line Intervention in Adults With Metastatic Nonsquamous Non-small Cell Lung Cancer (MK-7902-006/E7080-G000-315/LEAP-006)-China Extension Study; NCT04951947[PHASE2] JS-201 Combined With Lenvatinib in the Treatment of Small-cell Lung Cancer; NCT05001724[PHASE2|PHASE3] KN046 Plus Lenvatinib in Subject With Advanced Non-Small Cell Lung Cancer in the Failure of Anti-PD-(L)1 Agent; NCT05296603[PHASE2] Efficacy and Biomarker Explanation of IBI-322 Plus Lenvatinib on Extensive Stage Small Cell Lung Cancer; NCT05384015[PHASE2] Study of Pembrolizumab, Lenvatinib and Chemotherapy Combination in First Line Extensive-stage Small Cell Lung Cancer"
"1174"	"40515"	"400"	"Pre-Eclampsia"	"D011225"	"272"	"enalapril"	"DB00584"	"3330"	"ACE"	"1636"	"strict_phase2_3_disease_directed_title"	"NCT03466333[PHASE2] Postnatal Enalapril to Improve Cardiovascular fUnction Following Preterm Pre-eclampsia"
"1178"	"8837"	"83"	"Lung Neoplasms"	"D008175"	"700"	"dasatinib"	"DB01254"	"732"	"PDGFRB"	"5159"	"strict_phase2_3_disease_directed_title"	"NCT00459342[PHASE2] Dasatinib in Treating Patients With Stage IIIB, Stage IV, or Recurrent Non-Small Cell Lung Cancer; NCT00470054[PHASE2] Dasatinib in Treating Patients With Relapsed Small Cell Lung Cancer; NCT00564876[PHASE2] Phase II Study Evaluating The Safety And Response To Neoadjuvant Dasatinib In Early Stage Non-Small Cell Lung Cancer; NCT00570401[PHASE2] Dasatinib in Treating Patients With Advanced Lung Cancer That Is No Longer Responding to Erlotinib or Gefitinib; NCT00826449[PHASE1|PHASE2] Dasatinib and Erlotinib in Non-Small Cell Lung Cancer (NSCLC); NCT00858403[PHASE2] Dasatinib in Advanced Non-small Cell Lung Cancer (NSCL) With Ex Vivo and In Vivo Assessment of Tumor Target Modulation; NCT01491633[PHASE2] Dasatinib in Advanced Squamous Cell Lung Cancer; NCT02954523[PHASE1|PHASE2] Dasatinib and Osimertinib (AZD9291) in Advanced Non-Small Cell Lung Cancer With EGFR Mutations"
"1184"	"46584"	"190"	"Schizophrenia"	"D012559"	"487"	"famotidine"	"DB00927"	"4028"	"HRH2"	"3274"	"strict_phase2_3_disease_directed_title"	"NCT01946295[PHASE2|PHASE3] Famotidine in Schizophrenia"
"1185"	"7403"	"85"	"Stroke"	"D020521"	"496"	"aspirin"	"DB00945"	"385"	"PRKAG2"	"51422"	"strict_phase2_3_disease_directed_title"	"NCT01586975[PHASE2|PHASE3] Aspirin Resistance and Stroke Risk: Platelet Function Analysis in Patients With Ischemic Events; NCT03884530[PHASE3] Ticagrelol Versus Aspirin in Ischemic Stroke; NCT06530537[PHASE3] Cilostazol vs. Aspirin in Acute Non-cardioembolic Stroke With Cerebral mIcrobleeds; NCT06591338[PHASE3] Combining Aspirin With Ticagrelor or Clopidogrel in Large-vessel Minor Stroke or TIA; NCT06591377[PHASE3] Combining Aspirin With Ticagrelor or Cilostazol in Large-vessel Minor Stroke or TIA; NCT06638151[PHASE2] Clopidogrel Plus Aspirin in Acute Ischemic Stroke Following Thrombectomy and/or Intravenous Thrombolysis (CoPrime)"
"1188"	"40905"	"106"	"Obesity"	"D009765"	"1119"	"zonisamide"	"DB00909"	"3337"	"CA3"	"761"	"strict_phase2_3_disease_directed_title"	"NCT00339014[PHASE2] Safety and Efficacy of Different Combinations of Zonisamide-CR Plus Bupropion-SR to Treat Uncomplicated Obesity; NCT00709371[PHASE2] Zonisamide SR Plus Bupropion SR Combination Therapy in Subjects With Obesity"
"1191"	"40867"	"190"	"Schizophrenia"	"D012559"	"479"	"amantadine"	"DB00915"	"3333"	"GRIN2D"	"2906"	"strict_phase2_3_disease_directed_title"	"NCT00999505[PHASE3] Amantadine as Adjunctive Therapy to Antipsychotics in Schizophrenia"
"1192"	"36846"	"265"	"Colorectal Neoplasms"	"D015179"	"186"	"Trifluridine"	"DB00432"	"2912"	"TYMS"	"7298"	"strict_phase2_3_disease_directed_title"	"NCT03306394[PHASE3] A Study of Trifluridine/Tipiracil (Also Known as S 95005 or TAS-102) in Patients With a Pretreated Colorectal Cancer That Has Spread (Metastatic).; NCT04177602[PHASE1|PHASE2] Evaluating Trifluridine/Tipiracil Based Chemoradiation in Locally Advanced Rectal Cancer - The Phase I/II TARC Trial; NCT04450836[PHASE2] Sequences Of REGorafenib And Trifluridine/Tipiracil in Patients With Metastatic Colorectal Cancer; NCT04564898[PHASE1|PHASE2] Trifluridine/Tipiracil in Combination With Capecitabine and Bevacizumab in Metastatic Colorectal Cancer Patients.; NCT04737187[PHASE3] Phase III Study of Trifluridine/Tipiracil With and Without Bevacizumab in Refractory Metastatic Colorectal Cancer Patients; NCT05007132[PHASE2] Trifluridine/ Tipiracil Plus Panitumumab Versus Trifluridine/ Tipiracil Plus Bevacizumab as First-line Treatment of Metastatic Colorectal Cancer; NCT05201352[PHASE1|PHASE2] Evaluation of Efficacy of Trifluridine/Tipiracil Plus an Anti-IL-1α True Human Antibody Versus Trifluridine/Tipiracil Plus Placebo in Metastatic Colorectal Cancer Patients After Failure of Oxaliplatin, Irinotecan, Fluoropyrimidine; NCT05223673[PHASE3] Phase 3 Study of Futuximab/Modotuximab in Combination With Trifluridine/Tipiracil Versus Trifluridine/Tipiracil Single Agent in Participants With Previously Treated Metastatic Colorectal Cancer; NCT05468892[PHASE2] Phase II Randomized Study Evaluating the Efficacy of Panitumumab (VEctibix ) and Trifluridine-Tipiracil (LOnsurf) in Pretreated RAS Wild Type Metastatic Colorectal Cancer Patients: the VELO Trial; NCT06343116[PHASE3] Nimotuzumab Combined With Trifluridine/Tipiracil in the Treatment of Refractory Metastatic Colorectal Cancer; NCT06873763[PHASE1|PHASE2] Nelmastobart in Combination With Trifluridine/ Tipiracil and Bevacizumab in Metastatic/ Recurrent Colorectal Cancer; NCT06992648[PHASE3] Trifluridine/Tipiracil Plus Regorafenib vs Trifluridine/Tipiracil Plus Bevacizumab for Refractory Metastatic Colorectal Cancer; NCT07011550[PHASE2] Phase 2, Single-arm Trial of BMS-986340 in Association With Nivolumab, Trifluridine/Tipiracil and Bevacizumab for Patients Refractory to Standard of Care Treatment and With Microsatellite-stable Colorectal Cancer; NCT07261709[PHASE2] Trifluridine/Tipiracil Plus Fruquintinib vs. Trifluridine/Tipiracil Plus Bevacizumab in Refractory Metastatic Colorectal Cancer: A Randomized, Controlled, Open-Label, Non-Inferiority Trial; NCT07286695[PHASE2] Fruquintinib Combined With Trifluridine/Tipiracil Versus Bevacizumab Combined With Trifluridine/Tipiracil for Advanced Metastatic Colorectal Cancer; NCT07381764[PHASE2] ROMANCE: ""Irinotecan Plus Cetuximab Rechallenge Versus Trifluridine/Tipiracil Plus Bevacizumab in Molecularly Selected Metastatic Colorectal Cancer""; NCT07525206[PHASE3] A Study to Access Intravenous (IV) Telisotuzumab Adizutecan in Combination With IV Bevacizumab Compared to Standard of Care IV Bevacizumabin Combination With Oral Trifluridine and Tipiracil in Adult Participants With Refractory Metastatic Colorectal Cancer; NCT07549412[PHASE3] A Study of Precemtabart Tocentecan With or Without Bevacizumab Compared to Trifluridine/Tipiracil Plus Bevacizumab in Participants With Previously Treated Metastatic Colorectal Cancer (PROCEADE-CRC-03)"
"1193"	"3492"	"265"	"Colorectal Neoplasms"	"D015179"	"680"	"paclitaxel"	"DB01229"	"119"	"BCL2"	"596"	"strict_phase2_3_disease_directed_title"	"NCT00024401[PHASE2] DHA-Paclitaxel in Treating Patients With Metastatic Colorectal Cancer"
"1195"	"46154"	"190"	"Schizophrenia"	"D012559"	"474"	"ondansetron"	"DB00904"	"3962"	"HTR4"	"3360"	"strict_phase2_3_disease_directed_title"	"NCT00149734[PHASE3] Addition of Ondansetron to Ongoing Antipsychotic Treatment for Schizophrenia; NCT01121042[PHASE3] Double Blind, Placebo-Controlled, Randomised Investigation of Ondansetron in Schizophrenia"
"1200"	"36897"	"83"	"Lung Neoplasms"	"D008175"	"308"	"pemetrexed"	"DB00642"	"2912"	"TYMS"	"7298"	"strict_phase2_3_disease_directed_title"	"NCT00022646[PHASE2] Pemetrexed Disodium Plus Gemcitabine in Treating Patients With Locally Advanced or Metastatic Non-Small Cell Lung Cancer; NCT00061451[PHASE2] Pemetrexed Plus Gemcitabine as Front-Line Chemotherapy for Patients With Locally Advanced or Metastatic Non-Small Cell Lung Cancer: A Clinical Trial; NCT00071136[PHASE1|PHASE2] Pemetrexed and Gemcitabine in Patients With Advanced Non-Small Cell Lung Cancer (NSCLC); NCT00078260[PHASE3] A Comparison of Two Doses of Pemetrexed in Patients Who Have Lung Cancer; NCT00095199[PHASE3] Docetaxel or Pemetrexed With or Without Cetuximab in Patients With Recurrent or Progressive Non-Small Cell Lung Cancer; NCT00102804[PHASE3] Pemetrexed and Best Supportive Care Versus Placebo and Best Supportive Care in Non-Small Cell Lung Cancer (NSCLC); NCT00111839[PHASE2] Effects of Matuzumab in Combination With Pemetrexed for the Treatment of Advanced Lung Cancer; NCT00117962[PHASE2] Pemetrexed Disodium, Carboplatin, and Radiation Therapy With or Without Cetuximab in Treating Patients With Stage III Non-Small Cell Lung Cancer; NCT00191191[PHASE2] To Investigate Efficacy and Safety of Pemetrexed as Second or Third Line Therapy in Patients With Non-small Cell Lung Cancer (NSCLC); NCT00193414[PHASE2] Pemetrexed and Gemcitabine in Patients With Advanced Non-Small Cell Lung Cancer; NCT00203931[PHASE2] Trial Comparing Cetuximab With Pemetrexed/Cetuximab Therapy for Non-Small Cell Lung Cancer; NCT00216203[PHASE1|PHASE2] Pemetrexed Plus Cetuximab in Patients With Recurrent Non Small Cell Lung Cancer; NCT00216216[PHASE2] Pemetrexed in Patients With Chemosensitive and Chemoresistant Relapsed Small Cell Lung Cancer; NCT00226577[PHASE2] Pharmacogenomic & Phase II Study of Gemcitabine and Pemetrexed in Non-Small-Cell Lung Cancer.; NCT00227539[PHASE2] Positron Emission Tomography in Predicting Response in Patients Who Are Undergoing Treatment With Pemetrexed Disodium and Cisplatin With or Without Surgery for Stage I, Stage II, or Stage III Non-Small Cell Lung Cancer; NCT00227565[PHASE2] Pemetrexed Disodium and Carboplatin in Treating Patients With Extensive-Stage Small Cell Lung Cancer; NCT00234052[PHASE2] Carboplatin, Pemetrexed Disodium, and Bevacizumab in Treating Patients With Stage IIIB, Stage IV, or Recurrent Non-Small Cell Lung Cancer; NCT00248495[PHASE2] Pemetrexed Disodium and Cisplatin in Treating Patients Who Are Undergoing Surgery for Stage I, Stage II, or Stage III Non-Small Cell Lung Cancer; NCT00259285[PHASE2] Pemetrexed and Cisplatin Treatment Before Surgery in Non Small Cell Lung Cancer; NCT00265785[PHASE2] S0526: Pemetrexed Disodium in Treating Patients With Stage III or Stage IV Non-Small Cell Lung Cancer; NCT00268489[PHASE2] Pemetrexed Disodium and Bevacizumab in Treating Patients With Stage III or Stage IV Non-Small Cell Lung Cancer; NCT00269152[PHASE2] Feasibility Study of Pemetrexed in Combination With Cisplatin or Carboplatin as Adjuvant Treatment of Non-Small Cell Lung Cancer; NCT00280748[PHASE2] Whole-Brain Radiation Therapy and Pemetrexed in Treating Patients With Brain Metastases From Non-Small Cell Lung Cancer; NCT00281125[PHASE1|PHASE2] Phase I/II Trial of PTK787 and Pemetrexed With or Without Cisplatin for Lung Cancer; NCT00290017[PHASE3] Study of Talabostat and Pemetrexed vs. Pemetrexed in Stage IIIB/IV Non-Small Cell Lung Cancer (NSCLC) After Failure of Platinum-Based Chemotherapy; NCT00301808[PHASE2] Cisplatin, Pemetrexed Disodium, and Radiation Therapy Followed by Docetaxel in Treating Patients With Stage III Non-Small Cell Lung Cancer; NCT00316225[PHASE2] Study of Pemetrexed in Mesothelioma and Lung Cancer Patients With Fluid Around the Lungs or Abdomen; NCT00350792[PHASE2] Pemetrexed/Carboplatin Non-Small Cell Lung Cancer (NSCLC) Elderly Patients; NCT00351039[PHASE1|PHASE2] Phase I/II Trial of Bevacizumab, Pemetrexed and Erlotinib in Elderly Patients With Non-Small Cell Lung Cancer; NCT00363415[PHASE3] Study of Pemetrexed and Carboplatin Compared With Etoposide Carboplatin to Treat Extensive-Stage Small Cell Lung Cancer; NCT00370292[PHASE2] Dosage Schedule Study of Pemetrexed Monochemotherapy for Locally Advanced or Metastatic Non-Small Cell Lung Cancer (NSCLC); NCT00372788[PHASE2] AZD6244 Versus Pemetrexed (Alimta®) in Patients With Non-small Cell Lung Cancer, Who Have Failed One or Two Prior Chemotherapy Regimen; NCT00383331[PHASE2] Pemetrexed and Gemcitabine Every 14 Days Versus Every 21 Days in Advanced Non Small Cell Lung Cancer; NCT00387322[PHASE1|PHASE2] Pemetrexed Disodium and Erlotinib in Treating Patients With Advanced Non-Small Cell Lung Cancer or Other Solid Tumors; NCT00389688[PHASE2] Pemetrexed Disodium and Cisplatin Before or After Surgery in Treating Patients With Stage IB or Stage II Non-Small Cell Lung Cancer That Can be Removed by Surgery; NCT00389805[PHASE1|PHASE2] Bortezomib and Pemetrexed Disodium in Treating Patients With Advanced Non-Small Cell Lung Cancer or Other Solid Tumors; NCT00402051[PHASE2] Chemotherapy With Pemetrexed in Combination With Platinum for Advanced Non-Small Cell Lung Cancer (NSCLC); NCT00407550[PHASE2] Pemetrexed Disodium and Gemcitabine in Treating Patients With Stage IIIB or Stage IV Non-Small Cell Lung Cancer; NCT00408226[PHASE1|PHASE2] Safety Study of MKC-1 Combined With Pemetrexed to Treat Advanced Cancer and Non-Small Cell Lung Cancer; NCT00410904[PHASE2] AZD2171 and Pemetrexed Disodium in Treating Patients With Relapsed Non-Small Cell Lung Cancer; NCT00438204[PHASE2] Pemetrexed Disodium, Gemcitabine, and Bevacizumab in Treating Patients With Stage IIIB or Stage IV Non-Small Cell Lung Cancer; NCT00440414[PHASE3] Trial of Pemetrexed Versus Erlotinib in Pretreated Patients With Non Small Cell Lung Cancer (NSCLC); NCT00447421[PHASE1|PHASE2] A Study to Treat Small Cell Lung Cancer With a Combination of Cisplatin, Pemetrexed, and Radiotherapy; NCT00454194[PHASE2] Pemetrexed Disodium With or Without Sorafenib as Second-Line Therapy in Treating Patients With Stage IIIB or Stage IV Non-Small Cell Lung Cancer; NCT00473486[PHASE1|PHASE2] Study in Patients With Advanced Non-Small Cell Lung Cancer Treated With Pemetrexed and Carboplatin Plus or Minus Sorafenib; NCT00475657[PHASE2] Pemetrexed and Cisplatin as Treatment in Small Cell Lung Cancer; NCT00489983[PHASE2] Trial of Pemetrexed or Pemetrexed With Gemcitabine for Patients With Advanced Lung Cancer Who Are Not Eligible for Platinum-Based Chemotherapy and Have Not Previously Been Treated With Chemotherapy; NCT00497315[PHASE2] Evaluation of Pemetrexed Combined With Cisplatin and Radiotherapy for Unresectable Locally Advanced Non-Small Cell Lung Cancer (NSCLC); NCT00520845[PHASE2] Celecoxib and Docetaxel or Pemetrexed in Treating Patients With Advanced Recurrent Non-Small Cell Lung Cancer; NCT00529100[PHASE1|PHASE2] Concurrent Pemetrexed, Cisplatin and Radiation Therapy in Patients With Stage IIIA/B Non Small Cell Lung Cancer; NCT00530621[PHASE2] Study of Enzastaurin Versus Placebo With Pemetrexed for Participants With Advanced or Metastatic Lung Cancer; NCT00538681[PHASE2] Study for Participants With Advanced, Not Amenable to Surgery, or Metastatic Lung Cancer Comparing Treatment With Pemetrexed + Cisplatin + Enzastaurin Versus Pemetrexed + Cisplatin + Placebo; NCT00545948[PHASE2] Adjuvant Cisplatin With Either Genomic-Guided Vinorelbine or Pemetrexed for Early Stage Non-Small-Cell Lung Cancer; NCT00614822[PHASE2] Carboplatin, Bevacizumab and Pemetrexed in Advanced Non Small Cell Lung Cancer; NCT00660816[PHASE2] Pemetrexed or Docetaxel With or Without Erlotinib in Stage IIIB or Stage IV Non-Small Cell Lung Cancer; NCT00684099[PHASE1|PHASE2] Docetaxel/Pemetrexed as 1st Line Treatment in Patients With Non Small Cell Lung Cancer (NSCLC); NCT00698815[PHASE2] Pemetrexed and/or Sunitinib as Second-Line Therapy in Treating Patients With Stage IIIB or Stage IV Non-small Cell Lung Cancer; NCT00732303[PHASE2] Pemetrexed and Radiation for Poor-Risk Stage III Non-Small Cell Lung Cancer; NCT00738881[PHASE3] Pemetrexed Disodium or Erlotinib Hydrochloride as Second-Line Therapy in Treating Patients With Advanced Non-small Cell Lung Cancer; NCT00741221[PHASE2] Pemetrexed Plus Bevacizumab in Non Small Cell Lung Cancer; NCT00744900[PHASE2] Pemetrexed Plus Cisplatin for Brain Metastasis of Advanced Non - Small Cell Lung Cancer (NSCLC); NCT00762034[PHASE3] A Study of Pemetrexed, Carboplatin and Bevacizumab in Participants With Nonsquamous Non-Small Cell Lung Cancer; NCT00771953[PHASE2] 0822GCC: Phase 2 Study of Efficacy and Safety of Apricoxib/Placebo With Docetaxel or Pemetrexed in Non-Small Cell Lung Cancer; NCT00798603[PHASE2] Pemetrexed, Carboplatin, and Bevacizumab as First-Line Therapy in Treating Older Patients With Stage IIIB or Stage IV Non-Small Cell Lung Cancer; NCT00807573[PHASE2] Paclitaxel, Bevacizumab and Pemetrexed in Patients With Untreated, Advanced Non-Small Cell Lung Cancer Using Web-Based Data Collection, Patient Self-Reporting of Adverse Effects and Automated Response Assessment; NCT00871403[PHASE2] Study of Pazopanib and Pemetrexed in Advanced Non-small Cell Lung Cancer; NCT00886678[PHASE2] A Study of Pemetrexed Plus Carboplatin Combined With Radiation in Patients With Inoperable Locally Advanced Non-small Cell Lung Cancer (LA-NSCLC) (RT0801); NCT00891579[PHASE2] Study of Pemetrexed Versus Gefitinib in Patients With Locally Advanced or Metastatic Non Small Cell Lung Cancer Who Have Previously Received Platinum-Based Chemotherapy Without Epidermal Growth Factor Receptor (EGFR) Mutations; NCT00906282[PHASE2] Preoperative Pemetrexed and Carboplatin for Select Stage IB, II, and III Non-Squamous Non-Small-Cell Lung Cancer; NCT00921310[PHASE1|PHASE2] Temsirolimus and Pemetrexed for Recurrent or Refractory Non-Small Cell Lung Cancer; NCT00923273[PHASE1|PHASE2] Sirolimus and Pemetrexed to Treat Non-Small Cell Lung Cancer; NCT00923637[PHASE2] Pemetrexed Plus Oxaliplatin as Adjuvant Chemotherapy for Radically Resected Non-Small Cell Lung Cancer; NCT00950365[PHASE2] Pemetrexed Disodium With or Without Erlotinib Hydrochloride in Treating Patients With Stage IIIB-IV or Recurrent Non-Small Cell Lung Cancer; NCT00961415[PHASE3] AVAPERL1 Study: A Study of Avastin (Bevacizumab) With or Without Pemetrexed as Maintenance Therapy After Avastin in First Line in Patients With Non-Squamous Non-Small Cell Lung Cancer; NCT00976456[PHASE3] Efficacy Study of Avastin® With Pemetrexed +/- Carboplatin to Treat Elderly Patients With Non-small Cell Lung Cancer; NCT00982111[PHASE3] First-line Treatment of Patients With Stage IV Nonsquamous Non-Small Cell Lung Cancer With Necitumumab (IMC-11F8) and Pemetrexed-Cisplatin; NCT01000480[PHASE2] A Study of Pemetrexed and Cisplatin, in Non Small Cell Lung Cancer; NCT01041781[PHASE3] Gemcitabine Hydrochloride or Pemetrexed Disodium and Carboplatin With or Without Celecoxib in Treating Patients With Advanced Non-Small Cell Lung Cancer; NCT01088620[PHASE2] Panitumumab Plus Pemetrexed and Cisplatin (PemCisP) Versus PemCis in the First-line Treatment of Patients With Non-small Cell Lung Cancer; NCT01107626[PHASE3] Bevacizumab or Pemetrexed Disodium Alone or In Combination After Induction Therapy in Treating Patients With Advanced Non-Squamous Non-Small Cell Lung Cancer; NCT01116219[PHASE2] Bevacizumab, Pemetrexed Disodium, and Cisplatin or Erlotinib Hydrochloride and Bevacizumab in Treating Patients With Stage IV Non-Small Cell Lung Cancer. A Multicenter Phase II Trial Including Biopsy at Progression (BIO-PRO Trial).; NCT01126736[PHASE1|PHASE2] Eribulin Mesylate Administered in Combination With Pemetrexed Versus Pemetrexed Alone as Second Line Therapy in Patients With Stage IIIB or IV Nonsquamous Non Small Cell Lung Cancer; NCT01165021[PHASE2] A Study of Pemetrexed/Cisplatin as Pre-operative Treatment of Early Stage Nonsquamous Non-Small Cell Lung Cancer; NCT01192243[PHASE2] Study of Gefitinib Compared With Pemetrexed/Cisplatin in Advanced Non-Small Cell Lung Cancer Patients; NCT01313663[PHASE2] A Study to Evaluate Pazopanib in Comparison to Pemetrexed in Maintenance Setting in Non-progressing Subjects With Metastatic Stage IVA and IVB Non-squamous Non-small Cell Lung Cancer (NSCLC) Population; NCT01344824[PHASE2] Carboplatin, Pemetrexed Disodium, and Bevacizumab for Patients With Stage III or IV Non-Small Cell Lung Cancer Who Are Light/Never Smokers; NCT01471197[PHASE2] Safety and Efficacy Trial of Ipilimumab Versus Pemetrexed in Non-Squamous Non-Small Cell Lung Cancer; NCT01496742[PHASE2] A Study of Onartuzumab (MetMAb) in Combination With Bevacizumab (Avastin) Plus Platinum And Paclitaxel or With Pemetrexed Plus Platinum in Patients With Non-Squamous Non-Small Cell Lung Cancer; NCT01656551[PHASE3] MILES-4: Study Comparing Gemcitabine and Pemetrexed, With or Without Cisplatin, in Patients With Nonsquamous Lung Cancer; NCT01666977[PHASE1|PHASE2] Phase 1b/2 Trial of AMG386 With Pemetrexed and Carboplatin in Non-Small Cell Lung Cancer; NCT01705184[PHASE2] Re-introduction of Pemetrexed and Cisplatin With Prolonged Angiogenic Blocking by Bevacizumab in Advanced Lung Cancer.; NCT01928160[PHASE2] Pemetrexed Disodium and Carboplatin or Cisplatin With or Without Erlotinib Hydrochloride in Treating Patient With Stage IV Non-Small Cell Lung Cancer Resistant to First-Line Therapy With Erlotinib Hydrochloride or Gefitinib; NCT01951482[PHASE3] Pemetrexed/Platinum With or Without Bevacizumab in Brain Metastases From Patients With EGFR/ALK Negative Non-Squamous Non-small Cell Lung Cancer; NCT02004184[PHASE3] Pemetrexed in Advanced Non-Small-Cell Lung Cancer: at Progression vs Maintenance Therapy After Induction Chemotherapy; NCT02087241[PHASE2] Ph II Trial of Carboplatin and Pemetrexed With or Without AZD1775 for Untreated Lung Cancer; NCT02093962[PHASE2] Study of TH-302 or Placebo in Combination With Pemetrexed in Patients With Non-squamous Non-small Cell Lung Cancer; NCT02134912[PHASE2] S1300: Pemetrexed Disodium With or Without Crizotinib in Treating Patients With Stage IV Non-Small Cell Lung Cancer That Has Progressed After Crizotinib; NCT02409342[PHASE3] A Study of Atezolizumab (MPDL3280A) Compared With a Platinum Agent (Cisplatin or Carboplatin) + (Pemetrexed or Gemcitabine) in Participants With Stage IV Non-Squamous or Squamous Non-Small Cell Lung Cancer (NSCLC) [IMpower110]; NCT02426658[PHASE2] Pemetrexed Disodium in Treating Patients With Stage IV Non-small Cell Lung Cancer and ECOG Performance Status 3; NCT02604342[PHASE3] Alectinib Versus Pemetrexed or Docetaxel in Anaplastic Lymphoma Kinase (ALK)-Positive Advanced Non-Small Cell Lung Cancer (NSCLC) Participants Previously Treated With Platinum-Based Chemotherapy and Crizotinib; NCT02787473[PHASE2] A Study of Pemetrexed Plus Cisplatin With Concurrent Radiation Therapy Followed by Docetaxel Consolidation in Patients With Inoperable Squamous Cell Lung Cancer; NCT02919462[PHASE2] Open-label, Multicenter, Randomized Phase II Trial of Treatment With Cisplatin and Pemetrexed or Cisplatin and Oral Vinorelbine in Chemotherapy Naïve Patients Affected by Stage IIIB-IV Non-Squamous Non-Small Cell Lung Cancer With High Thymidylate Synthase Expression; NCT02974933[PHASE2] Apatinib Mesylate Combined With Pemetrexed in the Treatment of Pretreated Advanced Non-squamous Non-small Cell Lung Cancer; NCT03190239[PHASE2] Efficacy and Safety of Maintenance Apatinib Combined With Pemetrexed in Advanced Non-squamous Non-small Cell Lung Cancer Patients; NCT03366766[PHASE2] Nivolumab Plus Cisplatin/Pemetrexed or Cisplatin/Gemcitabine as Induction in Resectable Non-Small Cell Lung Cancer; NCT03830411[PHASE2] A Study of Sintilimab Compared With Docetaxel or Pemetrexed as Second-line Treatment for Patients With Stage IV Nonsquamous Non-small Cell Lung Cancer After Failure With Platinum-Containing Chemotherapy; NCT04194203[PHASE3] A Study of Bevacizumab, Carboplatin, and Paclitaxel or Pemetrexed With or Without Atezolizumab in Chemotherapy-Naïve Patients With Stage IV Non-Squamous Non-Small Cell Lung Cancer (IMpower151); NCT04538664[PHASE3] A Study of Combination Amivantamab and Carboplatin-Pemetrexed Therapy, Compared With Carboplatin-Pemetrexed, in Participants With Advanced or Metastatic Non-Small Cell Lung Cancer Characterized by Epidermal Growth Factor Receptor (EGFR) Exon 20 Insertions; NCT04592666[PHASE2] Almonertinib/Pemetrexed/Carboplatin in EGFR T790M+ Advanced Lung Cancer; NCT05198830[PHASE2] Testing the Addition of an Anti-Cancer Drug, TRC102, to the Usual Chemotherapy Treatment (Pemetrexed, Cisplatin or Carboplatin) During Radiation Therapy for Stage III Non-Squamous Non-Small Cell Lung Cancer; NCT05299125[PHASE2] Amivantamab, Lazertinib, and Pemetrexed for First-line Treatment of Recurrent/Metastatic Non-small Cell Lung Cancers With Epidermal Growth Factor Receptor Mutations; NCT05786430[PHASE2] Lazertinib+Pemetrexed/Carboplatin in Patients With EGFR Sensitizing Mutation Positive Recurrent or Metastatic Non-Small Cell Lung Cancer Failed to Prior Lazertinib; NCT05841472[PHASE2] Anti-PD-1 Antibody Therapies of Camrelizumab in Combination With Pemetrexed and Carboplatin as First-line Treatment in Patients With Advanced or Metastatic Non-Squamous Non-Small Cell Lung Cancer; NCT05849246[PHASE2] The Study of Tusamitamab Ravtansine (IBI126) Combined With Sintilimab and Tusamitamab Ravtansine (IBI126) Combined With Sintilimab Plus Platinum-based Chemotherapy and Pemetrexed in Subjects With CEACAM5 Positive Expression Advanced/Metastatic Non-squamous Non-small-cell Lung Cancer (NSQ NSCLC); NCT06784791[PHASE2] Preoperative Amivantamab or Amivantamab and Carboplatin/Pemetrexed Treatment in Patients With Resectable Non-small-cell Lung Cancer Harboring Oncogenic EGFR Mutations (NEOpredict-EGFR); NCT07100080[PHASE2|PHASE3] Study of Izalontamab Brengitecan (BMS-986507) Versus Platinum-Pemetrexed for EGFR-mutated Non-small Cell Lung Cancer After Failure of EGFR TKI Therapy (IZABRIGHT-Lung01); NCT07771764[PHASE2] A Multicenter Exploratory Clinical Study of Iruplaltinib Combined With Pemetrexed as Neoadjuvant Therapy for Resectable ALK-Positive Non-Squamous Non-Small Cell Lung Cancer"
"1201"	"43207"	"442"	"Alcoholism"	"D000437"	"474"	"ondansetron"	"DB00904"	"3672"	"HTR3A"	"3359"	"strict_phase2_3_disease_directed_title"	"NCT00000443[PHASE2] Ondansetron Treatment for Alcoholism; NCT00027079[PHASE2] Combined Pharmacotherapies for Alcoholism (Naltrexone/Ondansetron); NCT02354703[PHASE2] Pharmacogenetic Study of Ondansetron in Alcohol Use Disorder"
"1203"	"2404"	"83"	"Lung Neoplasms"	"D008175"	"708"	"sunitinib"	"DB01268"	"75"	"FGFR1"	"2260"	"strict_phase2_3_disease_directed_title"	"NCT00265317[PHASE2] A Study In Patients With Non-Small Cell Lung Cancer Testing If Erlotinib Plus SU011248 (Sunitinib) Is Better Than Erlotinib Alone; NCT00434226[PHASE2] A Study of Sunitinib in Combination With Bevacizumab, Carboplatin, and Paclitaxel in Patients With Advanced Non-Small Cell Lung Cancer (SABRE-L); NCT00620347[PHASE2] Sunitinib as a Second-line Treatment for Patients With Recurrent Small Cell Lung Cancer; NCT00693992[PHASE3] Sunitinib Malate as Maintenance Therapy in Treating Patients With Stage III or Stage IV Non-Small Cell Lung Cancer Previously Treated With Combination Chemotherapy; NCT00695292[PHASE2] Irinotecan, Carboplatin, and Sunitinib in First Line Extensive-Stage Small Cell Lung Cancer; NCT00698815[PHASE2] Pemetrexed and/or Sunitinib as Second-Line Therapy in Treating Patients With Stage IIIB or Stage IV Non-small Cell Lung Cancer; NCT00748163[PHASE2] Paclitaxel Albumin-Stabilized Nanoparticle Formulation and Sunitinib as First-Line Therapy in Treating Patients With Stage IV Non-Small Cell Lung Cancer; NCT00953459[PHASE2] Sunitinib Malate in Treating Patients With Small Cell Lung Cancer; NCT01019798[PHASE2] Salvage Therapy With Sunitinib,Docetaxel and Platinum on Metastatic or Unresectable Non Small Cell Lung Cancer"
"1206"	"2458"	"83"	"Lung Neoplasms"	"D008175"	"898"	"regorafenib"	"DB08896"	"75"	"FGFR1"	"2260"	"strict_phase2_3_disease_directed_title"	"NCT03520842[PHASE2] Regorafenib and Methotrexate in Treating Participants With Recurrent or Metastatic KRAS Mutated Non-Small Cell Lung Cancer"
"1209"	"7718"	"219"	"Melanoma"	"D008545"	"774"	"vorinostat"	"DB02546"	"427"	"HDAC2"	"3066"	"strict_phase2_3_disease_directed_title"	"NCT00121225[PHASE2] Vorinostat in Treating Patients With Metastatic or Unresectable Melanoma; NCT01587352[PHASE2] Vorinostat in Treating Patients With Metastatic Melanoma of the Eye; NCT02836548[PHASE1|PHASE2] HDAC Inhibitor Vorinostat in Resistant BRAF V600 Mutated Advanced Melanoma"
"1211"	"20487"	"588"	"Adenocarcinoma"	"D000230"	"680"	"paclitaxel"	"DB01229"	"1452"	"NR1I2"	"8856"	"strict_phase2_3_disease_directed_title"	"NCT00201734[PHASE1|PHASE2] Capecitabine, Carboplatin and Weekly Paclitaxel for Patients With Solid Tumors and Adenocarcinoma of Unknown Primary; NCT01182610[PHASE2] Panitumumab, Paclitaxel, Carboplatin and 5FU in the Treatment of Potentially Resectable Gastroesophageal Adenocarcinoma; NCT01431794[PHASE1|PHASE2] Gemcitabine + Nab-paclitaxel With LDE-225 (Hedgehog Inhibitor) as Neoadjuvant Therapy for Pancreatic Adenocarcinoma; NCT01578551[PHASE2] Study of Metformin Plus Paclitaxel/Carboplatin/Bevacizumab in Patients With Adenocarcinoma.; NCT01971281[PHASE1|PHASE2] Safety Feasibility and Effect of TTFields (150 kHz) Concomitant With Gemcitabine or Concomitant With Gemcitabine Plus Nab-paclitaxel for Front-line Therapy of Advanced Pancreatic Adenocarcinoma (PANOVA); NCT02101021[PHASE3] Gemcitabine and Nab-paclitaxel Combined With Momelotinib in Participants With Previously Untreated Metastatic Pancreatic Ductal Adenocarcinoma; NCT02370498[PHASE3] A Study of Pembrolizumab (MK-3475) Versus Paclitaxel for Participants With Advanced Gastric/Gastroesophageal Junction Adenocarcinoma That Progressed After Therapy With Platinum and Fluoropyrimidine (MK-3475-061/KEYNOTE-061); NCT02436668[PHASE3] Study of Ibrutinib vs Placebo, in Combination With Nab-paclitaxel and Gemcitabine, in the First Line Treatment of Patients With Metastatic Pancreatic Adenocarcinoma (RESOLVE); NCT02448329[PHASE2] Study of AZD1775 in Combination With Paclitaxel, in Advanced Gastric Adenocarcinoma Patients Harboring TP53 Mutation as a Second-line Chemotherapy; NCT02449655[PHASE2] Trial of AZD5363 Plus Paclitaxel /AZD2014 Plus Paclitaxel in Biomarker Negative (PIK3CA/MEK/RAS/TP53/MET) Gastric Adenocarcinoma Patients as Second-line Chemotherapy; NCT02487277[PHASE2] PEGPH20, Gemicitabine and Nab-Paclitaxel for Pancreatic Ductal Adenocarcinoma; NCT02504333[PHASE1|PHASE2] Phase I/II Study of Nab-paclitaxel and Gemcitabine Followed by AG-mFOLFOX in Patients With Metastatic Pancreatic Adenocarcinoma; NCT02615730[PHASE1|PHASE2] PI3Kβ Selective Inhibitor With Paclitaxel, Advanced Gastric Adenocarcinoma; NCT02628951[PHASE2] Ramucirumab/Paclitaxel as Second-line Treatment in Metastatic Gastric or Gastroesophageal Junction Adenocarcinoma With Integrative Genomic Analysis; NCT02879318[PHASE2] Gemcitabine and Nab-Paclitaxel vs Gemcitabine, Nab-Paclitaxel, Durvalumab and Tremelimumab as 1st Line Therapy in Metastatic Pancreatic Adenocarcinoma; NCT03019588[PHASE3] Efficacy and Safety Study of Pembrolizumab (MK-3475) Versus Paclitaxel in Asian Participants With Advanced Gastric or Gastroesophageal Junction Adenocarcinoma Who Progressed After First-line Therapy With Platinum and Fluoropyrimidine (MK-3475-063/KEYNOTE-063); NCT03083613[PHASE2] Raltitrexed and Paclitaxel for Gastric or Gastroesophageal Junction Adenocarcinoma; NCT03214250[PHASE1|PHASE2] Safety and Efficacy of APX005M With Gemcitabine and Nab-Paclitaxel With or Without Nivolumab in Patients With Previously Untreated Metastatic Pancreatic Adenocarcinoma; NCT03377491[PHASE3] Effect of Tumor Treating Fields (TTFields, 150 kHz) as Front-Line Treatment of Locally-advanced Pancreatic Adenocarcinoma Concomitant With Gemcitabine and Nab-paclitaxel (PANOVA-3); NCT03496662[PHASE1|PHASE2] BMS-813160 With Nivolumab and Gemcitabine and Nab-paclitaxel in Borderline Resectable and Locally Advanced Pancreatic Ductal Adenocarcinoma (PDAC); NCT03915444[PHASE2] Nab-Paclitaxel + Cisplatin + Gemcitabine in Untreated Metastatic Pancreatic Adenocarcinoma; NCT03943667[PHASE3] Gemcitabine and Paclitaxel vs Gemcitabine Alone After FOLFIRINOX Failure in Metastatic Pancreatic Ductal Adenocarcinoma; NCT03966118[PHASE2] Avelumab + Paclitaxel/ Ramucirumab (RAP) as Second Line Treatment in Gastro-esophageal Adenocarcinoma; NCT04034251[PHASE2] Intraperitoneal and Intravenous Paclitaxel Chemotherapy With Oral Capecitabine for Gastric Adenocarcinoma With Peritoneal Carcinomatosis; NCT04140318[PHASE2] Sintilimab and Nab-paclitaxel in Second-line Treatment of Advanced Gastric or Gastro-oesophageal Junction Adenocarcinoma; NCT04209686[PHASE2] Paclitaxel, Pembrolizumab and Olaparib in Previously Treated Advanced Gastric Adenocarcinoma; NCT04329949[PHASE3] Study of Relacorilant in Combination With Nab-Paclitaxel in Patients With Metastatic Pancreatic Ductal Adenocarcinoma; NCT04604132[PHASE1|PHASE2] Derazantinib Alone or in Combination With Paclitaxel, Ramucirumab or Atezolizumab in Gastric Adenocarcinoma; NCT05042128[PHASE2] The ASCEND Study: Gemcitabine and Nab-Paclitaxel With LSTA1 (Certepetide) or Placebo in Patients With Untreated Metastatic Pancreatic Ductal Adenocarcinoma; NCT05624918[PHASE2] A Study of NovoTTF-200T(P) in Combination With Gemcitabine and Nab-Paclitaxel for Resectable Pancreatic Adenocarcinoma; NCT05821556[PHASE2] Valproic Acid/Simvastatin Plus Gemcitabine/Nab-paclitaxel Based Regimens in Untreated Metastatic Pancreatic Adenocarcinoma Patients; NCT05977998[PHASE2] A Phase II Study of Perioperative Paclitaxel in Patients With Gastric Adenocarcinoma and Carcinomatosis or Positive Cytology; NCT05978050[PHASE3] Nimotuzumab Combined With Paclitaxel for Recurrent Metastatic Gastric or Esophagogastric Junction Adenocarcinoma; NCT06030934[PHASE2] Study of The Second-line Treatment of Advanced Gastric / Gastroesophageal Junction Adenocarcinoma With Envafolimab and Lenvatinib Combined With Paclitaxel-albumin; NCT06043427[PHASE2] Paclitaxel and Ramucirumab +/- Zanidatamab in HER2 Postive Advanced Gastroesophageal Adenocarcinoma; NCT06118645[PHASE2] Cadonilimab+ Paclitaxel (Albumin-bound) Treat Advanced Gastric Adenocarcinoma With PD-(L)1 Inhibitors Resistance; NCT06199895[PHASE2] Clinical Efficacy and Safety of Paclitaxel Polymeric Micelles for Injection in the Treatment of Patients With Taxans-resistant Pancreatic Adenocarcinoma, Cholangiocarcinoma, Lung Cancer, Gastric Cancer, Esophageal Carcinoma, or Breast Cancer; NCT06207305[PHASE1|PHASE2] A Phase I/II Study of Intraperitoneal Paclitaxel in Patients With Metastatic Appendiceal Adenocarcinoma; NCT06241469[PHASE2] Efficacy and Safety of Sintilimab Combined With Nab-paclitaxel and Tegio (aTS) as First-line Treatment of Unresectable Locally Advanced, Recurrent or Metastatic Adenocarcinoma of Gastric and Gastroesophageal Junction，a Phase II Clinical Study; NCT06341335[PHASE3] A Study of AK104/Placebo Plus AK109/Placebo And Paclitaxel in Gastric or Gastroesophageal Junction Adenocarcinoma; NCT06390059[PHASE2] EF-39 PANOVA-4: Study of Tumor Treating Fields Concomitant With Atezolizumab, Gemcitabine and Nab-Paclitaxel as First-LineTreatment for Metastatic Pancreatic Ductal Adenocarcinoma; NCT06398587[PHASE2] Onvansertib in Combination With Gemcitabine and Nab-paclitaxel for the Treatment of Patients With Locally-advanced, Unresectable, or Metastatic Pancreatic Ductal Adenocarcinoma; NCT06406426[PHASE2] Study of The Second-line Treatment of Advanced Gastric / Gastroesophageal Junction Adenocarcinoma With Cadonilimab and Fruquintinib Combined With Paclitaxel-albumin; NCT06415669[PHASE2] A Study of Paclitaxel Combined With Apatinib and Adebrelimab in Gastric/Gastroesophageal Junction Adenocarcinoma; NCT06654011[PHASE2] IN10018 With Nab-Paclitaxel and Cadonilimab for Metastatic or Recurrent Gastric-Type Cervical Adenocarcinoma: Phase 2 Trial; NCT06904378[PHASE1|PHASE2] ONT01 and Gemcitabine/Nab-paclitaxel as Second Line Therapy for Metastatic Pancreatic Ductal Adenocarcinoma; NCT07076212[PHASE2] Evaluating NALIRIFOX vs Modified Gemcitabine, Nab-Paclitaxel and Cisplatin in Patients With Locally Advanced and Metastatic Pancreatic Adenocarcinoma; NCT07226856[PHASE2] BMS-986340 in Combination With Nivolumab, Gemcitabine and Nab-paclitaxel for the Treatment of Metastatic and Recurrent Pancreatic Adenocarcinoma; NCT07259317[PHASE2] Relacorilant With Nab-Paclitaxel and Gemcitabine in Patients With Metastatic Pancreatic Adenocarcinoma; NCT07362186[PHASE3] LM-108 in Combination With Toripalimab Versus Paclitaxel Injection for the Treatment of Subjects With CCR8-Positive Gastric and Gastroesophageal Junction Adenocarcinoma; NCT07445295[PHASE3] Chiauranib Plus PD-1 Inhibitor, Albumin-paclitaxel and Gemcitabine in Patients With Metastatic Pancreatic Ductal Adenocarcinoma; NCT07556640[PHASE2] LM-302 and S-1 Plus Intraperitoneal Paclitaxel With or Without Cadonilimab for Claudin 18.2-positive Gastric or Gastroesophageal Junction Adenocarcinoma With Peritoneal Metastasis: a Prospective, Exploratory Study"
"1213"	"20503"	"588"	"Adenocarcinoma"	"D000230"	"695"	"docetaxel"	"DB01248"	"1452"	"NR1I2"	"8856"	"strict_phase2_3_disease_directed_title"	"NCT00515411[PHASE2] Study of Modified Docetaxel, Cisplatin, and Fluorouracil (mDCF) in Unresectable or Metastatic Gastric and Gastroesophageal Junction Adenocarcinoma; NCT01379807[PHASE2] Efficacy and Safety of Panitumumab Combined With Docetaxel and Cisplatin as a First-line Treatment of Advanced Gastric or Gastroesophageal Junction Adenocarcinoma; NCT01561456[PHASE2] Study of AXL1717 Compared to Docetaxel to Treat Squamous Cell Carcinoma or Adenocarcinoma of the Lung; NCT01639131[PHASE2] Gemcitabine and Docetaxel in Patients With Relapsed or Refractory Metastatic Colorectal Adenocarcinoma; NCT01932580[PHASE2] Pilot Study of Perioperative Docetaxel, Oxaliplatin, and 5-Fluorouracil (FLOT) in Gastroesophageal Adenocarcinoma; NCT02447380[PHASE2] Study of AZD6094 (Volitinib) in Combination With Docetaxel, in Advanced Gastric Adenocarcinoma Patients With MET Overexpression as a Second-line Treatment; NCT02448290[PHASE2] Single-arm Study of Selumetinib in Combination With Docetaxel, in Advanced Gastric Adenocarcinoma Patients With Low/High MEK Signature, RAS Mutation or RAS Amplification as a Second-line Chemotherapy; NCT04586543[PHASE2] Clinical Trial of Selegiline Plus Docetaxel for the Treatment of Metastatic, Castrate-resistant Prostate Adenocarcinoma; NCT05943795[PHASE3] A Clinical Study of SI-B001 Combined With Docetaxel in the Treatment of Non-small Cell Lung Adenocarcinoma and Lung Squamous Cell Carcinoma; NCT06947291[PHASE2] Safety and Efficacy of Glumetinib Combined With Docetaxel for Injection (Albumin-bound) in Patients With Advanced Gastric Cancer/Gastroesophageal Junction Adenocarcinoma and Other Solid Tumors"
"1223"	"5533"	"4"	"Infertility"	"D007246"	"333"	"tamoxifen"	"DB00675"	"262"	"AR"	"367"	"strict_phase2_3_disease_directed_title"	"NCT05200663[PHASE2] Efficacy Comparison of Tamoxifen and Tamoxifen With Antioxidants on Semen Quality of Male With Idiopathic Infertility"
"1226"	"20912"	"442"	"Alcoholism"	"D000437"	"816"	"acetylcysteine"	"DB06151"	"1478"	"GRIN2B"	"2904"	"strict_phase2_3_disease_directed_title"	"NCT03707951[PHASE2] N-Acetylcysteine for Adolescent Alcohol Use Disorder"
"1227"	"3992"	"219"	"Melanoma"	"D008545"	"898"	"regorafenib"	"DB08896"	"159"	"FLT1"	"2321"	"strict_phase2_3_disease_directed_title"	"NCT02501551[PHASE2] Regorafenib, C-kit Mutated Malignant Melanoma, 2nd Line Therapy; NCT02587650[PHASE2] Capmatinib, Ceritinib, Regorafenib, or Entrectinib in Treating Patients With BRAF/NRAS Wild-Type Stage III-IV Melanoma; NCT05370807[PHASE2] A Clinical Trial of Regorafenib in Patients With Pretreated Advanced Melanoma"
"1234"	"44249"	"442"	"Alcoholism"	"D000437"	"816"	"acetylcysteine"	"DB06151"	"3805"	""	"2903"	"strict_phase2_3_disease_directed_title"	"NCT03707951[PHASE2] N-Acetylcysteine for Adolescent Alcohol Use Disorder"
"1235"	"3339"	"334"	"Leukemia"	"D007938"	"891"	"ruxolitinib"	"DB08877"	"112"	"JAK2"	"3717"	"strict_phase2_3_disease_directed_title"	"NCT01251965[PHASE1|PHASE2] Phase l/II Study of Ruxolitinib for Acute Leukemia; NCT01712659[PHASE1|PHASE2] Ruxolitinib for Adult T-Cell Leukemia; NCT02015208[PHASE1|PHASE2] Ruxolitinib in the Treatment of Chronic Lymphocytic Leukemia; NCT02092324[PHASE2] Ruxolitinib Phosphate in Treating Patients With Chronic Neutrophilic Leukemia or Atypical Chronic Myeloid Leukemia; NCT02257138[PHASE1|PHASE2] Ruxolitinib Phosphate and Decitabine in Treating Patients With Relapsed or Refractory or Post Myeloproliferative Acute Myeloid Leukemia; NCT02723994[PHASE2] A Phase 2 Study of Ruxolitinib With Chemotherapy in Children With Acute Lymphoblastic Leukemia; NCT02912754[PHASE1|PHASE2] Ruxolitinib Combined With Ibrutinib in Chronic Lymphocytic Leukemia Patients; NCT03041636[PHASE2] Ruxolitinib Phosphate in Treating Patients With Previously Untreated Chronic Lymphocytic Leukemia/Small Lymphocytic Lymphoma; NCT03558607[PHASE1|PHASE2] The Role of Ruxolitinib in Secondary Acute Myelogenous Leukemia Evolving From Myeloproliferative Neoplasm; NCT03654768[PHASE2] Testing the Addition of Ruxolitinib to the Usual Treatment (Tyrosine Kinase Inhibitors) for Chronic Myeloid Leukemia; NCT03722407[PHASE2] Ruxolitinib for the Treatment of Chronic Myelomonocytic Leukemia (CMML): A Phase 2 Expansion; NCT05592015[PHASE2] Ruxolitinib for the Treatment of T-Cell Large Granular Lymphocytic Leukemia; NCT07311746[PHASE1|PHASE2] Phase Ib/II Trial of Cladribine/Ruxolitinib/Venetoclax in Patients With Relapsed/Refractory T-cell Prolymphocytic Leukemia"
"1236"	"40862"	"190"	"Schizophrenia"	"D012559"	"99"	"atomoxetine"	"DB00289"	"3333"	"GRIN2D"	"2906"	"strict_phase2_3_disease_directed_title"	"NCT00216281[PHASE3] Efficacy and Safety Study of Clozapine Augmented by Atomoxetine Versus Clozapine Augmented by Placebo in Patients With Chronic Resistant Schizophrenia; NCT00420498[PHASE2] Effects of Atomoxetine on Cognitive Function in Schizophrenia"
"1239"	"7724"	"219"	"Melanoma"	"D008545"	"803"	"belinostat"	"DB05015"	"427"	"HDAC2"	"3066"	"strict_phase2_3_disease_directed_title"	"NCT05170334[PHASE2] Binimetinib Plus Belinostat for Subjects With Metastatic Uveal Melanoma"
"1243"	"1138"	"8"	"Ovarian Neoplasms"	"D010051"	"240"	"erlotinib"	"DB00530"	"55"	"EGFR"	"1956"	"strict_phase2_3_disease_directed_title"	"NCT00130520[PHASE2] Bevacizumab and Erlotinib Study in Advanced Ovarian Cancer; NCT00263822[PHASE3] Erlotinib or Observation in Treating Patients Who Have Undergone First-Line Chemotherapy for Ovarian Cancer, Peritoneal Cancer, or Fallopian Tube Cancer; NCT01003938[PHASE2] Topotecan With Erlotinib for Topotecan Pretreated Ovarian Cancer"
"1244"	"22238"	"250"	"Head and Neck Neoplasms"	"D006258"	"809"	"vandetanib"	"DB05294"	"1540"	"VEGFA"	"7422"	"strict_phase2_3_disease_directed_title"	"NCT00720083[PHASE2] Chemotherapy and Radiation Therapy (RT) With or Without Vandetanib in Treating Patients With High-Risk Stage III or Stage IV Head and Neck Cancer"
"1247"	"3523"	"588"	"Adenocarcinoma"	"D000230"	"695"	"docetaxel"	"DB01248"	"119"	"BCL2"	"596"	"strict_phase2_3_disease_directed_title"	"NCT00515411[PHASE2] Study of Modified Docetaxel, Cisplatin, and Fluorouracil (mDCF) in Unresectable or Metastatic Gastric and Gastroesophageal Junction Adenocarcinoma; NCT01379807[PHASE2] Efficacy and Safety of Panitumumab Combined With Docetaxel and Cisplatin as a First-line Treatment of Advanced Gastric or Gastroesophageal Junction Adenocarcinoma; NCT01561456[PHASE2] Study of AXL1717 Compared to Docetaxel to Treat Squamous Cell Carcinoma or Adenocarcinoma of the Lung; NCT01639131[PHASE2] Gemcitabine and Docetaxel in Patients With Relapsed or Refractory Metastatic Colorectal Adenocarcinoma; NCT01932580[PHASE2] Pilot Study of Perioperative Docetaxel, Oxaliplatin, and 5-Fluorouracil (FLOT) in Gastroesophageal Adenocarcinoma; NCT02447380[PHASE2] Study of AZD6094 (Volitinib) in Combination With Docetaxel, in Advanced Gastric Adenocarcinoma Patients With MET Overexpression as a Second-line Treatment; NCT02448290[PHASE2] Single-arm Study of Selumetinib in Combination With Docetaxel, in Advanced Gastric Adenocarcinoma Patients With Low/High MEK Signature, RAS Mutation or RAS Amplification as a Second-line Chemotherapy; NCT04586543[PHASE2] Clinical Trial of Selegiline Plus Docetaxel for the Treatment of Metastatic, Castrate-resistant Prostate Adenocarcinoma; NCT05943795[PHASE3] A Clinical Study of SI-B001 Combined With Docetaxel in the Treatment of Non-small Cell Lung Adenocarcinoma and Lung Squamous Cell Carcinoma; NCT06947291[PHASE2] Safety and Efficacy of Glumetinib Combined With Docetaxel for Injection (Albumin-bound) in Patients With Advanced Gastric Cancer/Gastroesophageal Junction Adenocarcinoma and Other Solid Tumors"
"1248"	"34291"	"190"	"Schizophrenia"	"D012559"	"99"	"atomoxetine"	"DB00289"	"2555"	"GRIN2C"	"2905"	"strict_phase2_3_disease_directed_title"	"NCT00216281[PHASE3] Efficacy and Safety Study of Clozapine Augmented by Atomoxetine Versus Clozapine Augmented by Placebo in Patients With Chronic Resistant Schizophrenia; NCT00420498[PHASE2] Effects of Atomoxetine on Cognitive Function in Schizophrenia"
"1252"	"35963"	"264"	"Carcinoma, Non-Small-Cell Lung"	"D002289"	"218"	"celecoxib"	"DB00482"	"2791"	"ABCB1"	"5243"	"strict_phase2_3_disease_directed_title"	"NCT00062101[PHASE2] Erlotinib and Celecoxib in Treating Patients With Stage IIIB or Stage IV Recurrent Non-Small Cell Lung Cancer; NCT00300729[PHASE3] Effect of Celecoxib on Survival in Patients With Advanced Non-Small Cell Lung Cancer Receiving Chemotherapy; NCT00499655[PHASE2] Erlotinib Hydrochloride With or Without Celecoxib in Treating Patients With Stage IIIB-IV Non-Small Cell Lung Cancer"
"1256"	"15462"	"252"	"Sarcoma"	"D012509"	"926"	"lenvatinib"	"DB09078"	"1193"	"KIT"	"3815"	"strict_phase2_3_disease_directed_title"	"NCT02432274[PHASE1|PHASE2] Study of Lenvatinib in Children and Adolescents With Refractory or Relapsed Solid Malignancies and Young Adults With Osteosarcoma; NCT03526679[PHASE1|PHASE2] Lenvatinib and Eribulin in Advanced Soft Tissue Sarcoma; NCT04154189[PHASE2] A Study to Compare the Efficacy and Safety of Ifosfamide and Etoposide With or Without Lenvatinib in Children, Adolescents and Young Adults With Relapsed and Refractory Osteosarcoma; NCT04784247[PHASE2] Lenvatinib and Pembrolizumab in People With Advanced Soft Tissue Sarcoma; NCT05846724[PHASE2] Pembrolizumab Plus Lenvatinib in Previously Treated Classic Kaposi Sarcoma"
"1257"	"9418"	"359"	"Pheochromocytoma"	"D010673"	"1043"	"fostamatinib"	"DB12010"	"806"	"RET"	"5979"	"strict_phase2_3_disease_directed_title"	"NCT00923481[PHASE2] A Broad Multi-histology Phase II Study of the Multi-Kinase Inhibitor R935788 (Fostamatinib Disodium) in Advanced Colorectal, Non-small Cell Lung, Head and Neck Hepatocellular and Renal Cell Carcinomas, and Pheochromocytoma and Thyroid Tumors (Multi-H..."
"1269"	"18023"	"48"	"Anxiety"	"D001007"	"146"	"mirtazapine"	"DB00370"	"1406"	"DRD2"	"1813"	"strict_phase2_3_disease_directed_title"	"NCT06530290[PHASE2] Evaluating the Effect of Mirtazapine on Anxiety in Parkinson's Disease Patients"
"1275"	"36911"	"29"	"Pancreatic Neoplasms"	"D010190"	"314"	"leucovorin"	"DB00650"	"2912"	"TYMS"	"7298"	"strict_phase2_3_disease_directed_title"	"NCT01050426[PHASE2] A Clinical Study of UFT/Leucovorin, Radiotherapy With or Without Cetuximab Following Induction Gemcitabine Plus Capecitabine in Patients With Locally Advanced Pancreatic Cancer (PERU); NCT04233866[PHASE2] Comparing Two Treatment Combinations, Gemcitabine and Nab-Paclitaxel With 5-Fluorouracil, Leucovorin, and Liposomal Irinotecan for Older Patients With Pancreatic Cancer That Has Spread"
"1283"	"15352"	"252"	"Sarcoma"	"D012509"	"708"	"sunitinib"	"DB01268"	"1193"	"KIT"	"3815"	"strict_phase2_3_disease_directed_title"	"NCT00378911[PHASE2] Sunitinib in Treating Patients With Recurrent or Persistent Leiomyosarcoma of the Uterus; NCT00400569[PHASE2] Phase II Study of Sunitinib Malate for Metastatic and/or Surgically Unresectable Soft Tissue Sarcoma; NCT00474994[PHASE2] Sunitinib in Treating Patients With Metastatic, Locally Advanced, or Locally Recurrent Sarcomas; NCT00521092[PHASE2] Sunitinib Malate in Treating East African Patients With Kaposi Sarcoma; NCT00753727[PHASE1|PHASE2] Sunitinib and Radiation in Patients With Resectable Soft-tissue Sarcoma; NCT00859456[PHASE2] Sunitinib in Certain Subtypes of Soft Tissue Sarcomas; NCT01391962[PHASE2] Sunitinib or Cediranib for Alveolar Soft Part Sarcoma; NCT03277924[PHASE1|PHASE2] Trial of Sunitinib and/or Nivolumab Plus Chemotherapy in Advanced Soft Tissue and Bone Sarcomas; NCT03641326[PHASE2] Sunitinib in Sarcomas of the Central Nervous System; NCT07477457[PHASE2] A Study of Gefitinib, Trametinib, Disulfiram, and Sunitinib in Addition to Standard Chemotherapy in People With Osteosarcoma"
"1287"	"3494"	"370"	"Esophageal Neoplasms"	"D004938"	"680"	"paclitaxel"	"DB01229"	"119"	"BCL2"	"596"	"strict_phase2_3_disease_directed_title"	"NCT00005599[PHASE2] Bryostatin 1 Plus Paclitaxel in Treating Patients With Locally Advanced or Metastatic Esophageal Cancer or Stomach Cancer; NCT00006245[PHASE2] Flavopiridol and Paclitaxel in Treating Patients With Locally Advanced or Metastatic Esophageal Cancer That Has Not Responded to Previous Paclitaxel; NCT00154804[PHASE2] CCRT With Twice Weekly Paclitaxel and Cisplatin Followed by Surgery for Locally Advanced Esophageal Cancer; NCT00344552[PHASE2] Phase II Study of Weekly Paclitaxel (BMS-181339)in Patients With Advanced or Recurrent Esophageal Cancer; NCT00453323[PHASE2] Paclitaxel and Capecitabine in Patients With Metastatic/Recurrence Esophageal Cancer; NCT00655876[PHASE3] Paclitaxel, Cisplatin, and Radiation Therapy With or Without Cetuximab in Treating Patients With Locally Advanced Esophageal Cancer; NCT00686114[PHASE3] Concurrent Chemoradiotherapy Containing Paclitaxel&Cisplatin With/Without Tarceva in Locally Advanced Esophageal Cancer; NCT00971841[PHASE2] Rollover Study of Weekly Paclitaxel (BMS-181339) in Patients With Advanced or Recurrent Esophageal Cancer; NCT01034189[PHASE2] Cetuximab/Paclitaxel/Cisplatin Concurrent Chemoradiotherapy Followed by Esophagectomy for Loco-regional Esophageal Cancer; NCT01142388[PHASE2] Paclitaxel With or Without Cixutumumab as Second-Line Therapy in Treating Patients With Metastatic Esophageal Cancer or Gastroesophageal Junction Cancer; NCT01196390[PHASE3] Radiation Therapy, Paclitaxel, and Carboplatin With or Without Trastuzumab in Treating Patients With Esophageal Cancer; NCT01444547[PHASE2] A Study on Predictive Value of ERCC1 in Esophageal Cancer Patients Treated With Paclitaxel and Cisplatin; NCT01704690[PHASE2|PHASE3] Combination Treatment of S-1 With Paclitaxel in Advanced Esophageal Cancer; NCT01998347[PHASE3] Paclitaxel Liposome and Cisplatin as First-line Chemotherapy in Patients With Metastatic Esophageal Cancer; NCT05013697[PHASE2] TQB2450 Solution for Injection (TQB2450)+Paclitaxel+Cisplatin ± Anlotinib in the Treatment of Esophageal Cancer."
"1290"	"19787"	"29"	"Pancreatic Neoplasms"	"D010190"	"547"	"minocycline"	"DB01017"	"1421"	"MMP9"	"4318"	"strict_phase2_3_disease_directed_title"	"NCT01693523[PHASE2] Minocycline Study in Pancreatic Cancer Patients"
"1293"	"15294"	"409"	"Gastrointestinal Stromal Tumors"	"D046152"	"165"	"sorafenib"	"DB00398"	"1193"	"KIT"	"3815"	"strict_phase2_3_disease_directed_title"	"NCT00265798[PHASE2] Sorafenib in Treating Patients With Malignant Gastrointestinal Stromal Tumor That Progressed During or After Previous Treatment With Imatinib Mesylate and Sunitinib Malate"
"1297"	"36876"	"250"	"Head and Neck Neoplasms"	"D006258"	"193"	"gemcitabine"	"DB00441"	"2912"	"TYMS"	"7298"	"strict_phase2_3_disease_directed_title"	"NCT00003264[PHASE2] Cisplatin Plus Gemcitabine in Treating Patients With Advanced Squamous Cell Head and Neck Cancer; NCT00100789[PHASE2] S0329, Gemcitabine and Paclitaxel in Treating Patients With Persistent, Recurrent, or Metastatic Head and Neck Cancer; NCT00248560[PHASE2] Gemcitabine and Docetaxel in Treating Patients With Persistent, Recurrent, or Metastatic Head and Neck Cancer; NCT00394147[PHASE2] Pemetrexed and Gemcitabine in Patients With Advanced Head and Neck Cancer; NCT00509665[PHASE2] Gemcitabine and Doxorubicin in Treating Patients With Recurrent or Progressive Head and Neck Cancer; NCT00589667[PHASE2] A Phase II Study of Pemetrexed Plus Gemcitabine for Metastatic/Recurrent Head and Neck Cancer (HNSCC)"
"1298"	"8805"	"83"	"Lung Neoplasms"	"D008175"	"165"	"sorafenib"	"DB00398"	"732"	"PDGFRB"	"5159"	"strict_phase2_3_disease_directed_title"	"NCT00064350[PHASE2] Sorafenib in Treating Patients With Refractory Non-Small Cell Lung Cancer; NCT00098540[PHASE2] Sorafenib in Treating Patients With Stage IIIB or Stage IV Non-Small Cell Lung Cancer; NCT00182689[PHASE2] Sorafenib in Treating Patients With Extensive Stage Small Cell Lung Cancer; NCT00417248[PHASE1|PHASE2] Cisplatin/Etoposide/Radiotherapy Followed by Consolidation Sorafenib for Inoperable Stage III Non-Small Cell Lung Cancer; NCT00454194[PHASE2] Pemetrexed Disodium With or Without Sorafenib as Second-Line Therapy in Treating Patients With Stage IIIB or Stage IV Non-Small Cell Lung Cancer; NCT00473486[PHASE1|PHASE2] Study in Patients With Advanced Non-Small Cell Lung Cancer Treated With Pemetrexed and Carboplatin Plus or Minus Sorafenib; NCT00547443[PHASE1|PHASE2] Sorafenib and High-Dose Carboplatin, Paclitaxel, and External-Beam Radiation Therapy in Treating Patients With Stage III Non-Small Cell Lung Cancer; NCT00558636[PHASE3] A Trial Comparing Safety and Efficacy of Carboplatin and Paclitaxel Plus or Minus Sorafenib (BAY43-9006) in Chemonaive Patients With Stage IIIB-IV Non-Small Cell Lung Cancer (NSCLC); NCT00600015[PHASE2] Sorafenib/Erlotinib Versus Erlotinib Alone in Previously Treated Advanced Non-Small-Cell Lung Cancer (NSCLC); NCT00609804[PHASE2] Sorafenib and Erlotinib or Sorafenib Alone in Advanced Non-Small Cell Lung Cancer Progressing on Erlotinib; NCT00722969[PHASE2] Erlotinib and Sorafenib in Chemonaive Patients With Locally Advanced or Metastatic Non Small Cell Lung Cancer; NCT00726986[PHASE2] Sorafenib, Cisplatin, and Etoposide in Treating Patients With Extensive-Stage Small Cell Lung Cancer; NCT00754923[PHASE2] Sorafenib in Treating Non-Smokers or Former Light Smokers With Relapsed or Refractory Stage IIIB or Stage IV Non-Small Cell Lung Cancer; NCT00801385[PHASE2] Sorafenib and Erlotinib in Treating Patients With Stage IIIB or Stage IV Non-Small Cell Lung Cancer That Has Not Responded to Chemotherapy; NCT00922584[PHASE2] Sorafenib Treatment in Non-Small Cell Lung Cancer After Failure of Epidermal Growth Factor Receptor-tyrosine Kinase Inhibitor"
"1301"	"6040"	"539"	"Pseudohypoparathyroidism"	"D011547"	"88"	"Theophylline"	"DB00277"	"279"	"PDE4D"	"5144"	"strict_phase2_3_disease_directed_title"	"NCT02463409[PHASE2] Theophylline as a Treatment for Children With Pseudohypoparathyroidism Type 1a (Albright Hereditary Osteodystrophy); NCT03029429[PHASE2] Theophylline Treatment for Pseudohypoparathyroidism; NCT04240821[PHASE2] Theophylline for Treatment of Pseudohypoparathyroidism; NCT04551170[PHASE2] Theophylline Treatment for Pseudohypoparathyroidism - Children 2-12 Years Old"
"1302"	"18668"	"48"	"Anxiety"	"D001007"	"677"	"quetiapine"	"DB01224"	"1406"	"DRD2"	"1813"	"strict_phase2_3_disease_directed_title"	"NCT00215254[PHASE2|PHASE3] Quetiapine in Social Anxiety Disorder; NCT00302770[PHASE3] Efficacy of Quetiapine in Generalised Social Anxiety Disorder; NCT00329264[PHASE3] Safety & Efficacy Study of Quetiapine Fumarate (SEROQUEL®) vs. Placebo in Generalized Anxiety Disorder; NCT00329446[PHASE3] Safety & Efficacy Study of Quetiapine Fumarate (SEROQUEL®) vs. Placebo & Active Control in Generalized Anxiety Disorder"
"1307"	"36925"	"8"	"Ovarian Neoplasms"	"D010051"	"596"	"capecitabine"	"DB01101"	"2912"	"TYMS"	"7298"	"strict_phase2_3_disease_directed_title"	"NCT00403429[PHASE2] MITO-6: Capecitabine in Platinum Resistant Ovarian Cancer"
"1308"	"15402"	"409"	"Gastrointestinal Stromal Tumors"	"D046152"	"843"	"pazopanib"	"DB06589"	"1193"	"KIT"	"3815"	"strict_phase2_3_disease_directed_title"	"NCT01391611[PHASE2] Pazopanib in Imatinib Refractory or Intolerant Gastrointestinal Stromal Tumors (GIST); NCT01524848[PHASE2] Pazopanib in Advanced Gastrointestinal Stromal Tumors Refractory to Imatinib and Sunitinib; NCT02342600[PHASE2] SARC029: Trametinib and Pazopanib in Patients With GIST (Gastrointestinal Stromal Tumor)"
"1312"	"1167"	"83"	"Lung Neoplasms"	"D008175"	"809"	"vandetanib"	"DB05294"	"55"	"EGFR"	"1956"	"strict_phase2_3_disease_directed_title"	"NCT00687297[PHASE2] Study of Vandetanib Combined With Chemotherapy to Treat Advanced Non-small Cell Lung Cancer"
"1317"	"3971"	"219"	"Melanoma"	"D008545"	"708"	"sunitinib"	"DB01268"	"159"	"FLT1"	"2321"	"strict_phase2_3_disease_directed_title"	"NCT00462982[PHASE2] Sunitinib in Treating Patients With Brain Metastases Caused by Kidney Cancer or Melanoma; NCT00482911[PHASE2] Lenalidomide, Sunitinib, and Cyclophosphamide in Treating Patients With Stage IV Eye Melanoma; NCT00489944[PHASE2] Sunitinib, Tamoxifen, and Cisplatin in Treating Patients With High-Risk Ocular Melanoma; NCT01216657[PHASE2] Trial of Single Agent Sunitinib for Patients With Chemo-refractory Metastatic Melanoma; NCT01551459[PHASE2] A Phase II Study of Sunitinib Versus Dacarbazine in the Treatment of Patients With Metastatic Uveal Melanoma; NCT02068586[PHASE2] Sunitinib Malate or Valproic Acid in Preventing Metastasis in Patients With High-Risk Uveal Melanoma; NCT02400385[PHASE2] A Phase II Trial of Sunitinib and Nivolumab for KIT-mutated Advanced Melanoma"
"1320"	"43821"	"264"	"Carcinoma, Non-Small-Cell Lung"	"D002289"	"898"	"regorafenib"	"DB08896"	"3772"	"RAF1"	"5894"	"strict_phase2_3_disease_directed_title"	"NCT03520842[PHASE2] Regorafenib and Methotrexate in Treating Participants With Recurrent or Metastatic KRAS Mutated Non-Small Cell Lung Cancer"
"1327"	"2244"	"78"	"Acne Vulgaris"	"D000152"	"1118"	"zinc"	"DB01593"	"72"	"ESR1"	"2099"	"strict_phase2_3_disease_directed_title"	"NCT04899843[PHASE2] Effectiveness of Zinc Supplementation With Topical Retinoids in Acne Vulgaris Patients"
"1329"	"26212"	"25"	"Asthma"	"D001249"	"1138"	"L-Citrulline"	"DB00155"	"1939"	"NOS2"	"4843"	"strict_phase2_3_disease_directed_title"	"NCT05259904[PHASE2] Study to Improve Deployment Related Asthma by Using L-Citrulline Supplementation"
"1337"	"15287"	"252"	"Sarcoma"	"D012509"	"165"	"sorafenib"	"DB00398"	"1193"	"KIT"	"3815"	"strict_phase2_3_disease_directed_title"	"NCT00217620[PHASE2] S0505 Sorafenib in Treating Patients With Advanced Soft Tissue Sarcomas; NCT00245102[PHASE2] Sorafenib in Treating Patients With Metastatic, Locally Advanced, or Recurrent Sarcoma; NCT00330421[PHASE2] Sorafenib in Treating Patients With Soft Tissue Sarcomas (Extremity Sarcoma Closed to Entry as of 5/30/07); NCT00541840[PHASE1|PHASE2] Phase I-II Trial of Sorafenib in Combination With Ifosfamide in Soft Tissue Sarcoma; NCT00837148[PHASE2] Sorafenib and Dacarbazine in Soft Tissue Sarcoma; NCT00864032[PHASE1|PHASE2] Trial of Neoadjuvant Conformal Radiotherapy Plus Sorafenib for Patients With Soft Tissue Sarcoma of the Extremity and Body Wall; NCT00874874[PHASE2] Sorafenib in Treating Patients With Angiosarcoma That is Locally Advanced, Metastatic, or Unable to Be Removed by Surgery; NCT00880542[PHASE2] Sorafenib and Ifosfamide in Treating Patients With High-Grade Soft Tissue Sarcoma or Bone Sarcoma That Can Be Removed by Surgery; NCT00889057[PHASE2] Sorafenib in Relapsed High Grade Osteosarcoma; NCT01804374[PHASE2] Phase II Open Label, Non-randomized Study of Sorafenib and Everolimus in Relapsed and Non-resectable Osteosarcoma; NCT02050919[PHASE2] Sorafenib Tosylate, Combination Chemotherapy, Radiation Therapy, and Surgery in Treating Patients With High-Risk Stage IIB-IV Soft Tissue Sarcoma"
"1340"	"36627"	"442"	"Alcoholism"	"D000437"	"807"	"ibudilast"	"DB05266"	"2878"	"PDE4B"	"5142"	"strict_phase2_3_disease_directed_title"	"NCT03594435[PHASE2] Ibudilast for the Treatment of Alcohol Use Disorder; NCT05414240[PHASE2] Ibudilast for Treating Alcohol Use Disorder"
"1342"	"26127"	"83"	"Lung Neoplasms"	"D008175"	"684"	"dexamethasone"	"DB01234"	"1939"	"NOS2"	"4843"	"strict_phase2_3_disease_directed_title"	"NCT00403065[PHASE3] Dexamethasone and Supportive Care With or Without Whole-Brain Radiation Therapy in Treating Patients With Non-Small Cell Lung Cancer That Has Spread to the Brain and Cannot Be Removed By Surgery"
"1343"	"36919"	"265"	"Colorectal Neoplasms"	"D015179"	"314"	"leucovorin"	"DB00650"	"2912"	"TYMS"	"7298"	"strict_phase2_3_disease_directed_title"	"NCT00002842[PHASE2] Liver Resection and Floxuridine Plus Fluorouracil and Leucovorin in Treating Patients With Liver Metastases From Colorectal Cancer; NCT00004150[PHASE3] High-Dose Fluorouracil With or Without Leucovorin Compared With Standard Fluorouracil Plus Leucovorin Following Surgery in Treating Patients With Stage III Colon Cancer; NCT00004252[PHASE3] Leucovorin and Fluorouracil With or Without SU5416 in Treating Patients With Metastatic Colorectal Cancer; NCT00004860[PHASE2] Fluorouracil-Uracil and Leucovorin in Treating Elderly Patients With Metastatic Colorectal Cancer; NCT00004885[PHASE3] Fluorouracil and Leucovorin With or Without Irinotecan in Treating Patients With Metastatic Colorectal Cancer; NCT00004931[PHASE3] Fluorouracil Plus Leucovorin With or Without Oxaliplatin in Treating Patients With Stage II or Stage III Colon Cancer; NCT00005586[PHASE3] Leucovorin and Fluorouracil Compared With Observation in Treating Patients With Colorectal Cancer That Has Been Surgically Removed; NCT00009737[PHASE3] A Study of Xeloda (Capecitabine) Compared With 5-Fluorouracil in Combination With Low-Dose Leucovorin in Patients Who Have Undergone Surgery for Colon Cancer; NCT00016198[PHASE2] Fluorouracil and Leucovorin With or Without Oxaliplatin in Treating Patients With Recurrent Metastatic Colorectal Cancer; NCT00016952[PHASE2] Irinotecan or Fluorouracil Plus Leucovorin in Treating Patients With Previously Treated Metastatic Colorectal Cancer; NCT00026273[PHASE3] Fluorouracil and Leucovorin With or Without Irinotecan in Treating Patients Following Surgery for Stage III Colorectal Cancer; NCT00040391[PHASE2] A Trial of an Investigational Drug for the Prevention of Diarrhea Associated With Irinotecan/5FU/Leucovorin Chemotherapy in Previously Untreated Metastatic Colorectal Cancer; NCT00062426[PHASE3] Oxaliplatin and Bevacizumab (Avastin™) With Either Fluorouracil and Leucovorin or Capecitabine in Treating Patients With Advanced Colorectal Cancer; NCT00065117[PHASE2] Safety, Tolerability and Efficacy of ZD6126 in Combination With Oxaliplatin, 5-Fluorouracil and Leucovorin in Subjects With Metastatic Colorectal Cancer.; NCT00066846[PHASE2] Bevacizumab Plus Fluorouracil and Leucovorin in Treating Patients With Locally Advanced or Metastatic Stage IV Colorectal Cancer That Has Progressed After Standard Chemotherapy; NCT00072553[PHASE2] Celecoxib, Leucovorin, Fluorouracil, and Oxaliplatin in Treating Patients With Metastatic Colorectal Cancer; NCT00075595[PHASE2] Fluorouracil, Leucovorin, and Irinotecan in Treating Patients With Recurrent or Refractory Metastatic Unresectable Colorectal Cancer; NCT00080951[PHASE2] Irinotecan, Fluorouracil, Leucovorin, and Oxaliplatin as First-Line Therapy in Treating Patients With Metastatic Colorectal Cancer; NCT00091312[PHASE3] Fluorouracil and Irinotecan With or Without Leucovorin Compared With Observation in Treating Patients Who Have Undergone Surgery for Stage II Colon Cancer; NCT00096278[PHASE3] Fluorouracil, Leucovorin, and Oxaliplatin With or Without Bevacizumab in Treating Patients Who Have Undergone Surgery for Stage II or Stage III Colon Cancer; NCT00098787[PHASE2] Bevacizumab and Oxaliplatin Combined With Irinotecan or Leucovorin and Fluorouracil in Treating Patients With Metastatic or Recurrent Colorectal Cancer; NCT00205322[PHASE2] Oxaliplatin, 5-FU and Leucovorin in Combination With Oral Capecitabine for Metastatic Colorectal Cancer; NCT00209625[PHASE1|PHASE2] Phase I / II Study of Irinotecan (CPT-11) Combined With l-Leucovorin (l-LV) and 5-FU in Patients With Advanced Colorectal Cancer; NCT00217737[PHASE3] Oxaliplatin, Leucovorin, and Fluorouracil With or Without Bevacizumab in Treating Patients Who Have Undergone Surgery for Stage II Colon Cancer; NCT00233623[PHASE2] Irinotecan, 5-Fluorouracil and Leucovorin With or Without Iressa in the Treatment of Metastatic Colorectal Cancer; NCT00252564[PHASE3] Cetuximab, Bevacizumab & 5FU/Leucovorin vs. Oxaliplatin, Bevacizumab & 5FU/Leucovorin in Metastatic Colorectal Cancer; NCT00278889[PHASE2] Second Line ColoRectal Cancer Therapy in Combination With Combination of FOL- Folinic Acid(Leucovorin), F - Fluorouracil and OX - Oxaliplatin (FOLFOX); NCT00425152[PHASE3] Fluorouracil and Leucovorin and/or Levamisole After Surgery In Treating Patients With Dukes' B Or Dukes' C Colon Cancer; NCT00438737[PHASE2] Cetuximab, Leucovorin, Oxaliplatin, and Fluorouracil With or Without Bevacizumab in Treating Patients With Resectable Liver Metastases From Colorectal Cancer; NCT00544349[PHASE2] Leucovorin, Fluorouracil, Cetuximab, and Oxaliplatin in Treating Patients With Stage IV Colorectal Cancer and Liver Metastases That Cannot Be Removed by Surgery; NCT00612586[PHASE2] Study of Enzastaurin With 5-Fluorouracil/Leucovorin (5-FU/LV) Plus Bevacizumab as Maintenance Regimen Following First Line Therapy for Metastatic Colon Cancer; NCT00932438[PHASE1|PHASE2] Drug-Eluting Bead, Irinotecan (DEBIRI) Therapy of Liver Metastasis From Colon Cancer With Systemic Fluorouracil, Oxaliplatin, Leucovorin and Bevacizumab; NCT00942266[PHASE2] Vorinostat, Fluorouracil, and Leucovorin Calcium in Treating Patients With Metastatic Colorectal Cancer That Has Not Responded to Previous Treatment; NCT01110941[PHASE1|PHASE2] Feasibility Study of SOL (S-1,Oral Leucovorin,and Oxaliplatin) for Colorectal Cancer in China; NCT01150045[PHASE3] Oxaliplatin, Leucovorin Calcium, and Fluorouracil With or Without Celecoxib in Treating Patients With Stage III Colon Cancer Previously Treated With Surgery; NCT01193452[PHASE2] S-1/Leucovorin (SL) Versus sLV5FU2 as the First-line Treatment for Elderly Patients With Colorectal Cancer; NCT01205711[PHASE2] Irinotecan Hydrochloride, Fluorouracil, and Leucovorin Calcium With or Without Zibotentan in Treating Patients With Metastatic Colorectal Cancer; NCT01263171[PHASE2] Oxaliplatin, Leucovorin, and Fluorouracil Before and After Radiation Therapy and Surgery in Treating Patients With Rectal Cancer That Can Be Removed by Surgery; NCT01269216[PHASE2] A Study of Neoadjuvant Chemoradiotherapy With 5-FU/Leucovorin (FL) vs. TS-1/Irinotecan in Patients With Locally Advanced Rectal Cancer; NCT01375816[PHASE2] Liposome-encapsulated Irinotecan Hydrochloride PEP02 or Irinotecan Hydrochloride, Leucovorin Calcium, and Fluorouracil as Second-Line Therapy in Treating Patients With Metastatic Colorectal Cancer; NCT01871571[PHASE2] Bevacizumab, Fluorouracil, Leucovorin Calcium, and Oxaliplatin Before Surgery in Treating Patients With Stage II-III Rectal Cancer; NCT02235324[PHASE2] Ziv-Aflibercept Followed by Ziv-Aflibercept, Fluorouracil, and Leucovorin Calcium in Treating Patients With Stage IV Colorectal Cancer; NCT02785068[PHASE1|PHASE2] Evaluation of MM-151 + Nal-IRI + 5-FU + Leucovorin in RAS/RAF Wild-type Metastatic Colorectal Cancer; NCT03750786[PHASE3] A Study to Compare the Efficacy of Arfolitixorin Versus Leucovorin in Combination With 5 Fluorouracil, Oxaliplatin, and Bevacizumab in Patients With Advanced Colorectal Cancer; NCT06820463[PHASE2] A Study to Evaluate the Adverse Events, and Efficacy of Intravenous (IV) of Telisotuzumab Adizutecan in Combination With IV Oxaliplatin, Fluorouracil, Folinic Acid/Leucovorin, Bevacizumab, Panitumumab in Adult Participants With Metastatic Colorectal Cancer"
"1345"	"8853"	"83"	"Lung Neoplasms"	"D008175"	"708"	"sunitinib"	"DB01268"	"732"	"PDGFRB"	"5159"	"strict_phase2_3_disease_directed_title"	"NCT00265317[PHASE2] A Study In Patients With Non-Small Cell Lung Cancer Testing If Erlotinib Plus SU011248 (Sunitinib) Is Better Than Erlotinib Alone; NCT00434226[PHASE2] A Study of Sunitinib in Combination With Bevacizumab, Carboplatin, and Paclitaxel in Patients With Advanced Non-Small Cell Lung Cancer (SABRE-L); NCT00620347[PHASE2] Sunitinib as a Second-line Treatment for Patients With Recurrent Small Cell Lung Cancer; NCT00693992[PHASE3] Sunitinib Malate as Maintenance Therapy in Treating Patients With Stage III or Stage IV Non-Small Cell Lung Cancer Previously Treated With Combination Chemotherapy; NCT00695292[PHASE2] Irinotecan, Carboplatin, and Sunitinib in First Line Extensive-Stage Small Cell Lung Cancer; NCT00698815[PHASE2] Pemetrexed and/or Sunitinib as Second-Line Therapy in Treating Patients With Stage IIIB or Stage IV Non-small Cell Lung Cancer; NCT00748163[PHASE2] Paclitaxel Albumin-Stabilized Nanoparticle Formulation and Sunitinib as First-Line Therapy in Treating Patients With Stage IV Non-Small Cell Lung Cancer; NCT00953459[PHASE2] Sunitinib Malate in Treating Patients With Small Cell Lung Cancer; NCT01019798[PHASE2] Salvage Therapy With Sunitinib,Docetaxel and Platinum on Metastatic or Unresectable Non Small Cell Lung Cancer"
"1350"	"43303"	"83"	"Lung Neoplasms"	"D008175"	"212"	"fluoxetine"	"DB00472"	"3689"	"CHRNA3"	"1136"	"strict_phase2_3_disease_directed_title"	"NCT00005850[PHASE2] Combination Chemotherapy Plus Fluoxetine in Treating Patients With Advanced or Recurrent Non-Small Cell Lung Cancer"
"1353"	"36926"	"29"	"Pancreatic Neoplasms"	"D010190"	"596"	"capecitabine"	"DB01101"	"2912"	"TYMS"	"7298"	"strict_phase2_3_disease_directed_title"	"NCT00030732[PHASE3] Gemcitabine With or Without Capecitabine in Treating Patients With Advanced Pancreatic Cancer; NCT00032175[PHASE3] Gemcitabine With or Without Capecitabine in Treating Patients With Locally Advanced or Metastatic Pancreatic Cancer; NCT00100815[PHASE2] Gemcitabine, Capecitabine, and Bevacizumab in Treating Patients With Metastatic or Unresectable Pancreatic Cancer; NCT00114179[PHASE2] Capecitabine, Bevacizumab, and Radiation Therapy Followed By Gemcitabine and Bevacizumab in Treating Patients With Locally Advanced Pancreatic Cancer That Cannot Be Removed By Surgery; NCT00125021[PHASE2] Tarceva and Capecitabine for Pancreatic Cancer; NCT00260364[PHASE1|PHASE2] Combining Erlotinib Plus Bevacizumab and Gemcitabine Plus Capecitabine to Treat Advanced Pancreatic Cancer; NCT00290693[PHASE2] Capecitabine and Docetaxel in Treating Patients With Recurrent or Progressive Metastatic Pancreatic Cancer; NCT00303927[PHASE2] Capecitabine as Second-Line Therapy in Treating Patients With Stage IV Pancreatic Cancer Who Have the Thymidylate Synthase Gene; NCT00372944[PHASE2] AZD6244 vs. Capecitabine (Xeloda®) in Patients With Advanced or Metastatic Pancreatic Cancer, Who Have Failed First Line Gemcitabine Therapy; NCT00408564[PHASE2] Cetuximab, Gemcitabine, and Oxaliplatin Followed By Surgery or External-Beam Radiation Therapy and Capecitabine in Treating Patients With Locally Advanced, Nonmetastatic Pancreatic Cancer That Cannot Be Removed By Surgery; NCT00425360[PHASE3] Gemcitabine and Capecitabine With or Without Vaccine Therapy in Treating Patients With Locally Advanced or Metastatic Pancreatic Cancer; NCT00438256[PHASE1|PHASE2] Neoadjuvant Accelerated Short Course Radiation Therapy With Proton Beam and Capecitabine for Resectable Pancreatic Cancer; NCT00634725[PHASE3] Gemcitabine With or Without Capecitabine and/or Radiation Therapy or Gemcitabine With or Without Erlotinib in Treating Patients With Locally Advanced Pancreatic Cancer That Cannot Be Removed by Surgery; NCT00889187[PHASE1|PHASE2] Neoadjuvant Accelerated Short Course Radiation Therapy With Photons and Capecitabine for Resectable Pancreatic Cancer; NCT00962312[PHASE2] Lapatinib Ditosylate and Capecitabine in Treating Patients With Metastatic Pancreatic Cancer; NCT00966706[PHASE2] Cisplatin, Capecitabine, Gemcitabine and Epirubicin or Docetaxel for Patients With Stage III or IV Pancreatic Cancer; NCT01013649[PHASE3] Gemcitabine Hydrochloride With or Without Erlotinib Hydrochloride Followed by the Same Chemotherapy Regimen With or Without Radiation Therapy and Capecitabine or Fluorouracil in Treating Patients With Pancreatic Cancer That Has Been Removed by Surgery; NCT01017822[PHASE1|PHASE2] Conatumumab, Gemcitabine Hydrochloride, Capecitabine, and Radiation Therapy in Treating Patients With Locally Advanced Pancreatic Cancer; NCT01032057[PHASE2] Gemcitabine, Capecitabine, and Radiation Therapy in Treating Patients With Locally Advanced Pancreatic Cancer That Cannot Be Removed by Surgery; NCT01042028[PHASE1|PHASE2] A Randomised Trial With Irinotecan, Cetuximab and Everolimus (ICE)Compared to Capecitabine and Oxaliplatin (CapOx) for Patients With Gemcitabin Resistant Pancreatic Cancer; NCT01077986[PHASE1|PHASE2] Everolimus, Cetuximab and Capecitabine in Patients With Metastatic Pancreatic Cancer; NCT01150630[PHASE2] Gemcitabine, Cisplatin, Epirubicin, and Capecitabine in Treating Patients With Stage I-II Resectable Pancreatic Cancer; NCT01303029[PHASE2] Safety and Efficacy Study of Gemcitabine-erlotinib Versus Gemcitabine-erlotinib-capecitabine in Patients With Metastatic Pancreatic Cancer; NCT01494155[PHASE2] Short Course Radiation Therapy With Proton or Photon Beam Capecitabine and Hydroxychloroquine for Resectable Pancreatic Cancer; NCT02565641[PHASE2] A Study of Capecitabine (Xeloda) in Participants With Locally Advanced or Metastatic Pancreatic Cancer; NCT02767752[PHASE2] Gemcitabine and Capecitabine With or Without T-ChOS as Adjuvant Therapy for Patients With Resected Pancreatic Cancer; NCT03073785[PHASE2] Hypofractionated Stereotactic Body Radiation & Fluorouracil or Capecitabine for Locally Advanced Pancreatic Cancer; NCT03535727[PHASE1|PHASE2] A Study of Gemcitabine, Nab-paclitaxel, Capecitabine, Cisplatin, and Irinotecan in Metastatic Pancreatic Cancer; NCT03959150[PHASE2|PHASE3] Metronomic Chemotherapy With Capecitabine for Pancreatic Cancer; NCT04371224[PHASE2] NaliCap (Irinotecan Liposome (Nal-IRI)/Capecitabine) vs. NAPOLI (Nal-IRI/5-FU/LV) ) in Advanced Pancreatic Cancer; NCT05415917[PHASE2] Adjuvant Gemcitabine and Capecitabine Chemotherapy in Resected Pancreatic Cancer Following Neoadjuvant Chemotherapy; NCT06532617[PHASE2] Cadonilimab Combined With S-1 or Capecitabine as Second-line Treatment for Advanced Pancreatic Cancer; NCT06571461[PHASE3] Liposomal Irinotecan in Combination With Oxaliplatin and S-1 Versus Gemcitabine Combined With Capecitabine as Postoperative Adjuvant Therapy for Pancreatic Cancer"
"1364"	"16151"	"442"	"Alcoholism"	"D000437"	"535"	"gabapentin"	"DB00996"	"1282"	"GRIN1"	"2902"	"strict_phase2_3_disease_directed_title"	"NCT02252536[PHASE2] HORIZANT (Gabapentin Enacarbil Extended-Release Tablets) for the Treatment of Alcohol Use Disorder"
"1369"	"34476"	"85"	"Stroke"	"D020521"	"547"	"minocycline"	"DB01017"	"2578"	"IL1B"	"3553"	"strict_phase2_3_disease_directed_title"	"NCT05836740[PHASE3] Efficacy and Safety of Minocycline in Patients With Moderate to Severe Acute Ischemic Stroke; NCT06107725[PHASE2|PHASE3] Maimonides Minocycline in Stroke Study; NCT07237048[PHASE2|PHASE3] Minocycline in Stroke Study at Maimonides; NCT07526987[PHASE3] Efficacy and Safety of Minocycline in Patients With Acute Ischaemic Stroke Receiving Intravenous Thrombolysis"
"1372"	"25172"	"148"	"Thrombosis"	"D013927"	"602"	"Heparin"	"DB01109"	"1706"	"F10"	"2159"	"strict_phase2_3_disease_directed_title"	"NCT01662908[PHASE2] A Randomized, Open-Label, Parallel-Group, Multi-Center Study for the Evaluation of Efficacy and Safety of Edoxaban Monotherapy Versus Low Molecular Weight (LMW) Heparin/Warfarin in Subjects With Symptomatic Deep-Vein Thrombosis"
"1377"	"39996"	"85"	"Stroke"	"D020521"	"336"	"warfarin"	"DB00682"	"3251"	"VKORC1"	"79001"	"strict_phase2_3_disease_directed_title"	"NCT02042534[PHASE2] Rivaroxaban Versus Warfarin in Acute Ischemic Stroke With Atrial Fibrillation"
"1384"	"22338"	"334"	"Leukemia"	"D007938"	"344"	"daunorubicin"	"DB00694"	"1542"	"TOP2A"	"7153"	"strict_phase2_3_disease_directed_title"	"NCT00004217[PHASE2] S9918 PSC 833, Daunorubicin, and Cytarabine in Treating Older Patients With Newly Diagnosed Acute Myeloid Leukemia; NCT00023777[PHASE2] S0112 Cytarabine and Daunorubicin in Treating Older Patients With Acute Myeloid Leukemia; NCT00046930[PHASE3] Daunorubicin & Cytarabine +/- Zosuquidar inTreating Older Patients With Newly Diagnosed Acute Myeloid Leukemia or Refractory Anemia; NCT00066794[PHASE2] S0301 Cyclosporine, Daunorubicin, and Cytarabine in Treating Older Patients With Previously Untreated Acute Myeloid Leukemia; NCT00085124[PHASE3] Daunorubicin Hydrochloride, Cytarabine and Oblimersen Sodium in Treating Patients With Previously Untreated Acute Myeloid Leukemia; NCT00121303[PHASE3] Cytarabine and Daunorubicin With or Without Gemtuzumab Ozogamicin in Treating Older Patients With Acute Myeloid Leukemia or Myelodysplastic Syndromes; NCT00129168[PHASE1|PHASE2] Zosuquidar in Combination With Daunorubicin and Cytarabine in Patients Ages 55-75 With Newly Diagnosed Acute Myeloid Leukemia (AML); NCT00651261[PHASE3] Daunorubicin, Cytarabine, and Midostaurin in Treating Patients With Newly Diagnosed Acute Myeloid Leukemia; NCT00715637[PHASE3] Phase III Randomized Study of Amonafide (AS1413) and Cytarabine Versus Daunorubicin and Cytarabine in Patients With Secondary Acute Myeloid Leukemia (AML)- the ACCEDE Study; NCT00742625[PHASE1|PHASE2] Bortezomib, Daunorubicin, and Cytarabine in Treating Older Patients With Previously Untreated Acute Myeloid Leukemia; NCT00814164[PHASE2] Clofarabine and Daunorubicin in Treating Older Patients With Newly Diagnosed Acute Myeloid Leukemia; NCT00840684[PHASE1|PHASE2] Laromustine, Daunorubicin, and Cytarabine in Treating Patients With Acute Myeloid Leukemia; NCT00927498[PHASE3] A Randomized Study of Gemtuzumab Ozogamicin (GO) With Daunorubicine and Cytarabine in Untreated Acute Myeloid Leukemia (AML) Aged of 50-70 Years Old; NCT01145846[PHASE3] Idarubicin Versus High Dose Daunorubicin in Acute Myelogenous Leukemia (AML); NCT01349972[PHASE2] Alvocidib, Cytarabine, and Mitoxantrone Hydrochloride or Cytarabine and Daunorubicin Hydrochloride in Treating Patients With Newly Diagnosed Acute Myeloid Leukemia; NCT01627041[PHASE2] Decitabine, Cytarabine, and Daunorubicin Hydrochloride in Treating Patients With Acute Myeloid Leukemia; NCT01806571[PHASE2] Daunorubicin Hydrochloride, Cytarabine, and Nilotinib in Treating Patients With Newly Diagnosed Acute Myeloid Leukemia; NCT02472626[PHASE1|PHASE2] 6,8-Bis(Benzylthio)Octanoic Acid, Cytarabine, and Daunorubicin Hydrochloride in Treating Older Patients With Newly Diagnosed Acute Myeloid Leukemia; NCT03629171[PHASE2] Liposome-encapsulated Daunorubicin-Cytarabine and Venetoclax in Treating Participants With Relapsed, Refractory or Untreated Acute Myeloid Leukemia; NCT03672539[PHASE2] Liposome-encapsulated Daunorubicin-Cytarabine and Gemtuzumab Ozogamicin in Treating Patients With Relapsed or Refractory Acute Myeloid Leukemia (AML) or High Risk Myelodysplastic Syndrome; NCT03701308[PHASE2|PHASE3] Daunorubicin and Cytarabine With or Without Uproleselan in Treating Older Adult Patients With Acute Myeloid Leukemia Receiving Intensive Induction Chemotherapy; NCT03850535[PHASE1|PHASE2] A Study Evaluating the Safety and Efficacy of Idasanutlin in Combination With Cytarabine and Daunorubicin in Patients Newly Diagnosed With Acute Myeloid Leukemia (AML) and the Safety and Efficacy of Idasanutlin in the Maintenance of First AML Complete Remission; NCT04128748[PHASE1|PHASE2] Liposomal Cytarabine and Daunorubicin (CPX-351) and Quizartinib for the Treatment of Acute Myeloid Leukemia and High Risk Myelodysplastic Syndrome; NCT04562792[PHASE2] Low Dose Daunorubicin in Pediatric Relapsed/Refractory Acute Leukemia; NCT04802161[PHASE2] Comparing the Addition of an Anti-Cancer Drug, Pomalidomide, to the Usual Chemotherapy Treatment (Daunorubicin and Cytarabine Liposome) in Newly Diagnosed Acute Myeloid Leukemia With Myelodysplastic Syndrome-Related Changes; NCT06182592[PHASE3] A Bridging Study of Liposomal Cytarabine-Daunorubicin in Treating Olderly Patients With Treatment-naive High-Risk (Secondary) Acute Myeloid Leukemia; NCT06917911[PHASE2] Testing the Addition of Venetoclax or Gemtuzumab Ozogamicin (GO) to Usual Treatment Regimen (Cytarabine and Daunorubicin, ""7+3"") for Core Binding Factor Acute Myeloid Leukemia (CBF-AML) to Improve Response (A MYELOMATCH Treatment Trial); NCT07255872[PHASE2|PHASE3] A Study of BL-M11D1 in Combination With Cytarabine + Daunorubicin or Venetoclax + Azacitidine in Patients With Acute Myeloid Leukemia"
"1386"	"13614"	"147"	"Pneumonia"	"D011014"	"496"	"aspirin"	"DB00945"	"1076"	"NFKB2"	"4791"	"strict_phase2_3_disease_directed_title"	"NCT06774846[PHASE3] Aspirin in Acute Pneumonia in the Elderly: a Multicenter, Double-blind, Randomized, Placebo-controlled Trial."
"1388"	"8901"	"83"	"Lung Neoplasms"	"D008175"	"927"	"nintedanib"	"DB09079"	"732"	"PDGFRB"	"5159"	"strict_phase2_3_disease_directed_title"	"NCT01948141[PHASE2] Nintedanib in Treating Patients With Advanced Non-Small Cell Lung Cancer Who Have Failed Up to Two Previous Chemotherapy Regimens; NCT02231164[PHASE3] LUME-Columbus: Nintedanib Plus Docetaxel in Advanced Non-small Cell Lung Cancer With Translational Research; NCT02299141[PHASE2] Nintedanib in Molecularly Selected Patients With Advanced Non-Small Cell Lung Cancer; NCT03377023[PHASE1|PHASE2] Phase I/II Study of Nivolumab and Ipilimumab Combined With Nintedanib in Non Small Cell Lung Cancer; NCT06071013[PHASE1|PHASE2] Nintedanib Plus EGFR TKI In EGFR-mutated Non-small Cell Lung Cancer Patients"
"1389"	"28507"	"144"	"Essential Hypertension"	"D000075222"	"555"	"irbesartan"	"DB01029"	"2124"	"AGTR1"	"185"	"strict_phase2_3_disease_directed_title"	"NCT05475665[PHASE3] Clinical Efficacy and Safety Evaluation of Irbesartan High and Amlodipine Combined Therapy in Essential Hypertension Patients; NCT05476354[PHASE3] Clinical Efficacy and Safety Evaluation of Irbesartan and Amlodipine Combined Therapy in Essential Hypertension Patients"
"1390"	"15418"	"252"	"Sarcoma"	"D012509"	"898"	"regorafenib"	"DB08896"	"1193"	"KIT"	"3815"	"strict_phase2_3_disease_directed_title"	"NCT01900743[PHASE2] Phase II Study of Regorafenib in Metastatic Soft Tissue Sarcoma; NCT02048371[PHASE2] SARC024: A Blanket Protocol to Study Oral Regorafenib in Patients With Selected Sarcoma Subtypes; NCT02048722[PHASE2] Daily Oral Regorafenib for Chemotherapy-Refractory, Metastatic and Locally Advanced Angiosarcoma; NCT02389244[PHASE2] A Phase II Study Evaluating Efficacy and Safety of Regorafenib in Patients With Metastatic Bone Sarcomas; NCT04698785[PHASE2] Efficacy of Regorafenib Combined With Best Supportive Care as Maintenance Treatment in High Grade Bone Sarcomas Patients; NCT04803877[PHASE2] SARC038: Phase 2 Study of Regorafenib and Nivolumab in Osteosarcoma"
"1393"	"1173"	"250"	"Head and Neck Neoplasms"	"D006258"	"809"	"vandetanib"	"DB05294"	"55"	"EGFR"	"1956"	"strict_phase2_3_disease_directed_title"	"NCT00720083[PHASE2] Chemotherapy and Radiation Therapy (RT) With or Without Vandetanib in Treating Patients With High-Risk Stage III or Stage IV Head and Neck Cancer"
"1394"	"2485"	"83"	"Lung Neoplasms"	"D008175"	"900"	"ponatinib"	"DB08901"	"75"	"FGFR1"	"2260"	"strict_phase2_3_disease_directed_title"	"NCT01935336[PHASE2] Study of Ponatinib in Patients With Lung Cancer Preselected Using Different Candidate Predictive Biomarkers; NCT03704688[PHASE1|PHASE2] Trial of Trametinib and Ponatinib in Patients With KRAS Mutant Advanced Non-Small Cell Lung Cancer"
"1396"	"6295"	"7"	"Endometrial Neoplasms"	"D016889"	"217"	"raloxifene"	"DB00481"	"340"	"ESR2"	"2100"	"strict_phase2_3_disease_directed_title"	"NCT00004915[PHASE2] Raloxifene in Treating Patients With Persistent or Recurrent Endometrial Cancer"
"1400"	"36943"	"83"	"Lung Neoplasms"	"D008175"	"870"	"pralatrexate"	"DB06813"	"2912"	"TYMS"	"7298"	"strict_phase2_3_disease_directed_title"	"NCT00606502[PHASE2] Study of Pralatrexate vs. Erlotinib for Non-Small Cell Lung Cancer After at Least 1 Prior Platinum-based Treatment"
"1404"	"8869"	"83"	"Lung Neoplasms"	"D008175"	"843"	"pazopanib"	"DB06589"	"732"	"PDGFRB"	"5159"	"strict_phase2_3_disease_directed_title"	"NCT00367679[PHASE2] Pazopanib As Pre-Surgical Therapy In Treatment-Naive Subjects With Non-Small Cell Lung Cancer; NCT00549328[PHASE2] Monotherapy Pazopanib in Subjects With Advanced Non-Small Cell Lung Cancer; NCT00871403[PHASE2] Study of Pazopanib and Pemetrexed in Advanced Non-small Cell Lung Cancer; NCT01027598[PHASE2] Randomized, Double-Blind Trial of Erlotinib/Pazopanib or Erlotinib/Placebo in Patients With Previously Treated Advanced Non-Small-Cell Lung Cancer; NCT01179269[PHASE2] Pazopanib and Paclitaxel for Non-Small Cell Lung Cancer; NCT01208064[PHASE2|PHASE3] Pazopanib Hydrochloride or a Placebo in Treating Patients With Non-Small Cell Lung Cancer Who Have Received First-Line Chemotherapy; NCT01253369[PHASE2] Pazopanib in Patients With Relapsed or Refractory Small Cell Lung Cancer; NCT01262820[PHASE2] Pazopanib In Stage IIIB/IV NSCLC Lung Cancer After Progression on First Line Therapy Containing Bevacizumab"
"1406"	"28498"	"144"	"Essential Hypertension"	"D000075222"	"510"	"telmisartan"	"DB00966"	"2124"	"AGTR1"	"185"	"strict_phase2_3_disease_directed_title"	"NCT02738632[PHASE3] Efficacy and Safety of TAH Combination in Comparison With Telmisartan/Amlodipine Combination for Essential Hypertension Patients"
"1407"	"36894"	"8"	"Ovarian Neoplasms"	"D010051"	"308"	"pemetrexed"	"DB00642"	"2912"	"TYMS"	"7298"	"strict_phase2_3_disease_directed_title"	"NCT00109096[PHASE2] Study of Pemetrexed in the Treatment of Patients With Ovarian Cancer Who Have Failed Prior Platinum-Based Chemotherapy; NCT00230542[PHASE2] Carboplatin and Pemetrexed in Recurrent Platinum Sensitive Ovarian Cancer"
"1408"	"27374"	"83"	"Lung Neoplasms"	"D008175"	"382"	"tretinoin"	"DB00755"	"1969"	"RARB"	"5915"	"strict_phase2_3_disease_directed_title"	"NCT00514293[PHASE2] Bexarotene, Tretinoin, and Combination Chemotherapy in Treating Patients With Stage III or Stage IV Non-Small Cell Lung Cancer"
"1409"	"13706"	"495"	"Glioma"	"D005910"	"216"	"lenalidomide"	"DB00480"	"1092"	"TNF"	"7124"	"strict_phase2_3_disease_directed_title"	"NCT01553149[PHASE2] Low-Dose or High-Dose Lenalidomide in Treating Younger Patients With Recurrent, Refractory, or Progressive Pilocytic Astrocytoma or Optic Pathway Glioma"
"1411"	"16167"	"442"	"Alcoholism"	"D000437"	"816"	"acetylcysteine"	"DB06151"	"1282"	"GRIN1"	"2902"	"strict_phase2_3_disease_directed_title"	"NCT03707951[PHASE2] N-Acetylcysteine for Adolescent Alcohol Use Disorder"
"1421"	"5810"	"4"	"Infertility"	"D007246"	"1018"	"Dehydroepiandrosterone"	"DB01708"	"262"	"AR"	"367"	"strict_phase2_3_disease_directed_title"	"NCT00650754[PHASE2|PHASE3] Study of Oral Dehydroepiandrosterone(DHEA) to Treat Previously Unexplained Infertility"
"1422"	"1873"	"7"	"Endometrial Neoplasms"	"D016889"	"736"	"danazol"	"DB01406"	"72"	"ESR1"	"2099"	"strict_phase2_3_disease_directed_title"	"NCT00003946[PHASE2] Danazol in Treating Patients With Advanced or Recurrent Endometrial Cancer"
"1433"	"22400"	"334"	"Leukemia"	"D007938"	"663"	"mitoxantrone"	"DB01204"	"1542"	"TOP2A"	"7153"	"strict_phase2_3_disease_directed_title"	"NCT00016016[PHASE1|PHASE2] Flavopiridol, Cytarabine, and Mitoxantrone in Treating Patients With Acute Leukemia; NCT00254410[PHASE2] FCM-R (Fludarabine, Cyclophosphamide, Mitoxantrone, Rituximab) in Previously Untreated Patients With Chronic Lymphocytic Leukemia (CLL) < 70 Years; NCT00268242[PHASE2] Gemcitabine and Mitoxantrone in Treating Patients With Relapsed Acute Myeloid Leukemia; NCT00274963[PHASE2] Bendamustine and Mitoxantrone in Treating Patients With Relapsed or Refractory Chronic Lymphocytic Leukemia; NCT00407966[PHASE2] Alvocidib, Cytarabine, and Mitoxantrone in Treating Patients With Newly Diagnosed Acute Myeloid Leukemia; NCT00410423[PHASE1|PHASE2] Study of VELCADE® With Mitoxantrone and Etoposide for Leukemias; NCT00512252[PHASE1|PHASE2] AMD3100 Plus Mitoxantrone, Etoposide and Cytarabine in Acute Myeloid Leukemia; NCT00546377[PHASE1|PHASE2] Pentostatin, Cyclophosphamide, Rituximab, and Mitoxantrone in Treating Patients With Chronic Lymphocytic Leukemia or Other Low-Grade B-Cell Cancer; NCT00609739[PHASE1|PHASE2] Cytosine Arabinoside and Mitoxantrone for Patients With Juvenile Myelomonocytic Leukemia Receiving Repeat Stem Cell Transplantation; NCT00795002[PHASE2] Alvocidib, Cytarabine, and Mitoxantrone in Treating Patients With Newly Diagnosed Acute Myeloid Leukemia; NCT01342887[PHASE1|PHASE2] Cyclosporine, Pravastatin Sodium, Etoposide, and Mitoxantrone Hydrochloride in Treating Patients With Relapsed or Refractory Acute Myeloid Leukemia; NCT01349972[PHASE2] Alvocidib, Cytarabine, and Mitoxantrone Hydrochloride or Cytarabine and Daunorubicin Hydrochloride in Treating Patients With Newly Diagnosed Acute Myeloid Leukemia; NCT01729845[PHASE1|PHASE2] Decitabine Followed by Mitoxantrone Hydrochloride, Etoposide, and Cytarabine in Treating Patients With Relapsed or Refractory Acute Myeloid Leukemia or High-Risk Myelodysplastic Syndromes; NCT01842672[PHASE1|PHASE2] Mitoxantrone and Clofarabine for Treatment of Recurrent NHL or Acute Leukemia; NCT02044796[PHASE1|PHASE2] Filgrastim, Cladribine, Cytarabine, and Mitoxantrone Hydrochloride in Treating Patients With Newly Diagnosed or Relapsed/Refractory Acute Myeloid Leukemia or High-Risk Myelodysplastic Syndromes; NCT02728050[PHASE1|PHASE2] Filgrastim, Cladribine, Cytarabine, and Mitoxantrone With Sorafenib in Treating Patients With Newly-Diagnosed, Acute Myeloid Leukemia or High-Risk Myelodysplastic Syndrome; NCT03012672[PHASE2] Higher or Lower Dose Cladribine, Cytarabine, and Mitoxantrone in Treating Medically Less Fit Patients With Newly Diagnosed Acute Myeloid Leukemia or Myeloid Neoplasm; NCT03839446[PHASE2] Phase II Study of the Combination of Mitoxantrone, Etoposide and Gemtuzumab Ozogamicin (MEGO) for Patients With Acute Myeloid Leukemia Refractory to Initial Standard Induction Therapy; NCT05100303[PHASE1|PHASE2] A Study to Evaluate the Tolerance and Efficacy of Mitoxantrone Hydrochloride Liposome Injection Combined With Cytarabine in Patients With Acute Myeloid Leukemia (AML); NCT05345938[PHASE1|PHASE2] A Study of Mitoxantrone Hydrochloride Liposome Injection in Subjects With Acute Myeloid Leukemia; NCT05522192[PHASE1|PHASE2] Clinical Study of Mitoxantrone Hydrochloride Liposome Injection in Subjects With Acute Myeloid Leukemia"
"1440"	"25637"	"83"	"Lung Neoplasms"	"D008175"	"898"	"regorafenib"	"DB08896"	"1830"	"FGFR2"	"2263"	"strict_phase2_3_disease_directed_title"	"NCT03520842[PHASE2] Regorafenib and Methotrexate in Treating Participants With Recurrent or Metastatic KRAS Mutated Non-Small Cell Lung Cancer"
"1452"	"25661"	"83"	"Lung Neoplasms"	"D008175"	"900"	"ponatinib"	"DB08901"	"1830"	"FGFR2"	"2263"	"strict_phase2_3_disease_directed_title"	"NCT01935336[PHASE2] Study of Ponatinib in Patients With Lung Cancer Preselected Using Different Candidate Predictive Biomarkers; NCT03704688[PHASE1|PHASE2] Trial of Trametinib and Ponatinib in Patients With KRAS Mutant Advanced Non-Small Cell Lung Cancer"
"1456"	"1140"	"83"	"Lung Neoplasms"	"D008175"	"240"	"erlotinib"	"DB00530"	"55"	"EGFR"	"1956"	"strict_phase2_3_disease_directed_title"	"NCT00062101[PHASE2] Erlotinib and Celecoxib in Treating Patients With Stage IIIB or Stage IV Recurrent Non-Small Cell Lung Cancer; NCT00063895[PHASE1|PHASE2] Erlotinib in Treating Patients With Advanced Non-Small Cell Lung Cancer, Ovarian Cancer, or Squamous Cell Carcinoma of the Head and Neck; NCT00072631[PHASE2] Erlotinib (Tarceva (Trademark), OSI-774) in Treating Patients With Advanced Non-Small Cell Lung Cancer; NCT00085839[PHASE2] Erlotinib vs. Standard Chemotherapy in Patients With Advanced Non-small Cell Lung Cancer (NSCLC) and Eastern Cooperative Oncology Group (ECOG)Performance Status (PS) 2; NCT00087269[PHASE2] Erlotinib in Treating Patients With Stage I-IIIA Non-Small Cell Lung Cancer Undergoing Surgical Resection; NCT00087412[PHASE2] S0341: Erlotinib in Treating Patients With Advanced Primary Non-Small Cell Lung Cancer; NCT00096265[PHASE3] Radiation Therapy and Stereotactic Radiosurgery With or Without Temozolomide or Erlotinib in Treating Patients With Brain Metastases Secondary to Non-Small Cell Lung Cancer; NCT00100854[PHASE2] Erlotinib With or Without Fulvestrant in Treating Patients With Stage IIIB or Stage IV Non-Small Cell Lung Cancer; NCT00153803[PHASE3] Erlotinib or Placebo Following Chemoradiotherapy (Chemo/RT) in Stage III Non-Small Cell Lung Cancer (NSCLC); NCT00251589[PHASE1|PHASE2] A Phase I/II Clinical Trial of Vorinostat in Combination With Erlotinib for Patients With Relapsed/Refractory Non-Small-Cell Lung Cancer (0683-025); NCT00257608[PHASE3] A Study Comparing Bevacizumab Therapy With or Without Erlotinib for First-Line Treatment of Non-Small Cell Lung Cancer (ATLAS); NCT00265317[PHASE2] A Study In Patients With Non-Small Cell Lung Cancer Testing If Erlotinib Plus SU011248 (Sunitinib) Is Better Than Erlotinib Alone; NCT00275132[PHASE3] Erlotinib in Treating Patients With Stage III or Stage IV Non-Small Cell Lung Cancer; NCT00278148[PHASE1|PHASE2] Erlotinib, Paclitaxel, and Carboplatin Combined With Radiation Therapy for Stage III Non-Small Cell Lung Cancer; NCT00278187[PHASE2] Volociximab and Erlotinib in Treating Patients With Stage III or Stage IV Non-Small Cell Lung Cancer; NCT00280150[PHASE1|PHASE2] Combination Chemotherapy, Bev, RT, and Erlotinib in Treating Patients With Stage III Non-Small Cell Lung Cancer; NCT00287989[PHASE2] Erlotinib, Paclitaxel, and Carboplatin in Treating Patients With Stage III, Stage IV, or Recurrent Non-Small Cell Lung Cancer; NCT00321815[PHASE2] Trial Of Erlotinib With Or Without PF-3512676 In Advanced Non Small Cell Lung Cancer; NCT00351039[PHASE1|PHASE2] Phase I/II Trial of Bevacizumab, Pemetrexed and Erlotinib in Elderly Patients With Non-Small Cell Lung Cancer; NCT00367601[PHASE2] Erlotinib + Bevacizumab for PS 2 Chemotherapy Naïve Non-Small Cell Lung Cancer; NCT00370383[PHASE2] A Study Comparing Sequential Satraplatin & Erlotinib to Erlotinib in Unresectable Stage 3/4 Non-small-cell Lung Cancer (NSCLC); NCT00387322[PHASE1|PHASE2] Pemetrexed Disodium and Erlotinib in Treating Patients With Advanced Non-Small Cell Lung Cancer or Other Solid Tumors; NCT00390429[PHASE1|PHASE2] Docetaxel and Erlotinib in Treating Patients With Advanced Non-Small Cell Lung Cancer or Other Solid Tumors; NCT00391248[PHASE2] Phase II Trial of Erlotinib and Concurrent Palliative Thoracic Radiation Therapy for Non-small Cell Lung Cancer (PEARL); NCT00408499[PHASE1|PHASE2] Erlotinib and Cetuximab in Treating Patients With Advanced Solid Tumors With Emphasis on Non-Small Cell Lung Cancer; NCT00416650[PHASE2] Erlotinib in Treating Patients With Advanced Non-Small Cell Lung Cancer; NCT00440414[PHASE3] Trial of Pemetrexed Versus Erlotinib in Pretreated Patients With Non Small Cell Lung Cancer (NSCLC); NCT00445848[PHASE2] S0636: Erlotinib and Bevacizumab in Never-Smokers With Stage IIIB or Stage IV Primary Non-Small Cell Lung Cancer; NCT00452075[PHASE2] Erlotinib as First-line Treatment of Advanced Non-small Cell Lung Cancer (NSCLC) for Patients Unfit for Chemotherapy; NCT00452413[PHASE1|PHASE2] A Study of Enzastaurin and Erlotinib in Participants With Solid Tumors and Lung Cancer; NCT00453362[PHASE1|PHASE2] A Study of Changes in FDG- and FLT-PET Imaging in Patients With Non-Small Cell Lung Cancer Following Treatment With Erlotinib; NCT00462995[PHASE2] Surgery for Early Lung Cancer With Preoperative Erlotinib (Tarceva): A Clinical Phase II Trial (SELECT); NCT00466089[PHASE2] Study of 3D Radiotherapy With or Without Erlotinib (Tarceva®) in Patients With Localized Non-Small Cell Lung Cancer; NCT00499655[PHASE2] Erlotinib Hydrochloride With or Without Celecoxib in Treating Patients With Stage IIIB-IV Non-Small Cell Lung Cancer; NCT00518011[PHASE2] A Study of Tarceva (Erlotinib) and Gemcitabine in Treatment-Naive Patients With Advanced Non-Small Cell Lung Cancer.; NCT00531960[PHASE2] A Study of Tarceva (Erlotinib) in Combination With Avastin (Bevacizumab) in Patients With Advanced Non-Small Cell Lung Cancer.; NCT00547105[PHASE2] Erlotinib and SBRT in Treating Patients With Locally Advanced or Metastatic Non-Small Cell Lung Cancer; NCT00550537[PHASE2] Proteomic Profiling in Predicting Response in Patients Receiving Erlotinib for Stage IIIB, Stage IV, or Recurrent Non-Small Cell Lung Cancer; NCT00553462[PHASE2] Carboplatin and Paclitaxel Albumin-Stabilized Nanoparticle Formulation Followed by Radiation Therapy and Erlotinib in Treating Patients With Stage III Non-Small Cell Lung Cancer That Cannot Be Removed By Surgery; NCT00553800[PHASE2] Study of Bevacizumab and Erlotinib in Patients With Advanced Non-small Cell Lung Cancer; NCT00556322[PHASE3] A Study of Tarceva (Erlotinib) and Standard of Care Chemotherapy in Patients With Advanced, Recurrent, or Metastatic Non-Small Cell Lung Cancer (NSCLC); NCT00556712[PHASE3] A Study of Tarceva (Erlotinib) Following Platinum-Based Chemotherapy in Patients With Advanced, Recurrent, or Metastatic Non-Small Cell Lung Cancer (NSCLC); NCT00563784[PHASE2] TARCEVA (Erlotinib) in Combination With Chemoradiation in Patients With Stage IIIA/B Non-Small Cell Lung Cancer (NSCLC); NCT00590902[PHASE2] Ph II OSI-774 (Erlotinib,Tarceva) In Advanced Bronchioloalveolar Cell Lung Cancer; NCT00596648[PHASE1|PHASE2] A Study of XL184 (Cabozantinib) With or Without Erlotinib in Subjects With Non-Small Cell Lung Cancer (NSCLC); NCT00600015[PHASE2] Sorafenib/Erlotinib Versus Erlotinib Alone in Previously Treated Advanced Non-Small-Cell Lung Cancer (NSCLC); NCT00600587[PHASE2] Induction Erlotinib Therapy in Stage III A (N2) Non-Small Cell Lung Cancer (NSCLC); NCT00606502[PHASE2] Study of Pralatrexate vs. Erlotinib for Non-Small Cell Lung Cancer After at Least 1 Prior Platinum-based Treatment; NCT00609804[PHASE2] Sorafenib and Erlotinib or Sorafenib Alone in Advanced Non-Small Cell Lung Cancer Progressing on Erlotinib; NCT00652340[PHASE2] APRiCOT-L: Study to Evaluate Efficacy and Safety of Apricoxib With Erlotinib in Patients With Non-small Cell Lung Cancer; NCT00654420[PHASE2] A Study Evaluating Dalotuzumab (MK-0646) in Combination With Erlotinib for Participants With Non-Small Cell Lung Cancer (MK-0646-007); NCT00660816[PHASE2] Pemetrexed or Docetaxel With or Without Erlotinib in Stage IIIB or Stage IV Non-Small Cell Lung Cancer; NCT00661193[PHASE2] S0709: Erlotinib With or Without Carboplatin and Paclitaxel in Stage IIIB or Stage IV Non-Small Cell Lung Cancer; NCT00663689[PHASE2] Efficacy of Erlotinib for Brain Metastasis of Non-Small Cell Lung Cancer; NCT00673049[PHASE3] Trial Of CP-751, 871 And Erlotinib In Refractory Lung Cancer; NCT00673569[PHASE2] Laboratory Test in Predicting Response to Erlotinib in Patients With Relapsed Metastatic or Unresectable Non-Small Cell Lung Cancer That Did Not Respond to Previous Treatment; NCT00678964[PHASE2] Erlotinib Versus Carboplatin/Vinorelbine in Elderly Patients With Advanced Non-Small Cell Lung Cancer (NSCLC); NCT00701558[PHASE2] A Study of First Line Treatment With Tarceva (Erlotinib) in Combination With Gemcitabine in Patients With Unresectable Advanced and/or Metastatic Non-Small Cell Lung Cancer; NCT00722969[PHASE2] Erlotinib and Sorafenib in Chemonaive Patients With Locally Advanced or Metastatic Non Small Cell Lung Cancer; NCT00738881[PHASE3] Pemetrexed Disodium or Erlotinib Hydrochloride as Second-Line Therapy in Treating Patients With Advanced Non-small Cell Lung Cancer; NCT00749567[PHASE2] Combination of Erlotinib and Bevacizumab as Second-line Treatment in Patients With Non-small Cell Lung Cancer; NCT00760929[PHASE2] A Study of the Effect of R1507 in Combination With Tarceva (Erlotinib) on Progression-Free Survival in Patients With Stage IIIb/IV Non-Small Cell Lung Cancer (NSCLC).; NCT00769067[PHASE2] A Randomized Trial Of PF-00299804 Taken Orally Versus Erlotinib Taken Orally For Treatment Of Advanced Non-Small Cell Lung Cancer That Has Progressed After One Or Two Prior Chemotherapy Regimen; NCT00773383[PHASE2] A Study of the Effect of R1507 in Combination With Tarceva (Erlotinib) on Progression-Free Survival in Patients With Stage IIIb/IV Non-Small Cell Lung Cancer (NSCLC) Having Received Tarceva Monotherapy.; NCT00777309[PHASE2] A Randomized Phase 2 Study of Erlotinib + ARQ 197 Versus Erlotinib + Placebo in Previously Treated Patients With Locally Advanced or Metastatic Non-Small Cell Lung Cancer (NSCLC); NCT00778167[PHASE1|PHASE2] Erlotinib Hydrochloride With or Without Cixutumumab in Treating Patients With Stage III or Stage IV Non-Small Cell Lung Cancer; NCT00783471[PHASE2] Docetaxel Intermittent-Erlotinib (Tarceva®) In Metastatic Non Small Cell Lung Cancer (NSCLC); NCT00801385[PHASE2] Sorafenib and Erlotinib in Treating Patients With Stage IIIB or Stage IV Non-Small Cell Lung Cancer That Has Not Responded to Chemotherapy; NCT00826449[PHASE1|PHASE2] Dasatinib and Erlotinib in Non-Small Cell Lung Cancer (NSCLC); NCT00830245[PHASE2] A Study to Assess the Efficacy of Erlotinib for Leptomeningeal Carcinomatosis in EGFR Mutation Positive Non-small Cell Lung Cancer; NCT00835471[PHASE2] 2nd Line Erlotinib Treatment With (Out) Chemotherapy of Advanced Non Small Cell Lung Cancer (NSCLC); NCT00840125[PHASE2] Study of Erlotinib With Docetaxel in Selected Non Small Cell Lung Cancer Patients in First Line Treatment; NCT00854308[PHASE2] A Study of MetMAb Administered to Patients With Advanced Non-Small Cell Lung Cancer, in Combination With Tarceva (Erlotinib); NCT00855894[PHASE2] A Study of the Combination of Erlotinib and Pertuzumab in Patients With Relapsed Non-small Cell Lung Cancer; NCT00874419[PHASE3] Erlotinib Versus Gemcitabine/Carboplatin in Chemo-naive Stage IIIB/IV Non-Small Cell Lung Cancer Patients With Epidermal Growth Factor Receptor (EGFR) Exon 19 or 21 Mutation; NCT00908336[PHASE2] Erlotinib and Docetaxel in Patients With Locally Advanced or Metastatic Non-Small Cell Lung Cancer (NSCLC) After Failure of One Chemotherapy Regimen; NCT00940875[PHASE2] A Study of Tarceva (Erlotinib) in Sequential Combination With Gemcitabine as First Line Therapy in Patients With Advanced Non-Small Cell Lung Cancer; NCT00950365[PHASE2] Pemetrexed Disodium With or Without Erlotinib Hydrochloride in Treating Patients With Stage IIIB-IV or Recurrent Non-Small Cell Lung Cancer; NCT00976677[PHASE2] Carboplatin, Paclitaxel, and Bevacizumab With or Without Erlotinib Hydrochloride in Treating Non-Smokers With Advanced Non-Small Cell Lung Cancer; NCT00983307[PHASE2] A Study of Erlotinib Plus Radiotherapy (RT) for Patients With Advanced or Inoperable Non-Small-Cell Lung Cancer; NCT00988169[PHASE2] Erlotinib and AT-101 in Advanced Non-Small Cell Lung Cancer (NSCLC) Patients With Epidermal Growth Factor Receptor (EGFR) Activating Mutations; NCT00989690[PHASE3] Study of Blood and Tissue Samples in Predicting Response to Second-Line Therapy Using Erlotinib Hydrochloride or Chemotherapy in Patients With Advanced Non-Small Cell Lung Cancer; NCT01027598[PHASE2] Randomized, Double-Blind Trial of Erlotinib/Pazopanib or Erlotinib/Placebo in Patients With Previously Treated Advanced Non-Small-Cell Lung Cancer; NCT01091376[PHASE2] Erlotinib Combined With Radiotherapy in Patients With Non-resectable Locally Advanced Non-small Cell Lung Cancer (LA-NSCLC); NCT01101334[PHASE2] Study of Erlotinib With or Without Investigational Drug (CS-7017) in Subjects With Advanced Non-small Cell Lung Cancer; NCT01104155[PHASE2] Eribulin Mesylate in Combination With Intermittent Erlotinib in Patients With Previously Treated, Advanced Non-Small Cell Lung Cancer; NCT01116219[PHASE2] Bevacizumab, Pemetrexed Disodium, and Cisplatin or Erlotinib Hydrochloride and Bevacizumab in Treating Patients With Stage IV Non-Small Cell Lung Cancer. A Multicenter Phase II Trial Including Biopsy at Progression (BIO-PRO Trial).; NCT01130753[PHASE2] Efficacy of Erlotinib in Neoadjuvant Setting in Patients With Stage IIIA, N2-positive Non-Small Cell Lung Cancer; NCT01174563[PHASE2] A Study on the Correlation Between Tarceva (Erlotinib) - Induced Rash and Efficacy in EGFR Mutated Participants With Advanced Non-Small Cell Lung Cancer Receiving First-Line Therapy; NCT01188707[PHASE1|PHASE2] A Trial of Belinostat in Combination With Erlotinib in Patients With Non-small Cell Lung Cancer; NCT01189435[PHASE2] Erlotinib Re-Challenge for Recurrent EGFR-mutant Lung Cancer in Patients Who Previously Received Adjuvant Erlotinib or Gefitinib; NCT01204697[PHASE2] A Study of Erlotinib [Tarceva] as Monotherapy or Intermittent Dosing With Docetaxel in Patients With Advanced or Metastatic Non-Small Cell Lung Cancer. (TALISMAN); NCT01211483[PHASE1|PHASE2] Study of Erlotinib With or Without Investigational Drug (U3-1287) in Subjects With Advanced Non-small Cell Lung Cancer; NCT01221077[PHASE2] Study of Erlotinib (Tarceva®) in Combination With OSI-906 in Patients With Advanced Non-small Cell Lung Cancer (NSCLC) With Activating Mutations of the Epidermal Growth Factor Receptor (EGFR) Gene; NCT01233687[PHASE1|PHASE2] AMG 102 and Erlotinib for Advanced Non-Small Cell Lung Cancer; NCT01244191[PHASE3] Tivantinib Plus Erlotinib Versus Placebo Plus Erlotinib for the Treatment of Non-squamous, Non-small-cell Lung Cancer; NCT01250119[PHASE2] A Study to Assess the Incidence of EGFR Mutation in Patients With Newly Diagnosed Locally Advanced or Metastatic Non-Small Cell Lung Cancer in the UK, And of Tarceva (Erlotinib) as First-Line Therapy in EGFR Mutation Positive Patients.; NCT01259089[PHASE1|PHASE2] Hsp90 Inhibitor AUY922 and Erlotinib Hydrochloride in Treating Patients With Stage IIIB-IV Non-Small Cell Lung Cancer; NCT01260181[PHASE2] A Study of Erlotinib in Participants With Locally Advanced or Metastatic Non-Small Cell Lung Cancer With Epidermal Growth Factor Receptor Mutations; NCT01310036[PHASE2] A Study of Tarceva (Erlotinib) as First Line Therapy in Participants With Non-Small Cell Lung Cancer Harbouring Epidermal Growth Factor Receptor (EGFR) Mutations; NCT01328951[PHASE3] A Study of First-line Maintenance Erlotinib Versus Erlotinib at Disease Progression in Participants With Advanced Non-Small Cell Lung Cancer (NSCLC) Who Have Not Progressed Following Platinum-Based Chemotherapy; NCT01342965[PHASE3] A Study of Erlotinib (Tarceva) Versus Gemcitabine/Cisplatin as First-line Treatment in Patients With Non-small Cell Lung Cancer With EGFR Mutations; NCT01350817[PHASE2] Erlotinib and Docetaxel in Second Line of Treatment in Patients With Non Small Cell Lung Cancer; NCT01360554[PHASE3] ARCHER 1009 : A Study Of Dacomitinib (PF-00299804) Vs. Erlotinib In The Treatment Of Advanced Non-Small Cell Lung Cancer; NCT01378962[PHASE2] A Study of Tarceva (Erlotinib) in Patients With Locally Advanced or Metastatic Non-Small Cell Lung Cancer (TRIGGER); NCT01395758[PHASE2] Erlotinib Plus Tivantinib (ARQ 197) Versus Single Agent Chemotherapy in Locally Advanced or Metastatic Non-Small Cell Lung Cancer; NCT01407822[PHASE2|PHASE3] Erlotinib Versus Gemcitabine/Cisplatin as (Neo)Adjuvant Treatment in Non-small Cell Lung Cancer; NCT01455389[PHASE1|PHASE2] TUSC2-nanoparticles and Erlotinib in Stage IV Lung Cancer; NCT01456325[PHASE3] A Study of Onartuzumab (MetMAb) in Combination With Tarceva (Erlotinib) in Participants With Met Diagnostic-Positive Non-Small Cell Lung Cancer Who Have Received Chemotherapy For Advanced or Metastatic Disease (MetLung); NCT01471964[PHASE1|PHASE2] Study to Assess Safety and Tolerability of MLN8237, In Combination With Erlotinib to Treat Non-Small Cell Lung Cancer; NCT01487174[PHASE3] KD019 Versus Erlotinib in Subjects With Stage IIIB/IV Non Small Cell Lung Cancer With Progression After First- or Second-Line Chemotherapy; NCT01487265[PHASE2] Trial of Erlotinib and BKM120 in Patients With Advanced Non Small Cell Lung Cancer Previously Sensitive to Erlotinib; NCT01523587[PHASE3] LUX-Lung 8: A Phase III Trial of Afatinib (BIBW 2992) Versus Erlotinib for the Treatment of Squamous Cell Lung Cancer After at Least One Prior Platinum Based Chemotherapy; NCT01557959[PHASE2] Docetaxel, Cisplatin, Pegfilgrastim, and Erlotinib Hydrochloride in Treating Patients With Stage IIIB or Stage IV Non-Small Cell Lung Cancer; NCT01652469[PHASE3] Testing of Drugs Erlotinib and Docetaxel in Lung Cancer Patients Classified Regarding Their Outlook Using VeriStrat®.; NCT01667562[PHASE3] A Study of Erlotinib in Participants With Locally Advanced or Metastatic Non-Small Cell Lung Cancer; NCT01728181[PHASE1|PHASE2] A Phase I/II Study of Tivozanib and Erlotinib as Initial Treatment for Metastatic Non-small Cell Lung Cancer Assigned by VeriStrat® Serum Proteomic Evaluation; NCT01796288[PHASE2] The Value of Radiotherapy in the Oligometastatic Non-squamous Non-small Cell Lung Cancer With Clinical Benefits From Erlotinib as Second-line Treatment; NCT01822496[PHASE2] Erlotinib Hydrochloride or Crizotinib and Chemoradiation Therapy in Treating Patients With Stage III Non-small Cell Lung Cancer; NCT01857271[PHASE2] Erlotinib Hydrochloride Before Surgery in Treating Patients With Stage III Non-Small Cell Lung Cancer; NCT01866410[PHASE2] Cabozantinib-S-Malate and Erlotinib Hydrochloride in Treating Patients With Previously Treated Metastatic Non-Small Cell Lung Cancer; NCT01887795[PHASE3] Phase Ⅲ Trial of WBRT Versus Erlotinib Concurrent Whole-brain Radiation Therapy as ﬁrst-line Treatment for Patients With Multiple Brain Metastases From Non-small-cell Lung Cancer(ENTER): a Multicentre, Open-label, Randomised Study; NCT01887886[PHASE3] A Study of Onartuzumab in Combination With Erlotinib in Patients With MET-Positive Stage IIIB or IV Non-Small Cell Lung Cancer Carrying an Activating Epidermal Growth Factor Receptor (EGFR) Mutation; NCT01928160[PHASE2] Pemetrexed Disodium and Carboplatin or Cisplatin With or Without Erlotinib Hydrochloride in Treating Patient With Stage IV Non-Small Cell Lung Cancer Resistant to First-Line Therapy With Erlotinib Hydrochloride or Gefitinib; NCT01996332[PHASE2] A Study of Tarceva (Erlotinib) Monotherapy in Patients With Advanced Non-Small Cell Lung Cancer (NSCLC); NCT01998919[PHASE2] A Study of Tarceva (Erlotinib) in Combination With Platinum Based Chemotherapy in Patients With Non-Small Cell Lung Cancer.; NCT02013206[PHASE2] A Study of Tarceva (Erlotinib) in Patients With Advanced Non-Small Cell Lung Cancer Naive to Chemotherapy; NCT02095782[PHASE2] Chemotherapy and Erlotinib for Lung Cancer With Low Abundance Epidermal Growth Factor Receptor Mutation; NCT02134015[PHASE3] Study of Patritumab in Combination With Erlotinib in Subjects With Locally Advanced or Metastatic Non-Small-Cell Lung Cancer (NSCLC). (HER3-Lung); NCT02296125[PHASE3] AZD9291 Versus Gefitinib or Erlotinib in Patients With Locally Advanced or Metastatic Non-small Cell Lung Cancer; NCT02424617[PHASE1|PHASE2] A Study of BGB324 (Bemcentinib) in Combination With Erlotinib in Patients With Non-Small Cell Lung Cancer; NCT02495233[PHASE1|PHASE2] A Study of ASP2215 in Combination With Erlotinib in Subjects With Epidermal Growth Factor Receptor (EGFR) Activating Mutation-Positive (EGFRm+) Advanced Non-Small-Cell Lung Cancer (NSCLC) Who Have Acquired Resistance to an EGFR Tyrosine Kinase Inhibitor (TKI); NCT02588261[PHASE3] A Study of ASP8273 vs. Erlotinib or Gefitinib in First-line Treatment of Patients With Stage IIIB/IV Non-small Cell Lung Cancer Tumors With EGFR Activating Mutations; NCT02633189[PHASE3] Study Comparing Bevacizumab + Erlotinib vs Erlotinib Alone as First Line Treatment of Patients With EGFR Mutated Advanced Non Squamous Non Small Cell Lung Cancer; NCT02655536[PHASE2] Bevacizumab and Erlotinib in Lung Cancer With Brain Metastases, a Phase II Trial; NCT02770014[PHASE2] Rapid Plasma Genotyping For Early Initiation Of Erlotinib In EGFR Mutant Lung Cancer; NCT02774278[PHASE2] A Study of Erlotinib (Tarceva) in Participants With Non-Small Cell Lung Cancer (NSCLC)"
"1459"	"36903"	"265"	"Colorectal Neoplasms"	"D015179"	"308"	"pemetrexed"	"DB00642"	"2912"	"TYMS"	"7298"	"strict_phase2_3_disease_directed_title"	"NCT00079872[PHASE2] Pemetrexed Plus a Comparator Versus a Combination of 2 Comparators in First-Line Treatment of Colorectal Cancer; NCT00191984[PHASE2] A Study of the Combination of Pemetrexed and Irinotecan Every Two Weeks in Metastatic Colorectal Cancer; NCT00330915[PHASE2] A Study of Pemetrexed and Folic Acid Given Before Surgery (Neoadjuvant Treatment) to Patients With Rectal Cancer.; NCT01109615[PHASE2] Pemetrexed and Gemcitabine for Treatment Resistant Patients With Metastatic Colorectal Cancer and KRAS Mutations; NCT01397305[PHASE1|PHASE2] An Extended Feasibility Phase I/II Study of Methylenetetrahydrofolate (Arfolitixorin) and Pemetrexed Single Agent, Given as Neoadjuvant Treatment in Patients With Resectable Rectal Cancer; NCT01909830[PHASE2] Gemcitabine in Combination With Pemetrexed Long Term Infusion in the Treatment of Pretreated Metastatic Colorectal Cancer Patients; NCT02588781[PHASE2] Pemetrexed Alone as Salvage Treatment in Metastatic Colorectal Cancer Patients Who Were Failed After Standard Chemotherapy: A Phase II Single Arm Prospective Study; NCT02723578[PHASE2] Pemetrexed and Erlotinib for Metastatic Colorectal Cancer; NCT03086538[PHASE2] Pemetrexed Plus Tarceva as Salvage Treatment in EGFR Overexpressed Metastatic Colorectal Cancer Patients Who Were Failed After Standard Chemotherapy; NCT03843853[PHASE2] Pemetrexed and S-1 in Combination With Bevacizumab in Refractory Colorectal Cancer; NCT04683965[PHASE2] Pemetrexed and TAS-102 in Combination With Bevacizumab in Refractory Colorectal Cancer"
"1464"	"19760"	"21"	"Psoriasis"	"D011565"	"891"	"ruxolitinib"	"DB08877"	"1417"	"TYK2"	"7297"	"strict_phase2_3_disease_directed_title"	"NCT00778700[PHASE2] A Dose Ranging Study of the Effect of Ruxolitinib Phosphate Cream When Applied to Participants With Plaque Psoriasis; NCT00820950[PHASE2] A Study of Ruxolitinib Phosphate Cream When Applied to Patients With Plaque Psoriasis"
"1468"	"25709"	"83"	"Lung Neoplasms"	"D008175"	"927"	"nintedanib"	"DB09079"	"1830"	"FGFR2"	"2263"	"strict_phase2_3_disease_directed_title"	"NCT01948141[PHASE2] Nintedanib in Treating Patients With Advanced Non-Small Cell Lung Cancer Who Have Failed Up to Two Previous Chemotherapy Regimens; NCT02231164[PHASE3] LUME-Columbus: Nintedanib Plus Docetaxel in Advanced Non-small Cell Lung Cancer With Translational Research; NCT02299141[PHASE2] Nintedanib in Molecularly Selected Patients With Advanced Non-Small Cell Lung Cancer; NCT03377023[PHASE1|PHASE2] Phase I/II Study of Nivolumab and Ipilimumab Combined With Nintedanib in Non Small Cell Lung Cancer; NCT06071013[PHASE1|PHASE2] Nintedanib Plus EGFR TKI In EGFR-mutated Non-small Cell Lung Cancer Patients"
"1470"	"6256"	"8"	"Ovarian Neoplasms"	"D010051"	"757"	"everolimus"	"DB01590"	"334"	"MTOR"	"2475"	"strict_phase2_3_disease_directed_title"	"NCT02188550[PHASE2] Single Arm Trial With Combination of Everolimus and Letrozole in Treatment of Platinum Resistant Relapse or Refractory or Persistent Ovarian Cancer/Endometrial Cancer"
"1474"	"3499"	"588"	"Adenocarcinoma"	"D000230"	"680"	"paclitaxel"	"DB01229"	"119"	"BCL2"	"596"	"strict_phase2_3_disease_directed_title"	"NCT00201734[PHASE1|PHASE2] Capecitabine, Carboplatin and Weekly Paclitaxel for Patients With Solid Tumors and Adenocarcinoma of Unknown Primary; NCT01182610[PHASE2] Panitumumab, Paclitaxel, Carboplatin and 5FU in the Treatment of Potentially Resectable Gastroesophageal Adenocarcinoma; NCT01431794[PHASE1|PHASE2] Gemcitabine + Nab-paclitaxel With LDE-225 (Hedgehog Inhibitor) as Neoadjuvant Therapy for Pancreatic Adenocarcinoma; NCT01578551[PHASE2] Study of Metformin Plus Paclitaxel/Carboplatin/Bevacizumab in Patients With Adenocarcinoma.; NCT01971281[PHASE1|PHASE2] Safety Feasibility and Effect of TTFields (150 kHz) Concomitant With Gemcitabine or Concomitant With Gemcitabine Plus Nab-paclitaxel for Front-line Therapy of Advanced Pancreatic Adenocarcinoma (PANOVA); NCT02101021[PHASE3] Gemcitabine and Nab-paclitaxel Combined With Momelotinib in Participants With Previously Untreated Metastatic Pancreatic Ductal Adenocarcinoma; NCT02370498[PHASE3] A Study of Pembrolizumab (MK-3475) Versus Paclitaxel for Participants With Advanced Gastric/Gastroesophageal Junction Adenocarcinoma That Progressed After Therapy With Platinum and Fluoropyrimidine (MK-3475-061/KEYNOTE-061); NCT02436668[PHASE3] Study of Ibrutinib vs Placebo, in Combination With Nab-paclitaxel and Gemcitabine, in the First Line Treatment of Patients With Metastatic Pancreatic Adenocarcinoma (RESOLVE); NCT02448329[PHASE2] Study of AZD1775 in Combination With Paclitaxel, in Advanced Gastric Adenocarcinoma Patients Harboring TP53 Mutation as a Second-line Chemotherapy; NCT02449655[PHASE2] Trial of AZD5363 Plus Paclitaxel /AZD2014 Plus Paclitaxel in Biomarker Negative (PIK3CA/MEK/RAS/TP53/MET) Gastric Adenocarcinoma Patients as Second-line Chemotherapy; NCT02487277[PHASE2] PEGPH20, Gemicitabine and Nab-Paclitaxel for Pancreatic Ductal Adenocarcinoma; NCT02504333[PHASE1|PHASE2] Phase I/II Study of Nab-paclitaxel and Gemcitabine Followed by AG-mFOLFOX in Patients With Metastatic Pancreatic Adenocarcinoma; NCT02615730[PHASE1|PHASE2] PI3Kβ Selective Inhibitor With Paclitaxel, Advanced Gastric Adenocarcinoma; NCT02628951[PHASE2] Ramucirumab/Paclitaxel as Second-line Treatment in Metastatic Gastric or Gastroesophageal Junction Adenocarcinoma With Integrative Genomic Analysis; NCT02879318[PHASE2] Gemcitabine and Nab-Paclitaxel vs Gemcitabine, Nab-Paclitaxel, Durvalumab and Tremelimumab as 1st Line Therapy in Metastatic Pancreatic Adenocarcinoma; NCT03019588[PHASE3] Efficacy and Safety Study of Pembrolizumab (MK-3475) Versus Paclitaxel in Asian Participants With Advanced Gastric or Gastroesophageal Junction Adenocarcinoma Who Progressed After First-line Therapy With Platinum and Fluoropyrimidine (MK-3475-063/KEYNOTE-063); NCT03083613[PHASE2] Raltitrexed and Paclitaxel for Gastric or Gastroesophageal Junction Adenocarcinoma; NCT03214250[PHASE1|PHASE2] Safety and Efficacy of APX005M With Gemcitabine and Nab-Paclitaxel With or Without Nivolumab in Patients With Previously Untreated Metastatic Pancreatic Adenocarcinoma; NCT03377491[PHASE3] Effect of Tumor Treating Fields (TTFields, 150 kHz) as Front-Line Treatment of Locally-advanced Pancreatic Adenocarcinoma Concomitant With Gemcitabine and Nab-paclitaxel (PANOVA-3); NCT03496662[PHASE1|PHASE2] BMS-813160 With Nivolumab and Gemcitabine and Nab-paclitaxel in Borderline Resectable and Locally Advanced Pancreatic Ductal Adenocarcinoma (PDAC); NCT03915444[PHASE2] Nab-Paclitaxel + Cisplatin + Gemcitabine in Untreated Metastatic Pancreatic Adenocarcinoma; NCT03943667[PHASE3] Gemcitabine and Paclitaxel vs Gemcitabine Alone After FOLFIRINOX Failure in Metastatic Pancreatic Ductal Adenocarcinoma; NCT03966118[PHASE2] Avelumab + Paclitaxel/ Ramucirumab (RAP) as Second Line Treatment in Gastro-esophageal Adenocarcinoma; NCT04034251[PHASE2] Intraperitoneal and Intravenous Paclitaxel Chemotherapy With Oral Capecitabine for Gastric Adenocarcinoma With Peritoneal Carcinomatosis; NCT04140318[PHASE2] Sintilimab and Nab-paclitaxel in Second-line Treatment of Advanced Gastric or Gastro-oesophageal Junction Adenocarcinoma; NCT04209686[PHASE2] Paclitaxel, Pembrolizumab and Olaparib in Previously Treated Advanced Gastric Adenocarcinoma; NCT04329949[PHASE3] Study of Relacorilant in Combination With Nab-Paclitaxel in Patients With Metastatic Pancreatic Ductal Adenocarcinoma; NCT04604132[PHASE1|PHASE2] Derazantinib Alone or in Combination With Paclitaxel, Ramucirumab or Atezolizumab in Gastric Adenocarcinoma; NCT05042128[PHASE2] The ASCEND Study: Gemcitabine and Nab-Paclitaxel With LSTA1 (Certepetide) or Placebo in Patients With Untreated Metastatic Pancreatic Ductal Adenocarcinoma; NCT05624918[PHASE2] A Study of NovoTTF-200T(P) in Combination With Gemcitabine and Nab-Paclitaxel for Resectable Pancreatic Adenocarcinoma; NCT05821556[PHASE2] Valproic Acid/Simvastatin Plus Gemcitabine/Nab-paclitaxel Based Regimens in Untreated Metastatic Pancreatic Adenocarcinoma Patients; NCT05977998[PHASE2] A Phase II Study of Perioperative Paclitaxel in Patients With Gastric Adenocarcinoma and Carcinomatosis or Positive Cytology; NCT05978050[PHASE3] Nimotuzumab Combined With Paclitaxel for Recurrent Metastatic Gastric or Esophagogastric Junction Adenocarcinoma; NCT06030934[PHASE2] Study of The Second-line Treatment of Advanced Gastric / Gastroesophageal Junction Adenocarcinoma With Envafolimab and Lenvatinib Combined With Paclitaxel-albumin; NCT06043427[PHASE2] Paclitaxel and Ramucirumab +/- Zanidatamab in HER2 Postive Advanced Gastroesophageal Adenocarcinoma; NCT06118645[PHASE2] Cadonilimab+ Paclitaxel (Albumin-bound) Treat Advanced Gastric Adenocarcinoma With PD-(L)1 Inhibitors Resistance; NCT06199895[PHASE2] Clinical Efficacy and Safety of Paclitaxel Polymeric Micelles for Injection in the Treatment of Patients With Taxans-resistant Pancreatic Adenocarcinoma, Cholangiocarcinoma, Lung Cancer, Gastric Cancer, Esophageal Carcinoma, or Breast Cancer; NCT06207305[PHASE1|PHASE2] A Phase I/II Study of Intraperitoneal Paclitaxel in Patients With Metastatic Appendiceal Adenocarcinoma; NCT06241469[PHASE2] Efficacy and Safety of Sintilimab Combined With Nab-paclitaxel and Tegio (aTS) as First-line Treatment of Unresectable Locally Advanced, Recurrent or Metastatic Adenocarcinoma of Gastric and Gastroesophageal Junction，a Phase II Clinical Study; NCT06341335[PHASE3] A Study of AK104/Placebo Plus AK109/Placebo And Paclitaxel in Gastric or Gastroesophageal Junction Adenocarcinoma; NCT06390059[PHASE2] EF-39 PANOVA-4: Study of Tumor Treating Fields Concomitant With Atezolizumab, Gemcitabine and Nab-Paclitaxel as First-LineTreatment for Metastatic Pancreatic Ductal Adenocarcinoma; NCT06398587[PHASE2] Onvansertib in Combination With Gemcitabine and Nab-paclitaxel for the Treatment of Patients With Locally-advanced, Unresectable, or Metastatic Pancreatic Ductal Adenocarcinoma; NCT06406426[PHASE2] Study of The Second-line Treatment of Advanced Gastric / Gastroesophageal Junction Adenocarcinoma With Cadonilimab and Fruquintinib Combined With Paclitaxel-albumin; NCT06415669[PHASE2] A Study of Paclitaxel Combined With Apatinib and Adebrelimab in Gastric/Gastroesophageal Junction Adenocarcinoma; NCT06654011[PHASE2] IN10018 With Nab-Paclitaxel and Cadonilimab for Metastatic or Recurrent Gastric-Type Cervical Adenocarcinoma: Phase 2 Trial; NCT06904378[PHASE1|PHASE2] ONT01 and Gemcitabine/Nab-paclitaxel as Second Line Therapy for Metastatic Pancreatic Ductal Adenocarcinoma; NCT07076212[PHASE2] Evaluating NALIRIFOX vs Modified Gemcitabine, Nab-Paclitaxel and Cisplatin in Patients With Locally Advanced and Metastatic Pancreatic Adenocarcinoma; NCT07226856[PHASE2] BMS-986340 in Combination With Nivolumab, Gemcitabine and Nab-paclitaxel for the Treatment of Metastatic and Recurrent Pancreatic Adenocarcinoma; NCT07259317[PHASE2] Relacorilant With Nab-Paclitaxel and Gemcitabine in Patients With Metastatic Pancreatic Adenocarcinoma; NCT07362186[PHASE3] LM-108 in Combination With Toripalimab Versus Paclitaxel Injection for the Treatment of Subjects With CCR8-Positive Gastric and Gastroesophageal Junction Adenocarcinoma; NCT07445295[PHASE3] Chiauranib Plus PD-1 Inhibitor, Albumin-paclitaxel and Gemcitabine in Patients With Metastatic Pancreatic Ductal Adenocarcinoma; NCT07556640[PHASE2] LM-302 and S-1 Plus Intraperitoneal Paclitaxel With or Without Cadonilimab for Claudin 18.2-positive Gastric or Gastroesophageal Junction Adenocarcinoma With Peritoneal Metastasis: a Prospective, Exploratory Study"
"1477"	"8885"	"83"	"Lung Neoplasms"	"D008175"	"898"	"regorafenib"	"DB08896"	"732"	"PDGFRB"	"5159"	"strict_phase2_3_disease_directed_title"	"NCT03520842[PHASE2] Regorafenib and Methotrexate in Treating Participants With Recurrent or Metastatic KRAS Mutated Non-Small Cell Lung Cancer"
"1479"	"15366"	"622"	"Myelodysplastic Syndromes"	"D009190"	"708"	"sunitinib"	"DB01268"	"1193"	"KIT"	"3815"	"strict_phase2_3_disease_directed_title"	"NCT00451048[PHASE2] Sunitinib in Treating Patients With Myelodysplastic Syndromes or Chronic Myelomonocytic Leukemia"
"1481"	"35955"	"120"	"Parkinson Disease"	"D010300"	"218"	"celecoxib"	"DB00482"	"2791"	"ABCB1"	"5243"	"strict_phase2_3_disease_directed_title"	"NCT07246278[PHASE1|PHASE2] Celecoxib in Parkinson Disease as Adjuvant Therapy"
"1492"	"4947"	"334"	"Leukemia"	"D007938"	"70"	"cladribine"	"DB00242"	"258"	"POLA1"	"5422"	"strict_phase2_3_disease_directed_title"	"NCT00126321[PHASE2] Cladribine, Cytarabine and Idarubicin in Patients With Relapsed Acute Myelocytic Leukemia (AML); NCT00412594[PHASE2] Cladribine and Rituximab in Treating Patients With Hairy Cell Leukemia; NCT00764517[PHASE2] Vorinostat, Cladribine, and Rituximab in Treating Patients With Mantle Cell Lymphoma, Relapsed Chronic Lymphocytic Leukemia, or Relapsed B Cell Non-Hodgkin's Lymphoma; NCT00923013[PHASE2] Cladribine With Simultaneous or Delayed Rituximab to Treat Hairy Cell Leukemia; NCT01515527[PHASE2] Cladribine Plus Low Dose Cytarabine (LDAC) Alternating With Decitabine in Patients With Acute Myeloid Leukemia (AML) or High-Risk Myelodysplastic Syndrome (MDS); NCT02044796[PHASE1|PHASE2] Filgrastim, Cladribine, Cytarabine, and Mitoxantrone Hydrochloride in Treating Patients With Newly Diagnosed or Relapsed/Refractory Acute Myeloid Leukemia or High-Risk Myelodysplastic Syndromes; NCT02096055[PHASE2] Guadecitabine With or Without Idarubicin or Cladribine in Treating Older Patients With Previously Untreated Acute Myeloid Leukemia; NCT02115295[PHASE2] Cladribine, Idarubicin, Cytarabine, and Venetoclax in Treating Patients With Acute Myeloid Leukemia, High-Risk Myelodysplastic Syndrome, or Blastic Phase Chronic Myeloid Leukemia; NCT02250937[PHASE2] Venetoclax and Sequential Busulfan, Cladribine, and Fludarabine Phosphate Before Donor Stem Cell Transplant in Treating Patients With Acute Myelogenous Leukemia or Myelodysplastic Syndrome; NCT02728050[PHASE1|PHASE2] Filgrastim, Cladribine, Cytarabine, and Mitoxantrone With Sorafenib in Treating Patients With Newly-Diagnosed, Acute Myeloid Leukemia or High-Risk Myelodysplastic Syndrome; NCT03012672[PHASE2] Higher or Lower Dose Cladribine, Cytarabine, and Mitoxantrone in Treating Medically Less Fit Patients With Newly Diagnosed Acute Myeloid Leukemia or Myeloid Neoplasm; NCT03150004[PHASE2] Efficacy and Pharmacogenomics of Cladribine Based Salvage Chemotherapy in Patients With Relapse/Refractory and Secondary Acute Myeloid Leukemia (AML) and High Risk Myelodysplastic Syndrome (MDS); NCT03181815[PHASE2] Cladribine in Combination With CAG in Patients With Refractory/Relapsed Acute Myeloid Leukemia; NCT03318419[PHASE2] Cladribine in Combination With GAP in Patients With Refractory/Relapsed Acute Lymphoblastic Leukemia; NCT03586609[PHASE2] Venetoclax, Cladribine, Low Dose Cytarabine, and Azacitidine in Treating Patients With Previously Untreated Acute Myeloid Leukemia; NCT04047641[PHASE1|PHASE2] Cladribine, Idarubicin, Cytarabine, and Quizartinib in Treating Patients With Newly Diagnosed, Relapsed, or Refractory Acute Myeloid Leukemia or High-Risk Myelodysplastic Syndrome; NCT04848974[PHASE1|PHASE2] Uproleselan, Cladribine, and Low Dose Cytarabine for the Treatment of Patients With Treated Secondary Acute Myeloid Leukemia; NCT04861207[PHASE2] Total Body Irradiation and Cladribine Before Allogeneic Hematopoietic Cell Transplantation in Patients With AML (Acute Myeloid Leukemia) and Myelodysplastic Syndromes; NCT05330364[PHASE2] Study of Chidamide Combined With Cladribine in Refractory/Relapsed Acute Myeloid Leukemia; NCT05906914[PHASE2] Cladribine Plus Homoharringtonine and Cytarabine Regimen (CHA) for de Novo Acute Myeloid Leukemia; NCT06561360[PHASE2] A Study of Vemurafenib and Obinutuzumab Compared to Cladribine and Rituximab in People With Hairy Cell Leukemia (HCL); NCT07053020[PHASE1|PHASE2] A Phase 1 Open-Label, Dose-Ranging Safety and Pharmacokinetics Study of Oral Cladribine in Patients With Acute Myeloid Leukemia (AML); NCT07311746[PHASE1|PHASE2] Phase Ib/II Trial of Cladribine/Ruxolitinib/Venetoclax in Patients With Relapsed/Refractory T-cell Prolymphocytic Leukemia"
"1494"	"36895"	"29"	"Pancreatic Neoplasms"	"D010190"	"308"	"pemetrexed"	"DB00642"	"2912"	"TYMS"	"7298"	"strict_phase2_3_disease_directed_title"	"NCT00490373[PHASE2] Trial of Pemetrexed for Patients With Pancreatic Cancer Which Cannot be Treated With Surgery or is Metastatic"
"1499"	"43470"	"504"	"Polycystic Ovary Syndrome"	"D011085"	"1057"	"letrozole"	"DB01006"	"3692"	"CYP19A1"	"1588"	"strict_phase2_3_disease_directed_title"	"NCT06418347[PHASE3] Effect of ALA Combined With Letrozole on Polycystic Ovary Syndrome Clinical Outcome in Infertile Females"
"1503"	"45463"	"239"	"Neuralgia"	"D009437"	"263"	"carbamazepine"	"DB00564"	"3908"	"SCN10A"	"6336"	"strict_phase2_3_disease_directed_title"	"NCT07304453[PHASE2] Nucleo CMP and Neurorubine Versus Carbamazepine for Classical Trigeminal Neuralgia"
"1505"	"18385"	"92"	"Obsessive-Compulsive Disorder"	"D009771"	"367"	"risperidone"	"DB00734"	"1406"	"DRD2"	"1813"	"strict_phase2_3_disease_directed_title"	"NCT05401019[PHASE2] Efficacy of Treatment With Pramipexole or Risperidone in Patients With Refractory Obsessive-compulsive Disorder (OCD)"
"1515"	"28462"	"144"	"Essential Hypertension"	"D000075222"	"87"	"olmesartan"	"DB00275"	"2124"	"AGTR1"	"185"	"strict_phase2_3_disease_directed_title"	"NCT00139698[PHASE3] Olmesartan Alone or in Combination With Hydrochlorothiazide in Subjects With Mild to Moderate Essential Hypertension; NCT00185172[PHASE3] Olmesartan in Essential Hypertension; NCT00430508[PHASE3] Use of the Combination of Olmesartan and Hydrochlorothiazide in Essential Hypertension; NCT00430950[PHASE3] Combination of Olmesartan and Hydrochlorothiazide in Essential Hypertension; NCT00856271[PHASE3] Olmesartan Medoxomil Versus Losartan Potassium in Patients With Mild to Moderate Essential Hypertension; NCT00872586[PHASE3] Evaluation of the Additional Efficacy, and Safety of Olmesartan Medoxomil 20mg / Hydrochlorothiazide 12.5mg in the Treatment of Chinese Patients With Mild to Moderate Essential Hypertension; NCT00996281[PHASE3] Safety and Tolerability of Azilsartan Medoxomil Plus Chlorthalidone Compared to Olmesartan Medoxomil Plus Hydrochlorothiazide in Participants With Essential Hypertension; NCT01599104[PHASE3] Efficacy and Safety of LCZ696 in Comparison to Olmesartan in Japanese Patients With Essential Hypertension; NCT01615198[PHASE3] Efficacy and Safety of LCZ696 in Comparison to Olmesartan in Elderly Patients With Essential Hypertension; NCT01785472[PHASE3] Efficacy and Safety of LCZ696 in Comparison to Olmesartan in Asian Patients With Essential Hypertension; NCT02407210[PHASE3] Efficacy and Safety of Azilsartan Compared to Olmesartan Medoxomil in Chinese Participants With Grade I or II Essential Hypertension"
"1518"	"20502"	"372"	"Osteosarcoma"	"D012516"	"695"	"docetaxel"	"DB01248"	"1452"	"NR1I2"	"8856"	"strict_phase2_3_disease_directed_title"	"NCT02099396[PHASE2|PHASE3] A Clinical Trial on Efficacy and Safety for Lobaplatin and Gemcitabine in Combination With Docetaxel in the Second-line Treatments on Advanced Osteosarcoma; NCT03598595[PHASE1|PHASE2] Gemcitabine, Docetaxel, and Hydroxychloroquine in Treating Participants With Recurrent or Refractory Osteosarcoma; NCT06935409[PHASE3] Study of HS-20093 Versus Gemcitabine in Combination With Docetaxel in Treatment of Osteosarcoma After Previous Second-line Treatment Failure"
"1521"	"15176"	"409"	"Gastrointestinal Stromal Tumors"	"D046152"	"843"	"pazopanib"	"DB06589"	"1165"	"PDGFRA"	"5156"	"strict_phase2_3_disease_directed_title"	"NCT01391611[PHASE2] Pazopanib in Imatinib Refractory or Intolerant Gastrointestinal Stromal Tumors (GIST); NCT01524848[PHASE2] Pazopanib in Advanced Gastrointestinal Stromal Tumors Refractory to Imatinib and Sunitinib; NCT02342600[PHASE2] SARC029: Trametinib and Pazopanib in Patients With GIST (Gastrointestinal Stromal Tumor)"
"1526"	"34475"	"83"	"Lung Neoplasms"	"D008175"	"547"	"minocycline"	"DB01017"	"2578"	"IL1B"	"3553"	"strict_phase2_3_disease_directed_title"	"NCT01636934[PHASE2] Minocycline Study in Non Small Cell Lung Cancer (NSCLC) Patients for Chemoradiation Therapy"
"1528"	"15161"	"252"	"Sarcoma"	"D012509"	"708"	"sunitinib"	"DB01268"	"1165"	"PDGFRA"	"5156"	"strict_phase2_3_disease_directed_title"	"NCT00378911[PHASE2] Sunitinib in Treating Patients With Recurrent or Persistent Leiomyosarcoma of the Uterus; NCT00400569[PHASE2] Phase II Study of Sunitinib Malate for Metastatic and/or Surgically Unresectable Soft Tissue Sarcoma; NCT00474994[PHASE2] Sunitinib in Treating Patients With Metastatic, Locally Advanced, or Locally Recurrent Sarcomas; NCT00521092[PHASE2] Sunitinib Malate in Treating East African Patients With Kaposi Sarcoma; NCT00753727[PHASE1|PHASE2] Sunitinib and Radiation in Patients With Resectable Soft-tissue Sarcoma; NCT00859456[PHASE2] Sunitinib in Certain Subtypes of Soft Tissue Sarcomas; NCT01391962[PHASE2] Sunitinib or Cediranib for Alveolar Soft Part Sarcoma; NCT03277924[PHASE1|PHASE2] Trial of Sunitinib and/or Nivolumab Plus Chemotherapy in Advanced Soft Tissue and Bone Sarcomas; NCT03641326[PHASE2] Sunitinib in Sarcomas of the Central Nervous System; NCT07477457[PHASE2] A Study of Gefitinib, Trametinib, Disulfiram, and Sunitinib in Addition to Standard Chemotherapy in People With Osteosarcoma"
"1532"	"26192"	"144"	"Essential Hypertension"	"D000075222"	"1134"	"L-Arginine"	"DB00125"	"1939"	"NOS2"	"4843"	"strict_phase2_3_disease_directed_title"	"NCT00137124[PHASE2|PHASE3] L-Arginine Metabolism in Essential Hypertension"
"1533"	"1146"	"250"	"Head and Neck Neoplasms"	"D006258"	"240"	"erlotinib"	"DB00530"	"55"	"EGFR"	"1956"	"strict_phase2_3_disease_directed_title"	"NCT00030576[PHASE1|PHASE2] Erlotinib and Cisplatin in Treating Patients With Recurrent or Metastatic Head and Neck Cancer; NCT00281866[PHASE2] Erlotinib in Treating Patients With Metastatic and/or Recurrent Head and Neck Cancer; NCT00448240[PHASE2|PHASE3] Erlotinib (Tarceva) During First Line Standard Platinum Containing Chemo for Advanced Squamous Cell Head and Neck Cancer; NCT00573989[PHASE1|PHASE2] Intensity-Modulated Radiation Therapy, Pemetrexed, and Erlotinib in Treating Patients With Recurrent or Second Primary Head and Neck Cancer; NCT00750555[PHASE2] Maintenance of Tarceva (Erlotinib) in Patients With Locally Advanced Head and Neck Cancer; NCT06997068[PHASE2] Methotrexate, Erlotinib, and Celecoxib for the Treatment of Recurrent/Metastatic Head and Neck Cancer in a Rural Midwest United States Population"
"1538"	"17038"	"48"	"Anxiety"	"D001007"	"62"	"pregabalin"	"DB00230"	"1376"	"CACNA1A"	"773"	"strict_phase2_3_disease_directed_title"	"NCT00150449[PHASE3] Determine Long-Term Safety and Tolerability of Pregabalin in Patients With Anxiety Disorders.; NCT00151450[PHASE3] Comparison of Pregabalin Versus Venlafaxine XR and Placebo in the Treatment of Generalized Anxiety Disorder; NCT00245609[PHASE2] Trial of Pregabalin, Alprazolam, and Placebo in Subjects With Anxiety Prior to Dental Procedure; NCT00368745[PHASE3] Efficacy and Safety of Pregabalin vs Placebo for Generalized Anxiety Disorder (GAD) Symptoms in Subjects Discontinuing Benzodiazepine Treatment and Remaining 6 Weeks on Study Medication, Free From Benzodiazepine Use.; NCT00413010[PHASE3] Pregabalin in the Treatment of Patients With Generalized Anxiety Disorder (GAD).; NCT04622202[PHASE1|PHASE2] Pre-emptive Pregabalin on Attenuating Maternal Anxiety And Stress Response To Intubation During Caesarean Section"
"1549"	"36922"	"382"	"Rectal Neoplasms"	"D012004"	"314"	"leucovorin"	"DB00650"	"2912"	"TYMS"	"7298"	"strict_phase2_3_disease_directed_title"	"NCT00002842[PHASE2] Liver Resection and Floxuridine Plus Fluorouracil and Leucovorin in Treating Patients With Liver Metastases From Colorectal Cancer; NCT00004252[PHASE3] Leucovorin and Fluorouracil With or Without SU5416 in Treating Patients With Metastatic Colorectal Cancer; NCT00004860[PHASE2] Fluorouracil-Uracil and Leucovorin in Treating Elderly Patients With Metastatic Colorectal Cancer; NCT00004885[PHASE3] Fluorouracil and Leucovorin With or Without Irinotecan in Treating Patients With Metastatic Colorectal Cancer; NCT00005586[PHASE3] Leucovorin and Fluorouracil Compared With Observation in Treating Patients With Colorectal Cancer That Has Been Surgically Removed; NCT00016198[PHASE2] Fluorouracil and Leucovorin With or Without Oxaliplatin in Treating Patients With Recurrent Metastatic Colorectal Cancer; NCT00016952[PHASE2] Irinotecan or Fluorouracil Plus Leucovorin in Treating Patients With Previously Treated Metastatic Colorectal Cancer; NCT00026273[PHASE3] Fluorouracil and Leucovorin With or Without Irinotecan in Treating Patients Following Surgery for Stage III Colorectal Cancer; NCT00040391[PHASE2] A Trial of an Investigational Drug for the Prevention of Diarrhea Associated With Irinotecan/5FU/Leucovorin Chemotherapy in Previously Untreated Metastatic Colorectal Cancer; NCT00062426[PHASE3] Oxaliplatin and Bevacizumab (Avastin™) With Either Fluorouracil and Leucovorin or Capecitabine in Treating Patients With Advanced Colorectal Cancer; NCT00065117[PHASE2] Safety, Tolerability and Efficacy of ZD6126 in Combination With Oxaliplatin, 5-Fluorouracil and Leucovorin in Subjects With Metastatic Colorectal Cancer.; NCT00066846[PHASE2] Bevacizumab Plus Fluorouracil and Leucovorin in Treating Patients With Locally Advanced or Metastatic Stage IV Colorectal Cancer That Has Progressed After Standard Chemotherapy; NCT00072553[PHASE2] Celecoxib, Leucovorin, Fluorouracil, and Oxaliplatin in Treating Patients With Metastatic Colorectal Cancer; NCT00075595[PHASE2] Fluorouracil, Leucovorin, and Irinotecan in Treating Patients With Recurrent or Refractory Metastatic Unresectable Colorectal Cancer; NCT00080951[PHASE2] Irinotecan, Fluorouracil, Leucovorin, and Oxaliplatin as First-Line Therapy in Treating Patients With Metastatic Colorectal Cancer; NCT00098787[PHASE2] Bevacizumab and Oxaliplatin Combined With Irinotecan or Leucovorin and Fluorouracil in Treating Patients With Metastatic or Recurrent Colorectal Cancer; NCT00205322[PHASE2] Oxaliplatin, 5-FU and Leucovorin in Combination With Oral Capecitabine for Metastatic Colorectal Cancer; NCT00209625[PHASE1|PHASE2] Phase I / II Study of Irinotecan (CPT-11) Combined With l-Leucovorin (l-LV) and 5-FU in Patients With Advanced Colorectal Cancer; NCT00233623[PHASE2] Irinotecan, 5-Fluorouracil and Leucovorin With or Without Iressa in the Treatment of Metastatic Colorectal Cancer; NCT00252564[PHASE3] Cetuximab, Bevacizumab & 5FU/Leucovorin vs. Oxaliplatin, Bevacizumab & 5FU/Leucovorin in Metastatic Colorectal Cancer; NCT00278889[PHASE2] Second Line ColoRectal Cancer Therapy in Combination With Combination of FOL- Folinic Acid(Leucovorin), F - Fluorouracil and OX - Oxaliplatin (FOLFOX); NCT00438737[PHASE2] Cetuximab, Leucovorin, Oxaliplatin, and Fluorouracil With or Without Bevacizumab in Treating Patients With Resectable Liver Metastases From Colorectal Cancer; NCT00544349[PHASE2] Leucovorin, Fluorouracil, Cetuximab, and Oxaliplatin in Treating Patients With Stage IV Colorectal Cancer and Liver Metastases That Cannot Be Removed by Surgery; NCT00942266[PHASE2] Vorinostat, Fluorouracil, and Leucovorin Calcium in Treating Patients With Metastatic Colorectal Cancer That Has Not Responded to Previous Treatment; NCT01110941[PHASE1|PHASE2] Feasibility Study of SOL (S-1,Oral Leucovorin,and Oxaliplatin) for Colorectal Cancer in China; NCT01193452[PHASE2] S-1/Leucovorin (SL) Versus sLV5FU2 as the First-line Treatment for Elderly Patients With Colorectal Cancer; NCT01205711[PHASE2] Irinotecan Hydrochloride, Fluorouracil, and Leucovorin Calcium With or Without Zibotentan in Treating Patients With Metastatic Colorectal Cancer; NCT01263171[PHASE2] Oxaliplatin, Leucovorin, and Fluorouracil Before and After Radiation Therapy and Surgery in Treating Patients With Rectal Cancer That Can Be Removed by Surgery; NCT01269216[PHASE2] A Study of Neoadjuvant Chemoradiotherapy With 5-FU/Leucovorin (FL) vs. TS-1/Irinotecan in Patients With Locally Advanced Rectal Cancer; NCT01375816[PHASE2] Liposome-encapsulated Irinotecan Hydrochloride PEP02 or Irinotecan Hydrochloride, Leucovorin Calcium, and Fluorouracil as Second-Line Therapy in Treating Patients With Metastatic Colorectal Cancer; NCT01871571[PHASE2] Bevacizumab, Fluorouracil, Leucovorin Calcium, and Oxaliplatin Before Surgery in Treating Patients With Stage II-III Rectal Cancer; NCT02235324[PHASE2] Ziv-Aflibercept Followed by Ziv-Aflibercept, Fluorouracil, and Leucovorin Calcium in Treating Patients With Stage IV Colorectal Cancer; NCT02785068[PHASE1|PHASE2] Evaluation of MM-151 + Nal-IRI + 5-FU + Leucovorin in RAS/RAF Wild-type Metastatic Colorectal Cancer; NCT03750786[PHASE3] A Study to Compare the Efficacy of Arfolitixorin Versus Leucovorin in Combination With 5 Fluorouracil, Oxaliplatin, and Bevacizumab in Patients With Advanced Colorectal Cancer; NCT06820463[PHASE2] A Study to Evaluate the Adverse Events, and Efficacy of Intravenous (IV) of Telisotuzumab Adizutecan in Combination With IV Oxaliplatin, Fluorouracil, Folinic Acid/Leucovorin, Bevacizumab, Panitumumab in Adult Participants With Metastatic Colorectal Cancer"
"1551"	"20329"	"588"	"Adenocarcinoma"	"D000230"	"240"	"erlotinib"	"DB00530"	"1452"	"NR1I2"	"8856"	"strict_phase2_3_disease_directed_title"	"NCT00137839[PHASE2] Erlotinib in Women With Previously Untreated Adenocarcinoma of the Lung; NCT00716456[PHASE1|PHASE2] Cetuximab in Patients With Lung Adenocarcinoma Receiving Erlotinib That Have Developed ""Acquired Resistance"" to Erlotinib; NCT01578668[PHASE2] Erlotinib Plus Pemetrexed to Treat Lung Adenocarcinoma With Brain Metastases; NCT03076164[PHASE1|PHASE2] A Phase 1/2 Trial of Trametinib and Erlotinib in Patients With EGFR-Mutant Lung Adenocarcinomas and Acquired Resistance to Erlotinib; NCT03213626[PHASE2] Cabozantinib and Erlotinib for Patients With EGFR and c-Met Co-expressing Metastatic Pancreatic Adenocarcinoma"
"1552"	"7312"	"63"	"Rhinitis"	"D012220"	"862"	"capsaicin"	"DB06774"	"373"	"CFTR"	"1080"	"strict_phase2_3_disease_directed_title"	"NCT02493257[PHASE2] Intranasal Capsaicin Treatment for Non-Allergic Irritant Rhinitis; NCT05093478[PHASE3] The Prevalence of Local Immunoglobulin E (IgE) Elevation and Its Effect on Intranasal Capsaicin Therapy in the Non-allergic Rhinitis Population"
"1554"	"36880"	"382"	"Rectal Neoplasms"	"D012004"	"193"	"gemcitabine"	"DB00441"	"2912"	"TYMS"	"7298"	"strict_phase2_3_disease_directed_title"	"NCT00007943[PHASE2] Gemcitabine in Treating Patients With Advanced Colorectal Cancer; NCT00159445[PHASE2] Capecitabine and Gemcitabine in Patients With Metastatic Colorectal Cancer; NCT00192075[PHASE2] A Randomized Trial of Avastin + Gemcitabine + 5-Fluorouracil (5FU)/Folinic Acid Versus Avastin + Oxaliplatin + 5FU/Folinic Acid in Metastatic Colorectal Cancer; NCT00220155[PHASE2] Phase II Fixed Dose Rate Gemcitabine for Advanced or Metastatic Colorectal Cancer; NCT00496704[PHASE1|PHASE2] Gemcitabine, Capecitabine, and Oxaliplatin as Second-Line Therapy in Treating Patients With Advanced Colorectal Cancer Previously Treated With Irinotecan; NCT00645710[PHASE1|PHASE2] Hepatic Arterial Infusion of Floxuridine, Gemcitabine Hydrochloride, and Radiolabeled Monoclonal Antibody Therapy in Treating Liver Metastases in Patients With Metastatic Colorectal Cancer Previously Treated With Surgery; NCT01109615[PHASE2] Pemetrexed and Gemcitabine for Treatment Resistant Patients With Metastatic Colorectal Cancer and KRAS Mutations; NCT01409005[PHASE2] Gemcitabine-UFTE Chemotherapy in Refractory Colorectal Cancer; NCT01472770[PHASE2] A Phase II Study of Gemcitabine and Capecitabine for Treatment Resistant, Metastatic Colorectal Cancer; NCT01929421[PHASE2] A Phase II Trial of Salvage Treatment With Gemcitabine and S-1 Combination in Patients With Heavily Treated Advanced Colorectal Cancer."
"1555"	"9699"	"83"	"Lung Neoplasms"	"D008175"	"1257"	"vemurafenib"	"DB08881"	"846"	"BRAF"	"673"	"strict_phase2_3_disease_directed_title"	"NCT05900219[PHASE2] Efficacy and Safety of HL-085 Combined With Vemurafenib in BRAF V600E Patients With Non-small Cell Lung Cancer: a Phase II Clinical Study"
"1560"	"15374"	"252"	"Sarcoma"	"D012509"	"792"	"nilotinib"	"DB04868"	"1193"	"KIT"	"3815"	"strict_phase2_3_disease_directed_title"	"NCT02587169[PHASE1|PHASE2] Trial of Nilotinib and Adriamycin as Treatment in Liposarcomas and Leiomyosarcomas of Retroperitoneum"
"1566"	"16674"	"83"	"Lung Neoplasms"	"D008175"	"234"	"cisplatin"	"DB00515"	"1329"	"A2M"	"2"	"strict_phase2_3_disease_directed_title"	"NCT00001499[PHASE2] Phase II Neoadjuvant Trial of a Continuous Infusion of Paclitaxel Plus Cisplatin Followed by Chest Radiotherapy for Patients With Stage III Non-Small Cell Lung Cancer; NCT00002583[PHASE3] Vinorelbine + Cisplatin or No Further Therapy in Non-small Cell Lung Cancer That Has Been Surgically Removed; NCT00003299[PHASE3] Cisplatin Plus Etoposide With or Without Paclitaxel in Treating Patients With Extensive-Stage Small Cell Lung Cancer; NCT00004201[PHASE2] Gemcitabine Plus Carboplatin or Cisplatin in Treating Patients With Stage IIIB, Stage IV, or Recurrent Non-small Cell Lung Cancer; NCT00004264[PHASE1|PHASE2] Docetaxel, Cisplatin, and Amifostine in Treating Patients With Advanced Non-small Cell Lung Cancer; NCT00005868[PHASE2] Docetaxel and Cisplatin in Treating Patients With Untreated Stage IIIA Non-small Cell Lung Cancer; NCT00016367[PHASE2] Cisplatin and Gemcitabine Plus Trastuzumab in Treating Patients With Stage IIIB or Stage IV Non-Small Cell Lung Cancer; NCT00017459[PHASE3] Cisplatin Plus Vinorelbine With or Without Tirapazamine in Treating Patients With Stage IIIB or Stage IV Non-Small Cell Lung Cancer; NCT00021333[PHASE2] Paclitaxel and Cisplatin Plus Radiation Therapy Followed by Filgrastim in Treating Patients With Recurrent Head and Neck Cancer or Lung Cancer; NCT00045162[PHASE3] S0124: Cisplatin Combined With Irinotecan or Etoposide For Extensive-Stage Small Cell Lung Cancer; NCT00051506[PHASE2] ALIMTA(Pemetrexed)/Cisplatin and ALIMTA(Pemetrexed)/Carboplatin in Extensive Stage Small Cell Lung Cancer.; NCT00055757[PHASE2] Tipifarnib, Gemcitabine, and Cisplatin in Treating Patients With Stage III or Stage IV Non-Small Cell Lung Cancer; NCT00055965[PHASE3] Hospitalization Rates of Patients With Non-Small Cell Lung Cancer Treated With Gemcitabine and Either Cisplatin or Carboplatin; NCT00066222[PHASE2] Cisplatin, Etoposide, and Radiation Therapy in Treating Patients With Limited-Stage Small Cell Lung Cancer; NCT00069875[PHASE2] A Study With Gemcitabine, Cisplatin, and LY293111 in Non-Small Cell Lung Cancer; NCT00072527[PHASE2] Cisplatin and Irinotecan Followed by Carboplatin, Etoposide, and Radiation Therapy in Treating Patients With Limited-Stage Small Cell Lung Cancer; NCT00077311[PHASE2] Docetaxel and Cisplatin With or Without Dimesna in Treating Patients With Stage IIIB or Stage IV Non-Small Cell Lung Cancer; NCT00077883[PHASE1|PHASE2] TLK286 (Telcyta) in Combination With Cisplatin for Locally Advanced or Metastatic Non-small Cell Lung Cancer (NSCLC); NCT00079040[PHASE2] Cisplatin, Etoposide, and Bevacizumab in Treating Patients With Previously Untreated Extensive Stage Small Cell Lung Cancer; NCT00083161[PHASE2] Cisplatin, Etoposide, and Cyclophosphamide in Treating Patients With Extensive-Stage Small Cell Lung Cancer; NCT00103051[PHASE2] Gemcitabine, Cisplatin, and Gefitinib in Treating Patients Who Are Undergoing Surgery for Stage III Non-Small Cell Lung Cancer; NCT00112710[PHASE3] Gemcitabine in Combination With Either Cisplatin or Carboplatin in Treating Patients With Stage III or Stage IV Non-Small Cell Lung Cancer; NCT00118131[PHASE2] Docetaxel and Cisplatin in Treating Patients With Stage III or Stage IV Non-Small Cell Lung Cancer; NCT00118235[PHASE2] Cisplatin, Irinotecan, and Bevacizumab, in Treating Patients With Small Cell Lung Cancer; NCT00148798[PHASE3] Study of Cisplatin/Vinorelbine +/- Cetuximab as First-line Treatment of Advanced Non Small Cell Lung Cancer (FLEX); NCT00154739[PHASE2] Gemcitabine/Cisplatin Versus Gemcitabine/Epirubicin for Non-Small Cell Lung Cancer (NSCLC); NCT00173888[PHASE2] Docetaxel Plus Cisplatin Followed by Gemcitabine Versus Gemcitabine Plus Cisplatin Followed by Docetaxel for Non-Small Cell Lung Cancer (NSCLC); NCT00191139[PHASE2] Gemcitabine or Gemcitabine Plus Docetaxel After Cisplatin, Etoposide and Radiation in Non Small Cell Lung Cancer (NSCLC); NCT00191763[PHASE2] Neo-Adjuvant Gemcitabine and Cisplatin in Treating Patients With Early Stage of Non Small Cell Lung Cancer; NCT00192036[PHASE2] Multicenter Phase 2 Trial Evaluating Cisplatin-Gemcitabine With Concomitant Thoracic Radiotherapy for Treatment of Inoperable Stage III Non Small Cell Lung Cancer; NCT00216125[PHASE3] Cisplatin/Etoposide/Radiotherapy +/- Consolidation Docetaxel in Advanced Stage III Non-Small Cell Lung Cancer; NCT00217698[PHASE2] Gefitinib as First-Line Therapy Followed by Gemcitabine and Cisplatin in Treating Patients With Stage III or Stage IV Non-Small Cell Lung Cancer; NCT00227539[PHASE2] Positron Emission Tomography in Predicting Response in Patients Who Are Undergoing Treatment With Pemetrexed Disodium and Cisplatin With or Without Surgery for Stage I, Stage II, or Stage III Non-Small Cell Lung Cancer; NCT00248482[PHASE2] Imatinib Mesylate After Irinotecan and Cisplatin in Treating Patients With Extensive-Stage Small Cell Lung Cancer; NCT00248495[PHASE2] Pemetrexed Disodium and Cisplatin in Treating Patients Who Are Undergoing Surgery for Stage I, Stage II, or Stage III Non-Small Cell Lung Cancer; NCT00253591[PHASE2|PHASE3] Radiation Therapy With or Without Vinorelbine and Cisplatin in Treating Patients With Stage I, Stage II, or Stage III Non-Small Cell Lung Cancer; NCT00259285[PHASE2] Pemetrexed and Cisplatin Treatment Before Surgery in Non Small Cell Lung Cancer; NCT00269152[PHASE2] Feasibility Study of Pemetrexed in Combination With Cisplatin or Carboplatin as Adjuvant Treatment of Non-Small Cell Lung Cancer; NCT00270582[PHASE2] A Study of Weekly Docetaxel Plus Cisplatin Followed by Gemcitabine vs. Gemcitabine Plus Cisplatin Followed by Weekly Docetaxel in the Treatment of Advanced Non-Small-Cell Lung Cancer; NCT00281125[PHASE1|PHASE2] Phase I/II Trial of PTK787 and Pemetrexed With or Without Cisplatin for Lung Cancer; NCT00281970[PHASE2] Docetaxel and Cisplatin in Treating Patients With Stage I, Stage II, or Stage III Non-Small Cell Lung Cancer That Has Been Completely Removed By Surgery; NCT00301808[PHASE2] Cisplatin, Pemetrexed Disodium, and Radiation Therapy Followed by Docetaxel in Treating Patients With Stage III Non-Small Cell Lung Cancer; NCT00320359[PHASE3] Topotecan Plus Cisplatin Versus Etoposide Plus Cisplatin In 1st Line Extensive Disease Small Cell Lung Cancer; NCT00387699[PHASE2] Bevacizumab, Cisplatin, Etoposide, and Radiation Therapy in Treating Patients With Limited-Stage Small Cell Lung Cancer; NCT00388960[PHASE2] Study of Amrubicin With or Without Cisplatin Versus Etoposide-cisplatin for Extensive Stage Small Cell Lung Cancer; NCT00389688[PHASE2] Pemetrexed Disodium and Cisplatin Before or After Surgery in Treating Patients With Stage IB or Stage II Non-Small Cell Lung Cancer That Can be Removed by Surgery; NCT00398385[PHASE2] Gemcitabine and Cisplatin Before or After Surgery in Treating Patients With Stage I or Stage II Non-Small Cell Lung Cancer; NCT00417248[PHASE1|PHASE2] Cisplatin/Etoposide/Radiotherapy Followed by Consolidation Sorafenib for Inoperable Stage III Non-Small Cell Lung Cancer; NCT00424853[PHASE2] ADVANCED Phase II Trial of Weekly vs 3 Weekly Docetaxel and Cisplatin Followed by Gemcitabine in Non-small-cell Lung Cancer (NSCLC); NCT00433498[PHASE3] Etoposide and Cisplatin or Carboplatin as First-Line Chemotherapy With or Without Pravastatin in Treating Patients With Small Cell Lung Cancer; NCT00434668[PHASE2] Evaluation of Tolerability of Adjuvant Cisplatin/Docetaxel in Completely Resected Stage IB/II Non-Small Cell Lung Cancer; NCT00447421[PHASE1|PHASE2] A Study to Treat Small Cell Lung Cancer With a Combination of Cisplatin, Pemetrexed, and Radiotherapy; NCT00452634[PHASE2] Irinotecan/Cisplatin Plus Simvastatin in Extensive Disease-Small Cell Lung Cancer (ED-SCLC); NCT00475657[PHASE2] Pemetrexed and Cisplatin as Treatment in Small Cell Lung Cancer; NCT00482014[PHASE1|PHASE2] A Study of Pemetrexed Plus Carboplatin, or Pemetrexed Plus Cisplatin With Radiation Therapy Followed by Pemetrexed in Patients With Inoperable Non-Small-Cell Lung Cancer; NCT00489996[PHASE2] Trial Comparing 3 and 4 Week Regimen of Gemcitabine and Cisplatin in Patients With Lung Cancer; NCT00490659[PHASE2] Trial of Perioperative Chemotherapy (Gemcitabine and Cisplatin) and Adjuvant Chemoradiotherapy (With Weekly Low Dose Gemcitabine) in Patients With Lung Cancer With Positive Nodes; NCT00497315[PHASE2] Evaluation of Pemetrexed Combined With Cisplatin and Radiotherapy for Unresectable Locally Advanced Non-Small Cell Lung Cancer (NSCLC); NCT00529100[PHASE1|PHASE2] Concurrent Pemetrexed, Cisplatin and Radiation Therapy in Patients With Stage IIIA/B Non Small Cell Lung Cancer; NCT00530634[PHASE2] Surgery, Gemcitabine, Cisplatin, and Radiation Therapy in Treating Patients With Stage II or Stage III Non-Small Cell Lung Cancer; NCT00538681[PHASE2] Study for Participants With Advanced, Not Amenable to Surgery, or Metastatic Lung Cancer Comparing Treatment With Pemetrexed + Cisplatin + Enzastaurin Versus Pemetrexed + Cisplatin + Placebo; NCT00540280[PHASE3] Randomized Phase III Trial of Surgery Alone or Surgery Plus Preoperative Gemcitabine-Cisplatin in Clinical Early Stages of Non-small Cell Lung Cancer; NCT00545948[PHASE2] Adjuvant Cisplatin With Either Genomic-Guided Vinorelbine or Pemetrexed for Early Stage Non-Small-Cell Lung Cancer; NCT00582634[PHASE2] Adjuvant Cisplatin and Docetaxel in Non Small Cell Lung Cancer; NCT00589056[PHASE1|PHASE2] Nelfinavir, Radiation Therapy, Cisplatin, and Etoposide in Treating Patients With Stage III Non-Small Cell Lung Cancer That Cannot Be Removed By Surgery; NCT00613626[PHASE2] Cisplatin + Etoposide +/- Concurrent ZD6474 in Previously Untreated Extensive Stage Small Cell Lung Cancer; NCT00632853[PHASE3] Radiation Therapy Regimens in Treating Patients With Limited-Stage Small Cell Lung Cancer Receiving Cisplatin and Etoposide; NCT00660504[PHASE3] Phase3 Study of Amrubicin With Cisplatin Versus Etoposide-cisplatin for Extensive Disease Small Cell Lung Cancer; NCT00661778[PHASE2] A Study of Avastin (Bevacizumab) in Combination With Docetaxel and Cisplatin in Patients With Metastatic or Locally Advanced Non-small Cell Lung Cancer; NCT00680940[PHASE2] A Study of Mycobacterium w in Combination With Paclitaxel Plus Cisplatin in Advanced Non Small Cell Lung Cancer; NCT00726986[PHASE2] Sorafenib, Cisplatin, and Etoposide in Treating Patients With Extensive-Stage Small Cell Lung Cancer; NCT00735904[PHASE2] Trial Of AG-013736, Cisplatin, And Gemcitabine For Patients With Squamous Non-Small Cell Lung Cancer; NCT00744900[PHASE2] Pemetrexed Plus Cisplatin for Brain Metastasis of Advanced Non - Small Cell Lung Cancer (NSCLC); NCT00754858[PHASE2] Belotecan and Cisplatin in Treating Patients With Previously Untreated, Extensive-Stage Small Cell Lung Cancer; NCT00812266[PHASE3] Topotecan and Cisplatin Versus Etoposide and Carboplatin in 1st Line Treatment of Patients With Small Cell Lung Cancer and Extensive Disease (SCLC-ED); NCT00869752[PHASE1|PHASE2] MK-0646, Etoposide, and Cisplatin in Treating Patients With Extensive-Stage Small Cell Lung Cancer; NCT00874328[PHASE1|PHASE2] A Study of TS-1 Plus Irinotecan and Cisplatin (IP) for Patients With Stage IIIB/IV Non Small Cell Lung Cancer (NSCLC); NCT00907504[PHASE3] Study Of The Effect Of CP-751,871 In Combination With Gemcitabine And Cisplatin In Patients With Advanced Non-Small Cell Lung Cancer; NCT00981058[PHASE3] First-line Treatment of Participants With Stage IV Squamous Non-Small Cell Lung Cancer With Necitumumab and Gemcitabine-Cisplatin; NCT00982111[PHASE3] First-line Treatment of Patients With Stage IV Nonsquamous Non-Small Cell Lung Cancer With Necitumumab (IMC-11F8) and Pemetrexed-Cisplatin; NCT00995761[PHASE2] Biweekly Schedule of Docetaxel and Cisplatin in High Risk Patients With Unresectable Non-small Cell Lung Cancer (NSCLC); NCT01000480[PHASE2] A Study of Pemetrexed and Cisplatin, in Non Small Cell Lung Cancer; NCT01077713[PHASE2] A Study of Avastin (Bevacizumab) in Combination With Gemcitabine With or Without Cisplatin in First-Line Treatment of Elderly Patients With Non-Small Cell Lung Cancer; NCT01086254[PHASE2] SAR240550 in Combination With Gemcitabine/Cisplatin in Non-small Cell Lung Cancer; NCT01088620[PHASE2] Panitumumab Plus Pemetrexed and Cisplatin (PemCisP) Versus PemCis in the First-line Treatment of Patients With Non-small Cell Lung Cancer; NCT01109524[PHASE2] Safety Study of Cetuximab in Combination With Cisplatin and Vinorelbine to Treat Advanced Non-small Cell Lung Cancer; NCT01116219[PHASE2] Bevacizumab, Pemetrexed Disodium, and Cisplatin or Erlotinib Hydrochloride and Bevacizumab in Treating Patients With Stage IV Non-Small Cell Lung Cancer. A Multicenter Phase II Trial Including Biopsy at Progression (BIO-PRO Trial).; NCT01121393[PHASE3] BIBW 2992 (Afatinib) vs Gemcitabine-cisplatin in 1st Line Non-small Cell Lung Cancer (NSCLC); NCT01165021[PHASE2] A Study of Pemetrexed/Cisplatin as Pre-operative Treatment of Early Stage Nonsquamous Non-Small Cell Lung Cancer; NCT01192243[PHASE2] Study of Gefitinib Compared With Pemetrexed/Cisplatin in Advanced Non-Small Cell Lung Cancer Patients; NCT01194453[PHASE2] Pemetrexed Plus Cisplatin Versus Gemcitabine Plus Cisplatin for Advanced NSCLC Metastatic Non-small Cell Lung Cancer; NCT01222312[PHASE2] Study for Therapy of Locally Advanced or Metastatic Non Small Cell Lung Cancer (NSCLC) With Cisplatin / Docetaxel or Oxaliplatin / Docetaxel; NCT01266512[PHASE2] Concurrent Chemoradiotherapy Using Intensity Modulated Radiotherapy (IMRT) & Docetaxel-cisplatin (or Carboplatin) Followed by Adjuvant Chemotherapy for Inoperable Stage III Non-small-cell Lung Cancer; NCT01356303[PHASE2] Docetaxel Combined With Cisplatin as First Line in Patients With Metastatic Non-small Cell Lung Cancer; NCT01405586[PHASE3] MILES-3: Cisplatin in Combination With Gemcitabine for Elderly Patients With Lung Cancer; NCT01407822[PHASE2|PHASE3] Erlotinib Versus Gemcitabine/Cisplatin as (Neo)Adjuvant Treatment in Non-small Cell Lung Cancer; NCT01557959[PHASE2] Docetaxel, Cisplatin, Pegfilgrastim, and Erlotinib Hydrochloride in Treating Patients With Stage IIIB or Stage IV Non-Small Cell Lung Cancer; NCT01623102[PHASE2] Cisplatin and Gemcitabine With or Without Bevacizumab in EGFR Wild-type Non-Small Cell Lung Cancer; NCT01633645[PHASE2] Bortezomib in Combination With Gemcitabine and Cisplatin in Advanced or Metastatic Non-Small Cell Lung Cancer; NCT01642251[PHASE1|PHASE2] Cisplatin and Etoposide With or Without Veliparib in Treating Patients With Extensive Stage Small Cell Lung Cancer; NCT01656551[PHASE3] MILES-4: Study Comparing Gemcitabine and Pemetrexed, With or Without Cisplatin, in Patients With Nonsquamous Lung Cancer; NCT01705184[PHASE2] Re-introduction of Pemetrexed and Cisplatin With Prolonged Angiogenic Blocking by Bevacizumab in Advanced Lung Cancer.; NCT01788566[PHASE2] A Study of Gemcitabine-Cisplatin Chemotherapy Plus Necitumumab in the First-Line Treatment of Participants With Squamous Lung Cancer; NCT01928160[PHASE2] Pemetrexed Disodium and Carboplatin or Cisplatin With or Without Erlotinib Hydrochloride in Treating Patient With Stage IV Non-Small Cell Lung Cancer Resistant to First-Line Therapy With Erlotinib Hydrochloride or Gefitinib; NCT02323737[PHASE2] Phase II Study of Irinotecan and Cisplatin in Extensive-stage Small Cell Lung Cancer; NCT02409342[PHASE3] A Study of Atezolizumab (MPDL3280A) Compared With a Platinum Agent (Cisplatin or Carboplatin) + (Pemetrexed or Gemcitabine) in Participants With Stage IV Non-Squamous or Squamous Non-Small Cell Lung Cancer (NSCLC) [IMpower110]; NCT02409355[PHASE3] A Study of Atezolizumab Compared With Gemcitabine Plus (+) Cisplatin or Carboplatin for PD-L1-Selected Participants With Stage IV Squamous Non-Small Cell Lung Cancer (NSCLC) (IMpower111); NCT02643407[PHASE3] Nedaplatin/Docetaxel Versus Cisplatin/Docetaxel in Treatment of Advanced/Relapsed Squamous Cell Lung Cancer; NCT02787473[PHASE2] A Study of Pemetrexed Plus Cisplatin With Concurrent Radiation Therapy Followed by Docetaxel Consolidation in Patients With Inoperable Squamous Cell Lung Cancer; NCT02875457[PHASE3] Apatinib as the Maintenance Therapy for Extensive Stage Small Cell Lung Cancer After Combined With Etoposide/Cisplatin; NCT03066778[PHASE3] A Study of Pembrolizumab (MK-3475) in Combination With Etoposide/Platinum (Cisplatin or Carboplatin) for Participants With Extensive Stage Small Cell Lung Cancer (MK-3475-604/KEYNOTE-604); NCT03366766[PHASE2] Nivolumab Plus Cisplatin/Pemetrexed or Cisplatin/Gemcitabine as Induction in Resectable Non-Small Cell Lung Cancer; NCT03613597[PHASE2] Etoposide Plus Lobaplatin Versus Etoposide Plus Cisplatin for Patients With Limited Small-cell Lung Cancer; NCT04490421[PHASE3] Camrelizumab Combined With Apatinib, Etoposide and Cisplatin Treat Small-cell Lung Cancer.; NCT05198830[PHASE2] Testing the Addition of an Anti-Cancer Drug, TRC102, to the Usual Chemotherapy Treatment (Pemetrexed, Cisplatin or Carboplatin) During Radiation Therapy for Stage III Non-Squamous Non-Small Cell Lung Cancer; NCT06793215[PHASE3] A Study Evaluating the Efficacy and Safety of Divarasib and Pembrolizumab Versus Pembrolizumab and Pemetrexed and Carboplatin or Cisplatin in Participants With Previously Untreated, KRAS G12C-Mutated, Advanced or Metastatic Non-Squamous Non-Small Cell Lung Cancer"
"1567"	"9323"	"265"	"Colorectal Neoplasms"	"D015179"	"809"	"vandetanib"	"DB05294"	"806"	"RET"	"5979"	"strict_phase2_3_disease_directed_title"	"NCT00500292[PHASE2] A Phase II Study of 2 Doses of ZD6474 (Vandetanib) in Combination With FOLFOX vs FOLFOX Alone for the Treatment of Colorectal Cancer"
"1570"	"14303"	"520"	"Colitis"	"D003092"	"811"	"apremilast"	"DB05676"	"1092"	"TNF"	"7124"	"strict_phase2_3_disease_directed_title"	"NCT02289417[PHASE2] Efficacy and Safety Study of Apremilast to Treat Active Ulcerative Colitis"
"1586"	"20501"	"370"	"Esophageal Neoplasms"	"D004938"	"695"	"docetaxel"	"DB01248"	"1452"	"NR1I2"	"8856"	"strict_phase2_3_disease_directed_title"	"NCT00072033[PHASE2] Neoadjuvant Docetaxel and Cisplatin Plus Chemoradiotherapy Followed By Surgery in Treating Patients With Locally Advanced, Resectable Esophageal Cancer; NCT00238407[PHASE2] Docetaxel, Cisplatin, and Radiation Therapy in Treating Patients With Locally Advanced Esophageal Cancer That Cannot Be Removed By Surgery; NCT00445861[PHASE1|PHASE2] Cetuximab, Docetaxel, Cisplatin, and Radiation Therapy in Treating Patients With Locally Advanced Esophageal Cancer That Can Be Removed by Surgery; NCT00551759[PHASE2] Chemotherapy, Radiation Therapy, and Cetuximab Followed by Surgery, Docetaxel, and Cetuximab in Treating Patients With Esophageal Cancer or Gastroesophageal Junction Cancer; NCT00757172[PHASE2] Panitumumab, Docetaxel, Cisplatin, Radiation Therapy, and Surgery in Treating Patients With Newly Diagnosed, Locally Advanced Esophageal Cancer or Cancer of the Gastroesophageal Junction; NCT00865982[PHASE2] Study to Evaluate Safety and Efficacy of Perioperative Chemotherapy With Docetaxel, Cisplatin and Capecitabine (DCX) in Patients With Gastro-esophageal Cancer; NCT00978549[PHASE3] Symptom Control With or Without Docetaxel in Treating Patients With Relapsed Esophageal Cancer or Stomach Cancer; NCT01129206[PHASE2] Pralatrexate and Docetaxel in Treating Patients With Stage IV Esophageal or Gastroesophageal Cancer Who Have Failed Platinum-Based Therapy; NCT01693432[PHASE2] Docetaxel and S-1 for Advanced Esophageal Cancer; NCT01710592[PHASE2] A Phase II Trial of Epirubicin, Oxaliplatin and Capecitabine (EOX) Versus Docetaxel and Oxaliplatin (ElTax) in the Treatment of Advanced Gastro-oesophageal Cancer; NCT02465736[PHASE3] Study of Docetaxel or Vinorelbine Plus Cisplatin in Neoadjuvant Chemoradiotherapy for Esophageal Cancer (NEOCRTEC308)"
"1587"	"28453"	"144"	"Essential Hypertension"	"D000075222"	"28"	"valsartan"	"DB00177"	"2124"	"AGTR1"	"185"	"strict_phase2_3_disease_directed_title"	"NCT00254475[PHASE3] A Study to Evaluate the Efficacy of Valsartan/Simvastatin Combinations in Patients With Both Essential Hypertension and Hypercholesterolemia; NCT00425373[PHASE2|PHASE3] Efficacy and Safety of Valsartan and Amlodipine in Patients With Essential Hypertension; NCT00437645[PHASE3] Efficacy and Safety of Valsartan/Amlodipine Compared to Amlodipine in Patients With Essential Hypertension; NCT01001572[PHASE3] Efficacy and Safety of Valsartan/Amlodipine in Patients With Mild to Moderate Essential Hypertension; NCT01122251[PHASE2] Efficacy and Safety of Lercanidipine and Valsartan in Patients With Essential Hypertension"
"1588"	"22324"	"334"	"Leukemia"	"D007938"	"243"	"ciprofloxacin"	"DB00537"	"1542"	"TOP2A"	"7153"	"strict_phase2_3_disease_directed_title"	"NCT02773732[PHASE1|PHASE2] Clinical Trial of Oral Ciprofloxacin and Etoposide in Subjects With Resistant Acute Myeloid Leukemia (AML)(UF-AML-CE-101)"
"1589"	"15728"	"224"	"Restless Legs Syndrome"	"D012148"	"759"	"Iron"	"DB01592"	"1237"	"TF"	"7018"	"strict_phase2_3_disease_directed_title"	"NCT02484768[PHASE2] IV Iron Treatment of Restless Legs Syndrome"
"1593"	"36933"	"250"	"Head and Neck Neoplasms"	"D006258"	"596"	"capecitabine"	"DB01101"	"2912"	"TYMS"	"7298"	"strict_phase2_3_disease_directed_title"	"NCT00448552[PHASE2] Oxaliplatin and Capecitabine in Treating Patients With Relapsed or Metastatic Head and Neck Cancer"
"1594"	"14296"	"425"	"Dermatomyositis"	"D003882"	"811"	"apremilast"	"DB05676"	"1092"	"TNF"	"7124"	"strict_phase2_3_disease_directed_title"	"NCT03529955[PHASE2] Evaluating Safety & Efficacy of Apremilast in the Treatment of Cutaneous Disease in Patients With Recalcitrant Dermatomyositis"
"1595"	"6265"	"8"	"Ovarian Neoplasms"	"D010051"	"834"	"temsirolimus"	"DB06287"	"334"	"MTOR"	"2475"	"strict_phase2_3_disease_directed_title"	"NCT00926107[PHASE2] Study of the mTOR Inhibitor Temsirolimus (CCI-779) to Treat Ovarian Cancer With CA125 Only Relapse; NCT01196429[PHASE2] Temsirolimus, Carboplatin, and Paclitaxel as First-Line Therapy in Treating Patients With Newly Diagnosed Stage III-IV Clear Cell Ovarian Cancer"
"1603"	"36957"	"29"	"Pancreatic Neoplasms"	"D010190"	"1093"	"raltitrexed"	"DB00293"	"2912"	"TYMS"	"7298"	"strict_phase2_3_disease_directed_title"	"NCT04581876[PHASE2] The Safety and Efficacy of the Combination of Raltitrexed for Injection and Nab-Paclitaxel in Advanced Pancreatic Cancer"
"1609"	"34753"	"372"	"Osteosarcoma"	"D012516"	"782"	"thiotepa"	"DB04572"	"2588"	"CYP3A4"	"1576"	"strict_phase2_3_disease_directed_title"	"NCT00978471[PHASE2] Adjuvant High-Dose Thiotepa and Stem Cell Rescue Associated With Conventional Chemotherapy in Relapsed Osteosarcoma"
"1612"	"25176"	"148"	"Thrombosis"	"D013927"	"678"	"Enoxaparin"	"DB01225"	"1706"	"F10"	"2159"	"strict_phase2_3_disease_directed_title"	"NCT01474902[PHASE3] Enoxaparin in Children With Asymptomatic Venous Thrombosis After Pediatric Cardiac Surgery; NCT06818279[PHASE2|PHASE3] Compare the Efficacy and Safety of Dabigatran and Enoxaparin in Patients With Portal Vein Thrombosis With Cirrhosis"
"1614"	"42003"	"25"	"Asthma"	"D001249"	"1134"	"L-Arginine"	"DB00125"	"3580"	"ARG2"	"384"	"strict_phase2_3_disease_directed_title"	"NCT00280683[PHASE2] Effects of L-arginine Supplementation in Adults With Moderate to Severe Asthma; NCT01841281[PHASE2] L-arginine in Severe Asthma Patients Grouped by Exhaled Nitric Oxide Levels"
"1616"	"19042"	"92"	"Obsessive-Compulsive Disorder"	"D009771"	"1061"	"memantine"	"DB01043"	"1406"	"DRD2"	"1813"	"strict_phase2_3_disease_directed_title"	"NCT00264238[PHASE1|PHASE2] Memantine Augmentation in Obsessive-Compulsive Disorder; NCT00674219[PHASE3] Memantine Treatment for Obsessive-compulsive Disorder and Generalized Anxiety Disorder; NCT00956085[PHASE2] Memantine Augmentation in Treatment-Resistant Adults With Obsessive-Compulsive Disorder"
"1618"	"32802"	"74"	"Hypertriglyceridemia"	"D015228"	"8"	"Choline"	"DB00122"	"2462"	"BCHE"	"590"	"strict_phase2_3_disease_directed_title"	"NCT00696475[PHASE2] Diazoxide Choline in Hypertriglyceridemia; NCT01211847[PHASE2] Efficacy Study of Diazoxide Choline to Treat Hypertriglyceridemia"
"1620"	"18757"	"92"	"Obsessive-Compulsive Disorder"	"D009771"	"707"	"paliperidone"	"DB01267"	"1406"	"DRD2"	"1813"	"strict_phase2_3_disease_directed_title"	"NCT00632229[PHASE2] Double Blinded, Placebo-Controlled Trial of Paliperidone Addition in SRI-Resistant Obsessive-Compulsive Disorder"
"1623"	"9277"	"265"	"Colorectal Neoplasms"	"D015179"	"293"	"imatinib"	"DB00619"	"806"	"RET"	"5979"	"strict_phase2_3_disease_directed_title"	"NCT00041340[PHASE2] Imatinib Mesylate in Treating Patients With Stage IV Colorectal Cancer; NCT02685046[PHASE2] Imatinib as Pre-operative Anti-Colon Cancer Targeted Therapy"
"1636"	"25685"	"83"	"Lung Neoplasms"	"D008175"	"926"	"lenvatinib"	"DB09078"	"1830"	"FGFR2"	"2263"	"strict_phase2_3_disease_directed_title"	"NCT03829319[PHASE3] Safety and Efficacy Study of Pemetrexed + Platinum Chemotherapy + Pembrolizumab (MK-3475) With or Without Lenvatinib (MK-7902/E7080) as First-line Intervention in Adults With Metastatic Nonsquamous Non-small Cell Lung Cancer (MK-7902-006/E7080-G000-315/LEAP-006); NCT03829332[PHASE3] Efficacy and Safety Study of Pembrolizumab (MK-3475) With or Without Lenvatinib (MK-7902/E7080) in Adults With Programmed Cell Death-Ligand 1 (PD-L1)-Positive Treatment-naïve Nonsmall Cell Lung Cancer (NSCLC) (MK-7902-007/E7080-G000-314/LEAP-007); NCT03976375[PHASE3] Efficacy and Safety of Pembrolizumab (MK-3475) With Lenvatinib (E7080/MK-7902) vs. Docetaxel in Participants With Metastatic Non-Small Cell Lung Cancer (NSCLC) and Progressive Disease (PD) After Platinum Doublet Chemotherapy and Immunotherapy (MK-7902-008/E7080-G000-316/LEAP-008); NCT04676412[PHASE3] Efficacy and Safety Study of Pembrolizumab (MK-3475) With or Without Lenvatinib (MK-7902/E7080) in Adults With Programmed Cell Death-Ligand 1 (PD-L1)-Positive Treatment-naïve Nonsmall Cell Lung Cancer (NSCLC) [MK-7902-007/E7080-G000-314/LEAP-007] - China Extension Study; NCT04716933[PHASE3] Safety and Efficacy Study of Pemetrexed + Platinum Chemotherapy + Pembrolizumab (MK-3475) With or Without Lenvatinib (MK-7902/E7080) as First-line Intervention in Adults With Metastatic Nonsquamous Non-small Cell Lung Cancer (MK-7902-006/E7080-G000-315/LEAP-006)-China Extension Study; NCT04951947[PHASE2] JS-201 Combined With Lenvatinib in the Treatment of Small-cell Lung Cancer; NCT05001724[PHASE2|PHASE3] KN046 Plus Lenvatinib in Subject With Advanced Non-Small Cell Lung Cancer in the Failure of Anti-PD-(L)1 Agent; NCT05296603[PHASE2] Efficacy and Biomarker Explanation of IBI-322 Plus Lenvatinib on Extensive Stage Small Cell Lung Cancer; NCT05384015[PHASE2] Study of Pembrolizumab, Lenvatinib and Chemotherapy Combination in First Line Extensive-stage Small Cell Lung Cancer"
"1642"	"15218"	"252"	"Sarcoma"	"D012509"	"927"	"nintedanib"	"DB09079"	"1165"	"PDGFRA"	"5156"	"strict_phase2_3_disease_directed_title"	"NCT02808247[PHASE2] Ph II Nintedanib vs. Ifosfamide in Soft Tissue Sarcoma"
"1644"	"28489"	"144"	"Essential Hypertension"	"D000075222"	"461"	"eprosartan"	"DB00876"	"2124"	"AGTR1"	"185"	"strict_phase2_3_disease_directed_title"	"NCT01631227[PHASE3] Comparison of the Effect of Eprosartan and Eprosartan Mesylate on Blood Pressure in Essential Hypertension"
"1645"	"43804"	"83"	"Lung Neoplasms"	"D008175"	"165"	"sorafenib"	"DB00398"	"3772"	"RAF1"	"5894"	"strict_phase2_3_disease_directed_title"	"NCT00064350[PHASE2] Sorafenib in Treating Patients With Refractory Non-Small Cell Lung Cancer; NCT00098540[PHASE2] Sorafenib in Treating Patients With Stage IIIB or Stage IV Non-Small Cell Lung Cancer; NCT00182689[PHASE2] Sorafenib in Treating Patients With Extensive Stage Small Cell Lung Cancer; NCT00417248[PHASE1|PHASE2] Cisplatin/Etoposide/Radiotherapy Followed by Consolidation Sorafenib for Inoperable Stage III Non-Small Cell Lung Cancer; NCT00454194[PHASE2] Pemetrexed Disodium With or Without Sorafenib as Second-Line Therapy in Treating Patients With Stage IIIB or Stage IV Non-Small Cell Lung Cancer; NCT00473486[PHASE1|PHASE2] Study in Patients With Advanced Non-Small Cell Lung Cancer Treated With Pemetrexed and Carboplatin Plus or Minus Sorafenib; NCT00547443[PHASE1|PHASE2] Sorafenib and High-Dose Carboplatin, Paclitaxel, and External-Beam Radiation Therapy in Treating Patients With Stage III Non-Small Cell Lung Cancer; NCT00558636[PHASE3] A Trial Comparing Safety and Efficacy of Carboplatin and Paclitaxel Plus or Minus Sorafenib (BAY43-9006) in Chemonaive Patients With Stage IIIB-IV Non-Small Cell Lung Cancer (NSCLC); NCT00600015[PHASE2] Sorafenib/Erlotinib Versus Erlotinib Alone in Previously Treated Advanced Non-Small-Cell Lung Cancer (NSCLC); NCT00609804[PHASE2] Sorafenib and Erlotinib or Sorafenib Alone in Advanced Non-Small Cell Lung Cancer Progressing on Erlotinib; NCT00722969[PHASE2] Erlotinib and Sorafenib in Chemonaive Patients With Locally Advanced or Metastatic Non Small Cell Lung Cancer; NCT00726986[PHASE2] Sorafenib, Cisplatin, and Etoposide in Treating Patients With Extensive-Stage Small Cell Lung Cancer; NCT00754923[PHASE2] Sorafenib in Treating Non-Smokers or Former Light Smokers With Relapsed or Refractory Stage IIIB or Stage IV Non-Small Cell Lung Cancer; NCT00801385[PHASE2] Sorafenib and Erlotinib in Treating Patients With Stage IIIB or Stage IV Non-Small Cell Lung Cancer That Has Not Responded to Chemotherapy; NCT00922584[PHASE2] Sorafenib Treatment in Non-Small Cell Lung Cancer After Failure of Epidermal Growth Factor Receptor-tyrosine Kinase Inhibitor"
"1651"	"7057"	"588"	"Adenocarcinoma"	"D000230"	"135"	"megestrol acetate"	"DB00351"	"349"	"PGR"	"5241"	"strict_phase2_3_disease_directed_title"	"NCT01968317[PHASE2] Megestrol Acetate Plus Metformin to Megestrol Acetate in Patients With Endometrial Atypical Hyperplasia or Early Stage Endometrial Adenocarcinoma"
"1653"	"28471"	"144"	"Essential Hypertension"	"D000075222"	"334"	"losartan"	"DB00678"	"2124"	"AGTR1"	"185"	"strict_phase2_3_disease_directed_title"	"NCT00856271[PHASE3] Olmesartan Medoxomil Versus Losartan Potassium in Patients With Mild to Moderate Essential Hypertension"
"1658"	"20485"	"370"	"Esophageal Neoplasms"	"D004938"	"680"	"paclitaxel"	"DB01229"	"1452"	"NR1I2"	"8856"	"strict_phase2_3_disease_directed_title"	"NCT00005599[PHASE2] Bryostatin 1 Plus Paclitaxel in Treating Patients With Locally Advanced or Metastatic Esophageal Cancer or Stomach Cancer; NCT00006245[PHASE2] Flavopiridol and Paclitaxel in Treating Patients With Locally Advanced or Metastatic Esophageal Cancer That Has Not Responded to Previous Paclitaxel; NCT00154804[PHASE2] CCRT With Twice Weekly Paclitaxel and Cisplatin Followed by Surgery for Locally Advanced Esophageal Cancer; NCT00344552[PHASE2] Phase II Study of Weekly Paclitaxel (BMS-181339)in Patients With Advanced or Recurrent Esophageal Cancer; NCT00453323[PHASE2] Paclitaxel and Capecitabine in Patients With Metastatic/Recurrence Esophageal Cancer; NCT00655876[PHASE3] Paclitaxel, Cisplatin, and Radiation Therapy With or Without Cetuximab in Treating Patients With Locally Advanced Esophageal Cancer; NCT00686114[PHASE3] Concurrent Chemoradiotherapy Containing Paclitaxel&Cisplatin With/Without Tarceva in Locally Advanced Esophageal Cancer; NCT00971841[PHASE2] Rollover Study of Weekly Paclitaxel (BMS-181339) in Patients With Advanced or Recurrent Esophageal Cancer; NCT01034189[PHASE2] Cetuximab/Paclitaxel/Cisplatin Concurrent Chemoradiotherapy Followed by Esophagectomy for Loco-regional Esophageal Cancer; NCT01142388[PHASE2] Paclitaxel With or Without Cixutumumab as Second-Line Therapy in Treating Patients With Metastatic Esophageal Cancer or Gastroesophageal Junction Cancer; NCT01196390[PHASE3] Radiation Therapy, Paclitaxel, and Carboplatin With or Without Trastuzumab in Treating Patients With Esophageal Cancer; NCT01444547[PHASE2] A Study on Predictive Value of ERCC1 in Esophageal Cancer Patients Treated With Paclitaxel and Cisplatin; NCT01704690[PHASE2|PHASE3] Combination Treatment of S-1 With Paclitaxel in Advanced Esophageal Cancer; NCT01998347[PHASE3] Paclitaxel Liposome and Cisplatin as First-line Chemotherapy in Patients With Metastatic Esophageal Cancer; NCT05013697[PHASE2] TQB2450 Solution for Injection (TQB2450)+Paclitaxel+Cisplatin ± Anlotinib in the Treatment of Esophageal Cancer."
"1664"	"15380"	"409"	"Gastrointestinal Stromal Tumors"	"D046152"	"792"	"nilotinib"	"DB04868"	"1193"	"KIT"	"3815"	"strict_phase2_3_disease_directed_title"	"NCT00633295[PHASE2] Phase II Study Aiming to Evaluate the Efficacy and Safety of Nilotinib Patients With Gastrointestinal Stromal Tumors (GIST) Resistant or Intolerant to Imatinib and or to 2nd Line Tyrosine Kinas (TK) Inhibitor; NCT00751036[PHASE3] Nilotinib 800 Mg And Imatinib 800 Mg For The Treatment Of Patients With Gastrointestinal Stromal Tumors (Gist) Refractory To Imatinib 400 Mg; NCT00782834[PHASE2] Nilotinib in Advanced Gastrointestinal Stromal Tumors (GIST); NCT01110668[PHASE2] Evaluation of Nilotinib In Patients With Advanced Gastrointestinal Stromal Tumor (GIST); NCT01289028[PHASE3] Efficacy of Nilotinib in Adult Patients With Gastrointestinal Stromal Tumors Resistant to Imatinib and Sunitinib."
"1669"	"1304"	"588"	"Adenocarcinoma"	"D000230"	"926"	"lenvatinib"	"DB09078"	"69"	"KDR"	"3791"	"strict_phase2_3_disease_directed_title"	"NCT01877083[PHASE2] Study of the Safety and Activity of Lenvatinib (E7080) in Subjects With KIF5B-RET-Positive Adenocarcinoma of the Lung; NCT04662710[PHASE3] Efficacy and Safety of Lenvatinib (E7080/MK-7902) Plus Pembrolizumab (MK-3475) Plus Chemotherapy in Participants With Advanced/Metastatic Gastroesophageal Adenocarcinoma (MK-7902-015/E7080-G000-321/LEAP-015); NCT04699071[PHASE2] Trial of Lenvatinib Plus PembrolizumAb in Recurrent Gynecological Clear Cell Adenocarcinomas (LARA); NCT06030934[PHASE2] Study of The Second-line Treatment of Advanced Gastric / Gastroesophageal Junction Adenocarcinoma With Envafolimab and Lenvatinib Combined With Paclitaxel-albumin"
"1676"	"36965"	"265"	"Colorectal Neoplasms"	"D015179"	"1093"	"raltitrexed"	"DB00293"	"2912"	"TYMS"	"7298"	"strict_phase2_3_disease_directed_title"	"NCT01348412[PHASE2] Hepatic Arterial Chemotherapy With Raltitrexed and Oxaliplatin Versus Standard Chemotherapy in Unresectable Liver Metastases From Colorectal Cancer After Conventional Chemotherapy Failure; NCT02618356[PHASE2] Combined Use of Raltitrexed and S-1 as Treatment for Patients With Metastasizing Colorectal Cancer; NCT02992886[PHASE2] Preoperative Chemoradiotherapy With Raltitrexed for Intermediate or Locally Advanced Rectal Cancer in the Fit Elderly; NCT03053167[PHASE2] Irinotecan Plus Raltitrexed as Second-line Treatment in Advanced Colorectal Cancer Patients; NCT03126071[PHASE2] Raltitrexed-based Chemotherapy Plus Bevacizumab in Retreated Patients With Advanced Colorectal Cancer; NCT03344614[PHASE2] A Study of Apatinib in Combination With Raltitrexed Treatment in Patients With Advanced Colorectal Cancer; NCT04241731[PHASE2] A Study of Cetuximab Plus Raltitrexed for Maintenance Treatment in Advanced Colorectal Cancer; NCT04499586[PHASE2] A Study of Radiotherapy Combined With Raltitrexed and Irinotecan in Metastatic or Locally Recurrent Colorectal Cancer; NCT05426811[PHASE1|PHASE2] Regorafenib Plus Raltitrexed as Third-line Treatment in Advanced Colorectal Cancer Patients"
"1677"	"23956"	"532"	"Dementia"	"D003704"	"181"	"methylphenidate"	"DB00422"	"1566"	"SLC6A3"	"6531"	"strict_phase2_3_disease_directed_title"	"NCT07279740[PHASE2] Combined Brain Stimulation and Methylphenidate Treatment for Apathy in Dementia"
"1680"	"3637"	"118"	"Multiple Myeloma"	"D009101"	"964"	"venetoclax"	"DB11581"	"119"	"BCL2"	"596"	"strict_phase2_3_disease_directed_title"	"NCT02755597[PHASE3] A Study Evaluating Venetoclax (ABT-199) in Multiple Myeloma Subjects Who Are Receiving Bortezomib and Dexamethasone as Standard Therapy; NCT02899052[PHASE2] Study of Venetoclax in Combination With Carfilzomib and Dexamethasone in Participants With Relapsed or Refractory Multiple Myeloma (MM); NCT03312530[PHASE1|PHASE2] A Study of Cobimetinib Administered as Single Agent and in Combination With Venetoclax, With or Without Atezolizumab, in Participants With Relapsed and Refractory Multiple Myeloma; NCT03314181[PHASE2] A Study of Combination Therapy With Venetoclax, Daratumumab and Dexamethasone (With and Without Bortezomib) in Participants With Relapsed or Refractory Multiple Myeloma; NCT03567616[PHASE2] A Study of Venetoclax in Combination With Pomalidomide and Dexamethasone in Participants With Relapsed or Refractory Multiple Myeloma; NCT03785184[PHASE2] A Study of Venetoclax Plus Lenalidomide and Dexamethasone for the Treatment of Newly Diagnosed t(11;14)-Positive Multiple Myeloma in Subjects Who Are Ineligible for High-Dose Therapy; NCT05530421[PHASE2] Selinexor, Venetoclax, and Dexamethasone (XVenD) in t(11;14)-Positive Relapsed/Refractory Multiple Myeloma; NCT05853965[PHASE1|PHASE2] Combination Treatment of Belantamab Mafodotin and Venetoclax in Treatment of Relapsed and Refractory t(11;14) Multiple Myeloma; NCT06115135[PHASE2] A Study of Venetoclax in Combination With Isatuximab and Dexamethasone for Relapsed/Refractory Multiple Myeloma"
"1683"	"22388"	"334"	"Leukemia"	"D007938"	"643"	"idarubicin"	"DB01177"	"1542"	"TOP2A"	"7153"	"strict_phase2_3_disease_directed_title"	"NCT00002989[PHASE3] Combination Chemotherapy With or Without Idarubicin and Peripheral Stem Cell Transplantation in Treating Patients With Leukemia or Myelodysplastic Syndrome; NCT00023920[PHASE2] Bevacizumab, Idarubicin, and Cytarabine in Treating Patients With Blast Phase Chronic Myelogenous Leukemia; NCT00096122[PHASE1|PHASE2] Idarubicin, Cytarabine, and Tipifarnib in Treating Patients With Newly Diagnosed Myelodysplastic Syndromes or Acute Myeloid Leukemia; NCT00096148[PHASE2] Idarubicin and Cytarabine With or Without Bevacizumab in Treating Patients With Newly Diagnosed Acute Myeloid Leukemia; NCT00422591[PHASE2] Standard Idarubicin and Cytarabine for the Treatment of Acute Myeloid Leukemia (AML); NCT00469859[PHASE1|PHASE2] Lestaurtinib, Cytarabine, and Idarubicin in Treating Younger Patients With Relapsed or Refractory Acute Myeloid Leukemia; NCT00528398[PHASE2] Idarubicin and High-Dose Cytarabine in Treating Patients With Acute Myeloid Leukemia; NCT00528450[PHASE2] Tretinoin and Arsenic Trioxide With or Without Idarubicin in Treating Patients With Acute Promyelocytic Leukemia; NCT00656617[PHASE2] Phase II Study of Idarubicin, Cytarabine, and Vorinostat With High-Risk Myelodysplastic Syndrome (MDS) and Acute Myeloid Leukemia (AML); NCT00801489[PHASE2] Fludarabine Phosphate, Cytarabine, Filgrastim-sndz, Gemtuzumab Ozogamicin, and Idarubicin Hydrochloride in Treating Patients With Newly Diagnosed Acute Myeloid Leukemia or High-Risk Myelodysplastic Syndrome; NCT00831766[PHASE1|PHASE2] Idarubicin + Cytarabine and Lenalidomide in Patients With Myelodysplastic Syndrome (MDS), Acute Myeloid Leukemia (AML); NCT00838240[PHASE1|PHASE2] Clofarabine, Cytarabine, and Idarubicin in Treating Patients With Intermediate-Risk or High-Risk Acute Myeloid Leukemia or High-Risk Myelodysplasia; NCT00840177[PHASE2] S0919 Idarubicin, Cytarabine, and Pravastatin in Treating Patients With Relapsed Acute Myeloid Leukemia; NCT01025154[PHASE2] Clofarabine, Idarubicin, and Cytarabine Combination in Acute Myeloid Leukemia (AML) Induction; NCT01039363[PHASE2] Vorinostat Combined With Gemtuzumab Ozogamicin, Idarubicin and Cytarabine in Acute Myeloid Leukemia; NCT01289457[PHASE1|PHASE2] Clofarabine, Idarubicin, and Cytarabine (CIA) Versus Fludarabine, Idarubicin, and Cytarabine (FLAI) in Acute Myelogenous Leukemia (AML) and High-Risk Myelodysplastic Syndrome; NCT01518556[PHASE1|PHASE2] Safety and Efficacy Study of Idarubicin Dose Intensification to Treat Acute Myeloid Leukemia; NCT01700413[PHASE2] Efficacy and Toxicity of Increasing Doses of Idarubicin, Cytarabine and G-CSF in Acute Myeloid Leukemia; NCT01794702[PHASE1|PHASE2] Decitabine Followed by Clofarabine, Idarubicin, and Cytarabine in Acute Leukemia; NCT01802333[PHASE3] Cytarabine and Daunorubicin Hydrochloride or Idarubicin and Cytarabine With or Without Vorinostat in Treating Younger Patients With Previously Untreated Acute Myeloid Leukemia; NCT01876953[PHASE1|PHASE2] Dasatinib, Cytarabine, and Idarubicin in Treating Patients With High-Risk Acute Myeloid Leukemia; NCT02096055[PHASE2] Guadecitabine With or Without Idarubicin or Cladribine in Treating Older Patients With Previously Untreated Acute Myeloid Leukemia; NCT02115295[PHASE2] Cladribine, Idarubicin, Cytarabine, and Venetoclax in Treating Patients With Acute Myeloid Leukemia, High-Risk Myelodysplastic Syndrome, or Blastic Phase Chronic Myeloid Leukemia; NCT02135874[PHASE2] Clofarabine, Idarubicin, Cytarabine, Vincristine Sulfate, and Dexamethasone in Treating Patients With Newly Diagnosed or Relapsed Mixed Phenotype Acute Leukemia; NCT02249091[PHASE2] A Phase II Study of Selinexor Plus Cytarabine and Idarubicin in Patients With Relapsed/Refractory Acute Myeloid Leukemia (AML); NCT02464657[PHASE1|PHASE2] Study of Idarubicin, Cytarabine, and Nivolumab in Patients With High-Risk Myelodysplastic Syndrome (MDS) and Acute Myeloid Leukemia (AML); NCT03330821[PHASE1|PHASE2] Pevonedistat, Cytarabine, and Idarubicin in Treating Patients With Acute Myeloid Leukemia; NCT04047641[PHASE1|PHASE2] Cladribine, Idarubicin, Cytarabine, and Quizartinib in Treating Patients With Newly Diagnosed, Relapsed, or Refractory Acute Myeloid Leukemia or High-Risk Myelodysplastic Syndrome; NCT04968015[PHASE2] Venetoclax + Cytarabine Versus Idarubicin + Cytarabine : Efficacity Assessment as Post-remission Therapy to Elderly Patients With Acute Myeloid Leukemia in First Remission; NCT07228273[PHASE2] Induction and Consolidation With Fludarabine, Cytarabine, Idarubicin, and Venetoclax for the Treatment of Acute Myeloid Leukemia"
"1685"	"43910"	"264"	"Carcinoma, Non-Small-Cell Lung"	"D002289"	"890"	"cabozantinib"	"DB08875"	"3786"	""	"4233"	"strict_phase2_3_disease_directed_title"	"NCT01639508[PHASE2] Cabozantinib in Patients With RET Fusion-Positive Advanced Non-Small Cell Lung Cancer and Those With Other Genotypes: ROS1 or NTRK Fusions or Increased MET or AXL Activity; NCT01866410[PHASE2] Cabozantinib-S-Malate and Erlotinib Hydrochloride in Treating Patients With Previously Treated Metastatic Non-Small Cell Lung Cancer; NCT02132598[PHASE2] Trial of Cabozantinib (XL184) in Non-Small Cell Lung Cancer With Brain Metastases; NCT03911193[PHASE2] CABozantinib in Non-Small Cell Lung Cancer (NSCLC) Patients With MET Deregulation; NCT04471428[PHASE3] Study of Atezolizumab in Combination With Cabozantinib Versus Docetaxel in Patients With Metastatic Non-Small Cell Lung Cancer Previously Treated With an Anti-PD-L1/PD-1 Antibody and Platinum-Containing Chemotherapy"
"1690"	"3647"	"251"	"Lymphoma"	"D008223"	"964"	"venetoclax"	"DB11581"	"119"	"BCL2"	"596"	"strict_phase2_3_disease_directed_title"	"NCT02055820[PHASE1|PHASE2] A Study Evaluating the Safety, Efficacy and Pharmacokinetics of Venetoclax Combined With Chemotherapy in Participants With B-Cell Non-Hodgkin's Lymphoma (NHL) and DLBCL; NCT02611323[PHASE1|PHASE2] A Study of Obinutuzumab, Rituximab, Polatuzumab Vedotin, and Venetoclax in Relapsed or Refractory Follicular Lymphoma (FL) or Diffuse Large B-Cell Lymphoma (DLBCL); NCT02846623[PHASE2] Atezolizumab, Obinutuzumab, and Venetoclax in Treating Patients With Chronic Lymphocytic Leukemia, Small Lymphocytic Lymphoma, or Relapsed or Refractory Richter Syndrome; NCT02910583[PHASE2] Ibrutinib Plus Venetoclax in Subjects With Treatment-naive Chronic Lymphocytic Leukemia /Small Lymphocytic Lymphoma (CLL/SLL); NCT02956382[PHASE1|PHASE2] Ibrutinib and Venetoclax in Relapsed and Refractory Follicular Lymphoma; NCT02966756[PHASE2] A Study of Venetoclax in Participants With Relapsed or Refractory Chronic Lymphocytic Leukemia/Small Lymphocytic Lymphoma; NCT03064867[PHASE1|PHASE2] Venetoclax Plus R-ICE Chemotherapy for Relapsed/Refractory Diffuse Large B-Cell Lymphoma; NCT03112174[PHASE3] Study of Ibrutinib Combined With Venetoclax in Subjects With Mantle Cell Lymphoma (MCL); NCT03113422[PHASE2] Phase II Venetoclax, Obinutuzumab and Bendamustine in High Tumor Burden Follicular Lymphoma as Front Line Therapy; NCT03135262[PHASE1|PHASE2] A Study of Obinutuzumab in Combination With Idasanutlin and Venetoclax in Participants With Relapsed or Refractory (R/R) Follicular Lymphoma (FL) or Rituximab in Combination With Idasanutlin and Venetoclax in Participants With R/R Diffuse Large B-Cell Lymphoma (DLBCL); NCT03223610[PHASE1|PHASE2] Venetoclax, Ibrutinib, Prednisone, Obinutuzumab, and Revlimid (ViPOR) in Relapsed/Refractory B-cell Lymphoma; NCT03276468[PHASE2] Evaluation of Atezolizumab-Venetoclax-Obinutuzumab Combination in Relapse/Refractory Lymphomas; NCT03505944[PHASE1|PHASE2] Venetoclax, Lenalidomide and Rituximab in Patients With Relapsed/Refractory Mantle Cell Lymphoma; NCT03523975[PHASE1|PHASE2] Venetoclax, Lenalidomide and Rituximab in Patients With Previously Untreated Mantle Cell Lymphoma; NCT03534180[PHASE2] Venetoclax and Romidepsin in Treating Patients With Recurrent or Refractory Mature T-Cell Lymphoma; NCT03552692[PHASE2] Use of Venetoclax as Single Agent in Patients With Relapsed/Refractory BCL-2 Positive Peripheral T Cell Lymphoma; NCT03710772[PHASE2] Ibrutinib, Rituximab, Venetoclax, and Combination Chemotherapy in Treating Patients With Newly Diagnosed Mantle Cell Lymphoma; NCT03834688[PHASE2] Phase II Study of Bendamustine and Rituximab Plus Venetoclax in Untreated Mantle Cell Lymphoma Over 60 Years of Age; NCT03872180[PHASE2] Bendamustine, Obinutuzumab, and Venetoclax in Patients With Untreated Mantle Cell Lymphoma; NCT03946878[PHASE2] Venetoclax and Acalabrutinib in Treating Patients With Relapsed or Refractory Mantle Cell Lymphoma; NCT03980171[PHASE1|PHASE2] Study of Lenalidomide, Venetoclax and Obinutuzumab in Patients With Treatment-Naïve Follicular Lymphoma; NCT03984448[PHASE2|PHASE3] Testing the Addition of a New Anti-cancer Drug, Venetoclax, to Usual Chemotherapy for High Grade B-cell Lymphomas; NCT04285268[PHASE2] Rituximab, Venetoclax, and Bortezomib for the Treatment of Relapsed or Refractory Diffuse Large B-Cell Lymphoma; NCT04416451[PHASE2] A Phase II Study Using Rituximab Plus Venetoclax in the Front Line Treatment of Marginal Zone Lymphoma; NCT04419389[PHASE1|PHASE2] APR-246 in Combination With Acalabrutinib or Venetoclax Based Therapy in Subjects With R/R Non Hodgkin Lymphomas (NHL); NCT04450173[PHASE2] Obinutuzumab, Ibrutinib, and Venetoclax for the Treatment of Previously Untreated Stage II-IV Follicular Lymphoma; NCT04659044[PHASE2] Polatuzumab Vedotin, Venetoclax, and Rituximab and Hyaluronidase Human for the Treatment of Relapsed or Refractory Mantle Cell Lymphoma; NCT04722601[PHASE1|PHASE2] A Dose-Finding and Efficacy Study of Venetoclax, CC-486, and Obinutuzumab in Follicular Lymphoma; NCT04802590[PHASE2] Study of Ibrutinib + CD20 Antibody and Venetoclax in Patients With Untreated Mantle Cell Lymphoma; NCT04939272[PHASE1|PHASE2] Copanlisib and Venetoclax for the Treatment of Relapsed or Refractory Mantle Cell Lymphoma; NCT04941716[PHASE2] Acalabrutinib in Combination With Venetoclax for the Treatment of Refractory or Recurrent Chronic Lymphocytic Leukemia or Small Lymphocytic Lymphoma, The AVENUE-2 Trial; NCT04965493[PHASE3] A Trial of Pirtobrutinib (LOXO-305) Plus Venetoclax and Rituximab (PVR) Versus Venetoclax and Rituximab (VR) in Previously Treated Chronic Lymphocytic Leukemia/Small Lymphocytic Lymphoma (CLL/SLL); NCT04990778[PHASE2] Venetoclax and Eprenetapopt for the Treatment of Relapsed of Refractory Mantle Cell Lymphoma; NCT05025423[PHASE2] Phase II Trial of Venetoclax and Rituximab as Initial Therapy in Older Patients With Mantle Cell Lymphoma; NCT05057494[PHASE3] A Study of Acalabrutinib Plus Venetoclax Versus Venetoclax Plus Obinutuzumab in Previously Untreated Chronic Lymphocytic Leukemia or Small Lymphocytic Lymphoma; NCT05317936[PHASE1|PHASE2] Pirtobrutinib (LOXO-305) Consolidation for MRD Eradication in Patients With Chronic Lymphocytic Leukemia/Small Lymphocytic Lymphoma (CLL) Treated With Venetoclax; NCT05388006[PHASE2] Acalabrutinib, Venetoclax and Durvalumab for the Treatment of Richter Transformation From Chronic Lymphocytic Leukemia or Small Lymphocytic Lymphoma; NCT05529069[PHASE2] Phase II Study of Pirtobrutinib With Venetoclax In Relapsed-Refractory MCL (Mantle Cell Lymphoma) Patients; NCT05861050[PHASE1|PHASE2] Glofitamab With Obinutuzumab, Venetoclax, and Lenalidomide for the Treatment of Patients With Newly Diagnosed High Risk Mantle Cell Lymphoma; NCT05864742[PHASE2] Genetically Risk-Stratified Venetoclax, Ibrutinib, Rituximab (± Navitoclax) in Relapsed/Refractory Mantle Cell Lymphoma; NCT05910801[PHASE2] Tafasitamab, Lenalidomide and Venetoclax for the Treatment of Relapsed or Refractory Mantle Cell Lymphoma; NCT05947851[PHASE3] A Study of Nemtabrutinib Plus Venetoclax vs Venetoclax + Rituximab (VR) in Second-line (2L) + Relapsed/Refractory (R/R) Chronic Lymphocytic Leukemia/Small Lymphocytic Lymphoma (CLL/SLL) (MK-1026-010/BELLWAVE-010).; NCT05951959[PHASE2] A Study of Acalabrutinib Plus Venetoclax and Rituximab in Participants With Treatment Naïve Mantle Cell Lymphoma; NCT06324994[PHASE2] Linperlisib Plus Obinutuzumab and Venetoclax for Relapsed and Refractory Blastoid Variant of Mantle Cell Lymphoma.; NCT06390319[PHASE2] Adding Dasatinib Or Venetoclax To Improve Responses In Children With Newly Diagnosed T-Cell Acute Lymphoblastic Leukemia (ALL) Or Lymphoma (T-LLY) Or Mixed Phenotype Acute Leukemia (MPAL); NCT06471738[PHASE2] Combination of Zanubrutinib, Rituximab and Venetoclax in Patients With Previously Untreated Follicular Lymphoma; NCT06510309[PHASE2] Rituximab Plus Venetoclax in Front Line Marginal Zone Lymphoma; NCT06520098[PHASE2] A Randomized Phase II Study Of Bruton Tyrosine Kinase Inhibitor With Or Without Venetoclax In Veterans With Chronic Lymphocytic Leukemia (CLL)/Small Lymphocytic Lymphoma (SLL); NCT06522386[PHASE2] GATE1: A Multicenter Phase II Study of Pirtobrutinib, Rituximab and Venetoclax Combination Therapy for Patients With Previously Untreated Mantle Cell Lymphoma; NCT06558604[PHASE2] Phase II Study of Glofitamab With Venetoclax +/- Zanubrutinib in High-risk Mantle-cell Lymphoma; NCT06810778[PHASE1|PHASE2] Duvelisib and Venetoclax in Patients With Relapsed or Refractory Peripheral T-cell Lymphoma (PTCL); NCT06943872[PHASE3] A Study to Investigate Progression-Free Survival With Sonrotoclax Plus Obinutuzumab Or Sonrotoclax Plus Rituximab Compared With Venetoclax Plus Rituximab Treatment In Patients With Relapsed and/or Refractory Chronic Lymphocytic Leukemia/Small Lymphocytic Lymphoma (CELESTIAL-RRCLL); NCT07218510[PHASE2] Venetoclax and Obinutuzumab Followed by Epcoritamab for the Treatment of Untreated Chronic Lymphocytic Leukemia and Small Lymphocytic Lymphoma, LonGEVity Trial; NCT07231952[PHASE2] A Study of Pirtobrutinib, Venetoclax, and Rituximab in People With Waldenström's Macroglobulinemia (WM)/Lymphoplasmacytic Lymphoma (LPL); NCT07387471[PHASE2] Study to Assess Change in Disease Activity of Oral Venetoclax in Adult Participants With Recurring Relapsed or Refractory (R/R) Waldenström Macroglobulinemia (WM)/Lymphoplasmacytic Lymphoma (LPL); NCT07557056[PHASE2] Nemtabrutinib and Venetoclax for the Treatment of Patients With Chronic Lymphocytic Leukemia or Small Lymphocytic Lymphoma; NCT07582159[PHASE2] Tafasitamab With Acalabrutinib and Venetoclax for the Treatment of Chronic Lymphocytic Leukemia/Small Lymphocytic Lymphoma; NCT07719556[PHASE2] Orelabrutinib Combined With Obinutuzumab and Short-Course Venetoclax in Patients With Treatment-Naïve Mantle Cell Lymphoma (MCL); NCT07734038[PHASE2] Venetoclax Plus Zanubrutinib for the Treatment of Chronic Lymphocytic Leukemia and Small Lymphocytic Lymphoma"
"1691"	"36902"	"250"	"Head and Neck Neoplasms"	"D006258"	"308"	"pemetrexed"	"DB00642"	"2912"	"TYMS"	"7298"	"strict_phase2_3_disease_directed_title"	"NCT00293579[PHASE2] Pemetrexed Chemotherapy in Poor-Risk Patients With Advanced Head and Neck Cancer; NCT00394147[PHASE2] Pemetrexed and Gemcitabine in Patients With Advanced Head and Neck Cancer; NCT00503997[PHASE2] Pemetrexed and Oxaliplatin in Treating Patients With Locally Advanced Head and Neck Cancer; NCT00573989[PHASE1|PHASE2] Intensity-Modulated Radiation Therapy, Pemetrexed, and Erlotinib in Treating Patients With Recurrent or Second Primary Head and Neck Cancer; NCT00589667[PHASE2] A Phase II Study of Pemetrexed Plus Gemcitabine for Metastatic/Recurrent Head and Neck Cancer (HNSCC); NCT01172470[PHASE2] Phase II Trial of Pemetrexed-Based Induction Chemotherapy Followed by Concomitant Chemoradiotherapy in Previously Irradiated Head and Neck Cancer Patients"
"1695"	"15189"	"252"	"Sarcoma"	"D012509"	"898"	"regorafenib"	"DB08896"	"1165"	"PDGFRA"	"5156"	"strict_phase2_3_disease_directed_title"	"NCT01900743[PHASE2] Phase II Study of Regorafenib in Metastatic Soft Tissue Sarcoma; NCT02048371[PHASE2] SARC024: A Blanket Protocol to Study Oral Regorafenib in Patients With Selected Sarcoma Subtypes; NCT02048722[PHASE2] Daily Oral Regorafenib for Chemotherapy-Refractory, Metastatic and Locally Advanced Angiosarcoma; NCT02389244[PHASE2] A Phase II Study Evaluating Efficacy and Safety of Regorafenib in Patients With Metastatic Bone Sarcomas; NCT04698785[PHASE2] Efficacy of Regorafenib Combined With Best Supportive Care as Maintenance Treatment in High Grade Bone Sarcomas Patients; NCT04803877[PHASE2] SARC038: Phase 2 Study of Regorafenib and Nivolumab in Osteosarcoma"
"1709"	"26013"	"85"	"Stroke"	"D020521"	"396"	"tirofiban"	"DB00775"	"1916"	"ITGB3"	"3690"	"strict_phase2_3_disease_directed_title"	"NCT04491695[PHASE2|PHASE3] Tirofiban for the Prevention of Neurological Deterioration in Acute Ischemic Stroke; NCT04818944[PHASE1|PHASE2] Clinical Trial to Evaluate the Safety of Continuous IV Tirofiban in Acute Ischemic Stroke; NCT04851457[PHASE2] One Pass Tirofiban In Management of Ischemic Stroke Thrombectomy In China; NCT05188417[PHASE2] A Study Evaluating the Safety and Efficacy of Tirofiban in Combination With Alteplase in Acute Ischemic Stroke; NCT05604638[PHASE3] Early Administration of Tirofiban in Patients Treated With Tenecteplase for Acute Ischemic Stroke; NCT05728333[PHASE2|PHASE3] Intravenous Tirofiban Versus Alteplase Before Mechanical Thrombectomy in Stroke; NCT06134622[PHASE3] Advancing Stroke Safety and Efficacy Through Early Tirofiban Administration After Intravenous Thrombolysis (ASSET-IT); NCT06373042[PHASE2|PHASE3] Tirofiban for Successful Endovascular Stroke Thrombectomy; NCT06587347[PHASE2|PHASE3] Tirofiban for the Prevention of Early Neurological Deterioration After Intravenous Thrombolysis in Acute Ischemic Stroke; NCT07111806[PHASE3] Intravenous Tirofiban After Delayed Thrombolysis in Stroke; NCT07135089[PHASE3] Improving Neuroprotective Strategy for Ischemic Stroke Before Endovascular Thrombectomy by Intravenous Tirofiban; NCT07335107[PHASE3] Intravenous Tirofiban After Bridging Therapy for Acute Stroke With Atherosclerotic Large Artery Occlusion; NCT07379190[PHASE3] HR-MRI-Directed Tirofiban Therapy for Late-Window Acute Ischemic Stroke (TIAN)"
"1711"	"8947"	"593"	"Thrombocytopenia"	"D013921"	"1043"	"fostamatinib"	"DB12010"	"732"	"PDGFRB"	"5159"	"strict_phase2_3_disease_directed_title"	"NCT04543279[PHASE2] Fostamatinib as a Single Agent or in Combination With Ruxolitinib for Treatment of Patients With Myelofibrosis With Severe Thrombocytopenia"
"1713"	"8838"	"84"	"Skin Neoplasms"	"D012878"	"700"	"dasatinib"	"DB01254"	"732"	"PDGFRB"	"5159"	"strict_phase2_3_disease_directed_title"	"NCT00563290[PHASE2] Dasatinib in Treating Patients With Unresectable or Metastatic Squamous Cell Skin Cancer or RAI Stage 0-I Chronic Lymphocytic Leukemia"
"1715"	"25683"	"7"	"Endometrial Neoplasms"	"D016889"	"926"	"lenvatinib"	"DB09078"	"1830"	"FGFR2"	"2263"	"strict_phase2_3_disease_directed_title"	"NCT01111461[PHASE2] Study of Lenvatinib in Subjects With Advanced Endometrial Cancer and Disease Progression; NCT03517449[PHASE3] Lenvatinib in Combination With Pembrolizumab Versus Treatment of Physician's Choice in Participants With Advanced Endometrial Cancer (MK-3475-775/E7080-G000-309 Per Merck Standard Convention [KEYNOTE-775]); NCT05112991[PHASE2] Study of Envafolimab Alone or With Lenvatinib in Patients With Advanced Endometrial Cancer; NCT05263492[PHASE2] Study of Lenvatinib w/ Pembro in Black Participants w/Mismatch Repair-Prof Recurrent Endometrial Cancer; NCT05824481[PHASE2] Study of Cadonilimab (AK104) Plus Lenvatinib in Patients With Advanced Endometrial Cancer; NCT07594015[PHASE2] Pembrolizumab and Lenvatinib in Mismatch Repair Proficient Recurrent Endometrial Cancer After Failure of First-Line Therapy With Platinum-based Doublet and Immunotherapy"
"1719"	"24997"	"334"	"Leukemia"	"D007938"	"445"	"temozolomide"	"DB00853"	"1629"	"MGMT"	"4255"	"strict_phase2_3_disease_directed_title"	"NCT00611247[PHASE2] Phase 2 Study of Temozolomide to Treat Poor Risk / Refractory Acute Myeloid Leukemia; NCT00687323[PHASE2] Study of Temozolomide in Previously Untreated Acute Myeloid Leukemia (AML) and Myelodysplastic Syndrome (MDS) Participants With Low O6-Methylguanine Methyltransferase (MGMT) Expression (P05052); NCT01550224[PHASE2] Temozolomide Plus Vorinostat in Relapse/Refractory Acute Myeloid Leukemia (AML)"
"1724"	"4967"	"334"	"Leukemia"	"D007938"	"1042"	"fludarabine"	"DB01073"	"258"	"POLA1"	"5422"	"strict_phase2_3_disease_directed_title"	"NCT00003248[PHASE2] Fludarabine and Monoclonal Antibody Therapy in Treating Patients With Untreated B-cell Chronic Lymphocytic Leukemia; NCT00003659[PHASE2] Fludarabine, Cyclophosphamide, and Rituximab in Treating Patients Who Have Chronic Lymphocytic Leukemia; NCT00003764[PHASE3] Fludarabine With or Without Cyclophosphamide in Treating Patients With Chronic Lymphocytic Leukemia; NCT00004857[PHASE2] Fludarabine Followed by Alemtuzumab in Treating Patients With Chronic Lymphocytic Leukemia; NCT00006252[PHASE2] Fludarabine and Cyclophosphamide Followed by Peripheral Stem Cell Transplant in Treating Patients With Leukemia or Lymphoma; NCT00024440[PHASE3] Fludarabine and Cyclophosphamide With or Without Oblimersen in Treating Patients With Relapsed or Refractory Chronic Lymphocytic Leukemia; NCT00049075[PHASE2] Fludarabine in Treating Patients With Chronic Lymphocytic Leukemia; NCT00070135[PHASE2] Fludarabine and Busulfan Followed by Allogeneic Stem Cell Transplant in Treating Older Patients With Acute Myeloid Leukemia in First Complete Remission; NCT00078234[PHASE1|PHASE2] Genasense® (Oblimersen Sodium), Fludarabine, and Rituximab in Subjects With Chronic Lymphocytic Leukemia; NCT00086580[PHASE3] Fludarabine (Fludara®) Plus Alemtuzumab (CAMPATH®, MabCampath®) vs Fludarabine Alone in B-Cell Chronic Lymphocytic Leukemia (B-CLL) Patients; NCT00086775[PHASE2] Fludarabine Combined With Either Alemtuzumab or Rituximab in Treating Patients With Refractory or Relapsed B-Cell Chronic Lymphocytic Leukemia; NCT00096018[PHASE1|PHASE2] Fludarabine and Thalidomide in Treating Patients With Newly Diagnosed Chronic Lymphocytic Leukemia; NCT00098670[PHASE2] Fludarabine, Rituximab, and Alemtuzumab in Treating Patients With Chronic Lymphocytic Leukemia; NCT00143065[PHASE2] Fludarabine, Rituximab, and Alemtuzumab for B-Chronic Lymphocytic Leukemia or Small Lymphocytic Lymphoma; NCT00206726[PHASE2] Alemtuzumab/Fludarabine for Relapsed/Refractory B-cell Chronic Lymphocytic Leukemia (B-CLL); NCT00230282[PHASE2] Phase 2 Fludarabine, Cytoxan and FCCAM <Alemtuzumab> in Untreated B-Cell Chronic Lymphocytic Leukemia; NCT00253513[PHASE1|PHASE2] Treosulfan and Fludarabine in Treating Younger Patients Who Are Undergoing a Donor Stem Cell Transplant for Acute Myeloid Leukemia, Acute Lymphoblastic Leukemia, or Myelodysplastic Syndrome; NCT00254410[PHASE2] FCM-R (Fludarabine, Cyclophosphamide, Mitoxantrone, Rituximab) in Previously Untreated Patients With Chronic Lymphocytic Leukemia (CLL) < 70 Years; NCT00262782[PHASE3] Fludarabine or Observation in Treating Patients With Stage 0, Stage I, or Stage II Chronic Lymphocytic Leukemia; NCT00262795[PHASE3] Fludarabine or Chlorambucil as First-Line Therapy in Treating Older Patients With Previously Untreated Chronic Lymphocytic Leukemia; NCT00275054[PHASE3] Rituximab, Fludarabine, and Cyclophosphamide or Observation Alone in Treating Patients With Stage 0, Stage I, or Stage II Chronic Lymphocytic Leukemia; NCT00276848[PHASE3] Fludarabine With or Without Cyclophosphamide in Treating Patients With Advanced Chronic Lymphocytic Leukemia; NCT00278265[PHASE2] Methotrexate Followed by Fludarabine in Patients With T-Cell Large Granular Lymphocytic Leukemia; NCT00281892[PHASE3] Fludarabine and Darbepoetin Alfa in Treating Older Patients With Chronic Lymphocytic Leukemia; NCT00281918[PHASE3] Fludarabine and Cyclophosphamide With or Without Rituximab in Patients With Previously Untreated Chronic B-Cell Lymphocytic Leukemia; NCT00281931[PHASE2] Fludarabine, Cyclophosphamide, and Rituximab in Treating Patients With Prolymphocytic Leukemia; NCT00281983[PHASE1|PHASE2] Fludarabine and Cyclophosphamide in Treating Patients Who Are Undergoing Donor Stem Cell Transplant for Chronic Lymphocytic Leukemia or Waldenstrom's Macroglobulinemia; NCT00381550[PHASE2] 3-AP and Fludarabine in Treating Patients With Myeloproliferative Disorders, Chronic Myelomonocytic Leukemia, or Accelerated Phase or Blastic Phase Chronic Myelogenous Leukemia; NCT00450983[PHASE2] Donor Peripheral Stem Cell Transplant and Donor Natural Killer Cell Transplant After Total-Body Irradiation, Thiotepa, Fludarabine, and Muromonab-CD3 in Treating Patients With Leukemia or Other Blood Diseases; NCT00469014[PHASE2] Busulfan, Fludarabine, Clofarabine With Allogeneic Stem Cell Transplantation for Acute Myeloid Leukemia; NCT00472849[PHASE1|PHASE2] Oxaliplatin, Fludarabine, Cytarabine, and Rituximab in Patients With Richter's Transformation and Leukemias; NCT00480987[PHASE1|PHASE2] Oxaliplatin, Fludarabine, and Cytarabine in Acute Myeloid Leukemia (AML) or High-Risk Myelodysplastic Syndromes (MDS); NCT00513747[PHASE3] Early or Delayed Fludarabine and Rituximab in Treating Patients With Previously Untreated Chronic Lymphocytic Leukemia; NCT00536341[PHASE1|PHASE2] Fludarabine, Rituximab, and Lenalidomide in Minimally Treated/Untreated Patients With Chronic Lymphocytic Leukemia (CLL); NCT00602459[PHASE2] Fludarabine and Rituximab With or Without Lenalidomide or Cyclophosphamide in Treating Patients With Symptomatic Chronic Lymphocytic Leukemia; NCT00727415[PHASE1|PHASE2] Lenalidomide, Fludarabine & Cyclophosphamide in Advanced Chronic Lymphocytic Leukemia Not Responding to Therapy; NCT00845104[PHASE2] Fludarabine Phosphate, Rituximab, and Bevacizumab in Treating Patients With B-Cell Chronic Lymphocytic Leukemia That Has Relapsed or Not Responded To Treatment; NCT00860457[PHASE2] Lenalidomide Following Fludarabine/Rituximab (FR) in Untreated Chronic Lymphocytic Leukemia (CLL); NCT00860574[PHASE2] Treosulfan, Fludarabine Phosphate, and Total-Body Irradiation Before Donor Stem Cell Transplant in Treating Patients With High-Risk Acute Myeloid Leukemia, Myelodysplastic Syndrome, Acute Lymphoblastic Leukemia; NCT00918723[PHASE1|PHASE2] Vorinostat, Fludarabine Phosphate, Cyclophosphamide, and Rituximab in Treating Patients With Previously Untreated Chronic Lymphocytic Leukemia or Small Lymphocytic Lymphoma; NCT00924170[PHASE1|PHASE2] Phase II Trial of LMB-2, Fludarabine and Cyclophosphamide for Adult T-Cell Leukemia; NCT00925873[PHASE3] GOELAMS SA4 Study: the Role of Fludarabine in the Treatment of Acute Myeloid Leukemia in the Elderly; NCT01019317[PHASE2] Fludarabine and Cytarabine in Acute Myelogenous Leukemia (AML) and High-Risk Myelodysplastic Syndrome (MDS); NCT01082939[PHASE2] Cyclophosphamide, Fludarabine, Alemtuzumab, and Rituximab (CFAR) for Relapsed or Refractory Chronic Lymphocytic Leukemia (CLL); NCT01096992[PHASE1|PHASE2] Fludarabine, Bendamustine, and Rituximab (FBR) for Relapsed Chronic Lymphocytic Leukemia (CLL); NCT01263704[PHASE2] A Study of MabThera/Rituxan (Rituximab) in Combination With Fludarabine And Cyclophosphamide as Primary Therapy in Elderly Patients With Chronic Lymphocytic Leukemia; NCT01289457[PHASE1|PHASE2] Clofarabine, Idarubicin, and Cytarabine (CIA) Versus Fludarabine, Idarubicin, and Cytarabine (FLAI) in Acute Myelogenous Leukemia (AML) and High-Risk Myelodysplastic Syndrome; NCT01423032[PHASE2|PHASE3] Bendamustine Versus Fludarabine in Chronic Lymphocytic Leukemia (CLL); NCT01471444[PHASE3] Fludarabine-IV Busulfan ± Clofarabine and Allogeneic Hematopoietic Stem Cell Transplantation for Acute Myeloid Leukemia (AML) and Myelodysplastic Syndrome (MDS); NCT01762202[PHASE2] Assessment of Efficacy and Safety of Front-line Fludarabine, Cyclophoshamide and Ofatumumab Chemoimmunotherapy in Young Patients With Chronic Lymphocytic Leukemia.; NCT01824693[PHASE2] Busulfan, Cyclophosphamide, and Melphalan or Busulfan and Fludarabine Phosphate Before Donor Hematopoietic Cell Transplant in Treating Younger Patients With Juvenile Myelomonocytic Leukemia; NCT02048813[PHASE3] Ibrutinib and Rituximab Compared With Fludarabine Phosphate, Cyclophosphamide, and Rituximab in Treating Patients With Untreated Chronic Lymphocytic Leukemia or Small Lymphocytic Lymphoma; NCT02250937[PHASE2] Venetoclax and Sequential Busulfan, Cladribine, and Fludarabine Phosphate Before Donor Stem Cell Transplant in Treating Patients With Acute Myelogenous Leukemia or Myelodysplastic Syndrome; NCT02319135[PHASE3] Azacytidine (Vidaza®) Versus Fludarabine and Cytarabine (Fluga Scheme) in Elderly Patients With Newly Diagnosed Acute Myeloid Leukemia; NCT02629809[PHASE2] Ibrutinib, Fludarabine Phosphate, Cyclophosphamide, and Obinutuzumab in Treating Patients With Chronic Lymphocytic Leukemia; NCT02642965[PHASE1|PHASE2] Liposome-encapsulated Daunorubicin-Cytarabine, Fludarabine Phosphate, Cytarabine, and Filgrastim in Treating Younger Patients With Relapsed or Refractory Acute Myeloid Leukemia; NCT03071276[PHASE2] Selinexor in Combination With Fludarabine and Cytarabine in Patients With Refractory or Relapsed Acute Myeloid Leukemia; NCT03204188[PHASE2] Ibrutinib, Fludarabine, and Pembrolizumab in High-Risk or Relapsed/Refractory Chronic Lymphocytic Leukemia/Small Lymphocytic Lymphoma; NCT03247088[PHASE1|PHASE2] Sorafenib, Busulfan and Fludarabine in Treating Patients With Recurrent or Refractory Acute Myeloid Leukemia Undergoing Donor Stem Cell Transplant; NCT04425655[PHASE2] Fludarabine in Combination With Daunorubicin and Cytarabine Liposome in Newly-diagnosed Acute Myeloid Leukemia.; NCT07223021[PHASE3] A Study of Fludarabine Dosing in Children and Young Adults With B-cell Acute Lymphoblastic Leukemia; NCT07228273[PHASE2] Induction and Consolidation With Fludarabine, Cytarabine, Idarubicin, and Venetoclax for the Treatment of Acute Myeloid Leukemia"
"1734"	"18669"	"92"	"Obsessive-Compulsive Disorder"	"D009771"	"677"	"quetiapine"	"DB01224"	"1406"	"DRD2"	"1813"	"strict_phase2_3_disease_directed_title"	"NCT00254735[PHASE3] Quetiapine Augmentation in Severe Obsessive Compulsive Disorder; NCT00318539[PHASE2] Addition of Quetiapine in Obsessive Compulsive Disorder - Westenberg Study"
"1735"	"25019"	"8"	"Ovarian Neoplasms"	"D010051"	"843"	"pazopanib"	"DB06589"	"1633"	"FGF1"	"2246"	"strict_phase2_3_disease_directed_title"	"NCT01238770[PHASE1|PHASE2] Phase I/II Study of Pazopanib and Cyclophosphamide in Patients With Platinum-resistant Recurrent Ovarian Cancer; NCT01262014[PHASE2] Clinical Trial Investigating Pazopanib in Patients With Platinum-resistant Advanced Ovarian Cancer; NCT01600573[PHASE1|PHASE2] Pazopanib and Weekly Topotecan in Patients Recurrent Ovarian Cancer (TOPAZ); NCT01610206[PHASE2] A Randomized Study of Safety and Efficacy of Pazopanib and Gemcitabine in Persistent or Relapsed Ovarian Cancer; NCT01644825[PHASE2] Weekly Paclitaxel With or Without Pazopanib in Platinum Resistant or Refractory Ovarian Cancer; NCT02055690[PHASE1|PHASE2] PAZOFOS: Phase Ib and Phase II Trial of Pazopanib +/- Fosbretabulin in Advanced Recurrent Ovarian Cancer; NCT02383251[PHASE2] Paclitaxel/Pazopanib for Platinum Resistant/Refractory Ovarian Cancer"
"1736"	"1282"	"370"	"Esophageal Neoplasms"	"D004938"	"898"	"regorafenib"	"DB08896"	"69"	"KDR"	"3791"	"strict_phase2_3_disease_directed_title"	"NCT02773524[PHASE3] A Study of Regorafenib in Refractory Advanced Gastro-Oesophageal Cancer"
"1738"	"20992"	"265"	"Colorectal Neoplasms"	"D015179"	"308"	"pemetrexed"	"DB00642"	"1495"	"DHFR"	"1719"	"strict_phase2_3_disease_directed_title"	"NCT00079872[PHASE2] Pemetrexed Plus a Comparator Versus a Combination of 2 Comparators in First-Line Treatment of Colorectal Cancer; NCT00191984[PHASE2] A Study of the Combination of Pemetrexed and Irinotecan Every Two Weeks in Metastatic Colorectal Cancer; NCT00330915[PHASE2] A Study of Pemetrexed and Folic Acid Given Before Surgery (Neoadjuvant Treatment) to Patients With Rectal Cancer.; NCT01109615[PHASE2] Pemetrexed and Gemcitabine for Treatment Resistant Patients With Metastatic Colorectal Cancer and KRAS Mutations; NCT01397305[PHASE1|PHASE2] An Extended Feasibility Phase I/II Study of Methylenetetrahydrofolate (Arfolitixorin) and Pemetrexed Single Agent, Given as Neoadjuvant Treatment in Patients With Resectable Rectal Cancer; NCT01909830[PHASE2] Gemcitabine in Combination With Pemetrexed Long Term Infusion in the Treatment of Pretreated Metastatic Colorectal Cancer Patients; NCT02588781[PHASE2] Pemetrexed Alone as Salvage Treatment in Metastatic Colorectal Cancer Patients Who Were Failed After Standard Chemotherapy: A Phase II Single Arm Prospective Study; NCT02723578[PHASE2] Pemetrexed and Erlotinib for Metastatic Colorectal Cancer; NCT03086538[PHASE2] Pemetrexed Plus Tarceva as Salvage Treatment in EGFR Overexpressed Metastatic Colorectal Cancer Patients Who Were Failed After Standard Chemotherapy; NCT03843853[PHASE2] Pemetrexed and S-1 in Combination With Bevacizumab in Refractory Colorectal Cancer; NCT04683965[PHASE2] Pemetrexed and TAS-102 in Combination With Bevacizumab in Refractory Colorectal Cancer"
"1742"	"28544"	"144"	"Essential Hypertension"	"D000075222"	"1184"	"candesartan"	"DB13919"	"2124"	"AGTR1"	"185"	"strict_phase2_3_disease_directed_title"	"NCT02059616[PHASE2] A Phase 2 Dose Selection Trial of Candesartan Cilexetil and Amlodipine Besylate to Treat Essential Hypertension; NCT02368652[PHASE3] A Study to Evaluate the Efficacy and Safety of Amlodipine Besylate and Candesartan Cilexetil in Essential Hypertension Patient Who Are Not Adequately Controlled With Candesartan Cilexetil Monotherapy; NCT02368665[PHASE3] A Study to Evaluate the Efficacy and Safety of Amlodipine Besylate and Candesartan Cilexetil in Essential Hypertension Patient Who Are Not Adequately Controlled With Amlodipine Besylate Monotherapy; NCT02944734[PHASE2] Comparison of Efficacy and Safety of Combination Therapy and Monotherapy of Candesartan and Amlodipine for Dose-Finding in Patients With Essential Hypertension"
"1743"	"6262"	"431"	"Mesothelioma"	"D008654"	"757"	"everolimus"	"DB01590"	"334"	"MTOR"	"2475"	"strict_phase2_3_disease_directed_title"	"NCT00770120[PHASE2] S0722: Everolimus in Treating Patients With Pleural Malignant Mesothelioma That Cannot Be Removed By Surgery; NCT01024946[PHASE2] Everolimus (RAD001) for the Treatment of Malignant Pleural Mesothelioma With Merlin/NF2 Loss as a Biomarker to Predict Sensitivity"
"1749"	"4960"	"334"	"Leukemia"	"D007938"	"711"	"nelarabine"	"DB01280"	"258"	"POLA1"	"5422"	"strict_phase2_3_disease_directed_title"	"NCT00501826[PHASE2] Combination Chemotherapy and Nelarabine in Treating Patients With T-cell Acute Lymphoblastic Leukemia or Lymphoblastic Lymphoma; NCT02763384[PHASE2] BL-8040 and Nelarabine for Relapsed or Refractory T-Acute Lymphoblastic Leukemia/ Lymphoblastic Lymphoma; NCT06434467[PHASE3] The Efficacy and Safety of Nelarabine Injection in Patients With T-lymphoblastic Leukemia and T-lymphoblastic Lymphoma"
"1750"	"1094"	"265"	"Colorectal Neoplasms"	"D015179"	"91"	"lidocaine"	"DB00281"	"55"	"EGFR"	"1956"	"strict_phase2_3_disease_directed_title"	"NCT06923787[PHASE2] Effect of Perioperative Intravenous Infusion of Lidocaine on the Postoperative Course and the Immune Response in Patients Undergoing Surgery for Colon Cancer - the PILDI Study; NCT07432399[PHASE2] Effect of Perioperative Lidocaine or High-Dose Dexamethasone on Immune Response in Colon Cancer Surgery (PILDI Study)"
"1755"	"1314"	"588"	"Adenocarcinoma"	"D000230"	"927"	"nintedanib"	"DB09079"	"69"	"KDR"	"3791"	"strict_phase2_3_disease_directed_title"	"NCT02856867[PHASE2] Nintedanib Plus mFOLFOX6 for Previously Untreated Metastatic Esophagogastric Adenocarcinoma (MEGAN); NCT04046614[PHASE1|PHASE2] Feasibility and Safety of Nintedanib in Combination With Nivolumab in Pretreated Patients With Advanced or Metastatic NSCLC of Adenocarcinoma Histology"
"1756"	"43616"	"83"	"Lung Neoplasms"	"D008175"	"212"	"fluoxetine"	"DB00472"	"3720"	"CHRNB4"	"1143"	"strict_phase2_3_disease_directed_title"	"NCT00005850[PHASE2] Combination Chemotherapy Plus Fluoxetine in Treating Patients With Advanced or Recurrent Non-Small Cell Lung Cancer"
"1760"	"9586"	"265"	"Colorectal Neoplasms"	"D015179"	"898"	"regorafenib"	"DB08896"	"846"	"BRAF"	"673"	"strict_phase2_3_disease_directed_title"	"NCT01103323[PHASE3] Patients With Metastatic Colorectal Cancer Treated With Regorafenib or Placebo After Failure of Standard Therapy; NCT01189903[PHASE2|PHASE3] Clinical Evaluation - A Phase IIA Proof of Concept Study of Regorafenib (Bayer 73-4506) in Biopsy-amenable Asian Colorectal Cancer Patients; NCT01289821[PHASE2] First Line Treatment of Metastatic Colorectal Cancer With mFOLFOX6 in Combination With Regorafenib; NCT01298570[PHASE2] Regorafenib+FOLFIRI Versus Placebo+FOLFIRI as 2nd Line Tx in Metastatic Colorectal Cancer; NCT01584830[PHASE3] Asian Subjects With Metastatic Colorectal Cancer Treated With Regorafenib or Placebo After Failure of Standard Therapy; NCT01853319[PHASE3] Regorafenib in Subjects With Metastatic Colorectal Cancer (mCRC) Who Have Progressed After Standard Therapy; NCT01875380[PHASE2] Regorafenib in Frail and/or Unfit for Chemotherapy Patients With Metastatic Colorectal Cancer; NCT01896856[PHASE1|PHASE2] Phase I/II Study of SGI-110 With Irinotecan Versus Regorafenib or TAS-102 in Metastatic Colorectal Cancer; NCT01939223[PHASE3] Colorectal Cancer Treated With Adjuvant Regorafenib Versus Placebo After Curative Treatment of Liver Metastases in a Randomized, Double-blind, Placebo-Controlled Phase-III STudy; NCT01949194[PHASE2] Study to Determine the Efficacy of Regorafenib in Metastatic Colorectal Cancer Patients and to Discover Biomarkers; NCT02096354[PHASE2] A Phase 2 Randomized, Open-Label Study of RRx-001 vs Regorafenib in Subjects With Metastatic Colorectal Cancer; NCT02175654[PHASE2] Regorafenib as Single Agent in Patients With Metastatic Colorectal Cancer (mCRC) With Any RAS or BRAF Mutation Previously Treated With FOLFOXIRI Plus Bevacizumab; NCT02195011[PHASE2] Safety Study of Regorafenib and SIR-Spheres® Microspheres Radioembolization in Patients With Refractory Metastatic Colorectal Cancer With Liver Metastases; NCT02287727[PHASE2] Regorafenib in Reducing Recurrence in Patients With Non-metastatic Rectal Cancer Who Have Completed Curative-Intent Treatment; NCT02316340[PHASE2] Vorinostat Plus Hydroxychloroquine Versus Regorafenib in Colorectal Cancer; NCT02368886[PHASE2] Lower or Standard Dose Regorafenib in Treating Patients With Refractory Metastatic Colorectal Cancer; NCT02425683[PHASE2] Study of Colorectal Cancer Patients (Stage IIIC) With Either Regorafenib or Standard of Care (No Treatment) After Adjuvant FOLFOX; NCT02465502[PHASE2] Regorafenib in Subjects With Antiangiogenic-naive and Chemotherapy-refractory Advanced Colorectal Cancer; NCT02466009[PHASE2] Regorafenib in Metastatic Colorectal Cancer; NCT02619435[PHASE2] Regorafenib Monotherapy as Second-line Treatment of Patients With RAS-mutant Advanced Colorectal Cancer; NCT02664077[PHASE3] A Study Evaluating Regorafenib Following Completion of Standard Chemotherapy for Patients With Colon Cancer; NCT02699073[PHASE2] Evaluation of Treatment Response With CHOI and RECIST Criteria and CT Texture Analysis in Patients With Metastatic Colorectal Cancer Treated With Regorafenib; NCT03657641[PHASE1|PHASE2] Regorafenib and Pembrolizumab in Treating Participants With Advanced or Metastatic Colorectal Cancer; NCT03829462[PHASE3] Assessing a Regorafenib-irinotecan Combination Versus Regorafenib Alone in Metastatic Colorectal Cancer Patients; NCT03880877[PHASE2] Regorafenib Plus FOLFIRI With Irinotecan Dose Escalated in Patients With Previously Treated Metastatic Colorectal Cancer; NCT03946917[PHASE1|PHASE2] JS001 Combined With Regorafenib in Patients With Advanced Colorectal Cancer; NCT03992456[PHASE2] Panitumumab, Regorafenib, or TAS-102, in Treating Patients With Metastatic and/or Unresectable RAS Wild-Type Colorectal Cancer; NCT04008511[PHASE1|PHASE2] Regorafenib and XELOX as 2nd Line Treatment in Metastatic Colorectal Cancer; NCT04030260[PHASE2] Regorafenib and PD-1 Antibody in Combination With Radiotherapy for pMMR/MSS Metastatic Colorectal Cancer; NCT04110093[PHASE1|PHASE2] Regorafenib Plus PD-1 Inhibitor in Patients With Colorectal Cancer; NCT04117945[PHASE2] Regorafenib, With Cetuximab or Panitumumab, for the Treatment of Unresectable, Locally Advanced, or Metastatic Colorectal Cancer; NCT04126733[PHASE2] Study on the Effectiveness and Safety of the Combination of the Two Drugs Regorafenib and Nivolumab in Patients With Colorectal Cancer (Cancer of the Colon or Rectum Classified as Proficient Mismatch Repair and Microsatellite Stable); NCT04450836[PHASE2] Sequences Of REGorafenib And Trifluridine/Tipiracil in Patients With Metastatic Colorectal Cancer; NCT04503694[PHASE2] Neoadjuvant Regorafenib in Combination With Nivolumab and Short-course Radiotherapy in Stage II-III Rectal Cancer; NCT04534218[PHASE2] Regorafenib in Combination With Metronomic Chemotherapies, and Low-dose Aspirin in Metastatic Colorectal Cancer; NCT05057052[PHASE2] Cryoablation Combined with Sintilimab Plus Regorafenib in Previously Treated Colorectal Cancer Liver Metastasis; NCT05328908[PHASE3] A Study of Nivolumab-relatlimab Fixed-dose Combination Versus Regorafenib or TAS-102 in Participants With Later-lines of Metastatic Colorectal Cancer; NCT05382741[PHASE2] Adjuvant Durvalumab Plus Regorafenib vs Untreated Control in Stage IV Colorectal Cancer Patients With no Evidence of Disease (NED): VIVA Trial; NCT05425940[PHASE3] Study of XL092 + Atezolizumab vs Regorafenib in Participants With Metastatic Colorectal Cancer; NCT05426811[PHASE1|PHASE2] Regorafenib Plus Raltitrexed as Third-line Treatment in Advanced Colorectal Cancer Patients; NCT05462613[PHASE2|PHASE3] Regorafenib With Low-dose Chemotherapies and Aspirin Followed by Standard Chemotherapies in Metastatic Colorectal Cancer; NCT05672316[PHASE1|PHASE2] Botensilimab, Balstilimab and Regorafenib for the Treatment of Patients With Microsatellite Stable Metastatic Colorectal Cancer Who Have Progressed on Prior Chemotherapy; NCT05730673[PHASE2] Leronlimab in Combination With Regorafenib in Patients With CCR5+, Metastatic Colorectal Cancer; NCT05794971[PHASE3] Regorafenib Combined With Irinotecan Drug-Eluting Beads for Colorectal Cancer Liver Metastases; NCT05894837[PHASE2] Serplulimab+Regorafenib +Hepatic Artery Bicarbonate Infusion in Patients With Colorectal Cancer and Liver Metastases; NCT05900648[PHASE2] Regorafenib and XmAb20717 in Treatment of High-risk Patients With Colorectal Cancer With Radiographic Occult Molecular Residual Disease After End of Established Definitive Therapy (RX-CROME); NCT05963490[PHASE2] Regorafenib Alone or in Combination With Hypofractionated/Low-dose Radiotherapy Plus Toripalimab for Metastatic Colorectal Cancer; NCT05985109[PHASE2] KN 046 Plus Regorafenib in MSS Metastatic Colorectal Cancer; NCT06006923[PHASE2] Regorafenib in Combination With Pembrolizumab or Pembrolizumab for MSI-H Colorectal Cancer; NCT06071052[PHASE2] TACE Plus HAIC Combined With Regorafenib for Liver Metastasis of Colorectal Cancer Refractory to Standard Treatment Regimens; NCT06425133[PHASE2] Regorafenib in Combination With Multimodal Metronomic Chemotherapy for Chemo-resistant Metastatic Colorectal Cancers; NCT06575725[PHASE2] Botensilimab, Balstilimab and Regorafenib or Botensilimab and Balstilimab for the Treatment of Advanced or Metastatic Microsatellite Stable Colorectal Cancer; NCT06887218[PHASE2] 5-Fluorouracil/Leucovorin (5FU/LV) in Combination With Regorafenib in Patients With Metastatic Colorectal Cancer; NCT06930118[PHASE2] The Aim of This Study is to Assess the Efficacy and Safety of Chidamide, Regorafenib in Combination With Iparomlimab and Tuvonralimab for the Treatment of Advanced Colorectal Cancer in Third-line Therapy and Subsequent Lines.; NCT06949982[PHASE2] Efficacy And Safety Of Hydroxychloroquine Combined With Methotrexate, Capecitabine And Bevacizumab Vs. Regorafenib In Participants With Refractory Metastatic Colorectal Cancer With Mutations In RAS Genes; NCT06992648[PHASE3] Trifluridine/Tipiracil Plus Regorafenib vs Trifluridine/Tipiracil Plus Bevacizumab for Refractory Metastatic Colorectal Cancer; NCT07071961[PHASE2] Regorafenib (Reg) and Lorigerlimab (Lor), RELO Regimen, in Treatment of High-risk Patients With Colorectal Cancer With Radiographic Occult Molecular Residual Disease After End of Established Definitive Therapy [ReLOAD Trial]; NCT07137390[PHASE1|PHASE2] A Trial of Regorafenib Plus Lorigerlimab as Neoadjuvant Therapy for Patients With pMMR/MSS, Resectable, Lung-limited Metastatic Colorectal Cancer; NCT07213570[PHASE2] STREAM-2: Second-line Treatment With REgorafenib in Advanced RAS-Mutant Colorectal Cancer; NCT07223567[PHASE2] A Trial of Regorafenib Plus Lorigerlimab in Patients With Locally Recurrent or Regrowing pMMR/MSS Localized Rectal Cancer"
"1770"	"37124"	"520"	"Colitis"	"D003092"	"576"	"melatonin"	"DB01065"	"2948"	"MPO"	"4353"	"strict_phase2_3_disease_directed_title"	"NCT00790478[PHASE2] Melatonin and Ulcerative Colitis: A Pilot Clinical Trial"
"1772"	"9254"	"265"	"Colorectal Neoplasms"	"D015179"	"165"	"sorafenib"	"DB00398"	"806"	"RET"	"5979"	"strict_phase2_3_disease_directed_title"	"NCT00826540[PHASE2] Sorafenib and Bevacizumab in Treating Patients With Metastatic Colorectal Cancer; NCT00839111[PHASE2] Sorafenib and FOLFIRI Regimen in 2nd Colorectal Cancer (CRC) After Failure of Oxaliplatin Treatment; NCT00869570[PHASE1|PHASE2] External-Beam Radiation Therapy, Capecitabine, and Sorafenib in Treating Patients With Locally Advanced Rectal Cancer; NCT00889343[PHASE2] Study to Evaluate the Effects of Sorafenib if Combined With Chemotherapy (FOLFOX6 or FOLFIRI) in the Second-Line Treatment of Colorectal Cancer; NCT00989469[PHASE1|PHASE2] Sorafenib With Irinotecan in Metastatic Colorectal Cancer (mCRC) and K-RAS Mutation; NCT01471353[PHASE2] Sorafenib Plus Capecitabine (SorCape) in Previously Treated Metastatic Colorectal Cancer; NCT01715441[PHASE2] Sorafenib in Combination With Irinotecan in Metastatic Colorectal Cancer Patients With KRAS Mutated Tumors"
"1777"	"9369"	"265"	"Colorectal Neoplasms"	"D015179"	"898"	"regorafenib"	"DB08896"	"806"	"RET"	"5979"	"strict_phase2_3_disease_directed_title"	"NCT01103323[PHASE3] Patients With Metastatic Colorectal Cancer Treated With Regorafenib or Placebo After Failure of Standard Therapy; NCT01189903[PHASE2|PHASE3] Clinical Evaluation - A Phase IIA Proof of Concept Study of Regorafenib (Bayer 73-4506) in Biopsy-amenable Asian Colorectal Cancer Patients; NCT01289821[PHASE2] First Line Treatment of Metastatic Colorectal Cancer With mFOLFOX6 in Combination With Regorafenib; NCT01298570[PHASE2] Regorafenib+FOLFIRI Versus Placebo+FOLFIRI as 2nd Line Tx in Metastatic Colorectal Cancer; NCT01584830[PHASE3] Asian Subjects With Metastatic Colorectal Cancer Treated With Regorafenib or Placebo After Failure of Standard Therapy; NCT01853319[PHASE3] Regorafenib in Subjects With Metastatic Colorectal Cancer (mCRC) Who Have Progressed After Standard Therapy; NCT01875380[PHASE2] Regorafenib in Frail and/or Unfit for Chemotherapy Patients With Metastatic Colorectal Cancer; NCT01896856[PHASE1|PHASE2] Phase I/II Study of SGI-110 With Irinotecan Versus Regorafenib or TAS-102 in Metastatic Colorectal Cancer; NCT01939223[PHASE3] Colorectal Cancer Treated With Adjuvant Regorafenib Versus Placebo After Curative Treatment of Liver Metastases in a Randomized, Double-blind, Placebo-Controlled Phase-III STudy; NCT01949194[PHASE2] Study to Determine the Efficacy of Regorafenib in Metastatic Colorectal Cancer Patients and to Discover Biomarkers; NCT02096354[PHASE2] A Phase 2 Randomized, Open-Label Study of RRx-001 vs Regorafenib in Subjects With Metastatic Colorectal Cancer; NCT02175654[PHASE2] Regorafenib as Single Agent in Patients With Metastatic Colorectal Cancer (mCRC) With Any RAS or BRAF Mutation Previously Treated With FOLFOXIRI Plus Bevacizumab; NCT02195011[PHASE2] Safety Study of Regorafenib and SIR-Spheres® Microspheres Radioembolization in Patients With Refractory Metastatic Colorectal Cancer With Liver Metastases; NCT02287727[PHASE2] Regorafenib in Reducing Recurrence in Patients With Non-metastatic Rectal Cancer Who Have Completed Curative-Intent Treatment; NCT02316340[PHASE2] Vorinostat Plus Hydroxychloroquine Versus Regorafenib in Colorectal Cancer; NCT02368886[PHASE2] Lower or Standard Dose Regorafenib in Treating Patients With Refractory Metastatic Colorectal Cancer; NCT02425683[PHASE2] Study of Colorectal Cancer Patients (Stage IIIC) With Either Regorafenib or Standard of Care (No Treatment) After Adjuvant FOLFOX; NCT02465502[PHASE2] Regorafenib in Subjects With Antiangiogenic-naive and Chemotherapy-refractory Advanced Colorectal Cancer; NCT02466009[PHASE2] Regorafenib in Metastatic Colorectal Cancer; NCT02619435[PHASE2] Regorafenib Monotherapy as Second-line Treatment of Patients With RAS-mutant Advanced Colorectal Cancer; NCT02664077[PHASE3] A Study Evaluating Regorafenib Following Completion of Standard Chemotherapy for Patients With Colon Cancer; NCT02699073[PHASE2] Evaluation of Treatment Response With CHOI and RECIST Criteria and CT Texture Analysis in Patients With Metastatic Colorectal Cancer Treated With Regorafenib; NCT03657641[PHASE1|PHASE2] Regorafenib and Pembrolizumab in Treating Participants With Advanced or Metastatic Colorectal Cancer; NCT03829462[PHASE3] Assessing a Regorafenib-irinotecan Combination Versus Regorafenib Alone in Metastatic Colorectal Cancer Patients; NCT03880877[PHASE2] Regorafenib Plus FOLFIRI With Irinotecan Dose Escalated in Patients With Previously Treated Metastatic Colorectal Cancer; NCT03946917[PHASE1|PHASE2] JS001 Combined With Regorafenib in Patients With Advanced Colorectal Cancer; NCT03992456[PHASE2] Panitumumab, Regorafenib, or TAS-102, in Treating Patients With Metastatic and/or Unresectable RAS Wild-Type Colorectal Cancer; NCT04008511[PHASE1|PHASE2] Regorafenib and XELOX as 2nd Line Treatment in Metastatic Colorectal Cancer; NCT04030260[PHASE2] Regorafenib and PD-1 Antibody in Combination With Radiotherapy for pMMR/MSS Metastatic Colorectal Cancer; NCT04110093[PHASE1|PHASE2] Regorafenib Plus PD-1 Inhibitor in Patients With Colorectal Cancer; NCT04117945[PHASE2] Regorafenib, With Cetuximab or Panitumumab, for the Treatment of Unresectable, Locally Advanced, or Metastatic Colorectal Cancer; NCT04126733[PHASE2] Study on the Effectiveness and Safety of the Combination of the Two Drugs Regorafenib and Nivolumab in Patients With Colorectal Cancer (Cancer of the Colon or Rectum Classified as Proficient Mismatch Repair and Microsatellite Stable); NCT04450836[PHASE2] Sequences Of REGorafenib And Trifluridine/Tipiracil in Patients With Metastatic Colorectal Cancer; NCT04503694[PHASE2] Neoadjuvant Regorafenib in Combination With Nivolumab and Short-course Radiotherapy in Stage II-III Rectal Cancer; NCT04534218[PHASE2] Regorafenib in Combination With Metronomic Chemotherapies, and Low-dose Aspirin in Metastatic Colorectal Cancer; NCT05057052[PHASE2] Cryoablation Combined with Sintilimab Plus Regorafenib in Previously Treated Colorectal Cancer Liver Metastasis; NCT05328908[PHASE3] A Study of Nivolumab-relatlimab Fixed-dose Combination Versus Regorafenib or TAS-102 in Participants With Later-lines of Metastatic Colorectal Cancer; NCT05382741[PHASE2] Adjuvant Durvalumab Plus Regorafenib vs Untreated Control in Stage IV Colorectal Cancer Patients With no Evidence of Disease (NED): VIVA Trial; NCT05425940[PHASE3] Study of XL092 + Atezolizumab vs Regorafenib in Participants With Metastatic Colorectal Cancer; NCT05426811[PHASE1|PHASE2] Regorafenib Plus Raltitrexed as Third-line Treatment in Advanced Colorectal Cancer Patients; NCT05462613[PHASE2|PHASE3] Regorafenib With Low-dose Chemotherapies and Aspirin Followed by Standard Chemotherapies in Metastatic Colorectal Cancer; NCT05672316[PHASE1|PHASE2] Botensilimab, Balstilimab and Regorafenib for the Treatment of Patients With Microsatellite Stable Metastatic Colorectal Cancer Who Have Progressed on Prior Chemotherapy; NCT05730673[PHASE2] Leronlimab in Combination With Regorafenib in Patients With CCR5+, Metastatic Colorectal Cancer; NCT05794971[PHASE3] Regorafenib Combined With Irinotecan Drug-Eluting Beads for Colorectal Cancer Liver Metastases; NCT05894837[PHASE2] Serplulimab+Regorafenib +Hepatic Artery Bicarbonate Infusion in Patients With Colorectal Cancer and Liver Metastases; NCT05900648[PHASE2] Regorafenib and XmAb20717 in Treatment of High-risk Patients With Colorectal Cancer With Radiographic Occult Molecular Residual Disease After End of Established Definitive Therapy (RX-CROME); NCT05963490[PHASE2] Regorafenib Alone or in Combination With Hypofractionated/Low-dose Radiotherapy Plus Toripalimab for Metastatic Colorectal Cancer; NCT05985109[PHASE2] KN 046 Plus Regorafenib in MSS Metastatic Colorectal Cancer; NCT06006923[PHASE2] Regorafenib in Combination With Pembrolizumab or Pembrolizumab for MSI-H Colorectal Cancer; NCT06071052[PHASE2] TACE Plus HAIC Combined With Regorafenib for Liver Metastasis of Colorectal Cancer Refractory to Standard Treatment Regimens; NCT06425133[PHASE2] Regorafenib in Combination With Multimodal Metronomic Chemotherapy for Chemo-resistant Metastatic Colorectal Cancers; NCT06575725[PHASE2] Botensilimab, Balstilimab and Regorafenib or Botensilimab and Balstilimab for the Treatment of Advanced or Metastatic Microsatellite Stable Colorectal Cancer; NCT06887218[PHASE2] 5-Fluorouracil/Leucovorin (5FU/LV) in Combination With Regorafenib in Patients With Metastatic Colorectal Cancer; NCT06930118[PHASE2] The Aim of This Study is to Assess the Efficacy and Safety of Chidamide, Regorafenib in Combination With Iparomlimab and Tuvonralimab for the Treatment of Advanced Colorectal Cancer in Third-line Therapy and Subsequent Lines.; NCT06949982[PHASE2] Efficacy And Safety Of Hydroxychloroquine Combined With Methotrexate, Capecitabine And Bevacizumab Vs. Regorafenib In Participants With Refractory Metastatic Colorectal Cancer With Mutations In RAS Genes; NCT06992648[PHASE3] Trifluridine/Tipiracil Plus Regorafenib vs Trifluridine/Tipiracil Plus Bevacizumab for Refractory Metastatic Colorectal Cancer; NCT07071961[PHASE2] Regorafenib (Reg) and Lorigerlimab (Lor), RELO Regimen, in Treatment of High-risk Patients With Colorectal Cancer With Radiographic Occult Molecular Residual Disease After End of Established Definitive Therapy [ReLOAD Trial]; NCT07137390[PHASE1|PHASE2] A Trial of Regorafenib Plus Lorigerlimab as Neoadjuvant Therapy for Patients With pMMR/MSS, Resectable, Lung-limited Metastatic Colorectal Cancer; NCT07213570[PHASE2] STREAM-2: Second-line Treatment With REgorafenib in Advanced RAS-Mutant Colorectal Cancer; NCT07223567[PHASE2] A Trial of Regorafenib Plus Lorigerlimab in Patients With Locally Recurrent or Regrowing pMMR/MSS Localized Rectal Cancer"
"1787"	"1152"	"370"	"Esophageal Neoplasms"	"D004938"	"240"	"erlotinib"	"DB00530"	"55"	"EGFR"	"1956"	"strict_phase2_3_disease_directed_title"	"NCT00045526[PHASE2] Erlotinib Hydrochloride in Treating Patients With Advanced Esophageal Cancer or Stomach Cancer; NCT00524121[PHASE2] Erlotinib and Radiation Therapy in Treating Older Patients With Stage I, Stage II, Stage III, or Stage IV Esophageal Cancer; NCT00539617[PHASE2] Chemotherapy & Erlotinib in Treating Patients w/ Esophageal or Gastroesophageal Cancer That Cannot Be Removed by Surgery"
"1791"	"18076"	"92"	"Obsessive-Compulsive Disorder"	"D009771"	"174"	"pramipexole"	"DB00413"	"1406"	"DRD2"	"1813"	"strict_phase2_3_disease_directed_title"	"NCT05401019[PHASE2] Efficacy of Treatment With Pramipexole or Risperidone in Patients With Refractory Obsessive-compulsive Disorder (OCD); NCT06611592[PHASE2] Safety and Efficacy of Pramipexole Treatment in Resistant Obsessive-Compulsive Disorder (OCD)"
"1794"	"2414"	"220"	"Astrocytoma"	"D001254"	"708"	"sunitinib"	"DB01268"	"75"	"FGFR1"	"2260"	"strict_phase2_3_disease_directed_title"	"NCT00606008[PHASE2] A Phase II Trial of Sutent (Sunitinib; SU011248) for Recurrent Anaplastic Astrocytoma and Glioblastoma"
"1798"	"43326"	"442"	"Alcoholism"	"D000437"	"629"	"bupropion"	"DB01156"	"3689"	"CHRNA3"	"1136"	"strict_phase2_3_disease_directed_title"	"NCT04167306[PHASE2] Varenicline and Bupropion for Alcohol Use Disorder"
"1804"	"43817"	"83"	"Lung Neoplasms"	"D008175"	"898"	"regorafenib"	"DB08896"	"3772"	"RAF1"	"5894"	"strict_phase2_3_disease_directed_title"	"NCT03520842[PHASE2] Regorafenib and Methotrexate in Treating Participants With Recurrent or Metastatic KRAS Mutated Non-Small Cell Lung Cancer"
"1810"	"23805"	"144"	"Essential Hypertension"	"D000075222"	"1134"	"L-Arginine"	"DB00125"	"1563"	"NOS3"	"4846"	"strict_phase2_3_disease_directed_title"	"NCT00137124[PHASE2|PHASE3] L-Arginine Metabolism in Essential Hypertension"
"1811"	"28525"	"144"	"Essential Hypertension"	"D000075222"	"880"	"Azilsartan medoxomil"	"DB08822"	"2124"	"AGTR1"	"185"	"strict_phase2_3_disease_directed_title"	"NCT00996281[PHASE3] Safety and Tolerability of Azilsartan Medoxomil Plus Chlorthalidone Compared to Olmesartan Medoxomil Plus Hydrochlorothiazide in Participants With Essential Hypertension"
"1813"	"25021"	"334"	"Leukemia"	"D007938"	"843"	"pazopanib"	"DB06589"	"1633"	"FGF1"	"2246"	"strict_phase2_3_disease_directed_title"	"NCT01361334[PHASE2] Pilot Clinical Trial of Pazopanib in Patients With Relapsed or Refractory Acute Myeloid Leukemia (AML) or at Initial Diagnosis When no Intensive Treatment is Possible"
"1822"	"41905"	"451"	"Pulmonary Embolism"	"D011655"	"602"	"Heparin"	"DB01109"	"3532"	"SERPINC1"	"462"	"strict_phase2_3_disease_directed_title"	"NCT06453876[PHASE3] Percutaneous Embolectomy, Low Dose Thrombolysis or Heparin for Intermediate High Risk Pulmonary Embolism (STRATIFY II)"
"1823"	"19768"	"21"	"Psoriasis"	"D011565"	"897"	"tofacitinib"	"DB08895"	"1417"	"TYK2"	"7297"	"strict_phase2_3_disease_directed_title"	"NCT01831466[PHASE2] Tofacitinib Ointment For Chronic Plaque Psoriasis; NCT07313072[PHASE2] Topical Use of 2% Tofacitinib for Nail Psoriasis: an Exploratory Clinical Study"
"1833"	"36936"	"382"	"Rectal Neoplasms"	"D012004"	"596"	"capecitabine"	"DB01101"	"2912"	"TYMS"	"7298"	"strict_phase2_3_disease_directed_title"	"NCT00004187[PHASE1|PHASE2] Capecitabine and Oxaliplatin in Treating Patients With Advanced or Metastatic Colorectal Cancer; NCT00022698[PHASE2] Capecitabine and Irinotecan in Treating Patients With Locally Advanced, Recurrent, or Metastatic Colorectal Cancer; NCT00048126[PHASE2] A Study of Xeloda (Capecitabine) in Patients With Advanced and/or Metastatic Colorectal Cancer; NCT00048139[PHASE2] A Study of Xeloda (Capecitabine) in Patients With Advanced and/or Metastatic Colorectal Cancer; NCT00049335[PHASE2] S0030: Capecitabine in Treating Older Patients W/Metastatic or Recurrent Colorectal Cancer That Cannot Be Surgically Removed; NCT00058474[PHASE3] Radiation Therapy and Either Capecitabine or Fluorouracil With or Without Oxaliplatin Before Surgery in Treating Patients With Resectable Rectal Cancer; NCT00062426[PHASE3] Oxaliplatin and Bevacizumab (Avastin™) With Either Fluorouracil and Leucovorin or Capecitabine in Treating Patients With Advanced Colorectal Cancer; NCT00069095[PHASE3] A Study of Capecitabine (Xeloda) and Bevacizumab as a First-line Therapy in Patients With Metastatic Colorectal Cancer; NCT00069108[PHASE3] A Study of Xeloda (Capecitabine) in Patients With Metastatic Colorectal Cancer; NCT00070213[PHASE3] Leucovorin and Fluorouracil With or Without Oxaliplatin Compared to Capecitabine With or Without Oxaliplatin in Treating Patients With Metastatic Colorectal Cancer; NCT00070265[PHASE2] Neoadjuvant and Adjuvant Capecitabine and Oxaliplatin in Treating Patients With Resectable Liver Metastases Secondary to Colorectal Cancer; NCT00081536[PHASE1|PHASE2] Aroplatin and Capecitabine in Patients With Advanced Colorectal Cancer Resistant to Standard Therapies; NCT00087334[PHASE1|PHASE2] Capecitabine, Oxaliplatin, and Gefitinib in Treating Patients With Metastatic Colorectal Cancer; NCT00104689[PHASE2] Capecitabine and Oxaliplatin in Treating Older Patients With Metastatic Colorectal Cancer; NCT00107315[PHASE2] Bevacizumab and Capecitabine as First-Line Therapy in Treating Older Patients With Metastatic Colorectal Cancer; NCT00114231[PHASE2] Capecitabine, Oxaliplatin, and Radiation Therapy in Treating Patients Who Are Undergoing Surgery for Stage I Rectal Cancer; NCT00118105[PHASE2] S0408: Capecitabine, Oxaliplatin, and Bevacizumab in Pts Undergoing Surgery for Liver Mets From Colorectal Cancer; NCT00118755[PHASE2] A Study of Two Different Schedules of Xeloda (Capecitabine) as First Line Therapy in Patients With Metastatic Colorectal Cancer; NCT00120172[PHASE2] Study of Oxaliplatin, Capecitabine, and Bevacizumab to Treat Older Patients With Colorectal Cancer; NCT00122291[PHASE2] A Study of Preoperative Radiation Therapy and Capecitabine in Locally Advanced Rectal Cancer; NCT00123851[PHASE2] Tarceva, Capecitabine and Oxaliplatin for Metastatic Colorectal Cancer; NCT00159432[PHASE2] Study of Oxaliplatin, Capecitabine and Bevacizumab as First Line Treatment for Patients With Advanced Colorectal Cancer; NCT00159445[PHASE2] Capecitabine and Gemcitabine in Patients With Metastatic Colorectal Cancer; NCT00176787[PHASE2] Radiation Therapy With Capecitabine in Rectal Cancer; NCT00203411[PHASE2] Bevacizumab Plus Capecitabine (Xeloda) in Patients With Untreated Metastatic Colorectal Cancer; NCT00205322[PHASE2] Oxaliplatin, 5-FU and Leucovorin in Combination With Oral Capecitabine for Metastatic Colorectal Cancer; NCT00208546[PHASE3] Cetuximab, Capecitabine, Oxaliplatin and Bevacizumab in Advanced Colorectal Cancer; NCT00215982[PHASE2] Study of Capecitabine With Irinotecan and Oxaliplatin (Eloxatin) in Advanced Colorectal Cancer; NCT00216086[PHASE2] Capecitabine + Irinotecan Followed by Combined Modality Capecitabine and Radiation in Locally Advanced Rectal Cancer; NCT00217711[PHASE1|PHASE2] Oxaliplatin, Irinotecan, and Capecitabine in Treating Patients With Advanced or Metastatic Colorectal Cancer That Cannot Be Removed By Surgery; NCT00220051[PHASE2] A Phase II Study of Oxaliplatin Capecitabine and Pre-operative Radiotherapy for Patients With Locally Advanced and Inoperable Rectal Cancer; NCT00220116[PHASE2] Phase II Trial Assessing Efficacy and Toxicity of Capecitabine and Oxaliplatin in the Treatment of Colorectal Cancer; NCT00226941[PHASE1|PHASE2] A Phase 1-2 Trial of Cetuximab in Combination With Oxaliplatin, Capecitabine, and Radiation Therapy Followed by Surgery for Locally-advanced Rectal Cancer; NCT00227734[PHASE2] Capecitabine and Oxaliplatin With or Without Cetuximab in Treating Patients With Metastatic Colorectal Cancer That Cannot Be Removed By Surgery; NCT00227747[PHASE3] Radiation Therapy and Capecitabine With or Without Oxaliplatin in Treating Patients Who Are Undergoing Surgery for Stage II or Stage III Rectal Cancer; NCT00258232[PHASE2] Celecoxib, Capecitabine, and Irinotecan in Treating Patients With Recurrent or Metastatic Colorectal Cancer; NCT00263029[PHASE2] Preoperative Radiotherapy/ Oxaliplatin/ Capecitabine Treatment For Unresectable Locally-advanced Rectal Cancer; NCT00290615[PHASE2] Capecitabine, Cetuximab, Oxaliplatin, and Bevacizumab in Treating Patients With Metastatic or Recurrent Colorectal Cancer That Cannot Be Removed By Surgery; NCT00303745[PHASE2] Irinotecan With or Without Capecitabine as Second-Line Therapy in Treating Older Patients With Progressive, Metastatic Colorectal Cancer That Cannot Be Removed By Surgery; NCT00314353[PHASE2] Study of Bevacizumab Combined With Capecitabine and Either Oxaliplatin or Irinotecan as First Course of Treatment for Patients With Colorectal Cancer That Has Spread Beyond the Colon; NCT00345761[PHASE1|PHASE2] Clinical Study of Capecitabine, Oxaliplatin and Bevacizumab in Colorectal Cancer; NCT00346099[PHASE2] Study of Panitumumab Given First With Capecitabine and Oxaliplatin (CAPOX) and Then With Capecitabine and Radiation of the Pelvis for Treatment of Patients With Rectal Cancers That May or May Not Have Spread Beyond the Rectum; NCT00383695[PHASE2] Oxaliplatin, Capecitabine, and Radiation Therapy With or Without Cetuximab in Treating Patients Undergoing Surgery for High-Risk Rectal Cancer; NCT00408772[PHASE2] Oxaliplatin, Capecitabine, and Bevacizumab Followed By Surgery and/or Radiofrequency Ablation in Patients With Colorectal Cancer; NCT00416494[PHASE2] Capecitabine, Oxaliplatin, and Bevacizumab in Treating Patients With Metastatic or Recurrent Colorectal Cancer; NCT00427713[PHASE3] Capecitabine and Oxaliplatin or Standard Follow-Up Care in Treating Patients Who Have Undergone Surgery for Locally Advanced Rectal Cancer; NCT00444678[PHASE2] Cetuximab Plus Biweekly Capecitabine and Oxaliplatin in KRAS Wild Type Metastatic Colorectal Cancer; NCT00459901[PHASE2] Study of the Antitumor Activity of Capecitabine in Combination With Erlotinib in Patients With Metastatic Colorectal Cancer; NCT00483834[PHASE2] A Phase II Study of Bevacizumab, Irinotecan and Capecitabine in Patients With Previously Untreated Metastatic Colorectal Cancer; NCT00484939[PHASE3] A Study of Bevacizumab (Avastin) in Combination With Capecitabine (Xeloda) in Elderly Patients With Metastatic Colorectal Cancer; NCT00496704[PHASE1|PHASE2] Gemcitabine, Capecitabine, and Oxaliplatin as Second-Line Therapy in Treating Patients With Advanced Colorectal Cancer Previously Treated With Irinotecan; NCT00503932[PHASE1|PHASE2] Proton Therapy With Capecitabine for Rectal Cancer; NCT00506168[PHASE2] Study of Irinotecan & Capecitabine in Metastatic Colorectal Cancer; NCT00506623[PHASE2] Preoperative Chemoradiotherapy With Capecitabine Plus Irinotecan in Rectal Cancer; NCT00538291[PHASE2] Cetuximab and Capecitabine in Treating Patients With Metastatic Colorectal Cancer That Failed Irinotecan Treatment; NCT00623805[PHASE3] A Study of Avastin (Bevacizumab) and Xeloda (Capecitabine) as Maintenance Treatment in Patients With Metastatic Colorectal Cancer; NCT00642603[PHASE2] A Study of Xeloda (Capecitabine) in Combination With Avastin + Short Course Chemotherapy in Patients With Metastatic Colorectal Cancer; NCT00677144[PHASE2] Oxaliplatin and S-1 (OS) Versus Oxaliplatin and Capecitabine (XELOX) for Advanced Colorectal Cancer; NCT00677443[PHASE3] Study of S-1 and Oxaliplatin (SOX) Versus Capecitabine and Oxaliplatin (COX) in Patients With Advanced Colorectal Cancer; NCT00686166[PHASE2] S0713: Oxaliplatin, Capecitabine, Cetuximab, and RT Followed By Surgery in Pts W/Stage II or III Rectal Cancer; NCT00689702[PHASE2] Cetuximab (Erbitux®), Capecitabine and Radiotherapy in Neoadjuvant Treatment of Patients With Rectal Cancer; NCT00717990[PHASE2] Irinotecan, Capecitabine and Avastin for Metastatic Colorectal Cancer as Salvage Treatment; NCT00745134[PHASE2] Radiation Therapy and Capecitabine With or Without Curcumin Before Surgery in Treating Patients With Rectal Cancer; NCT00766155[PHASE3] Chemotherapy and Radiation Therapy Before Surgery Followed by Capecitabine With or Without Oxaliplatin in Treating Patients With Locally Advanced Rectal Cancer; NCT00795301[PHASE2] A Study of Radiotherapy in Rectal Cancer Using Oxaliplatin, Capecitabine With or Without Cetuximab; NCT00796718[PHASE2] A Study of Xeloda (Capecitabine) Plus Radiotherapy in Participants With Locally Advanced Rectal Cancer; NCT00814619[PHASE2] Capecitabine and Radiation Therapy With or Without Panitumumab in Treating Patients With Advanced Rectal Cancer; NCT00828672[PHASE2] Neoadjuvant Bevacizumab, Capecitabine and Radiation Therapy With or Without Oxaliplatin Locally Advanced Rectal Cancer; NCT00842686[PHASE2] Preoperative Radiotherapy With Capecitabine and Bevacizumab in Locally Advanced Rectal Cancer: CRAB Phase II Study; NCT00869570[PHASE1|PHASE2] External-Beam Radiation Therapy, Capecitabine, and Sorafenib in Treating Patients With Locally Advanced Rectal Cancer; NCT00875771[PHASE2] Irinotecan, Capecitabine and Bevacizumab in Metastatic Colorectal Cancer Patients; NCT00972881[PHASE1|PHASE2] Capecitabine, Irinotecan Hydrochloride, Cetuximab, and Radiation Therapy in Treating Patients Undergoing Surgery for Locally Advanced Rectal Cancer; NCT01022541[PHASE2] Capecitabine and Oxaliplatin Plus Bevacizumab as Neoadjuvant Treatment for Untreated Unresectable Liver-only Metastases From Colorectal Cancer; NCT01024504[PHASE2] Capecitabine Plus Oxaliplatin Plus Bevacizumab as First-line Treatment in Elderly Patients With Metastatic Colorectal Cancer; NCT01097018[PHASE3] Perifosine Plus Capecitabine Versus Placebo Plus Capecitabine in Patients With Refractory Advanced Colorectal Cancer; NCT01152710[PHASE2] Capecitabine as Radiosensitising Agent in Neoadjuvant Treatment of Locally Advanced Resectable Rectal Cancer; NCT01159171[PHASE2] A Study of Avastin (Bevacizumab) and Oxaliplatin Plus Xeloda (Capecitabine) in Patients With Advanced Colorectal Cancer.; NCT01227707[PHASE2] A Study of Avastin (Bevacizumab) Plus Xeloda (Capecitabine) in Patients With Locally Advanced Rectal Cancer.; NCT01322152[PHASE2] Study of Irinotecan Plus Capecitabine to Treat Advanced Colorectal Cancer; NCT01471353[PHASE2] Sorafenib Plus Capecitabine (SorCape) in Previously Treated Metastatic Colorectal Cancer; NCT01472770[PHASE2] A Phase II Study of Gemcitabine and Capecitabine for Treatment Resistant, Metastatic Colorectal Cancer; NCT01500993[PHASE3] Capecitabine in the Perioperative Treatment of Rectal Cancer; NCT01661972[PHASE1|PHASE2] Phase I/II Study of Capecitabine Plus Aflibercept to Treat Metastatic Colorectal Cancer; NCT01716949[PHASE1|PHASE2] Neoadjuvant Chemoradiation With 5-FU(or Capecitabine) and Oxaliplatin Combined With Hyperthermia in Rectal Cancer; NCT01722162[PHASE2] Levocetirizine + Capecitabine + Bevacizumab for Patients With Refractory Colorectal Cancer; NCT01729923[PHASE2] A Trial of Maintenance ADAPT Therapy With Capecitabine and Celecoxib in Patients With Metastatic Colorectal Cancer; NCT01880658[PHASE2] Phase II Study of Maintenance Capecitabine to Treat Resectable Colorectal Cancer; NCT01993472[PHASE2] Study of Andrographolides With or Without Capecitabine to Treat Colorectal Cancer; NCT02010567[PHASE1|PHASE2] Neoadjuvant Chemoradiotherapy With CRLX-101 and Capecitabine for Rectal Cancer; NCT02027363[PHASE2] Maintenance Treatment With Capecitabine in Colorectal Cancer Patients; NCT02086656[PHASE2] PERIOPERATIVE TREATMENT WITH COI-B (CAPECITABINE, OXALIPLATIN, IRINOTECAN AND BEVACIZUMAB) OF HIGH RISK OR BORDERLINE RESECTABLE COLORECTAL CANCER LIVER METASTASES; NCT02316535[PHASE3] Low-dose Capecitabine Adjuvant Chemotherapy for Elderly Patients With Stage II/III Colorectal Cancer; NCT02393755[PHASE1|PHASE2] Nintedanib and Capecitabine in Treating Patients With Refractory Metastatic Colorectal Cancer; NCT02694718[PHASE2] A Study of Capecitabine Plus Oxaliplatin in Combination With Pre-operative Pelvic Radiotherapy in Rectal Cancer; NCT02717923[PHASE2] A Single Arm, Open-label Clinical Trial to Evaluate the Efficacy and Safety of Maintenance Treatment With Capecitabine Plus Cetuximab in Metastatic Colorectal Cancer; NCT02743221[PHASE2] A Study Evaluating S 95005 Plus Bevacizumab and Capecitabine Plus Bevacizumab in Patients With Previously Untreated Colorectal Cancer Who Are Non-eligible for Intensive Therapy; NCT02780700[PHASE2] Nintedanib Alone or in Combination With Capecitabine in Refractory Metastatic Colorectal Cancer [LUME-Colon 2]; NCT02861300[PHASE1|PHASE2] CB-839 + Capecitabine in Solid Tumors and Fluoropyrimidine Resistant PIK3CA Mutant Colorectal Cancer; NCT02864849[PHASE2] Total Neoadjuvant Induction and Consolidation CapeOX Plus IMRT With Capecitabine for MRI Defined High-risk Rectal Cancer; NCT02873195[PHASE2] Capecitabine and Bevacizumab With or Without Atezolizumab in Treating Patients With Refractory Metastatic Colorectal Cancer; NCT03038256[PHASE2] Effect of Concurrent Capecitabine-based Long-term Radiotherapy Followed by XELOX Plus TME in Patients With High Risk Rectal Cancer: a Multi-centers, Randomized Controlled, Open-Label Trial; NCT03132025[PHASE2] Study of Apatinib and Capecitabine Combination to Maintain Treating Metastatic Colorectal Cancer; NCT03396926[PHASE2] Pembrolizumab, Capecitabine, and Bevacizumab for Treating Colorectal Cancer; NCT03428529[PHASE2|PHASE3] Capecitabine Versus Bolus 5-Fu Associated to Radiotherapy as Neoadjuvant Treatment for Rectal Cancer.; NCT03770689[PHASE1|PHASE2] Study of Peposertib in Combination With Capecitabine and RT in Rectal Cancer; NCT04083365[PHASE2] Capecitabine Plus Concomitant Radiation Therapy Followed by Durvalumab as Preoperative Treatment in Rectal Cancer; NCT04262635[PHASE3] Cetuximab Plus Capecitabine as Maintenance Treatment in RAS and BRAF wt Metastatic Colorectal Cancer; NCT04733963[PHASE2] Fruquintinib Plus Capecitabine Versus Bevacizumab Plus Capecitabine as Maintenance Therapy Following First-line Treatment for Metastatic Colorectal Cancer; NCT05016869[PHASE1|PHASE2] Fruquintinib Plus Capecitabine as Maintenance Treatment of RAS / BRAF Wild-type Metastatic Colorectal Cancer; NCT05093907[PHASE1|PHASE2] A Study to Evaluate Safety and Efficacy of BEY1107 in Combination with Capecitabine in Patients with Metastatic Colorectal Cancer; NCT05136326[PHASE2] Preoperative Chemoradiotherapy With CApecitabine and Temozolomide in MGMT Silenced, MSS, Locally Advanced RecTal Cancer; NCT05451719[PHASE2] Fruquintinib Plus Capecitabine Versus Capecitabine as Maintenance Therapy for Metastatic Colorectal Cancer After First-line Chemotherapy; NCT05659290[PHASE2] Alternating Treatment With Fruquintinib and Bevacizumab Plus Capecitabine as Maintenance Therapy After First-Line Treatment in Metastatic Colorectal Cancer; NCT05775900[PHASE1|PHASE2] Efficacy and Safety of Triweekly Cetuximab in Combination With Capecitabine as First-line Maintenance Treatment for KRAS/BRAF Wild-type Metastatic Colorectal Cancer; NCT05990543[PHASE1|PHASE2] Combination of Nelmastobart and Capecitabine Therapy in Metastatic Colorectal Cancer; NCT06148402[PHASE2] Fruquintinib Plus Camrelizumab and Capecitabine as Salvage Therapy After Progression on FOLFOXIRI-based First-line Treatment in Patients With Unresectable/Metastatic Colorectal Cancer; NCT06192680[PHASE2] Liposomal Irinotecan and Capecitabine Plus Bevacizumab as Second-line Therapy in Metastatic Colorectal Cancer; NCT06210971[PHASE2] Neoadjuvant Chemoradiation With Nal-IRI and Capecitabine Guided by UGT1A1 Status in Patients With Rectal Cancer; NCT06405139[PHASE2] Nanoliposomal Irinotecan, Oxaliplatin Plus Capecitabine As Conversion Therapy of Locally Advanced Colorectal Cancer; NCT06888843[PHASE2] Study to Evaluate the Use of Capecitabine in Monotherapy and in Combination With Oxaliplatin in Elderly Patients as Adjuvant Chemotherapy for Locally Advanced Colorectal Cancer.; NCT07051785[PHASE2] Fruquintinib vs Bevacizumab Combined With Irinotecan Liposome and Capecitabine as Second-Line Therapy for Advanced Metastatic Colorectal Cancer; NCT07068763[PHASE2] Node-Sparing Short-Course Radiation Combined With Capecitabine and PD-1/CTLA-4 for MSS Early Rectal Cancer; NCT07215936[PHASE2] Dose-dense Capecitabine Schedule [7days on _7 Days Off] in Colorectal Cancer in Comparison With Standered Regimen; NCT07281157[PHASE2] Liposomal Irinotecan, Capecitabine and Enlonstobart With Short-Course Radiotherapy for Locally Advanced Rectal Cancer; NCT07281768[PHASE2] Capecitabine/Oxaliplatin Chemotherapy and Cemiplimab With or Without Fianlimab or REGN7075 in Locally Advanced Rectal Cancer; NCT07407465[PHASE2] Upfront Trastuzumab-Deruxtecan Plus Capecitabine and Bevacizumab for Patients With HER-2 Positive Metastatic Colorectal Cancer.; NCT07521605[PHASE2] Short-Course Radiotherapy, Nal-IRI, Capecitabine, and Camrelizumab for Locally Advanced MSS Rectal Cancer; NCT07570914[PHASE2] Hepatic Arterial Infusion of Liposomal Irinotecan Plus Oxaliplatin and Capecitabine as Adjuvant Therapy for Colorectal Cancer Liver Metastases"
"1841"	"28534"	"144"	"Essential Hypertension"	"D000075222"	"951"	"fimasartan"	"DB09279"	"2124"	"AGTR1"	"185"	"strict_phase2_3_disease_directed_title"	"NCT00922441[PHASE2] A Therapeutic Exploratory Clinical Study to Evaluate the Antihypertensive Efficacy of Fimasartan (BR-A-657•K) During 24 Hours in Patients With Mild to Moderate Essential Hypertension; NCT01878201[PHASE2] A Valsartan 80 Mg-Referenced, Therapeutic Exploratory Clinical Study to Evaluate the Antihypertensive Efficacy of Fimasartan 30 mg During 24 Hours in Patients With Mild to Moderate Essential Hypertension; NCT03991442[PHASE3] BR1010 in Patients With Essential Hypertension Patients Who do Not Adequately Respond to Fimasartan/Amlodipine Combination"
"1844"	"1244"	"588"	"Adenocarcinoma"	"D000230"	"708"	"sunitinib"	"DB01268"	"69"	"KDR"	"3791"	"strict_phase2_3_disease_directed_title"	"NCT00430261[PHASE2] Phase II Trial of Sunitinib in BAC or Never-Smokers With Any Lung Adenocarcinoma"
"1845"	"30224"	"647"	"Anxiety Disorders"	"D001008"	"212"	"fluoxetine"	"DB00472"	"2215"	"SLC6A4"	"6532"	"strict_phase2_3_disease_directed_title"	"NCT04760275[PHASE3] Fluoxetine vs CBT in Childhood Anxiety Disorders"
"1848"	"36849"	"382"	"Rectal Neoplasms"	"D012004"	"186"	"Trifluridine"	"DB00432"	"2912"	"TYMS"	"7298"	"strict_phase2_3_disease_directed_title"	"NCT03306394[PHASE3] A Study of Trifluridine/Tipiracil (Also Known as S 95005 or TAS-102) in Patients With a Pretreated Colorectal Cancer That Has Spread (Metastatic).; NCT04177602[PHASE1|PHASE2] Evaluating Trifluridine/Tipiracil Based Chemoradiation in Locally Advanced Rectal Cancer - The Phase I/II TARC Trial; NCT04450836[PHASE2] Sequences Of REGorafenib And Trifluridine/Tipiracil in Patients With Metastatic Colorectal Cancer; NCT04737187[PHASE3] Phase III Study of Trifluridine/Tipiracil With and Without Bevacizumab in Refractory Metastatic Colorectal Cancer Patients; NCT05007132[PHASE2] Trifluridine/ Tipiracil Plus Panitumumab Versus Trifluridine/ Tipiracil Plus Bevacizumab as First-line Treatment of Metastatic Colorectal Cancer; NCT05201352[PHASE1|PHASE2] Evaluation of Efficacy of Trifluridine/Tipiracil Plus an Anti-IL-1α True Human Antibody Versus Trifluridine/Tipiracil Plus Placebo in Metastatic Colorectal Cancer Patients After Failure of Oxaliplatin, Irinotecan, Fluoropyrimidine; NCT05223673[PHASE3] Phase 3 Study of Futuximab/Modotuximab in Combination With Trifluridine/Tipiracil Versus Trifluridine/Tipiracil Single Agent in Participants With Previously Treated Metastatic Colorectal Cancer; NCT06343116[PHASE3] Nimotuzumab Combined With Trifluridine/Tipiracil in the Treatment of Refractory Metastatic Colorectal Cancer; NCT06873763[PHASE1|PHASE2] Nelmastobart in Combination With Trifluridine/ Tipiracil and Bevacizumab in Metastatic/ Recurrent Colorectal Cancer; NCT06992648[PHASE3] Trifluridine/Tipiracil Plus Regorafenib vs Trifluridine/Tipiracil Plus Bevacizumab for Refractory Metastatic Colorectal Cancer; NCT07261709[PHASE2] Trifluridine/Tipiracil Plus Fruquintinib vs. Trifluridine/Tipiracil Plus Bevacizumab in Refractory Metastatic Colorectal Cancer: A Randomized, Controlled, Open-Label, Non-Inferiority Trial; NCT07286695[PHASE2] Fruquintinib Combined With Trifluridine/Tipiracil Versus Bevacizumab Combined With Trifluridine/Tipiracil for Advanced Metastatic Colorectal Cancer; NCT07381764[PHASE2] ROMANCE: ""Irinotecan Plus Cetuximab Rechallenge Versus Trifluridine/Tipiracil Plus Bevacizumab in Molecularly Selected Metastatic Colorectal Cancer""; NCT07525206[PHASE3] A Study to Access Intravenous (IV) Telisotuzumab Adizutecan in Combination With IV Bevacizumab Compared to Standard of Care IV Bevacizumabin Combination With Oral Trifluridine and Tipiracil in Adult Participants With Refractory Metastatic Colorectal Cancer; NCT07549412[PHASE3] A Study of Precemtabart Tocentecan With or Without Bevacizumab Compared to Trifluridine/Tipiracil Plus Bevacizumab in Participants With Previously Treated Metastatic Colorectal Cancer (PROCEADE-CRC-03)"
"1855"	"2190"	"7"	"Endometrial Neoplasms"	"D016889"	"1045"	"fulvestrant"	"DB00947"	"72"	"ESR1"	"2099"	"strict_phase2_3_disease_directed_title"	"NCT05154487[PHASE2] A Study of Alpelisib and Fulvestrant to Treat Endometrial Cancer"
"1858"	"4604"	"370"	"Esophageal Neoplasms"	"D004938"	"898"	"regorafenib"	"DB08896"	"208"	"ABL1"	"25"	"strict_phase2_3_disease_directed_title"	"NCT02773524[PHASE3] A Study of Regorafenib in Refractory Advanced Gastro-Oesophageal Cancer"
"1866"	"7119"	"7"	"Endometrial Neoplasms"	"D016889"	"736"	"danazol"	"DB01406"	"349"	"PGR"	"5241"	"strict_phase2_3_disease_directed_title"	"NCT00003946[PHASE2] Danazol in Treating Patients With Advanced or Recurrent Endometrial Cancer"
"1867"	"46526"	"190"	"Schizophrenia"	"D012559"	"332"	"galantamine"	"DB00674"	"4013"	"CHRNB2"	"1141"	"strict_phase2_3_disease_directed_title"	"NCT00077727[PHASE3] A Study of the Effectiveness and Safety of Galantamine Hydrobromide on Cognitive Impairment in Patients With Schizophrenia.; NCT00463879[PHASE2|PHASE3] Galantamine for Cognitive Deficits in Schizophrenia; NCT00509067[PHASE2] Use of Galantamine and CDP-choline (Citicoline) to Treat Adults With Schizophrenia; NCT01012167[PHASE2] Oxytocin or Galantamine Versus Placebo for the Treatment of Negative Symptoms and Cognitive Impairments in Schizophrenia; NCT02234752[PHASE2] Galantamine and Memantine Combination for Cognitive Impairments in Schizophrenia"
"1868"	"14588"	"265"	"Colorectal Neoplasms"	"D015179"	"1227"	"pirfenidone"	"DB04951"	"1092"	"TNF"	"7124"	"strict_phase2_3_disease_directed_title"	"NCT07268677[PHASE2] A Single-arm Clinical Study Evaluating Pirfenidone and Sintilimab in Combination With Standard Neoadjuvant Chemotherapy for Colorectal Cancer Patients With Peritoneal Metastasis.; NCT07644286[PHASE2] A Phase II Study of Pirfenidone Plus PD-1 Inhibitor With or Without Hypofractionated Radiotherapy for Refractory pMMR/MSS Colorectal Cancer"
"1871"	"36968"	"382"	"Rectal Neoplasms"	"D012004"	"1093"	"raltitrexed"	"DB00293"	"2912"	"TYMS"	"7298"	"strict_phase2_3_disease_directed_title"	"NCT01348412[PHASE2] Hepatic Arterial Chemotherapy With Raltitrexed and Oxaliplatin Versus Standard Chemotherapy in Unresectable Liver Metastases From Colorectal Cancer After Conventional Chemotherapy Failure; NCT02992886[PHASE2] Preoperative Chemoradiotherapy With Raltitrexed for Intermediate or Locally Advanced Rectal Cancer in the Fit Elderly; NCT03053167[PHASE2] Irinotecan Plus Raltitrexed as Second-line Treatment in Advanced Colorectal Cancer Patients; NCT03344614[PHASE2] A Study of Apatinib in Combination With Raltitrexed Treatment in Patients With Advanced Colorectal Cancer; NCT04241731[PHASE2] A Study of Cetuximab Plus Raltitrexed for Maintenance Treatment in Advanced Colorectal Cancer; NCT04499586[PHASE2] A Study of Radiotherapy Combined With Raltitrexed and Irinotecan in Metastatic or Locally Recurrent Colorectal Cancer; NCT05426811[PHASE1|PHASE2] Regorafenib Plus Raltitrexed as Third-line Treatment in Advanced Colorectal Cancer Patients"
"1874"	"20417"	"599"	"Metabolic Syndrome"	"D024821"	"561"	"fenofibrate"	"DB01039"	"1452"	"NR1I2"	"8856"	"strict_phase2_3_disease_directed_title"	"NCT00703755[PHASE2] A Randomized, Double-Blind Trial Comparing the Efficacy and Safety of Fenofibrate, Metformin, Their Combination and Placebo in Patients With Metabolic Syndrome."
"1878"	"29000"	"239"	"Neuralgia"	"D009437"	"821"	"tapentadol"	"DB06204"	"2152"	"OPRM1"	"4988"	"strict_phase2_3_disease_directed_title"	"NCT01124617[PHASE2] A Phase 2 Study of Tapentadol Extended-Release (JNS024ER) ) in Japanese Participants With Chronic Pain Due to Diabetic Neuropathic Pain or Postherpetic Neuralgia"
"1882"	"15933"	"263"	"Arthritis"	"D001168"	"1043"	"fostamatinib"	"DB12010"	"1249"	"BTK"	"695"	"strict_phase2_3_disease_directed_title"	"NCT01197521[PHASE3] Evaluation of Effectiveness of Two Dosing Regimens of Fostamatinib Compared to Placebo in Patients With Rheumatoid Arthritis (RA) Who Are Taking Methotrexate But Not Responding.; NCT01197534[PHASE3] Evaluation of Effectiveness of Two Dosing Regimens of Fostamatinib Compared to Placebo in Patients With Rheumatoid Arthritis (RA) Who Are Taking Disease Modifying Anti-rheumatic Drug (DMARD) But Not Responding.; NCT01197755[PHASE3] Evaluation of Effectiveness of Two Dosing Regimens of Fostamatinib Compared to Placebo in Patients With Rheumatoid Arthritis (RA) Who Are Taking Methotrexate and Have Had Inadequate Response to Single TNF-alpha Antagonist; NCT01242514[PHASE3] Evaluation of Long-term Safety and Effectiveness of Fostamatinib in the Treatment of Rheumatoid Arthritis (RA); NCT01264770[PHASE2] Evaluation of Efficacy and Safety of Fostamatinib Monotherapy Compared With Adalimumab Monotherapy in Patients With Rheumatoid Arthritis (RA); NCT01563978[PHASE2] Study of the Effect of Fostamatinib Twice Daily on Blood Pressure in Patients With Rheumatoid Arthritis; NCT01569074[PHASE2] Evaluation of Safety and Effectiveness of Fostamatinib Compared to Placebo in Patients in Asia With Rheumatoid Arthritis; NCT01640054[PHASE2] A Long Term Study to Assess the Safety of Fostamatinib in Patients in Asia With Rheumatoid Arthritis"
"1890"	"1147"	"265"	"Colorectal Neoplasms"	"D015179"	"240"	"erlotinib"	"DB00530"	"55"	"EGFR"	"1956"	"strict_phase2_3_disease_directed_title"	"NCT00032110[PHASE2] Erlotinib in Treating Patients With Recurrent or Metastatic Colorectal Cancer; NCT00049101[PHASE1|PHASE2] Erlotinib and Combination Chemotherapy in Treating Patients With Metastatic Colorectal Cancer; NCT00116506[PHASE2] Study of Bevacizumab, Erlotinib, FOLFOX for Patients With Untreated Metastatic Colorectal Cancer; NCT00265824[PHASE3] Optimized Chemotherapy Followed by Maintenance With Bevacizumab With or Without Erlotinib in Treating Patients With Metastatic Colorectal Cancer That Cannot be Removed by Surgery (DREAM); NCT00307736[PHASE1|PHASE2] Bevacizumab, Erlotinib and 5-Fluorouracil With External Beam Radiation Therapy in Locally Advanced Rectal Cancer; NCT00459901[PHASE2] Study of the Antitumor Activity of Capecitabine in Combination With Erlotinib in Patients With Metastatic Colorectal Cancer; NCT00642746[PHASE2] Erlotinib and Chemotherapy for 2nd Line Treatment (Tx) of Metastatic Colorectal Cancer (mCRC); NCT00940316[PHASE2] Dual Epidermal Growth Factor Receptor Inhibition With Erlotinib and Panitumumab With or Without Chemotherapy for Advanced Colorectal Cancer; NCT02723578[PHASE2] Pemetrexed and Erlotinib for Metastatic Colorectal Cancer"
"1893"	"6264"	"588"	"Adenocarcinoma"	"D000230"	"757"	"everolimus"	"DB01590"	"334"	"MTOR"	"2475"	"strict_phase2_3_disease_directed_title"	"NCT02985125[PHASE1|PHASE2] LEE011 Plus Everolimus in Patients With Metastatic Pancreatic Adenocarcinoma Refractory to Chemotherapy"
"1895"	"1174"	"265"	"Colorectal Neoplasms"	"D015179"	"809"	"vandetanib"	"DB05294"	"55"	"EGFR"	"1956"	"strict_phase2_3_disease_directed_title"	"NCT00500292[PHASE2] A Phase II Study of 2 Doses of ZD6474 (Vandetanib) in Combination With FOLFOX vs FOLFOX Alone for the Treatment of Colorectal Cancer"
"1897"	"37453"	"106"	"Obesity"	"D009765"	"122"	"metformin"	"DB00331"	"3002"	"ACACB"	"32"	"strict_phase2_3_disease_directed_title"	"NCT00005669[PHASE2] Metformin to Treat Obesity in Children With Insulin Resistance; NCT00892073[PHASE2] Hypothalamic Obesity Following Craniopharyngioma Surgery: A Pilot Trial of Combined Metformin and Diazoxide Therapy; NCT03051451[PHASE2] Fixed Dose Combination of Fluoxetin and Metformin in the Management of Overweight and Obesity; NCT04377451[PHASE1|PHASE2] Metformin in Dengue With Obesity; NCT04578652[PHASE3] Fiber and Metformin Combination Therapy in Adolescents With Severe Obesity and Insulin Resistance; NCT05952882[PHASE3] Liraglutide and Metformin Combination on Weight Loss, Metabolic - Endocrine Parameters and Pregnancy Rate in Women With PCOS, Obesity and Infertility; NCT07604870[PHASE2] Krill Oil and Metformin in Women With PCOS and Metabolically Unhealthy Obesity"
"1902"	"20967"	"593"	"Thrombocytopenia"	"D013921"	"76"	"dapsone"	"DB00250"	"1495"	"DHFR"	"1719"	"strict_phase2_3_disease_directed_title"	"NCT02627417[PHASE3] Efficacy and Safety of DAPSone as a Second-line Option in Adult Immune Thrombocytopenia"
"1903"	"27388"	"250"	"Head and Neck Neoplasms"	"D006258"	"524"	"isotretinoin"	"DB00982"	"1969"	"RARB"	"5915"	"strict_phase2_3_disease_directed_title"	"NCT00054561[PHASE3] Isotretinoin, Interferon Alfa, and Vitamin E in Treating Patients With Stage III or Stage IV Head and Neck Cancer"
"1905"	"1144"	"217"	"Glioblastoma"	"D005909"	"240"	"erlotinib"	"DB00530"	"55"	"EGFR"	"1956"	"strict_phase2_3_disease_directed_title"	"NCT00039494[PHASE2] Erlotinib and Temozolomide With Radiation Therapy in Treating Patients With Glioblastoma Multiforme or Other Brain Tumors; NCT00335764[PHASE1|PHASE2] Sorafenib Combined With Erlotinib, Tipifarnib, or Temsirolimus in Treating Patients With Recurrent Glioblastoma Multiforme or Gliosarcoma; NCT00445588[PHASE2] Erlotinib and Sorafenib in Treating Patients With Progressive or Recurrent Glioblastoma Multiforme; NCT01110876[PHASE1|PHASE2] Phase I / II Vorinostat, Erlotinib and Temozolomide for Recurrent Glioblastoma Multiforme (GBM)"
"1908"	"43921"	"83"	"Lung Neoplasms"	"D008175"	"962"	"alectinib"	"DB11363"	"3786"	""	"4233"	"strict_phase2_3_disease_directed_title"	"NCT01871805[PHASE1|PHASE2] A Study of Alectinib (CH5424802/RO5424802) in Participants With Anaplastic Lymphoma Kinase (ALK)-Rearranged Non-Small Cell Lung Cancer (NSCLC); NCT02075840[PHASE3] A Study Comparing Alectinib With Crizotinib in Treatment-Naive Anaplastic Lymphoma Kinase-Positive Advanced Non-Small Cell Lung Cancer Participants; NCT02521051[PHASE1|PHASE2] Phase I/II Trial of Alectinib and Bevacizumab in Patients With Advanced, Anaplastic Lymphoma Kinase (ALK)-Positive, Non-Small Cell Lung Cancer; NCT02604342[PHASE3] Alectinib Versus Pemetrexed or Docetaxel in Anaplastic Lymphoma Kinase (ALK)-Positive Advanced Non-Small Cell Lung Cancer (NSCLC) Participants Previously Treated With Platinum-Based Chemotherapy and Crizotinib; NCT03131206[PHASE1|PHASE2] A Study of Alectinib in RET-rearranged Non-small Cell Lung Cancer or RET-mutated Thyroid Cancer; NCT03155009[PHASE2] A Study of the Efficacy and Safety of Alectinib in Participants With Anaplastic Lymphoma Kinase (ALK)-Rearranged Non-Small Cell Lung Cancer; NCT03445000[PHASE2] ALEctinib for the Treatment of Pretreated RET-rearranged Advanced Non-small Cell Lung Cancer"
"1914"	"23902"	"647"	"Anxiety Disorders"	"D001008"	"95"	"venlafaxine"	"DB00285"	"1566"	"SLC6A3"	"6531"	"strict_phase2_3_disease_directed_title"	"NCT00238719[PHASE3] Study Evaluating Venlafaxine ER in Children and Adolescents With Social Anxiety Disorder"
"1918"	"17014"	"265"	"Colorectal Neoplasms"	"D015179"	"193"	"gemcitabine"	"DB00441"	"1373"	"RRM2"	"6241"	"strict_phase2_3_disease_directed_title"	"NCT00007943[PHASE2] Gemcitabine in Treating Patients With Advanced Colorectal Cancer; NCT00159445[PHASE2] Capecitabine and Gemcitabine in Patients With Metastatic Colorectal Cancer; NCT00192075[PHASE2] A Randomized Trial of Avastin + Gemcitabine + 5-Fluorouracil (5FU)/Folinic Acid Versus Avastin + Oxaliplatin + 5FU/Folinic Acid in Metastatic Colorectal Cancer; NCT00220155[PHASE2] Phase II Fixed Dose Rate Gemcitabine for Advanced or Metastatic Colorectal Cancer; NCT00276861[PHASE2] Gemcitabine and Oxaliplatin as Second-Line Therapy in Treating Patients With Metastatic Colon Cancer; NCT00496704[PHASE1|PHASE2] Gemcitabine, Capecitabine, and Oxaliplatin as Second-Line Therapy in Treating Patients With Advanced Colorectal Cancer Previously Treated With Irinotecan; NCT00645710[PHASE1|PHASE2] Hepatic Arterial Infusion of Floxuridine, Gemcitabine Hydrochloride, and Radiolabeled Monoclonal Antibody Therapy in Treating Liver Metastases in Patients With Metastatic Colorectal Cancer Previously Treated With Surgery; NCT01109615[PHASE2] Pemetrexed and Gemcitabine for Treatment Resistant Patients With Metastatic Colorectal Cancer and KRAS Mutations; NCT01409005[PHASE2] Gemcitabine-UFTE Chemotherapy in Refractory Colorectal Cancer; NCT01472770[PHASE2] A Phase II Study of Gemcitabine and Capecitabine for Treatment Resistant, Metastatic Colorectal Cancer; NCT01909830[PHASE2] Gemcitabine in Combination With Pemetrexed Long Term Infusion in the Treatment of Pretreated Metastatic Colorectal Cancer Patients; NCT01929421[PHASE2] A Phase II Trial of Salvage Treatment With Gemcitabine and S-1 Combination in Patients With Heavily Treated Advanced Colorectal Cancer."
"1919"	"39910"	"83"	"Lung Neoplasms"	"D008175"	"249"	"5-fluorouracil"	"DB00544"	"3231"	"DPYD"	"1806"	"strict_phase2_3_disease_directed_title"	"NCT01658813[PHASE2] 5-Fluorouracil Followed by Interferon-alfa-2b in Previously-treated Metastatic Gastrointestinal, Kidney, or Lung Cancer"
"1920"	"43317"	"190"	"Schizophrenia"	"D012559"	"332"	"galantamine"	"DB00674"	"3689"	"CHRNA3"	"1136"	"strict_phase2_3_disease_directed_title"	"NCT00077727[PHASE3] A Study of the Effectiveness and Safety of Galantamine Hydrobromide on Cognitive Impairment in Patients With Schizophrenia.; NCT00463879[PHASE2|PHASE3] Galantamine for Cognitive Deficits in Schizophrenia; NCT00509067[PHASE2] Use of Galantamine and CDP-choline (Citicoline) to Treat Adults With Schizophrenia; NCT01012167[PHASE2] Oxytocin or Galantamine Versus Placebo for the Treatment of Negative Symptoms and Cognitive Impairments in Schizophrenia; NCT02234752[PHASE2] Galantamine and Memantine Combination for Cognitive Impairments in Schizophrenia"
"1925"	"27392"	"83"	"Lung Neoplasms"	"D008175"	"801"	"tamibarotene"	"DB04942"	"1969"	"RARB"	"5915"	"strict_phase2_3_disease_directed_title"	"NCT01337154[PHASE2] First Line Study of Tamibarotene in Combination for Advanced Non-Small Cell Lung Cancer"
"1926"	"9543"	"265"	"Colorectal Neoplasms"	"D015179"	"165"	"sorafenib"	"DB00398"	"846"	"BRAF"	"673"	"strict_phase2_3_disease_directed_title"	"NCT00826540[PHASE2] Sorafenib and Bevacizumab in Treating Patients With Metastatic Colorectal Cancer; NCT00839111[PHASE2] Sorafenib and FOLFIRI Regimen in 2nd Colorectal Cancer (CRC) After Failure of Oxaliplatin Treatment; NCT00869570[PHASE1|PHASE2] External-Beam Radiation Therapy, Capecitabine, and Sorafenib in Treating Patients With Locally Advanced Rectal Cancer; NCT00889343[PHASE2] Study to Evaluate the Effects of Sorafenib if Combined With Chemotherapy (FOLFOX6 or FOLFIRI) in the Second-Line Treatment of Colorectal Cancer; NCT00989469[PHASE1|PHASE2] Sorafenib With Irinotecan in Metastatic Colorectal Cancer (mCRC) and K-RAS Mutation; NCT01471353[PHASE2] Sorafenib Plus Capecitabine (SorCape) in Previously Treated Metastatic Colorectal Cancer; NCT01715441[PHASE2] Sorafenib in Combination With Irinotecan in Metastatic Colorectal Cancer Patients With KRAS Mutated Tumors"
"1930"	"14599"	"425"	"Dermatomyositis"	"D003882"	"1227"	"pirfenidone"	"DB04951"	"1092"	"TNF"	"7124"	"strict_phase2_3_disease_directed_title"	"NCT03857854[PHASE3] Efficacy and Safety of Pirfenidone in Patient With Dermatomyositis Interstitial Lung Disease (Dm-ILD)"
"1931"	"19812"	"498"	"Pulmonary Fibrosis"	"D011658"	"547"	"minocycline"	"DB01017"	"1421"	"MMP9"	"4318"	"strict_phase2_3_disease_directed_title"	"NCT00203697[PHASE3] Minocycline Therapy for Lung Scarring in Patients With Idiopathic Pulmonary Fibrosis - a Pilot Study"
"1935"	"22310"	"334"	"Leukemia"	"D007938"	"196"	"epirubicin"	"DB00445"	"1542"	"TOP2A"	"7153"	"strict_phase2_3_disease_directed_title"	"NCT00062296[PHASE2] Epirubicin and Rituximab in Treating Patients With Relapsed or Refractory B-Cell Non-Hodgkin's Lymphoma or Chronic Lymphocytic Leukemia"
"1938"	"24996"	"214"	"Brain Neoplasms"	"D001932"	"445"	"temozolomide"	"DB00853"	"1629"	"MGMT"	"4255"	"strict_phase2_3_disease_directed_title"	"NCT00302159[PHASE2] Valproic Acid With Temozolomide and Radiation Therapy to Treat Brain Tumors; NCT02052648[PHASE1|PHASE2] Study of IDO Inhibitor and Temozolomide for Adult Patients With Primary Malignant Brain Tumors; NCT02617589[PHASE3] An Investigational Immuno-therapy Study of Nivolumab Compared to Temozolomide, Each Given With Radiation Therapy, for Newly-diagnosed Patients With Glioblastoma (GBM, a Malignant Brain Cancer); NCT02667587[PHASE3] An Investigational Immuno-therapy Study of Temozolomide Plus Radiation Therapy With Nivolumab or Placebo, for Newly Diagnosed Patients With Glioblastoma (GBM, a Malignant Brain Cancer)"
"1940"	"9303"	"359"	"Pheochromocytoma"	"D010673"	"708"	"sunitinib"	"DB01268"	"806"	"RET"	"5979"	"strict_phase2_3_disease_directed_title"	"NCT00843037[PHASE2] Study Of Sunitinib In Patients With Recurrent Paraganglioma/Pheochromocytoma"
"1941"	"18399"	"647"	"Anxiety Disorders"	"D001008"	"367"	"risperidone"	"DB00734"	"1406"	"DRD2"	"1813"	"strict_phase2_3_disease_directed_title"	"NCT00086112[PHASE3] Study Comparing Risperidone vs Placebo as add-on Therapy in Patients With Generalized Anxiety Disorder Who Are Sub-optimally Responding to Standard Therapy.; NCT00277654[PHASE3] Study of Risperidone Monotherapy in Ambulatory Bipolar Disorder With Concurrent Moderately Severe Anxiety and Lifetime Panic or Generalized Anxiety Disorder"
"1946"	"44133"	"148"	"Thrombosis"	"D013927"	"602"	"Heparin"	"DB01109"	"3804"	"HGF"	"3082"	"strict_phase2_3_disease_directed_title"	"NCT01662908[PHASE2] A Randomized, Open-Label, Parallel-Group, Multi-Center Study for the Evaluation of Efficacy and Safety of Edoxaban Monotherapy Versus Low Molecular Weight (LMW) Heparin/Warfarin in Subjects With Symptomatic Deep-Vein Thrombosis"
"1950"	"25707"	"7"	"Endometrial Neoplasms"	"D016889"	"927"	"nintedanib"	"DB09079"	"1830"	"FGFR2"	"2263"	"strict_phase2_3_disease_directed_title"	"NCT02730416[PHASE2] Combination Chemotherapy With Nintedanib / Placebo in Endometrial Cancer"
"1962"	"1284"	"588"	"Adenocarcinoma"	"D000230"	"898"	"regorafenib"	"DB08896"	"69"	"KDR"	"3791"	"strict_phase2_3_disease_directed_title"	"NCT02023333[PHASE2] Regorafenib in Good Performance Status Patients With Newly Diagnosed Metastatic Colorectal Adenocarcinoma; NCT02788006[PHASE2] Efficacy and the Safety of Regorafenib in Patients Aged More Than 70 Years With a Metastatic Colorectal Adenocarcinoma .; NCT03722108[PHASE1|PHASE2] Regorafenib Combined With Irinotecan as Second-line in Patients With Metastatic Gastro-oesophageal Adenocarcinomas"
"1969"	"20327"	"370"	"Esophageal Neoplasms"	"D004938"	"240"	"erlotinib"	"DB00530"	"1452"	"NR1I2"	"8856"	"strict_phase2_3_disease_directed_title"	"NCT00045526[PHASE2] Erlotinib Hydrochloride in Treating Patients With Advanced Esophageal Cancer or Stomach Cancer; NCT00524121[PHASE2] Erlotinib and Radiation Therapy in Treating Older Patients With Stage I, Stage II, Stage III, or Stage IV Esophageal Cancer; NCT00539617[PHASE2] Chemotherapy & Erlotinib in Treating Patients w/ Esophageal or Gastroesophageal Cancer That Cannot Be Removed by Surgery"
"1974"	"16995"	"221"	"Acute Coronary Syndrome"	"D054058"	"731"	"colchicine"	"DB01394"	"1371"	"TUBB1"	"81027"	"strict_phase2_3_disease_directed_title"	"NCT00754819[PHASE2|PHASE3] Targeting Inflammation in Acute Coronary Syndrome Using Colchicine; NCT05250596[PHASE2] COLchicine On-admission to Reduce Inflammation in Acute Coronary Syndrome (COLOR-ACS); NCT05472337[PHASE2] Effect of Colchicine on Coronary Reperfusion in Patients With Acute Coronary Syndrome"
"1976"	"30408"	"92"	"Obsessive-Compulsive Disorder"	"D009771"	"641"	"escitalopram"	"DB01175"	"2215"	"SLC6A4"	"6532"	"strict_phase2_3_disease_directed_title"	"NCT00305500[PHASE3] Tolerability and Efficacy of High Dose Escitalopram for the Treatment of Obsessive-Compulsive Disorder (OCD)"
"1982"	"43958"	"96"	"Diabetes Mellitus"	"D003920"	"233"	"dextromethorphan"	"DB00514"	"3795"	"RAC1"	"5879"	"strict_phase2_3_disease_directed_title"	"NCT01936025[PHASE2] A Study to Investigate the Glucose Lowering Effects of Dextromethorphan Alone or in Combination With Sitagliptin in Subjects With Type 2 Diabetes Mellitus (T2DM) After an Oral Glucose Tolerance Test"
"1987"	"14855"	"251"	"Lymphoma"	"D008223"	"1043"	"fostamatinib"	"DB12010"	"1137"	"CHEK2"	"11200"	"strict_phase2_3_disease_directed_title"	"NCT00446095[PHASE1|PHASE2] Efficacy and Safety Study of Fostamatinib Tablets to Treat B-cell Lymphoma; NCT00798096[PHASE2] Efficacy and Safety Study of Fostamatinib Disodium Tablets to Treat T-Cell Lymphoma; NCT01499303[PHASE2] Study to Learn if 200mg Test Drug (Fostamatinib) Helps People With Large B-Cell Lymphoma,a Type of Blood Cancer"
"1989"	"37391"	"504"	"Polycystic Ovary Syndrome"	"D011085"	"180"	"spironolactone"	"DB00421"	"2966"	"SRD5A1"	"6715"	"strict_phase2_3_disease_directed_title"	"NCT05394142[PHASE2] A Clinical Trial to Evaluate the Efficacy, Tolerability, and Safety of a Fixed Dose Combination of Spironolactone, Pioglitazone & Metformin (SPIOMET) in Polycystic Ovary Syndrome (PCOS)"
"1995"	"9482"	"219"	"Melanoma"	"D008545"	"803"	"belinostat"	"DB05015"	"811"	"HDAC6"	"10013"	"strict_phase2_3_disease_directed_title"	"NCT05170334[PHASE2] Binimetinib Plus Belinostat for Subjects With Metastatic Uveal Melanoma"
"1998"	"9206"	"83"	"Lung Neoplasms"	"D008175"	"809"	"vandetanib"	"DB05294"	"799"	"ERBB2"	"2064"	"strict_phase2_3_disease_directed_title"	"NCT00687297[PHASE2] Study of Vandetanib Combined With Chemotherapy to Treat Advanced Non-small Cell Lung Cancer"
"1999"	"9321"	"232"	"Thyroid Neoplasms"	"D013964"	"809"	"vandetanib"	"DB05294"	"806"	"RET"	"5979"	"strict_phase2_3_disease_directed_title"	"NCT00537095[PHASE2] Efficacy and Safety of Vandetanib (ZD6474) in Patients With Metastatic Papillary or Follicular Thyroid Cancer; NCT01876784[PHASE3] Evaluation of Efficacy, Safety of Vandetanib in Patients With Differentiated Thyroid Cancer"
"2000"	"39410"	"96"	"Diabetes Mellitus"	"D003920"	"233"	"dextromethorphan"	"DB00514"	"3147"	"CYBB"	"1536"	"strict_phase2_3_disease_directed_title"	"NCT01936025[PHASE2] A Study to Investigate the Glucose Lowering Effects of Dextromethorphan Alone or in Combination With Sitagliptin in Subjects With Type 2 Diabetes Mellitus (T2DM) After an Oral Glucose Tolerance Test"
"2004"	"6201"	"147"	"Pneumonia"	"D011014"	"897"	"tofacitinib"	"DB08895"	"284"	"JAK3"	"3718"	"strict_phase2_3_disease_directed_title"	"NCT04332042[PHASE2] TOFAcitinib in SARS-CoV2 Pneumonia"
"2009"	"6463"	"7"	"Endometrial Neoplasms"	"D016889"	"1045"	"fulvestrant"	"DB00947"	"340"	"ESR2"	"2100"	"strict_phase2_3_disease_directed_title"	"NCT05154487[PHASE2] A Study of Alpelisib and Fulvestrant to Treat Endometrial Cancer"
"2012"	"9082"	"96"	"Diabetes Mellitus"	"D003920"	"233"	"dextromethorphan"	"DB00514"	"777"	"NCF1"	"653361"	"strict_phase2_3_disease_directed_title"	"NCT01936025[PHASE2] A Study to Investigate the Glucose Lowering Effects of Dextromethorphan Alone or in Combination With Sitagliptin in Subjects With Type 2 Diabetes Mellitus (T2DM) After an Oral Glucose Tolerance Test"
"2014"	"6207"	"147"	"Pneumonia"	"D011014"	"1144"	"baricitinib"	"DB11817"	"284"	"JAK3"	"3718"	"strict_phase2_3_disease_directed_title"	"NCT05914584[PHASE2|PHASE3] ""Baricitinib for Treating Hospital-acquired Pneumonia in Critically Ill Patients With a Proinflammatory Phenotype."
"2015"	"13600"	"37"	"Anemia"	"D000740"	"843"	"pazopanib"	"DB06589"	"1075"	"ITK"	"3702"	"strict_phase2_3_disease_directed_title"	"NCT03850964[PHASE2|PHASE3] Effects of Pazopanib on Hereditary Hemorrhagic Telangiectasia Related Epistaxis and Anemia (Paz)"
"2016"	"45528"	"239"	"Neuralgia"	"D009437"	"1003"	"brivaracetam"	"DB05541"	"3908"	"SCN10A"	"6336"	"strict_phase2_3_disease_directed_title"	"NCT00160667[PHASE2] A Study Assessing Efficacy of Brivaracetam in Subjects With Persistent Pain After Shingles (Post-herpetic Neuralgia)"
"2017"	"23373"	"92"	"Obsessive-Compulsive Disorder"	"D009771"	"844"	"agomelatine"	"DB06594"	"1559"	"HTR2A"	"3356"	"strict_phase2_3_disease_directed_title"	"NCT01108393[PHASE2] Efficacy of Agomelatine in Patients With Obsessive-Compulsive Disorder"
"2024"	"7938"	"265"	"Colorectal Neoplasms"	"D015179"	"927"	"nintedanib"	"DB09079"	"484"	"FGFR3"	"2261"	"strict_phase2_3_disease_directed_title"	"NCT02149108[PHASE3] Nintedanib (BIBF 1120) vs Placebo in Refractory Metastatic Colorectal Cancer (LUME-Colon 1); NCT02393755[PHASE1|PHASE2] Nintedanib and Capecitabine in Treating Patients With Refractory Metastatic Colorectal Cancer; NCT02780700[PHASE2] Nintedanib Alone or in Combination With Capecitabine in Refractory Metastatic Colorectal Cancer [LUME-Colon 2]"
"2026"	"27713"	"76"	"Diabetes Mellitus, Type 2"	"D003924"	"233"	"dextromethorphan"	"DB00514"	"2074"	"CYBA"	"1535"	"strict_phase2_3_disease_directed_title"	"NCT01936025[PHASE2] A Study to Investigate the Glucose Lowering Effects of Dextromethorphan Alone or in Combination With Sitagliptin in Subjects With Type 2 Diabetes Mellitus (T2DM) After an Oral Glucose Tolerance Test"
"2029"	"22946"	"92"	"Obsessive-Compulsive Disorder"	"D009771"	"367"	"risperidone"	"DB00734"	"1559"	"HTR2A"	"3356"	"strict_phase2_3_disease_directed_title"	"NCT05401019[PHASE2] Efficacy of Treatment With Pramipexole or Risperidone in Patients With Refractory Obsessive-compulsive Disorder (OCD)"
"2035"	"43321"	"190"	"Schizophrenia"	"D012559"	"479"	"amantadine"	"DB00915"	"3689"	"CHRNA3"	"1136"	"strict_phase2_3_disease_directed_title"	"NCT00999505[PHASE3] Amantadine as Adjunctive Therapy to Antipsychotics in Schizophrenia"
"2037"	"2371"	"495"	"Glioma"	"D005910"	"165"	"sorafenib"	"DB00398"	"75"	"FGFR1"	"2260"	"strict_phase2_3_disease_directed_title"	"NCT01434602[PHASE1|PHASE2] Phase I-II Everolimus and Sorafenib in Recurrent High-Grade Gliomas; NCT01817751[PHASE2] Sorafenib, Valproic Acid, and Sildenafil in Treating Patients With Recurrent High-Grade Glioma"
"2039"	"3805"	"520"	"Colitis"	"D003092"	"72"	"mesalazine"	"DB00244"	"124"	"ALOX5"	"240"	"strict_phase2_3_disease_directed_title"	"NCT00449722[PHASE3] OD vs. TID Dosing With Mesalazine Granules in Active Ulcerative Colitis; NCT00450086[PHASE3] Budesonide Capsules vs. Mesalazine Granules vs. Placebo in Collagenous Colitis; NCT00503243[PHASE3] Safety and Efficacy of SPD476 (Mesalazine) Given Twice Daily (2.4 g/Day) vs SPD476 Given as a Single Dose (4.8 g/Day) in Subjects With Acute Mild to Moderate Ulcerative Colitis; NCT00548574[PHASE3] Efficacy and Safety of Two Doses of SPD476 (Mesalazine) 2.4g and 4.8g Once Daily, With Reference to Asacol 0.8g Three Times Daily in Subjects With Acute, Mild to Moderate Ulcerative Colitis; NCT00737789[PHASE3] Mesalazine 4g Once Daily Versus 4g in Two Divided Doses in Active Ulcerative Colitis.; NCT00747110[PHASE3] Budesonide Capsules Versus Mesalazine Granules in Active Ulcerative Colitis (UC); NCT01745770[PHASE3] TID 1000 mg Mesalazine Versus TID 2x500 mg Mesalazine in Active Ulcerative Colitis (UC); NCT02093663[PHASE3] Safety and Efficacy of MMX Mesalamine/Mesalazine in Pediatric Subjects With Mild to Moderate Ulcerative Colitis; NCT06176560[PHASE3] Phase III Multicentre Trial of Oral Mesalazine in Patients With Mild to Moderate Ulcerative Colitis."
"2040"	"2425"	"495"	"Glioma"	"D005910"	"708"	"sunitinib"	"DB01268"	"75"	"FGFR1"	"2260"	"strict_phase2_3_disease_directed_title"	"NCT00499473[PHASE2] Sunitinib in Treating Patients With Recurrent Malignant Gliomas; NCT01462695[PHASE2] Sunitinib Malate in Treating Younger Patients With Recurrent, Refractory, or Progressive Malignant Glioma or Ependymoma"
"2043"	"21911"	"148"	"Thrombosis"	"D013927"	"602"	"Heparin"	"DB01109"	"1519"	"PF4"	"5196"	"strict_phase2_3_disease_directed_title"	"NCT01662908[PHASE2] A Randomized, Open-Label, Parallel-Group, Multi-Center Study for the Evaluation of Efficacy and Safety of Edoxaban Monotherapy Versus Low Molecular Weight (LMW) Heparin/Warfarin in Subjects With Symptomatic Deep-Vein Thrombosis"
"2046"	"1119"	"250"	"Head and Neck Neoplasms"	"D006258"	"112"	"gefitinib"	"DB00317"	"55"	"EGFR"	"1956"	"strict_phase2_3_disease_directed_title"	"NCT00024089[PHASE2] Gefitinib in Treating Patients With Recurrent and/or Metastatic Head and Neck Cancer; NCT00193284[PHASE2] Chemotherapy Plus Gefitinib Followed by Chemotherapy, Radiation Therapy, and Gefitinib For Head and Neck Cancer"
"2054"	"16607"	"442"	"Alcoholism"	"D000437"	"32"	"baclofen"	"DB00181"	"1319"	"GABBR1"	"2550"	"strict_phase2_3_disease_directed_title"	"NCT03034408[PHASE2] Nalmefene, Baclofen and Impulsivity in Subjects With Alcohol Use Disorder and Healthy Control Subjects"
"2055"	"34547"	"442"	"Alcoholism"	"D000437"	"807"	"ibudilast"	"DB05266"	"2578"	"IL1B"	"3553"	"strict_phase2_3_disease_directed_title"	"NCT03594435[PHASE2] Ibudilast for the Treatment of Alcohol Use Disorder; NCT05414240[PHASE2] Ibudilast for Treating Alcohol Use Disorder"
"2059"	"1274"	"588"	"Adenocarcinoma"	"D000230"	"890"	"cabozantinib"	"DB08875"	"69"	"KDR"	"3791"	"strict_phase2_3_disease_directed_title"	"NCT03213626[PHASE2] Cabozantinib and Erlotinib for Patients With EGFR and c-Met Co-expressing Metastatic Pancreatic Adenocarcinoma; NCT04164979[PHASE2] Ph II Study of Cabozantinib With Pembrolizumab in Metastatic Gastric and Gastroesophageal Adenocarcinoma"
"2061"	"4974"	"334"	"Leukemia"	"D007938"	"1261"	"clofarabine"	"DB00631"	"258"	"POLA1"	"5422"	"strict_phase2_3_disease_directed_title"	"NCT00042341[PHASE2] Phase II Study of Clofarabine in Pediatric Acute Lymphoblastic Leukemia (ALL); NCT00042354[PHASE2] Phase II Study of Clofarabine in Pediatric Acute Myelogenous Leukemia (AML) Patients; NCT00044889[PHASE2] Phase II Study of Clofarabine in Adult Patients With Refractory or Relapsed Acute Myelogenous Leukemia; NCT00065143[PHASE2] Clofarabine Plus Cytarabine in Patients With Previously Untreated Acute Myeloid Leukemia and High-risk Myelodysplastic Syndrome; NCT00067028[PHASE2] Clofarabine Combinations in Relapsed/Refractory Acute Myeloid Leukemia (AML), Myelodysplastic Syndromes (MDS) and Myeloid Blast Phase Chronic Myeloid Leukemia (CML); NCT00098033[PHASE2] Investigation of Clofarabine in Acute Leukemias; NCT00315705[PHASE1|PHASE2] A Study of Clofarabine in Combination With Etoposide and Cyclophosphamide in Children With Acute Leukemias.; NCT00317642[PHASE3] A Study of Clofarabine and Cytarabine for Older Patients With Relapsed or Refractory Acute Myelogenous Leukemia (AML)(CLASSIC I); NCT00337168[PHASE2] S0530 Cytarabine and Clofarabine in Treating Patients With Relapsed or Refractory Acute Lymphoblastic Leukemia; NCT00372619[PHASE1|PHASE2] Clofarabine and Cytarabine in Treating Young Patients With Refractory or Relapsed Acute Myeloid Leukemia or Acute Lymphoblastic Leukemia; NCT00373529[PHASE2] A Study of Clofarabine for Older Patients With Newly Diagnosed Acute Myelogenous Leukemia (AML) (CLASSIC II); NCT00412243[PHASE1|PHASE2] Clofarabine and Cyclophosphamide Combination in Acute Lymphoblastic Leukemia Patients; NCT00469014[PHASE2] Busulfan, Fludarabine, Clofarabine With Allogeneic Stem Cell Transplantation for Acute Myeloid Leukemia; NCT00602225[PHASE1|PHASE2] Clofarabine, Cytarabine, and G-CSF in Treating Patients With Relapsed or Refractory Acute Myeloid Leukemia; NCT00703820[PHASE3] Clofarabine Plus Cytarabine Versus Conventional Induction Therapy And A Study Of NK Cell Transplantation In Newly Diagnosed Acute Myeloid Leukemia; NCT00708721[PHASE1|PHASE2] Low-dose Oral Clofarabine for the Treatment of IPSS INT-1, INT-2 or HIGH Myelodysplastic Syndromes and Chronic Myelomonocytic Leukemia; NCT00775593[PHASE2] Clofarabine and Temsirolimus in Treating Older Patients With Relapsed or Refractory Acute Myeloid Leukemia; NCT00778375[PHASE2] Clofarabine Plus Low-Dose Cytarabine Induction and Decitabine Consolidation in Frontline Acute Myeloid Leukemia (AML) and High-Risk Myelodysplastic Syndrome (MDS); NCT00814164[PHASE2] Clofarabine and Daunorubicin in Treating Older Patients With Newly Diagnosed Acute Myeloid Leukemia; NCT00838240[PHASE1|PHASE2] Clofarabine, Cytarabine, and Idarubicin in Treating Patients With Intermediate-Risk or High-Risk Acute Myeloid Leukemia or High-Risk Myelodysplasia; NCT00852163[PHASE2] Study of Stem Cell Transplant for Leukemia and Myelodysplastic Syndromes Using Clofarabine and Busulfan Regimen; NCT00863434[PHASE2] Clofarabine and Cytarabine in Treating Patients With Acute Myeloid Leukemia With Minimal Residual Disease; NCT00924443[PHASE2] A Study of Clofarabine in Older Patients With Acute Myeloid Leukemia (AML) for Whom Chemotherapy Is Not Suitable; NCT00939653[PHASE2] T2007-002 Clofarabine, Etoposide, Cyclophosphamide in Relapsed Acute Myelogenous Leukemia (AML); NCT00945815[PHASE2] S0910 Epratuzumab, Cytarabine, and Clofarabine in Treating Patients With Relapsed or Refractory Acute Lymphoblastic Leukemia; NCT00983528[PHASE1|PHASE2] Alemtuzumab and Clofarabine for Relapsed or Refractory Acute Lymphoblastic Leukemia; NCT01025154[PHASE2] Clofarabine, Idarubicin, and Cytarabine Combination in Acute Myeloid Leukemia (AML) Induction; NCT01101880[PHASE2] Clofarabine, Cytarabine, and Filgrastim in Treating Patients With Newly Diagnosed Acute Myeloid Leukemia, Advanced Myelodysplastic Syndrome, and/or Advanced Myeloproliferative Neoplasm; NCT01158885[PHASE2] Clofarabine With Cytarabine for Patients With Minimal Residual Disease Positive Leukemia; NCT01160354[PHASE1|PHASE2] Plerixafor and Clofarabine in Frontline Treatment of Elderly Patients With Acute Myelogenous Leukemia (AML); NCT01252667[PHASE2] Clofarabine and Low-Dose Total-Body Irradiation in Treating Patients With Acute Myeloid Leukemia Undergoing Donor Peripheral Blood Stem Cell Transplant; NCT01289457[PHASE1|PHASE2] Clofarabine, Idarubicin, and Cytarabine (CIA) Versus Fludarabine, Idarubicin, and Cytarabine (FLAI) in Acute Myelogenous Leukemia (AML) and High-Risk Myelodysplastic Syndrome; NCT01295307[PHASE2] Clofarabine Salvage Therapy in Patients With Relapsed or Refractory Acute Myeloid Leukemia (AML); NCT01462253[PHASE2] Clofarabine-cyclophosphamide as Salvage Therapy for Refractory and Relapsed Acute Lymphoblastic Leukemia (ALL) Adults; NCT01471444[PHASE3] Fludarabine-IV Busulfan ± Clofarabine and Allogeneic Hematopoietic Stem Cell Transplantation for Acute Myeloid Leukemia (AML) and Myelodysplastic Syndrome (MDS); NCT01656031[PHASE2] A Phase II Open-Label Study of High-Dose Cytarabine and Clofarabine in Adult Patients With Refractory or Relapsed Acute Myelogenous Leukemia or Refractory or Relapsed Acute Lymphoblastic Leukemia; NCT01677949[PHASE2] Clofarabine, Cyclophosphamide and Etoposide for Minimal Residual Disease Positive Acute Leukemia; NCT01794702[PHASE1|PHASE2] Decitabine Followed by Clofarabine, Idarubicin, and Cytarabine in Acute Leukemia; NCT01842672[PHASE1|PHASE2] Mitoxantrone and Clofarabine for Treatment of Recurrent NHL or Acute Leukemia; NCT01885689[PHASE2] Clofarabine and Melphalan Before Donor Stem Cell Transplant in Treating Patients With Myelodysplasia, Acute Leukemia in Remission, or Chronic Myelomonocytic Leukemia; NCT01960387[PHASE2] Phase II Clofarabine and Cytarabine for Newly Diagnosed Acute Myeloid Leukemia; NCT02544789[PHASE2] Clofarabine in Chinese Pediatric Patients With Refractory or Relapsed Acute Lymphoblastic Leukemia"
"2064"	"42420"	"63"	"Rhinitis"	"D012220"	"515"	"azelastine"	"DB00972"	"3639"	"HRH1"	"3269"	"strict_phase2_3_disease_directed_title"	"NCT00612118[PHASE2] A Phase II Study Evaluating Intranasal GSK256066 and Azelastine Hydrochloride in Subjects With Seasonal Allergic Rhinitis; NCT00940953[PHASE2] Compare Captisol-Enabled (CE) Budesonide + Azelastine Nasal Solution and Rhinocort Aqua + Astelin in an Environmental Exposure Chamber (EEC) Study of Allergic Rhinitis; NCT01382654[PHASE2] Two Formulations and Concentrations of Epinastine Nasal Spray Versus Azelastine Nasal Solution for Allergic Rhinitis; NCT01470053[PHASE3] Efficacy and Safety of Mometasone Furoate Plus Azelastine HCl Combination Versus Mometasone Furoate Alone or Azelastine Alone in Patients With Perennial Allergic Rhinitis; NCT04264637[PHASE3] Study to Find Out How Long it Takes Azelastine Hydrochloride 0.15% Nasal Spray to Relieve Symptoms in Patients Suffering From Allergic Rhinitis"
"2065"	"16610"	"442"	"Alcoholism"	"D000437"	"535"	"gabapentin"	"DB00996"	"1319"	"GABBR1"	"2550"	"strict_phase2_3_disease_directed_title"	"NCT02252536[PHASE2] HORIZANT (Gabapentin Enacarbil Extended-Release Tablets) for the Treatment of Alcohol Use Disorder"
"2067"	"17962"	"192"	"Hyperprolactinemia"	"D006966"	"84"	"ropinirole"	"DB00268"	"1406"	"DRD2"	"1813"	"strict_phase2_3_disease_directed_title"	"NCT03038308[PHASE1|PHASE2] Treatment of Hyperprolactinemia With the Non-ergoline Dopamine Agonist Ropinirole"
"2076"	"22137"	"666"	"Macular Degeneration"	"D008268"	"547"	"minocycline"	"DB01017"	"1540"	"VEGFA"	"7422"	"strict_phase2_3_disease_directed_title"	"NCT02564978[PHASE2] Evaluation of Oral Minocycline in the Treatment of Geographic Atrophy Associated With Age-Related Macular Degeneration"
"2079"	"9300"	"265"	"Colorectal Neoplasms"	"D015179"	"708"	"sunitinib"	"DB01268"	"806"	"RET"	"5979"	"strict_phase2_3_disease_directed_title"	"NCT00457691[PHASE3] Study Of FOLFIRI Chemotherapy With Or Without Sunitinib In Patients With Metastatic Colorectal Cancer; NCT00609622[PHASE2] Randomized Study Of Sunitinib Plus FOLFOX Versus Bevacizumab Plus FOLFOX In Metastatic Colorectal Cancer; NCT00668863[PHASE2] Study Of Sunitinib With FOLFIRI In Colorectal Cancer; NCT00806663[PHASE2] FOLFIRI and Sunitinib in Metastatic Colorectal Cancer; NCT00936832[PHASE2] Sunitinib Malate and Combination Chemotherapy as Front-Line Therapy in Treating Patients With Metastatic Rectal Cancer That Cannot Be Removed by Surgery; NCT00961571[PHASE2] Sunitinib and Capecitabine for First Line Colon Cancer"
"2081"	"25345"	"106"	"Obesity"	"D009765"	"1255"	"tryptophan"	"DB00150"	"1742"	"IDO1"	"3620"	"strict_phase2_3_disease_directed_title"	"NCT02612259[PHASE2] A Phase II, Randomized, Double-blind, Placebo-controlled, in Parallel Groups Clinical Trial to Assess the Safety and Efficacy of Dietary Supplementation With Tryptophan to Achieve Weight Loss, and Its Neuropsychological Effects in Adolescents With Obesity"
"2082"	"4394"	"148"	"Thrombosis"	"D013927"	"602"	"Heparin"	"DB01109"	"169"	"SELP"	"6403"	"strict_phase2_3_disease_directed_title"	"NCT01662908[PHASE2] A Randomized, Open-Label, Parallel-Group, Multi-Center Study for the Evaluation of Efficacy and Safety of Edoxaban Monotherapy Versus Low Molecular Weight (LMW) Heparin/Warfarin in Subjects With Symptomatic Deep-Vein Thrombosis"
"2085"	"43652"	"83"	"Lung Neoplasms"	"D008175"	"46"	"sildenafil"	"DB00203"	"3762"	"SLCO1B3"	"28234"	"strict_phase2_3_disease_directed_title"	"NCT00752115[PHASE2|PHASE3] Combination Chemotherapy With Sildenafil Plus Carboplatin and Paclitaxel in Patients With Advanced Non-small Cell Lung Cancer"
"2088"	"27630"	"83"	"Lung Neoplasms"	"D008175"	"234"	"cisplatin"	"DB00515"	"2036"	"ATOX1"	"475"	"strict_phase2_3_disease_directed_title"	"NCT00001499[PHASE2] Phase II Neoadjuvant Trial of a Continuous Infusion of Paclitaxel Plus Cisplatin Followed by Chest Radiotherapy for Patients With Stage III Non-Small Cell Lung Cancer; NCT00002583[PHASE3] Vinorelbine + Cisplatin or No Further Therapy in Non-small Cell Lung Cancer That Has Been Surgically Removed; NCT00003299[PHASE3] Cisplatin Plus Etoposide With or Without Paclitaxel in Treating Patients With Extensive-Stage Small Cell Lung Cancer; NCT00004201[PHASE2] Gemcitabine Plus Carboplatin or Cisplatin in Treating Patients With Stage IIIB, Stage IV, or Recurrent Non-small Cell Lung Cancer; NCT00004264[PHASE1|PHASE2] Docetaxel, Cisplatin, and Amifostine in Treating Patients With Advanced Non-small Cell Lung Cancer; NCT00005868[PHASE2] Docetaxel and Cisplatin in Treating Patients With Untreated Stage IIIA Non-small Cell Lung Cancer; NCT00016367[PHASE2] Cisplatin and Gemcitabine Plus Trastuzumab in Treating Patients With Stage IIIB or Stage IV Non-Small Cell Lung Cancer; NCT00017459[PHASE3] Cisplatin Plus Vinorelbine With or Without Tirapazamine in Treating Patients With Stage IIIB or Stage IV Non-Small Cell Lung Cancer; NCT00021333[PHASE2] Paclitaxel and Cisplatin Plus Radiation Therapy Followed by Filgrastim in Treating Patients With Recurrent Head and Neck Cancer or Lung Cancer; NCT00045162[PHASE3] S0124: Cisplatin Combined With Irinotecan or Etoposide For Extensive-Stage Small Cell Lung Cancer; NCT00051506[PHASE2] ALIMTA(Pemetrexed)/Cisplatin and ALIMTA(Pemetrexed)/Carboplatin in Extensive Stage Small Cell Lung Cancer.; NCT00055757[PHASE2] Tipifarnib, Gemcitabine, and Cisplatin in Treating Patients With Stage III or Stage IV Non-Small Cell Lung Cancer; NCT00055965[PHASE3] Hospitalization Rates of Patients With Non-Small Cell Lung Cancer Treated With Gemcitabine and Either Cisplatin or Carboplatin; NCT00066222[PHASE2] Cisplatin, Etoposide, and Radiation Therapy in Treating Patients With Limited-Stage Small Cell Lung Cancer; NCT00069875[PHASE2] A Study With Gemcitabine, Cisplatin, and LY293111 in Non-Small Cell Lung Cancer; NCT00072527[PHASE2] Cisplatin and Irinotecan Followed by Carboplatin, Etoposide, and Radiation Therapy in Treating Patients With Limited-Stage Small Cell Lung Cancer; NCT00077311[PHASE2] Docetaxel and Cisplatin With or Without Dimesna in Treating Patients With Stage IIIB or Stage IV Non-Small Cell Lung Cancer; NCT00077883[PHASE1|PHASE2] TLK286 (Telcyta) in Combination With Cisplatin for Locally Advanced or Metastatic Non-small Cell Lung Cancer (NSCLC); NCT00079040[PHASE2] Cisplatin, Etoposide, and Bevacizumab in Treating Patients With Previously Untreated Extensive Stage Small Cell Lung Cancer; NCT00083161[PHASE2] Cisplatin, Etoposide, and Cyclophosphamide in Treating Patients With Extensive-Stage Small Cell Lung Cancer; NCT00103051[PHASE2] Gemcitabine, Cisplatin, and Gefitinib in Treating Patients Who Are Undergoing Surgery for Stage III Non-Small Cell Lung Cancer; NCT00112710[PHASE3] Gemcitabine in Combination With Either Cisplatin or Carboplatin in Treating Patients With Stage III or Stage IV Non-Small Cell Lung Cancer; NCT00118131[PHASE2] Docetaxel and Cisplatin in Treating Patients With Stage III or Stage IV Non-Small Cell Lung Cancer; NCT00118235[PHASE2] Cisplatin, Irinotecan, and Bevacizumab, in Treating Patients With Small Cell Lung Cancer; NCT00148798[PHASE3] Study of Cisplatin/Vinorelbine +/- Cetuximab as First-line Treatment of Advanced Non Small Cell Lung Cancer (FLEX); NCT00154739[PHASE2] Gemcitabine/Cisplatin Versus Gemcitabine/Epirubicin for Non-Small Cell Lung Cancer (NSCLC); NCT00173888[PHASE2] Docetaxel Plus Cisplatin Followed by Gemcitabine Versus Gemcitabine Plus Cisplatin Followed by Docetaxel for Non-Small Cell Lung Cancer (NSCLC); NCT00191139[PHASE2] Gemcitabine or Gemcitabine Plus Docetaxel After Cisplatin, Etoposide and Radiation in Non Small Cell Lung Cancer (NSCLC); NCT00191763[PHASE2] Neo-Adjuvant Gemcitabine and Cisplatin in Treating Patients With Early Stage of Non Small Cell Lung Cancer; NCT00192036[PHASE2] Multicenter Phase 2 Trial Evaluating Cisplatin-Gemcitabine With Concomitant Thoracic Radiotherapy for Treatment of Inoperable Stage III Non Small Cell Lung Cancer; NCT00216125[PHASE3] Cisplatin/Etoposide/Radiotherapy +/- Consolidation Docetaxel in Advanced Stage III Non-Small Cell Lung Cancer; NCT00217698[PHASE2] Gefitinib as First-Line Therapy Followed by Gemcitabine and Cisplatin in Treating Patients With Stage III or Stage IV Non-Small Cell Lung Cancer; NCT00227539[PHASE2] Positron Emission Tomography in Predicting Response in Patients Who Are Undergoing Treatment With Pemetrexed Disodium and Cisplatin With or Without Surgery for Stage I, Stage II, or Stage III Non-Small Cell Lung Cancer; NCT00248482[PHASE2] Imatinib Mesylate After Irinotecan and Cisplatin in Treating Patients With Extensive-Stage Small Cell Lung Cancer; NCT00248495[PHASE2] Pemetrexed Disodium and Cisplatin in Treating Patients Who Are Undergoing Surgery for Stage I, Stage II, or Stage III Non-Small Cell Lung Cancer; NCT00253591[PHASE2|PHASE3] Radiation Therapy With or Without Vinorelbine and Cisplatin in Treating Patients With Stage I, Stage II, or Stage III Non-Small Cell Lung Cancer; NCT00259285[PHASE2] Pemetrexed and Cisplatin Treatment Before Surgery in Non Small Cell Lung Cancer; NCT00269152[PHASE2] Feasibility Study of Pemetrexed in Combination With Cisplatin or Carboplatin as Adjuvant Treatment of Non-Small Cell Lung Cancer; NCT00270582[PHASE2] A Study of Weekly Docetaxel Plus Cisplatin Followed by Gemcitabine vs. Gemcitabine Plus Cisplatin Followed by Weekly Docetaxel in the Treatment of Advanced Non-Small-Cell Lung Cancer; NCT00281125[PHASE1|PHASE2] Phase I/II Trial of PTK787 and Pemetrexed With or Without Cisplatin for Lung Cancer; NCT00281970[PHASE2] Docetaxel and Cisplatin in Treating Patients With Stage I, Stage II, or Stage III Non-Small Cell Lung Cancer That Has Been Completely Removed By Surgery; NCT00301808[PHASE2] Cisplatin, Pemetrexed Disodium, and Radiation Therapy Followed by Docetaxel in Treating Patients With Stage III Non-Small Cell Lung Cancer; NCT00320359[PHASE3] Topotecan Plus Cisplatin Versus Etoposide Plus Cisplatin In 1st Line Extensive Disease Small Cell Lung Cancer; NCT00387699[PHASE2] Bevacizumab, Cisplatin, Etoposide, and Radiation Therapy in Treating Patients With Limited-Stage Small Cell Lung Cancer; NCT00388960[PHASE2] Study of Amrubicin With or Without Cisplatin Versus Etoposide-cisplatin for Extensive Stage Small Cell Lung Cancer; NCT00389688[PHASE2] Pemetrexed Disodium and Cisplatin Before or After Surgery in Treating Patients With Stage IB or Stage II Non-Small Cell Lung Cancer That Can be Removed by Surgery; NCT00398385[PHASE2] Gemcitabine and Cisplatin Before or After Surgery in Treating Patients With Stage I or Stage II Non-Small Cell Lung Cancer; NCT00417248[PHASE1|PHASE2] Cisplatin/Etoposide/Radiotherapy Followed by Consolidation Sorafenib for Inoperable Stage III Non-Small Cell Lung Cancer; NCT00424853[PHASE2] ADVANCED Phase II Trial of Weekly vs 3 Weekly Docetaxel and Cisplatin Followed by Gemcitabine in Non-small-cell Lung Cancer (NSCLC); NCT00433498[PHASE3] Etoposide and Cisplatin or Carboplatin as First-Line Chemotherapy With or Without Pravastatin in Treating Patients With Small Cell Lung Cancer; NCT00434668[PHASE2] Evaluation of Tolerability of Adjuvant Cisplatin/Docetaxel in Completely Resected Stage IB/II Non-Small Cell Lung Cancer; NCT00447421[PHASE1|PHASE2] A Study to Treat Small Cell Lung Cancer With a Combination of Cisplatin, Pemetrexed, and Radiotherapy; NCT00452634[PHASE2] Irinotecan/Cisplatin Plus Simvastatin in Extensive Disease-Small Cell Lung Cancer (ED-SCLC); NCT00475657[PHASE2] Pemetrexed and Cisplatin as Treatment in Small Cell Lung Cancer; NCT00482014[PHASE1|PHASE2] A Study of Pemetrexed Plus Carboplatin, or Pemetrexed Plus Cisplatin With Radiation Therapy Followed by Pemetrexed in Patients With Inoperable Non-Small-Cell Lung Cancer; NCT00489996[PHASE2] Trial Comparing 3 and 4 Week Regimen of Gemcitabine and Cisplatin in Patients With Lung Cancer; NCT00490659[PHASE2] Trial of Perioperative Chemotherapy (Gemcitabine and Cisplatin) and Adjuvant Chemoradiotherapy (With Weekly Low Dose Gemcitabine) in Patients With Lung Cancer With Positive Nodes; NCT00497315[PHASE2] Evaluation of Pemetrexed Combined With Cisplatin and Radiotherapy for Unresectable Locally Advanced Non-Small Cell Lung Cancer (NSCLC); NCT00529100[PHASE1|PHASE2] Concurrent Pemetrexed, Cisplatin and Radiation Therapy in Patients With Stage IIIA/B Non Small Cell Lung Cancer; NCT00530634[PHASE2] Surgery, Gemcitabine, Cisplatin, and Radiation Therapy in Treating Patients With Stage II or Stage III Non-Small Cell Lung Cancer; NCT00538681[PHASE2] Study for Participants With Advanced, Not Amenable to Surgery, or Metastatic Lung Cancer Comparing Treatment With Pemetrexed + Cisplatin + Enzastaurin Versus Pemetrexed + Cisplatin + Placebo; NCT00540280[PHASE3] Randomized Phase III Trial of Surgery Alone or Surgery Plus Preoperative Gemcitabine-Cisplatin in Clinical Early Stages of Non-small Cell Lung Cancer; NCT00545948[PHASE2] Adjuvant Cisplatin With Either Genomic-Guided Vinorelbine or Pemetrexed for Early Stage Non-Small-Cell Lung Cancer; NCT00582634[PHASE2] Adjuvant Cisplatin and Docetaxel in Non Small Cell Lung Cancer; NCT00589056[PHASE1|PHASE2] Nelfinavir, Radiation Therapy, Cisplatin, and Etoposide in Treating Patients With Stage III Non-Small Cell Lung Cancer That Cannot Be Removed By Surgery; NCT00613626[PHASE2] Cisplatin + Etoposide +/- Concurrent ZD6474 in Previously Untreated Extensive Stage Small Cell Lung Cancer; NCT00632853[PHASE3] Radiation Therapy Regimens in Treating Patients With Limited-Stage Small Cell Lung Cancer Receiving Cisplatin and Etoposide; NCT00660504[PHASE3] Phase3 Study of Amrubicin With Cisplatin Versus Etoposide-cisplatin for Extensive Disease Small Cell Lung Cancer; NCT00661778[PHASE2] A Study of Avastin (Bevacizumab) in Combination With Docetaxel and Cisplatin in Patients With Metastatic or Locally Advanced Non-small Cell Lung Cancer; NCT00680940[PHASE2] A Study of Mycobacterium w in Combination With Paclitaxel Plus Cisplatin in Advanced Non Small Cell Lung Cancer; NCT00726986[PHASE2] Sorafenib, Cisplatin, and Etoposide in Treating Patients With Extensive-Stage Small Cell Lung Cancer; NCT00735904[PHASE2] Trial Of AG-013736, Cisplatin, And Gemcitabine For Patients With Squamous Non-Small Cell Lung Cancer; NCT00744900[PHASE2] Pemetrexed Plus Cisplatin for Brain Metastasis of Advanced Non - Small Cell Lung Cancer (NSCLC); NCT00754858[PHASE2] Belotecan and Cisplatin in Treating Patients With Previously Untreated, Extensive-Stage Small Cell Lung Cancer; NCT00812266[PHASE3] Topotecan and Cisplatin Versus Etoposide and Carboplatin in 1st Line Treatment of Patients With Small Cell Lung Cancer and Extensive Disease (SCLC-ED); NCT00869752[PHASE1|PHASE2] MK-0646, Etoposide, and Cisplatin in Treating Patients With Extensive-Stage Small Cell Lung Cancer; NCT00874328[PHASE1|PHASE2] A Study of TS-1 Plus Irinotecan and Cisplatin (IP) for Patients With Stage IIIB/IV Non Small Cell Lung Cancer (NSCLC); NCT00907504[PHASE3] Study Of The Effect Of CP-751,871 In Combination With Gemcitabine And Cisplatin In Patients With Advanced Non-Small Cell Lung Cancer; NCT00981058[PHASE3] First-line Treatment of Participants With Stage IV Squamous Non-Small Cell Lung Cancer With Necitumumab and Gemcitabine-Cisplatin; NCT00982111[PHASE3] First-line Treatment of Patients With Stage IV Nonsquamous Non-Small Cell Lung Cancer With Necitumumab (IMC-11F8) and Pemetrexed-Cisplatin; NCT00995761[PHASE2] Biweekly Schedule of Docetaxel and Cisplatin in High Risk Patients With Unresectable Non-small Cell Lung Cancer (NSCLC); NCT01000480[PHASE2] A Study of Pemetrexed and Cisplatin, in Non Small Cell Lung Cancer; NCT01077713[PHASE2] A Study of Avastin (Bevacizumab) in Combination With Gemcitabine With or Without Cisplatin in First-Line Treatment of Elderly Patients With Non-Small Cell Lung Cancer; NCT01086254[PHASE2] SAR240550 in Combination With Gemcitabine/Cisplatin in Non-small Cell Lung Cancer; NCT01088620[PHASE2] Panitumumab Plus Pemetrexed and Cisplatin (PemCisP) Versus PemCis in the First-line Treatment of Patients With Non-small Cell Lung Cancer; NCT01109524[PHASE2] Safety Study of Cetuximab in Combination With Cisplatin and Vinorelbine to Treat Advanced Non-small Cell Lung Cancer; NCT01116219[PHASE2] Bevacizumab, Pemetrexed Disodium, and Cisplatin or Erlotinib Hydrochloride and Bevacizumab in Treating Patients With Stage IV Non-Small Cell Lung Cancer. A Multicenter Phase II Trial Including Biopsy at Progression (BIO-PRO Trial).; NCT01121393[PHASE3] BIBW 2992 (Afatinib) vs Gemcitabine-cisplatin in 1st Line Non-small Cell Lung Cancer (NSCLC); NCT01165021[PHASE2] A Study of Pemetrexed/Cisplatin as Pre-operative Treatment of Early Stage Nonsquamous Non-Small Cell Lung Cancer; NCT01192243[PHASE2] Study of Gefitinib Compared With Pemetrexed/Cisplatin in Advanced Non-Small Cell Lung Cancer Patients; NCT01194453[PHASE2] Pemetrexed Plus Cisplatin Versus Gemcitabine Plus Cisplatin for Advanced NSCLC Metastatic Non-small Cell Lung Cancer; NCT01222312[PHASE2] Study for Therapy of Locally Advanced or Metastatic Non Small Cell Lung Cancer (NSCLC) With Cisplatin / Docetaxel or Oxaliplatin / Docetaxel; NCT01266512[PHASE2] Concurrent Chemoradiotherapy Using Intensity Modulated Radiotherapy (IMRT) & Docetaxel-cisplatin (or Carboplatin) Followed by Adjuvant Chemotherapy for Inoperable Stage III Non-small-cell Lung Cancer; NCT01356303[PHASE2] Docetaxel Combined With Cisplatin as First Line in Patients With Metastatic Non-small Cell Lung Cancer; NCT01405586[PHASE3] MILES-3: Cisplatin in Combination With Gemcitabine for Elderly Patients With Lung Cancer; NCT01407822[PHASE2|PHASE3] Erlotinib Versus Gemcitabine/Cisplatin as (Neo)Adjuvant Treatment in Non-small Cell Lung Cancer; NCT01557959[PHASE2] Docetaxel, Cisplatin, Pegfilgrastim, and Erlotinib Hydrochloride in Treating Patients With Stage IIIB or Stage IV Non-Small Cell Lung Cancer; NCT01623102[PHASE2] Cisplatin and Gemcitabine With or Without Bevacizumab in EGFR Wild-type Non-Small Cell Lung Cancer; NCT01633645[PHASE2] Bortezomib in Combination With Gemcitabine and Cisplatin in Advanced or Metastatic Non-Small Cell Lung Cancer; NCT01642251[PHASE1|PHASE2] Cisplatin and Etoposide With or Without Veliparib in Treating Patients With Extensive Stage Small Cell Lung Cancer; NCT01656551[PHASE3] MILES-4: Study Comparing Gemcitabine and Pemetrexed, With or Without Cisplatin, in Patients With Nonsquamous Lung Cancer; NCT01705184[PHASE2] Re-introduction of Pemetrexed and Cisplatin With Prolonged Angiogenic Blocking by Bevacizumab in Advanced Lung Cancer.; NCT01788566[PHASE2] A Study of Gemcitabine-Cisplatin Chemotherapy Plus Necitumumab in the First-Line Treatment of Participants With Squamous Lung Cancer; NCT01928160[PHASE2] Pemetrexed Disodium and Carboplatin or Cisplatin With or Without Erlotinib Hydrochloride in Treating Patient With Stage IV Non-Small Cell Lung Cancer Resistant to First-Line Therapy With Erlotinib Hydrochloride or Gefitinib; NCT02323737[PHASE2] Phase II Study of Irinotecan and Cisplatin in Extensive-stage Small Cell Lung Cancer; NCT02409342[PHASE3] A Study of Atezolizumab (MPDL3280A) Compared With a Platinum Agent (Cisplatin or Carboplatin) + (Pemetrexed or Gemcitabine) in Participants With Stage IV Non-Squamous or Squamous Non-Small Cell Lung Cancer (NSCLC) [IMpower110]; NCT02409355[PHASE3] A Study of Atezolizumab Compared With Gemcitabine Plus (+) Cisplatin or Carboplatin for PD-L1-Selected Participants With Stage IV Squamous Non-Small Cell Lung Cancer (NSCLC) (IMpower111); NCT02643407[PHASE3] Nedaplatin/Docetaxel Versus Cisplatin/Docetaxel in Treatment of Advanced/Relapsed Squamous Cell Lung Cancer; NCT02787473[PHASE2] A Study of Pemetrexed Plus Cisplatin With Concurrent Radiation Therapy Followed by Docetaxel Consolidation in Patients With Inoperable Squamous Cell Lung Cancer; NCT02875457[PHASE3] Apatinib as the Maintenance Therapy for Extensive Stage Small Cell Lung Cancer After Combined With Etoposide/Cisplatin; NCT03066778[PHASE3] A Study of Pembrolizumab (MK-3475) in Combination With Etoposide/Platinum (Cisplatin or Carboplatin) for Participants With Extensive Stage Small Cell Lung Cancer (MK-3475-604/KEYNOTE-604); NCT03366766[PHASE2] Nivolumab Plus Cisplatin/Pemetrexed or Cisplatin/Gemcitabine as Induction in Resectable Non-Small Cell Lung Cancer; NCT03613597[PHASE2] Etoposide Plus Lobaplatin Versus Etoposide Plus Cisplatin for Patients With Limited Small-cell Lung Cancer; NCT04490421[PHASE3] Camrelizumab Combined With Apatinib, Etoposide and Cisplatin Treat Small-cell Lung Cancer.; NCT05198830[PHASE2] Testing the Addition of an Anti-Cancer Drug, TRC102, to the Usual Chemotherapy Treatment (Pemetrexed, Cisplatin or Carboplatin) During Radiation Therapy for Stage III Non-Squamous Non-Small Cell Lung Cancer; NCT06793215[PHASE3] A Study Evaluating the Efficacy and Safety of Divarasib and Pembrolizumab Versus Pembrolizumab and Pemetrexed and Carboplatin or Cisplatin in Participants With Previously Untreated, KRAS G12C-Mutated, Advanced or Metastatic Non-Squamous Non-Small Cell Lung Cancer"
"2091"	"35945"	"221"	"Acute Coronary Syndrome"	"D054058"	"731"	"colchicine"	"DB01394"	"2775"	"TUBA1C"	"84790"	"strict_phase2_3_disease_directed_title"	"NCT00754819[PHASE2|PHASE3] Targeting Inflammation in Acute Coronary Syndrome Using Colchicine; NCT05250596[PHASE2] COLchicine On-admission to Reduce Inflammation in Acute Coronary Syndrome (COLOR-ACS); NCT05472337[PHASE2] Effect of Colchicine on Coronary Reperfusion in Patients With Acute Coronary Syndrome"
"2096"	"19057"	"647"	"Anxiety Disorders"	"D001008"	"1061"	"memantine"	"DB01043"	"1406"	"DRD2"	"1813"	"strict_phase2_3_disease_directed_title"	"NCT00411398[PHASE3] A 10 Week Open-Label Pilot Study to Evaluate the Effectiveness and Safety of Memantine(Namenda) as Augmentation Therapy in Patients With Generalized Anxiety Disorder; NCT00674219[PHASE3] Memantine Treatment for Obsessive-compulsive Disorder and Generalized Anxiety Disorder"
"2097"	"18970"	"647"	"Anxiety Disorders"	"D001008"	"849"	"vilazodone"	"DB06684"	"1406"	"DRD2"	"1813"	"strict_phase2_3_disease_directed_title"	"NCT01629966[PHASE3] Safety, Efficacy and Tolerability of Vilazodone in Generalized Anxiety Disorder; NCT01844115[PHASE3] Safety, Efficacy and Tolerability of Vilazodone in (GAD) Generalized Anxiety Disorder"
"2098"	"28822"	"239"	"Neuralgia"	"D009437"	"420"	"Fentanyl"	"DB00813"	"2152"	"OPRM1"	"4988"	"strict_phase2_3_disease_directed_title"	"NCT01008553[PHASE3] A Confirmatory Study of Fentanyl in Participants With Post-herpetic Neuralgia, Complex Regional Pain Syndrome or Postoperative Pain Syndrome"
"2099"	"42377"	"63"	"Rhinitis"	"D012220"	"431"	"brompheniramine"	"DB00835"	"3639"	"HRH1"	"3269"	"strict_phase2_3_disease_directed_title"	"NCT01393548[PHASE3] Efficacy and Safety of Combination of Brompheniramine and Phenylephrine for the Symptoms Relief of Rhinitis"
"2101"	"8178"	"251"	"Lymphoma"	"D008223"	"234"	"cisplatin"	"DB00515"	"563"	"XIAP"	"331"	"strict_phase2_3_disease_directed_title"	"NCT00069966[PHASE2] Pixantrone, Cytarabine, Methylprednisolone, and Cisplatin in Treating Patients With Aggressive Non-Hodgkin's Lymphoma in First Relapse; NCT00090909[PHASE2] Gemcitabine, Cisplatin, and Dexamethasone in Treating Patients With Relapsed or Refractory Hodgkin's Lymphoma; NCT00491127[PHASE2] Cisplatin With Gemcitabine With Dexamethasone in Patients With Aggressive Non-Hodgkin's Lymphoma; NCT05502250[PHASE2] Tislelizumab, Gemcitabine and Cisplatin for R/R Hodgkin Lymphoma Followed by Tislelizumab Consolidation in Patients in Metabolic Complete Remission"
"2102"	"42406"	"63"	"Rhinitis"	"D012220"	"499"	"fexofenadine"	"DB00950"	"3639"	"HRH1"	"3269"	"strict_phase2_3_disease_directed_title"	"NCT01306721[PHASE3] Fexofenadine HCL - Pseudoephedrine HCL Combination Versus Allegra in Patients With Seasonal Allergic Rhinitis; NCT03664882[PHASE3] Study Evaluating the Efficacy and Safety of Fexofenadine in Subjects Suffering From Seasonal Allergic Rhinitis in Presence of Pollutants; NCT05692154[PHASE3] A Placebo-controlled Study of 2-day Pre-treatment With Fexofenadine in Seasonal Allergic Rhinitis"
"2104"	"20011"	"644"	"Diabetes Mellitus, Type 1"	"D003922"	"322"	"verapamil"	"DB00661"	"1430"	"KCNJ11"	"3767"	"strict_phase2_3_disease_directed_title"	"NCT02372253[PHASE2] Verapamil for Beta Cell Survival Therapy in Type 1 Diabetes; NCT04545151[PHASE2] Verapamil SR in Adults With Type 1 Diabetes; NCT07061574[PHASE1|PHASE2] A Randomized Phase 1/2 Trial of Low Dose Anti-thymocyte Globulin (ATG) With Subsequent Adalimumab or Verapamil in New Onset Type 1 Diabetes; NCT07199946[PHASE1|PHASE2] A Phase I/II Trial to Preserve Residual Insulin Secretion in Children With Recent Onset Type 1 Diabetes by Giving Verapamil"
"2111"	"42166"	"63"	"Rhinitis"	"D012220"	"128"	"cetirizine"	"DB00341"	"3639"	"HRH1"	"3269"	"strict_phase2_3_disease_directed_title"	"NCT00291642[PHASE2] A Study to Compare the Efficacy of Levocetirizine to Placebo in Reducing Symptoms of Seasonal Allergic Rhinitis (SAR) in Sensitive Subjects Exposed to Ragweed Pollen; NCT00490204[PHASE3] Cetirizine Placebo Controlled Study For Perennial Allergic Rhinitis; NCT00639587[PHASE3] Efficacy and Safety of Cetirizine Tablets Versus Ketotifen Dry Syrup in Children With Perennial Allergic Rhinitis; NCT01651871[PHASE2] Combination Study Of S-555739/Cetirizine HCl In Adult Patients With Seasonal Allergic Rhinitis; NCT01748344[PHASE2] Phase II Study Evaluating ONO-4053 and Cetirizine in Subjects With Seasonal Allergic Rhinitis"
"2112"	"36834"	"382"	"Rectal Neoplasms"	"D012004"	"116"	"floxuridine"	"DB00322"	"2912"	"TYMS"	"7298"	"strict_phase2_3_disease_directed_title"	"NCT00002842[PHASE2] Liver Resection and Floxuridine Plus Fluorouracil and Leucovorin in Treating Patients With Liver Metastases From Colorectal Cancer; NCT00003753[PHASE2] Floxuridine, Dexamethasone, and Irinotecan After Surgery in Treating Patients With Liver Metastases From Colorectal Cancer; NCT00063960[PHASE2] Hepatic Arterial Infusion With Floxuridine and Systemic Irinotecan After Surgery in Treating Patients With Hepatic (Liver) Metastases From Colorectal Cancer; NCT00268463[PHASE3] Oxaliplatin and Capecitabine With or Without an Hepatic Arterial Infusion With Floxuridine in Treating Patients Who Are Undergoing Surgery and/or Ablation for Liver Metastases Due to Colorectal Cancer; NCT00361842[PHASE2] Multicenter Study Of CPX-1 (Irinotecan HCl: Floxuridine) Liposome Injection In Patients With Advanced Colorectal Cancer; NCT00492999[PHASE2] Hepatic Arterial Infusion With Floxuridine and Dexamethasone Combined With Combination Chemotherapy in Treating Patients With Colorectal Cancer That Has Spread to the Liver"
"2116"	"9480"	"8"	"Ovarian Neoplasms"	"D010051"	"803"	"belinostat"	"DB05015"	"811"	"HDAC6"	"10013"	"strict_phase2_3_disease_directed_title"	"NCT00421889[PHASE1|PHASE2] A Study of Belinostat + Carboplatin or Paclitaxel or Both in Patients With Ovarian Cancer in Need of Relapse Treatment"
"2117"	"19934"	"498"	"Pulmonary Fibrosis"	"D011658"	"1118"	"zinc"	"DB01593"	"1421"	"MMP9"	"4318"	"strict_phase2_3_disease_directed_title"	"NCT06567717[PHASE2] Zinc and Nicotinamide Riboside for Idiopathic Pulmonary Fibrosis"
"2120"	"13605"	"37"	"Anemia"	"D000740"	"1043"	"fostamatinib"	"DB12010"	"1075"	"ITK"	"3702"	"strict_phase2_3_disease_directed_title"	"NCT04138927[PHASE3] A Phase 3 Open Label Extension Study of Fostamatinib Disodium in the Treatment of Warm Antibody Autoimmune Hemolytic Anemia"
"2123"	"36906"	"382"	"Rectal Neoplasms"	"D012004"	"308"	"pemetrexed"	"DB00642"	"2912"	"TYMS"	"7298"	"strict_phase2_3_disease_directed_title"	"NCT00079872[PHASE2] Pemetrexed Plus a Comparator Versus a Combination of 2 Comparators in First-Line Treatment of Colorectal Cancer; NCT00191984[PHASE2] A Study of the Combination of Pemetrexed and Irinotecan Every Two Weeks in Metastatic Colorectal Cancer; NCT00330915[PHASE2] A Study of Pemetrexed and Folic Acid Given Before Surgery (Neoadjuvant Treatment) to Patients With Rectal Cancer.; NCT01109615[PHASE2] Pemetrexed and Gemcitabine for Treatment Resistant Patients With Metastatic Colorectal Cancer and KRAS Mutations; NCT01397305[PHASE1|PHASE2] An Extended Feasibility Phase I/II Study of Methylenetetrahydrofolate (Arfolitixorin) and Pemetrexed Single Agent, Given as Neoadjuvant Treatment in Patients With Resectable Rectal Cancer; NCT02588781[PHASE2] Pemetrexed Alone as Salvage Treatment in Metastatic Colorectal Cancer Patients Who Were Failed After Standard Chemotherapy: A Phase II Single Arm Prospective Study; NCT02723578[PHASE2] Pemetrexed and Erlotinib for Metastatic Colorectal Cancer; NCT03086538[PHASE2] Pemetrexed Plus Tarceva as Salvage Treatment in EGFR Overexpressed Metastatic Colorectal Cancer Patients Who Were Failed After Standard Chemotherapy; NCT03843853[PHASE2] Pemetrexed and S-1 in Combination With Bevacizumab in Refractory Colorectal Cancer; NCT04683965[PHASE2] Pemetrexed and TAS-102 in Combination With Bevacizumab in Refractory Colorectal Cancer"
"2128"	"1126"	"372"	"Osteosarcoma"	"D012516"	"112"	"gefitinib"	"DB00317"	"55"	"EGFR"	"1956"	"strict_phase2_3_disease_directed_title"	"NCT07477457[PHASE2] A Study of Gefitinib, Trametinib, Disulfiram, and Sunitinib in Addition to Standard Chemotherapy in People With Osteosarcoma"
"2130"	"25022"	"431"	"Mesothelioma"	"D008654"	"843"	"pazopanib"	"DB06589"	"1633"	"FGF1"	"2246"	"strict_phase2_3_disease_directed_title"	"NCT00459862[PHASE2] Pazopanib in Treating Patients With Malignant Pleural Mesothelioma"
"2132"	"14605"	"498"	"Pulmonary Fibrosis"	"D011658"	"1227"	"pirfenidone"	"DB04951"	"1092"	"TNF"	"7124"	"strict_phase2_3_disease_directed_title"	"NCT00001596[PHASE2] Oral Pirfenidone for the Pulmonary Fibrosis of Hermansky-Pudlak Syndrome; NCT00287716[PHASE3] Three-Arm Study of the Safety and Efficacy of Pirfenidone in Patients With Idiopathic Pulmonary Fibrosis; NCT00287729[PHASE3] Safety and Efficacy of Pirfenidone in Patients With Idiopathic Pulmonary Fibrosis; NCT00662038[PHASE3] Open-Label Study of the Long Term Safety of Pirfenidone in Patients With Idiopathic Pulmonary Fibrosis (IPF); NCT01366209[PHASE3] Efficacy and Safety of Pirfenidone in Patients With Idiopathic Pulmonary Fibrosis (IPF); NCT01504334[PHASE2] Safety and Efficacy Study of Pirfenidone to Treat Idiopathic Pulmonary Fibrosis(IPF); NCT02136992[PHASE2] Clinical Efficacy and Safety of Pirfenidone in Patients With Idiopathic Pulmonary Fibrosis; NCT02707640[PHASE2] A Study to Assess the Safety and Tolerability of N-Acetylcysteine When Administered With Pirfenidone to Participants With Idiopathic Pulmonary Fibrosis (IPF); NCT02951429[PHASE2] Efficacy, Safety, and Tolerability Study of Pirfenidone in Combination With Sildenafil in Participants With Advanced Idiopathic Pulmonary Fibrosis (IPF) and Intermediate or High Probability of Group 3 Pulmonary Hypertension; NCT03208933[PHASE3] Open-label Study to Assess the Effectiveness of Pirfenidone in Participants With Idiopathic Pulmonary Fibrosis (IPF).; NCT03385668[PHASE2] Pilot Study of Pirfenidone in Pulmonary Fibrosis With Anti-myeloperoxydase Antibodies; NCT06241560[PHASE2] A Study in People With Idiopathic Pulmonary Fibrosis to Test Whether Pirfenidone Influences the Amount of BI 1015550 in the Blood; NCT07284602[PHASE3] Trial to Evaluate the Efficacy and Safety of LYT-100 (Deupirfenidone) Compared to Pirfenidone in Adults With Idiopathic Pulmonary Fibrosis (IPF)"
"2138"	"9349"	"359"	"Pheochromocytoma"	"D010673"	"890"	"cabozantinib"	"DB08875"	"806"	"RET"	"5979"	"strict_phase2_3_disease_directed_title"	"NCT02302833[PHASE2] Cabozantinib S-malate in Treating Patients With Metastatic Pheochromocytomas or Paragangliomas That Cannot Be Removed by Surgery"
"2139"	"1155"	"431"	"Mesothelioma"	"D008654"	"240"	"erlotinib"	"DB00530"	"55"	"EGFR"	"1956"	"strict_phase2_3_disease_directed_title"	"NCT00039182[PHASE2] Erlotinib in Treating Patients With Malignant Mesothelioma of the Lung; NCT00137826[PHASE2] Bevacizumab (Avastin) and Erlotinib (Tarceva) in Previously Treated Mesothelioma; NCT01592383[PHASE2] Erlotinib Hydrochloride in Treating Patients With Malignant Peritoneal Mesothelioma"
"2145"	"42413"	"63"	"Rhinitis"	"D012220"	"511"	"desloratadine"	"DB00967"	"3639"	"HRH1"	"3269"	"strict_phase2_3_disease_directed_title"	"NCT00405964[PHASE3] Study for the Treatment of Persistent Allergic Rhinitis With Desloratadine (Study P04684); NCT00406783[PHASE3] Study for the Treatment of Intermittent Allergic Rhinitis With Desloratadine (Study P04683); NCT00816972[PHASE2] Desloratadine With Oxybutynin for the Treatment of Seasonal Allergic Rhinitis and Post-Nasal Drip (Study P04258)(COMPLETED); NCT01529229[PHASE3] Comparison of Desloratadine Associated With Prednisolone Oral Solution Versus Dexchlorpheniramine Associated With Betamethasone for Persistent Allergic Rhinitis Treatment; NCT01918033[PHASE3] A Study of the Efficacy and Safety of Desloratadine (MK-4117) in Japanese Participants With Perennial Allergic Rhinitis (MK-4117-200); NCT02320396[PHASE3] Efficacy and Safety Study of Desloratadine (MK-4117) in Japanese Participants With Seasonal Allergic Rhinitis (MK-4117-204); NCT05214911[PHASE3] Fixed Dose Combination of Desloratadine / Prednisolone in the Treatment of Moderate Severe Allergic Rhinitis in Children"
"2149"	"1120"	"265"	"Colorectal Neoplasms"	"D015179"	"112"	"gefitinib"	"DB00317"	"55"	"EGFR"	"1956"	"strict_phase2_3_disease_directed_title"	"NCT00025142[PHASE2] Gefitinib and Combination Chemotherapy in Treating Patients With Advanced Solid Tumors or Colorectal Cancer; NCT00025350[PHASE2] Gefitinib in Treating Patients With Recurrent Metastatic Colorectal Cancer; NCT00052585[PHASE2] Gefitinib and Combination Chemotherapy in Treating Patients With Advanced or Recurrent Colorectal Cancer; NCT00087334[PHASE1|PHASE2] Capecitabine, Oxaliplatin, and Gefitinib in Treating Patients With Metastatic Colorectal Cancer"
"2156"	"9478"	"219"	"Melanoma"	"D008545"	"774"	"vorinostat"	"DB02546"	"811"	"HDAC6"	"10013"	"strict_phase2_3_disease_directed_title"	"NCT00121225[PHASE2] Vorinostat in Treating Patients With Metastatic or Unresectable Melanoma; NCT01587352[PHASE2] Vorinostat in Treating Patients With Metastatic Melanoma of the Eye; NCT02836548[PHASE1|PHASE2] HDAC Inhibitor Vorinostat in Resistant BRAF V600 Mutated Advanced Melanoma"
"2158"	"24002"	"647"	"Anxiety Disorders"	"D001008"	"214"	"duloxetine"	"DB00476"	"1566"	"SLC6A3"	"6531"	"strict_phase2_3_disease_directed_title"	"NCT00114127[PHASE3] Duloxetine for Social Anxiety Disorder: Prediction of Long Term Outcome; NCT00122824[PHASE3] Duloxetine Compared With Placebo in Patients With Generalized Anxiety Disorder; NCT00122837[PHASE3] A Comparison of Duloxetine Hydrochloride, Marketed Comparator, and Placebo in the Treatment of Generalized Anxiety Disorder; NCT00122850[PHASE3] A Comparison of Duloxetine Hydrochloride, Marketed Comparator, and Placebo in the Treatment of Generalized Anxiety Disorder; NCT00122863[PHASE3] Duloxetine Compared With Placebo in the Prevention of Relapse in Generalized Anxiety Disorder; NCT00803361[PHASE3] Duloxetine for the Treatment of Generalized Anxiety Disorder"
"2166"	"9582"	"232"	"Thyroid Neoplasms"	"D013964"	"898"	"regorafenib"	"DB08896"	"846"	"BRAF"	"673"	"strict_phase2_3_disease_directed_title"	"NCT02657551[PHASE2] A Study Using Regorafenib as Second or Third Line Therapy in Metastatic Medullary Thyroid Cancer"
"2171"	"23929"	"532"	"Dementia"	"D003704"	"146"	"mirtazapine"	"DB00370"	"1566"	"SLC6A3"	"6531"	"strict_phase2_3_disease_directed_title"	"NCT03031184[PHASE3] Study of Mirtazapine for Agitation in Dementia"
"2172"	"4628"	"593"	"Thrombocytopenia"	"D013921"	"1043"	"fostamatinib"	"DB12010"	"208"	"ABL1"	"25"	"strict_phase2_3_disease_directed_title"	"NCT04543279[PHASE2] Fostamatinib as a Single Agent or in Combination With Ruxolitinib for Treatment of Patients With Myelofibrosis With Severe Thrombocytopenia"
"2173"	"3443"	"593"	"Thrombocytopenia"	"D013921"	"1144"	"baricitinib"	"DB11817"	"112"	"JAK2"	"3717"	"strict_phase2_3_disease_directed_title"	"NCT05446831[PHASE2] Baricitinib for Steroid-resistant/Relapse Immune Thrombocytopenia; NCT05852847[PHASE2] Low-dose Baricitinib Plus Danazol for Steroid-resistant/Relapse Immune Thrombocytopenia; NCT05932524[PHASE2] Low-dose Baricitinib Plus High-dose Dexamethasone for Patients With Newly Diagnosed Immune Thrombocytopenia; NCT07535645[PHASE1|PHASE2] Baricitinib for Post-HSCT Persistent Thrombocytopenia"
"2175"	"1154"	"382"	"Rectal Neoplasms"	"D012004"	"240"	"erlotinib"	"DB00530"	"55"	"EGFR"	"1956"	"strict_phase2_3_disease_directed_title"	"NCT00032110[PHASE2] Erlotinib in Treating Patients With Recurrent or Metastatic Colorectal Cancer; NCT00049101[PHASE1|PHASE2] Erlotinib and Combination Chemotherapy in Treating Patients With Metastatic Colorectal Cancer; NCT00116506[PHASE2] Study of Bevacizumab, Erlotinib, FOLFOX for Patients With Untreated Metastatic Colorectal Cancer; NCT00265824[PHASE3] Optimized Chemotherapy Followed by Maintenance With Bevacizumab With or Without Erlotinib in Treating Patients With Metastatic Colorectal Cancer That Cannot be Removed by Surgery (DREAM); NCT00307736[PHASE1|PHASE2] Bevacizumab, Erlotinib and 5-Fluorouracil With External Beam Radiation Therapy in Locally Advanced Rectal Cancer; NCT00459901[PHASE2] Study of the Antitumor Activity of Capecitabine in Combination With Erlotinib in Patients With Metastatic Colorectal Cancer; NCT00642746[PHASE2] Erlotinib and Chemotherapy for 2nd Line Treatment (Tx) of Metastatic Colorectal Cancer (mCRC); NCT00940316[PHASE2] Dual Epidermal Growth Factor Receptor Inhibition With Erlotinib and Panitumumab With or Without Chemotherapy for Advanced Colorectal Cancer; NCT02723578[PHASE2] Pemetrexed and Erlotinib for Metastatic Colorectal Cancer"
"2177"	"42626"	"63"	"Rhinitis"	"D012220"	"833"	"levocetirizine"	"DB06282"	"3639"	"HRH1"	"3269"	"strict_phase2_3_disease_directed_title"	"NCT00291642[PHASE2] A Study to Compare the Efficacy of Levocetirizine to Placebo in Reducing Symptoms of Seasonal Allergic Rhinitis (SAR) in Sensitive Subjects Exposed to Ragweed Pollen; NCT00524836[PHASE3] Efficacy and Safety of Levocetirizine Versus Loratadine for the Treatment of Perennial Allergic Rhinitis; NCT00525278[PHASE3] To Evaluate the Efficacy and Safety of Levocetirizine Versus Loratadine for Treatment of Seasonal Allergic Rhinitis; NCT00544388[PHASE3] Efficacy of Levocetirizine and Cetirizine in Reducing Symptoms of Seasonal Allergic Rhinitis in Ragweed Sensitive Subjects; NCT00619801[PHASE3] Safety Study of Levocetirizine Dihydrochloride Oral Liquid Formulation in Children Aged 1 to Less Than 6 Years Suffering From Allergic Rhinitis or Chronic Urticaria of Unknown Origin; NCT01509209[PHASE3] Efficacy/Safety of Pseudoephedrine Plus Levocetirizine Versus Placebo in Patients With Vasomotor Rhinitis; NCT01640535[PHASE3] Efficacy and Safety of Concomitant Montelukast Sodium and Levocetirizine Dihydrochloride in Perennial Allergic Rhinitis (PAR) Patients"
"2181"	"9629"	"265"	"Colorectal Neoplasms"	"D015179"	"905"	"dabrafenib"	"DB08912"	"846"	"BRAF"	"673"	"strict_phase2_3_disease_directed_title"	"NCT03668431[PHASE2] Dabrafenib + Trametinib + PDR001 In Colorectal Cancer; NCT07506109[PHASE2] A Phase II Study of Sintilimab Combined With Ipilimumab N01, Cetuximab and Dabrafenib in Patients With Microsatellite-Stable, BRAF V600E-Mutated Metastatic Colorectal Cancer"
"2184"	"9163"	"147"	"Pneumonia"	"D011014"	"1118"	"zinc"	"DB01593"	"792"	"PARP1"	"142"	"strict_phase2_3_disease_directed_title"	"NCT00142285[PHASE3] Zinc Pneumonia Outpatient Trial in Children < 2 Years; NCT00148733[PHASE2|PHASE3] CHIZAP: Community- and Health Facility-Based Intervention With Zinc as Adjuvant Therapy for Childhood Pneumonia; NCT00252304[PHASE2|PHASE3] Therapeutic Zinc in Childhood Pneumonia; NCT00373100[PHASE3] The Efficacy of Zinc as Adjunct Therapy in the Treatment of Severe Pneumonia in Children"
"2185"	"35969"	"370"	"Esophageal Neoplasms"	"D004938"	"218"	"celecoxib"	"DB00482"	"2791"	"ABCB1"	"5243"	"strict_phase2_3_disease_directed_title"	"NCT00137852[PHASE2] Cisplatin, CPT-11 and Celecoxib With Radiation Therapy and Surgery for Operable Esophageal Cancer; NCT00520091[PHASE2] Irinotecan, Cisplatin, and Radiation Therapy With or Without Celecoxib in Treating Patients With Stage II, Stage III, or Stage IV Esophageal Cancer"
"2189"	"30305"	"647"	"Anxiety Disorders"	"D001008"	"357"	"paroxetine"	"DB00715"	"2215"	"SLC6A4"	"6532"	"strict_phase2_3_disease_directed_title"	"NCT00836069[PHASE3] Fixed Dose Study of PD 0332334 and Paroxetine for the Treatment of Generalized Anxiety Disorder"
"2201"	"9252"	"232"	"Thyroid Neoplasms"	"D013964"	"165"	"sorafenib"	"DB00398"	"806"	"RET"	"5979"	"strict_phase2_3_disease_directed_title"	"NCT00095693[PHASE2] Sorafenib Tosylate in Treating Patients With Locally Advanced, Metastatic, or Locally Recurrent Thyroid Cancer; NCT00126568[PHASE2] Sorafenib in Treating Patients With Advanced Anaplastic Thyroid Cancer; NCT00654238[PHASE2] Phase II Trial of Sorafenib (Nexavar) in Patients With Advanced Thyroid Cancer; NCT01025453[PHASE2] Combination of Temsirolimus and Sorafenib in the Treatment of Radioactive Iodine Refractory Thyroid Cancer; NCT01141309[PHASE2] Evaluating the Combination of Everolimus and Sorafenib in the Treatment of Thyroid Cancer; NCT01263951[PHASE2] Study of Everolimus and Sorafenib in Patients With Advanced Thyroid Cancer Who Progressed on Sorafenib Alone; NCT01502410[PHASE2] Sorafenib Tosylate in Treating Younger Patients With Relapsed or Refractory Rhabdomyosarcoma, Wilms Tumor, Liver Cancer, or Thyroid Cancer; NCT02084732[PHASE2] Safety and Efficacy of Sorafenib in Patients With Advanced Thyroid Cancer: a Phase II Clinical Study; NCT02143726[PHASE2] Sorafenib Tosylate With or Without Everolimus in Treating Patients With Advanced, Radioactive Iodine Refractory Hurthle Cell Thyroid Cancer"
"2202"	"37461"	"190"	"Schizophrenia"	"D012559"	"415"	"pentoxifylline"	"DB00806"	"3017"	"PDE7B"	"27115"	"strict_phase2_3_disease_directed_title"	"NCT04094207[PHASE1|PHASE2] Pentoxifylline as an Adjunctive in Treatment of Negative Symptoms in Chronic Schizophrenia"
"2209"	"32322"	"60"	"Ulcer"	"D014456"	"4"	"cyclosporine"	"DB00091"	"2438"	"PPIF"	"10105"	"strict_phase2_3_disease_directed_title"	"NCT06658002[PHASE3] Fungal Ulcer Treatment Augmented With Natamycin and Cyclosporine A"
"2212"	"42466"	"63"	"Rhinitis"	"D012220"	"599"	"levocabastine"	"DB01106"	"3639"	"HRH1"	"3269"	"strict_phase2_3_disease_directed_title"	"NCT01949051[PHASE2] A Study to Assess Intranasal Repeat Dose Effect of Levocabastine in the Subjects With Allergic Rhinitis; NCT01957202[PHASE2] A Proof of Concept Study to Assess Effect of Fluticasone Furoate (FF)/Levocabastine Fixed Dose Combination (FDC) Compared With Levocabastine and FF Alone in Subjects With Allergic Rhinitis (AR)"
"2213"	"42224"	"63"	"Rhinitis"	"D012220"	"202"	"loratadine"	"DB00455"	"3639"	"HRH1"	"3269"	"strict_phase2_3_disease_directed_title"	"NCT00319995[PHASE3] Effects of Loratadine/Montelukast vs Pseudoephedrine and Placebo in Patients With Seasonal Allergic Rhinitis (Study P04095) (COMPLETED); NCT01673620[PHASE3] A Study to Evaluate the Safety of Combination Montelukast/Loratadine in Mexican Participants With Allergic Rhinitis (MK-0476A-484); NCT02576808[PHASE2] Study of Efficacy and Safety of Ginger Extract Compared With Loratadine for Treatment of Allergic Rhinitis; NCT03376594[PHASE2] Benjakul Extract and Loratadine for Treatment Allergic Rhinitis Patients; NCT03855228[PHASE3] Safety and Efficacy of Mometasone Furoate Nasal Spray With the Addition of Loratadine Versus Placebo in Participants With Seasonal Allergic Rhinitis (C94-145)"
"2214"	"43904"	"83"	"Lung Neoplasms"	"D008175"	"890"	"cabozantinib"	"DB08875"	"3786"	""	"4233"	"strict_phase2_3_disease_directed_title"	"NCT01639508[PHASE2] Cabozantinib in Patients With RET Fusion-Positive Advanced Non-Small Cell Lung Cancer and Those With Other Genotypes: ROS1 or NTRK Fusions or Increased MET or AXL Activity; NCT01866410[PHASE2] Cabozantinib-S-Malate and Erlotinib Hydrochloride in Treating Patients With Previously Treated Metastatic Non-Small Cell Lung Cancer; NCT02132598[PHASE2] Trial of Cabozantinib (XL184) in Non-Small Cell Lung Cancer With Brain Metastases; NCT03911193[PHASE2] CABozantinib in Non-Small Cell Lung Cancer (NSCLC) Patients With MET Deregulation; NCT04310007[PHASE2] Testing the Addition of the Pill Chemotherapy, Cabozantinib, to the Standard Immune Therapy Nivolumab Compared to Standard Chemotherapy for Non-small Cell Lung Cancer; NCT04471428[PHASE3] Study of Atezolizumab in Combination With Cabozantinib Versus Docetaxel in Patients With Metastatic Non-Small Cell Lung Cancer Previously Treated With an Anti-PD-L1/PD-1 Antibody and Platinum-Containing Chemotherapy"
"2216"	"1162"	"588"	"Adenocarcinoma"	"D000230"	"240"	"erlotinib"	"DB00530"	"55"	"EGFR"	"1956"	"strict_phase2_3_disease_directed_title"	"NCT00137839[PHASE2] Erlotinib in Women With Previously Untreated Adenocarcinoma of the Lung; NCT00716456[PHASE1|PHASE2] Cetuximab in Patients With Lung Adenocarcinoma Receiving Erlotinib That Have Developed ""Acquired Resistance"" to Erlotinib; NCT01578668[PHASE2] Erlotinib Plus Pemetrexed to Treat Lung Adenocarcinoma With Brain Metastases; NCT03076164[PHASE1|PHASE2] A Phase 1/2 Trial of Trametinib and Erlotinib in Patients With EGFR-Mutant Lung Adenocarcinomas and Acquired Resistance to Erlotinib; NCT03213626[PHASE2] Cabozantinib and Erlotinib for Patients With EGFR and c-Met Co-expressing Metastatic Pancreatic Adenocarcinoma"
"2221"	"9367"	"232"	"Thyroid Neoplasms"	"D013964"	"898"	"regorafenib"	"DB08896"	"806"	"RET"	"5979"	"strict_phase2_3_disease_directed_title"	"NCT02657551[PHASE2] A Study Using Regorafenib as Second or Third Line Therapy in Metastatic Medullary Thyroid Cancer"
"2223"	"9476"	"8"	"Ovarian Neoplasms"	"D010051"	"774"	"vorinostat"	"DB02546"	"811"	"HDAC6"	"10013"	"strict_phase2_3_disease_directed_title"	"NCT00772798[PHASE2] A Phase I/II Study of Paclitaxel Plus Carboplatin Plus Vorinostat in Recurrent Ovarian Cancer; NCT00910000[PHASE1|PHASE2] Vorinostat, Carboplatin and Gemcitabine in Women With Recurrent, Platinum-Sensitive Ovarian Cancer"
"2224"	"37083"	"520"	"Colitis"	"D003092"	"72"	"mesalazine"	"DB00244"	"2948"	"MPO"	"4353"	"strict_phase2_3_disease_directed_title"	"NCT00449722[PHASE3] OD vs. TID Dosing With Mesalazine Granules in Active Ulcerative Colitis; NCT00450086[PHASE3] Budesonide Capsules vs. Mesalazine Granules vs. Placebo in Collagenous Colitis; NCT00503243[PHASE3] Safety and Efficacy of SPD476 (Mesalazine) Given Twice Daily (2.4 g/Day) vs SPD476 Given as a Single Dose (4.8 g/Day) in Subjects With Acute Mild to Moderate Ulcerative Colitis; NCT00548574[PHASE3] Efficacy and Safety of Two Doses of SPD476 (Mesalazine) 2.4g and 4.8g Once Daily, With Reference to Asacol 0.8g Three Times Daily in Subjects With Acute, Mild to Moderate Ulcerative Colitis; NCT00737789[PHASE3] Mesalazine 4g Once Daily Versus 4g in Two Divided Doses in Active Ulcerative Colitis.; NCT00747110[PHASE3] Budesonide Capsules Versus Mesalazine Granules in Active Ulcerative Colitis (UC); NCT01745770[PHASE3] TID 1000 mg Mesalazine Versus TID 2x500 mg Mesalazine in Active Ulcerative Colitis (UC); NCT02093663[PHASE3] Safety and Efficacy of MMX Mesalamine/Mesalazine in Pediatric Subjects With Mild to Moderate Ulcerative Colitis; NCT06176560[PHASE3] Phase III Multicentre Trial of Oral Mesalazine in Patients With Mild to Moderate Ulcerative Colitis."
"2227"	"9346"	"265"	"Colorectal Neoplasms"	"D015179"	"890"	"cabozantinib"	"DB08875"	"806"	"RET"	"5979"	"strict_phase2_3_disease_directed_title"	"NCT03542877[PHASE2] Investigating Cabozantinib in Patients With Refractory Metastatic Colorectal Cancer; NCT04963283[PHASE2] Study of Cabozantinib and Nivolumab in Refractory Metastatic Microsatellite Stable (MSS) Colorectal Cancer"
"2230"	"2452"	"495"	"Glioma"	"D005910"	"843"	"pazopanib"	"DB06589"	"75"	"FGFR1"	"2260"	"strict_phase2_3_disease_directed_title"	"NCT00350727[PHASE2] Pazopanib In Combination With Lapatinib In Adult Patients With Relapsed Malignant Glioma"
"2234"	"4606"	"588"	"Adenocarcinoma"	"D000230"	"898"	"regorafenib"	"DB08896"	"208"	"ABL1"	"25"	"strict_phase2_3_disease_directed_title"	"NCT02023333[PHASE2] Regorafenib in Good Performance Status Patients With Newly Diagnosed Metastatic Colorectal Adenocarcinoma; NCT02788006[PHASE2] Efficacy and the Safety of Regorafenib in Patients Aged More Than 70 Years With a Metastatic Colorectal Adenocarcinoma .; NCT03722108[PHASE1|PHASE2] Regorafenib Combined With Irinotecan as Second-line in Patients With Metastatic Gastro-oesophageal Adenocarcinomas"
"2245"	"41364"	"265"	"Colorectal Neoplasms"	"D015179"	"4"	"cyclosporine"	"DB00091"	"3401"	"ABCB11"	"8647"	"strict_phase2_3_disease_directed_title"	"NCT00003950[PHASE2] Irinotecan and Cyclosporine in Treating Patients With Metastatic, Advanced or Locally Recurrent Colorectal Cancer; NCT00389870[PHASE3] Irinotecan With or Without Panitumumab or Cyclosporine in Treating Patients With Advanced or Metastatic Colorectal Cancer That Did Not Respond to Fluorouracil"
"2246"	"42590"	"63"	"Rhinitis"	"D012220"	"796"	"bepotastine"	"DB04890"	"3639"	"HRH1"	"3269"	"strict_phase2_3_disease_directed_title"	"NCT01277341[PHASE2] Safety and Efficacy of Bepotastine Besilate Nasal Spray in the Treatment of Seasonal Allergic Rhinitis; NCT01753739[PHASE2] Bepotastine Besilate Nasal Sprays in the Treatment of Seasonal Allergic Rhinitis (SAR)"
"2254"	"43812"	"495"	"Glioma"	"D005910"	"165"	"sorafenib"	"DB00398"	"3772"	"RAF1"	"5894"	"strict_phase2_3_disease_directed_title"	"NCT01434602[PHASE1|PHASE2] Phase I-II Everolimus and Sorafenib in Recurrent High-Grade Gliomas; NCT01817751[PHASE2] Sorafenib, Valproic Acid, and Sildenafil in Treating Patients With Recurrent High-Grade Glioma"
"2255"	"29959"	"92"	"Obsessive-Compulsive Disorder"	"D009771"	"367"	"risperidone"	"DB00734"	"2206"	"HTR1D"	"3352"	"strict_phase2_3_disease_directed_title"	"NCT05401019[PHASE2] Efficacy of Treatment With Pramipexole or Risperidone in Patients With Refractory Obsessive-compulsive Disorder (OCD)"
"2256"	"9539"	"232"	"Thyroid Neoplasms"	"D013964"	"165"	"sorafenib"	"DB00398"	"846"	"BRAF"	"673"	"strict_phase2_3_disease_directed_title"	"NCT00095693[PHASE2] Sorafenib Tosylate in Treating Patients With Locally Advanced, Metastatic, or Locally Recurrent Thyroid Cancer; NCT00126568[PHASE2] Sorafenib in Treating Patients With Advanced Anaplastic Thyroid Cancer; NCT00654238[PHASE2] Phase II Trial of Sorafenib (Nexavar) in Patients With Advanced Thyroid Cancer; NCT01025453[PHASE2] Combination of Temsirolimus and Sorafenib in the Treatment of Radioactive Iodine Refractory Thyroid Cancer; NCT01141309[PHASE2] Evaluating the Combination of Everolimus and Sorafenib in the Treatment of Thyroid Cancer; NCT01263951[PHASE2] Study of Everolimus and Sorafenib in Patients With Advanced Thyroid Cancer Who Progressed on Sorafenib Alone; NCT01502410[PHASE2] Sorafenib Tosylate in Treating Younger Patients With Relapsed or Refractory Rhabdomyosarcoma, Wilms Tumor, Liver Cancer, or Thyroid Cancer; NCT02084732[PHASE2] Safety and Efficacy of Sorafenib in Patients With Advanced Thyroid Cancer: a Phase II Clinical Study; NCT02143726[PHASE2] Sorafenib Tosylate With or Without Everolimus in Treating Patients With Advanced, Radioactive Iodine Refractory Hurthle Cell Thyroid Cancer"
"2259"	"3860"	"520"	"Colitis"	"D003092"	"544"	"balsalazide"	"DB01014"	"124"	"ALOX5"	"240"	"strict_phase2_3_disease_directed_title"	"NCT00408174[PHASE3] Balsalazide Disodium vs. Mesalamine in Mildly to Moderately Active Ulcerative Colitis"
"2262"	"16552"	"218"	"Medulloblastoma"	"D008527"	"704"	"decitabine"	"DB01262"	"1310"	"DNMT1"	"1786"	"strict_phase2_3_disease_directed_title"	"NCT02332889[PHASE1|PHASE2] Phase I/II: Decitabine/Vaccine Therapy in Relapsed/Refractory Pediatric High Grade Gliomas/Medulloblastomas/CNS PNETs"
"2280"	"42704"	"63"	"Rhinitis"	"D012220"	"966"	"bilastine"	"DB11591"	"3639"	"HRH1"	"3269"	"strict_phase2_3_disease_directed_title"	"NCT01108783[PHASE3] A Phase III Efficacy Study of the Symptomatic Treatment of Seasonal Allergic Rhinitis With Bilastine; NCT01400828[PHASE3] Investigate the Safety/Tolerability and Efficacy of Bilastine 20mg in Korean Patients With Seasonal Allergic Rhinitis"
"2282"	"1125"	"370"	"Esophageal Neoplasms"	"D004938"	"112"	"gefitinib"	"DB00317"	"55"	"EGFR"	"1956"	"strict_phase2_3_disease_directed_title"	"NCT00093652[PHASE1|PHASE2] Oxaliplatin, Gefitinib, and Radiation Therapy in Treating Patients With Locally Advanced or Metastatic Esophageal Cancer; NCT00100945[PHASE2] Gefitinib in Treating Patients With Locally Advanced Esophageal Cancer; NCT00258297[PHASE2] Gefitinib in Treating Patients With Stage I, Stage II, or Stage III Esophageal Cancer That Can Be Removed By Surgery; NCT01291823[PHASE2] Gefitinib Combined With Radiotherapy in Elderly Patients With Esophageal Cancer"
"2290"	"9549"	"388"	"Kidney Neoplasms"	"D007680"	"165"	"sorafenib"	"DB00398"	"846"	"BRAF"	"673"	"strict_phase2_3_disease_directed_title"	"NCT00301847[PHASE2] Sorafenib in Treating Patients With Kidney Cancer That Has Spread to the Brain; NCT00392821[PHASE1|PHASE2] Dosing and Effectiveness Study of Sorafenib and RAD001 in the Treatment of Patients With Advanced Kidney Cancer; NCT00492258[PHASE3] Sorafenib in Treating Patients at Risk of Relapse After Undergoing Surgery to Remove Kidney Cancer; NCT00496756[PHASE2] Sorafenib in Treating Patients With Metastatic or Unresectable Kidney Cancer; NCT00854620[PHASE2] Safety and Toxicity Study of Sorafenib in Patients With Kidney Cancer; NCT00866320[PHASE2] Sorafenib in Treating Patients With Metastatic Kidney Cancer That Has Not Responded to Sunitinib or Bevacizumab"
"2298"	"23232"	"92"	"Obsessive-Compulsive Disorder"	"D009771"	"707"	"paliperidone"	"DB01267"	"1559"	"HTR2A"	"3356"	"strict_phase2_3_disease_directed_title"	"NCT00632229[PHASE2] Double Blinded, Placebo-Controlled Trial of Paliperidone Addition in SRI-Resistant Obsessive-Compulsive Disorder"
"2299"	"9032"	"85"	"Stroke"	"D020521"	"396"	"tirofiban"	"DB00775"	"772"	"ITGA2B"	"3674"	"strict_phase2_3_disease_directed_title"	"NCT04491695[PHASE2|PHASE3] Tirofiban for the Prevention of Neurological Deterioration in Acute Ischemic Stroke; NCT04818944[PHASE1|PHASE2] Clinical Trial to Evaluate the Safety of Continuous IV Tirofiban in Acute Ischemic Stroke; NCT04851457[PHASE2] One Pass Tirofiban In Management of Ischemic Stroke Thrombectomy In China; NCT05188417[PHASE2] A Study Evaluating the Safety and Efficacy of Tirofiban in Combination With Alteplase in Acute Ischemic Stroke; NCT05604638[PHASE3] Early Administration of Tirofiban in Patients Treated With Tenecteplase for Acute Ischemic Stroke; NCT05728333[PHASE2|PHASE3] Intravenous Tirofiban Versus Alteplase Before Mechanical Thrombectomy in Stroke; NCT06134622[PHASE3] Advancing Stroke Safety and Efficacy Through Early Tirofiban Administration After Intravenous Thrombolysis (ASSET-IT); NCT06373042[PHASE2|PHASE3] Tirofiban for Successful Endovascular Stroke Thrombectomy; NCT06587347[PHASE2|PHASE3] Tirofiban for the Prevention of Early Neurological Deterioration After Intravenous Thrombolysis in Acute Ischemic Stroke; NCT07111806[PHASE3] Intravenous Tirofiban After Delayed Thrombolysis in Stroke; NCT07135089[PHASE3] Improving Neuroprotective Strategy for Ischemic Stroke Before Endovascular Thrombectomy by Intravenous Tirofiban; NCT07335107[PHASE3] Intravenous Tirofiban After Bridging Therapy for Acute Stroke With Atherosclerotic Large Artery Occlusion; NCT07379190[PHASE3] HR-MRI-Directed Tirofiban Therapy for Late-Window Acute Ischemic Stroke (TIAN)"
"2301"	"4765"	"265"	"Colorectal Neoplasms"	"D015179"	"496"	"aspirin"	"DB00945"	"217"	"TP53"	"7157"	"strict_phase2_3_disease_directed_title"	"NCT02467582[PHASE3] Adjuvant Aspirin Treatment for Colon Cancer Patients; NCT02607072[PHASE3] Aspirin for Prevention of Postsurgical Recurrence and Metastasis in Asian Colorectal Cancer Patients: a Multi-center Randomized Trial; NCT02945033[PHASE3] Study on Aspirin Versus Placebo in Resected Colon Cancer With PI3K Mutation Stage III or II High Risk; NCT03170115[PHASE2] Induction Chemotherapy Plus Chemoradiotherapy With or Without Aspirin in High Risk Rectal Cancer; NCT04534218[PHASE2] Regorafenib in Combination With Metronomic Chemotherapies, and Low-dose Aspirin in Metastatic Colorectal Cancer; NCT05462613[PHASE2|PHASE3] Regorafenib With Low-dose Chemotherapies and Aspirin Followed by Standard Chemotherapies in Metastatic Colorectal Cancer"
"2303"	"15626"	"147"	"Pneumonia"	"D011014"	"307"	"simvastatin"	"DB00641"	"1225"	"ITGB2"	"3689"	"strict_phase2_3_disease_directed_title"	"NCT01651728[PHASE3] Effect of Simvastatin on Pneumonia Prognosis in Elderly Patients"
"2308"	"21910"	"147"	"Pneumonia"	"D011014"	"602"	"Heparin"	"DB01109"	"1519"	"PF4"	"5196"	"strict_phase2_3_disease_directed_title"	"NCT04528888[PHASE3] Steroids and Unfractionated Heparin in Critically Ill Patients With Pneumonia From COVID-19 Infection; NCT05255848[PHASE2|PHASE3] Nebulised Heparin in Patients With COVID-19 Pneumonia"
"2311"	"9298"	"232"	"Thyroid Neoplasms"	"D013964"	"708"	"sunitinib"	"DB01268"	"806"	"RET"	"5979"	"strict_phase2_3_disease_directed_title"	"NCT00519896[PHASE2] Sunitinib Malate in Treating Patients With Iodine-Refractory Recurrent or Metastatic Thyroid Cancer"
"2317"	"22719"	"92"	"Obsessive-Compulsive Disorder"	"D009771"	"174"	"pramipexole"	"DB00413"	"1559"	"HTR2A"	"3356"	"strict_phase2_3_disease_directed_title"	"NCT05401019[PHASE2] Efficacy of Treatment With Pramipexole or Risperidone in Patients With Refractory Obsessive-compulsive Disorder (OCD); NCT06611592[PHASE2] Safety and Efficacy of Pramipexole Treatment in Resistant Obsessive-Compulsive Disorder (OCD)"
"2319"	"9556"	"495"	"Glioma"	"D005910"	"165"	"sorafenib"	"DB00398"	"846"	"BRAF"	"673"	"strict_phase2_3_disease_directed_title"	"NCT01434602[PHASE1|PHASE2] Phase I-II Everolimus and Sorafenib in Recurrent High-Grade Gliomas; NCT01817751[PHASE2] Sorafenib, Valproic Acid, and Sildenafil in Treating Patients With Recurrent High-Grade Glioma"
"2322"	"15851"	"265"	"Colorectal Neoplasms"	"D015179"	"23"	"Vitamin E"	"DB00163"	"1246"	"PRKCB"	"5579"	"strict_phase2_3_disease_directed_title"	"NCT05771181[PHASE2] Vitamin E Combined With Fruquintinib and Tislelizumab in Microsatellite Stabilized Metastatic Colorectal Cancer Patients"
"2325"	"45441"	"239"	"Neuralgia"	"D009437"	"102"	"bupivacaine"	"DB00297"	"3908"	"SCN10A"	"6336"	"strict_phase2_3_disease_directed_title"	"NCT00478179[PHASE2] Study of a Bupivacaine Patch (Eladur™) to Treat Post- Herpetic Neuralgia"
"2327"	"1182"	"431"	"Mesothelioma"	"D008654"	"809"	"vandetanib"	"DB05294"	"55"	"EGFR"	"1956"	"strict_phase2_3_disease_directed_title"	"NCT00597116[PHASE2] An Efficacy and Safety Study With Vandetanib to Treat Inoperable or Relapsed Malignant Mesothelioma"
"2330"	"43809"	"388"	"Kidney Neoplasms"	"D007680"	"165"	"sorafenib"	"DB00398"	"3772"	"RAF1"	"5894"	"strict_phase2_3_disease_directed_title"	"NCT00301847[PHASE2] Sorafenib in Treating Patients With Kidney Cancer That Has Spread to the Brain; NCT00392821[PHASE1|PHASE2] Dosing and Effectiveness Study of Sorafenib and RAD001 in the Treatment of Patients With Advanced Kidney Cancer; NCT00492258[PHASE3] Sorafenib in Treating Patients at Risk of Relapse After Undergoing Surgery to Remove Kidney Cancer; NCT00496756[PHASE2] Sorafenib in Treating Patients With Metastatic or Unresectable Kidney Cancer; NCT00854620[PHASE2] Safety and Toxicity Study of Sorafenib in Patients With Kidney Cancer; NCT00866320[PHASE2] Sorafenib in Treating Patients With Metastatic Kidney Cancer That Has Not Responded to Sunitinib or Bevacizumab"
"2331"	"42342"	"63"	"Rhinitis"	"D012220"	"379"	"epinastine"	"DB00751"	"3639"	"HRH1"	"3269"	"strict_phase2_3_disease_directed_title"	"NCT00407927[PHASE2] A Study of Epinastine Nasal Spray in Subjects With Seasonal Allergic Rhinitis; NCT00564421[PHASE3] Safety and Efficacy Study of Epinastine Nasal Spray in Subjects With Seasonal Allergic Rhinitis (P08648); NCT01382654[PHASE2] Two Formulations and Concentrations of Epinastine Nasal Spray Versus Azelastine Nasal Solution for Allergic Rhinitis; NCT02182518[PHASE3] Epinastine + Pseudoephedrine SR (Slow Release) Versus Epinastine Alone in Patients With Perennial Allergic Rhinitis"
"2333"	"42391"	"63"	"Rhinitis"	"D012220"	"483"	"ketotifen"	"DB00920"	"3639"	"HRH1"	"3269"	"strict_phase2_3_disease_directed_title"	"NCT00639587[PHASE3] Efficacy and Safety of Cetirizine Tablets Versus Ketotifen Dry Syrup in Children With Perennial Allergic Rhinitis"
"2340"	"19794"	"190"	"Schizophrenia"	"D012559"	"547"	"minocycline"	"DB01017"	"1421"	"MMP9"	"4318"	"strict_phase2_3_disease_directed_title"	"NCT01320982[PHASE3] Minocycline, Acetylsalicylic Acid or Pramipexole vs Placebo in Patients With Schizophrenia or Schizoaffective Disorder; NCT02907437[PHASE3] Minocycline add-on to Antipsychotics for the Treatment of Negative and Cognitive Symptoms in Schizophrenia; NCT02928965[PHASE2] The Benefit of Minocycline on Negative Symptoms in Schizophrenia: Extent and Mechanisms"
"2342"	"39901"	"219"	"Melanoma"	"D008545"	"121"	"indomethacin"	"DB00328"	"3230"	"GLO1"	"2739"	"strict_phase2_3_disease_directed_title"	"NCT00002535[PHASE2] Indomethacin Plus Biological Therapy in Treating Patients With Advanced Melanoma"
"2347"	"7434"	"83"	"Lung Neoplasms"	"D008175"	"995"	"azacitidine"	"DB00928"	"386"	"DNMT3A"	"1788"	"strict_phase2_3_disease_directed_title"	"NCT00006019[PHASE2] Phenylbutyrate Plus Azacitidine in Treating Patients With Acute Myeloid Leukemia, Myelodysplasia, Non-Hodgkin's Lymphoma, Multiple Myeloma, Non-small Cell Lung Cancer, or Prostate Cancer; NCT00387465[PHASE1|PHASE2] Azacitidine and Entinostat in Treating Patients With Recurrent Advanced Non-Small Cell Lung Cancer; NCT01935947[PHASE2] Azacitidine and Entinostat Before Chemotherapy in Treating Patients With Advanced Non-small Cell Lung Cancer"
"2350"	"1117"	"217"	"Glioblastoma"	"D005909"	"112"	"gefitinib"	"DB00317"	"55"	"EGFR"	"1956"	"strict_phase2_3_disease_directed_title"	"NCT00014170[PHASE2] Gefitinib in Treating Patients With Newly Diagnosed Glioblastoma Multiforme; NCT00052208[PHASE1|PHASE2] Gefitinib and Radiation Therapy in Treating Patients With Glioblastoma Multiforme; NCT01310855[PHASE2] Cediranib Maleate With or Without Gefitinib in Treating Patients With Recurrent or Progressive Glioblastoma"
"2354"	"43907"	"217"	"Glioblastoma"	"D005909"	"890"	"cabozantinib"	"DB08875"	"3786"	""	"4233"	"strict_phase2_3_disease_directed_title"	"NCT05039281[PHASE1|PHASE2] Atezolizumab and Cabozantinib for the Treatment of Recurrent Glioblastoma"
"2362"	"43590"	"219"	"Melanoma"	"D008545"	"218"	"celecoxib"	"DB00482"	"3709"	"ABCB5"	"340273"	"strict_phase2_3_disease_directed_title"	"NCT04093323[PHASE2] Polarized Dendritic Cell (aDC1) Based Treatment, Interferon Alpha-2, Rintatolimod, and Celecoxib for the Treatment of HLA-A2+ Refractory Melanoma"
"2363"	"7918"	"265"	"Colorectal Neoplasms"	"D015179"	"926"	"lenvatinib"	"DB09078"	"484"	"FGFR3"	"2261"	"strict_phase2_3_disease_directed_title"	"NCT04776148[PHASE3] Study of Lenvatinib (MK-7902/E7080) in Combination With Pembrolizumab (MK-3475) Versus Standard of Care in Participants With Metastatic Colorectal Cancer (MK-7902-017/E7080-G000-325/LEAP-017); NCT07683949[PHASE1|PHASE2] Clinical Trial Evaluating the Efficacy of Capecitabine Plus Lenvatinib in Patients With Advanced Colorectal Cancer Refractory to Irinotecan, Oxaliplatin, and Fluoropyrimidine"
"2368"	"9443"	"190"	"Schizophrenia"	"D012559"	"885"	"fingolimod"	"DB08868"	"808"	"HDAC1"	"3065"	"strict_phase2_3_disease_directed_title"	"NCT01779700[PHASE2] Fingolimod in Schizophrenia Patients"
"2370"	"23184"	"92"	"Obsessive-Compulsive Disorder"	"D009771"	"677"	"quetiapine"	"DB01224"	"1559"	"HTR2A"	"3356"	"strict_phase2_3_disease_directed_title"	"NCT00254735[PHASE3] Quetiapine Augmentation in Severe Obsessive Compulsive Disorder; NCT00318539[PHASE2] Addition of Quetiapine in Obsessive Compulsive Disorder - Westenberg Study"
"2372"	"24249"	"647"	"Anxiety Disorders"	"D001008"	"641"	"escitalopram"	"DB01175"	"1566"	"SLC6A3"	"6531"	"strict_phase2_3_disease_directed_title"	"NCT00887679[PHASE3] Treatment Effects of Escitalopram (Lexapro®) on Generalized Anxiety Disorder in Patients With HIV and AIDS"
"2375"	"39953"	"239"	"Neuralgia"	"D009437"	"535"	"gabapentin"	"DB00996"	"3235"	"CACNA2D1"	"781"	"strict_phase2_3_disease_directed_title"	"NCT00335933[PHASE3] Safety and Efficacy of Gabapentin in Postherpetic Neuralgia; NCT00475904[PHASE2] A Comparison of EpiCept™ NP-1 Topical Cream vs. Oral Gabapentin in Postherpetic Neuralgia (PHN); NCT00636636[PHASE3] Safety and Efficacy of Gabapentin in Postherpetic Neuralgia"
"2376"	"14821"	"408"	"Blast Crisis"	"D001752"	"900"	"ponatinib"	"DB08901"	"1117"	"BCR"	"613"	"strict_phase2_3_disease_directed_title"	"NCT03895671[PHASE2] PONAZA : A COMBINATION OF PONATINIB AND 5-AZACITIDINE IN CHRONIC MYELOGENOUS LEUKAEMIA IN ACCELERATED PHASE OR IN MYELOID BLAST CRISIS"
"2377"	"30135"	"647"	"Anxiety Disorders"	"D001008"	"95"	"venlafaxine"	"DB00285"	"2215"	"SLC6A4"	"6532"	"strict_phase2_3_disease_directed_title"	"NCT00238719[PHASE3] Study Evaluating Venlafaxine ER in Children and Adolescents With Social Anxiety Disorder"
"2384"	"9234"	"83"	"Lung Neoplasms"	"D008175"	"809"	"vandetanib"	"DB05294"	"800"	"ERBB3"	"2065"	"strict_phase2_3_disease_directed_title"	"NCT00687297[PHASE2] Study of Vandetanib Combined With Chemotherapy to Treat Advanced Non-small Cell Lung Cancer"
"2385"	"35964"	"265"	"Colorectal Neoplasms"	"D015179"	"218"	"celecoxib"	"DB00482"	"2791"	"ABCB1"	"5243"	"strict_phase2_3_disease_directed_title"	"NCT00033371[PHASE2] Celecoxib With or Without Eflornithine in Preventing Colorectal Cancer in Patients With Familial Adenomatous Polyposis; NCT00064181[PHASE3] Combination Chemotherapy With or Without Celecoxib in Treating Patients With Metastatic Colorectal Cancer; NCT00072553[PHASE2] Celecoxib, Leucovorin, Fluorouracil, and Oxaliplatin in Treating Patients With Metastatic Colorectal Cancer; NCT00250835[PHASE2] Combination of Oxaliplatin, Capecitabine, and Celecoxib With Concurrent Radiation for Rectal Cancer; NCT00258232[PHASE2] Celecoxib, Capecitabine, and Irinotecan in Treating Patients With Recurrent or Metastatic Colorectal Cancer; NCT00336960[PHASE2] Celecoxib, Fluorouracil, and Radiation Therapy in Treating Patients With Stage II or Stage III Rectal Cancer That Can Be Removed By Surgery; NCT00466505[PHASE2] Cetuximab & Celecoxib for Metastatic Colorectal Cancer or Colorectal Cancer That Cannot Be Removed by Surgery; NCT01150045[PHASE3] Oxaliplatin, Leucovorin Calcium, and Fluorouracil With or Without Celecoxib in Treating Patients With Stage III Colon Cancer Previously Treated With Surgery; NCT01729923[PHASE2] A Trial of Maintenance ADAPT Therapy With Capecitabine and Celecoxib in Patients With Metastatic Colorectal Cancer; NCT03403634[PHASE2] Celecoxib, Recombinant Interferon Alfa-2b, and Rintatolimod in Treating Patients With Colorectal Cancer Metastatic to the Liver; NCT03926338[PHASE2] Neoadjuvant Toripalimab With or Without Celecoxib in dMMR/MSI-H Colorectal Cancer; NCT06903858[PHASE2] Toripalimab Plus Celecoxib for dMMR/MSI-H Locally Advanced Colorectal Cancer"
"2389"	"9344"	"232"	"Thyroid Neoplasms"	"D013964"	"890"	"cabozantinib"	"DB08875"	"806"	"RET"	"5979"	"strict_phase2_3_disease_directed_title"	"NCT03690388[PHASE3] A Study of Cabozantinib Compared With Placebo in Subjects With Radioiodine-refractory Differentiated Thyroid Cancer Who Have Progressed After Prior Vascular Endothelial Growth Factor Receptor (VEGFR) -Targeted Therapy; NCT05660954[PHASE2] Cabozantinib In Advanced Radioactive-Iodine Refractory Differentiated Thyroid Cancer."
"2394"	"30009"	"92"	"Obsessive-Compulsive Disorder"	"D009771"	"707"	"paliperidone"	"DB01267"	"2206"	"HTR1D"	"3352"	"strict_phase2_3_disease_directed_title"	"NCT00632229[PHASE2] Double Blinded, Placebo-Controlled Trial of Paliperidone Addition in SRI-Resistant Obsessive-Compulsive Disorder"
"2395"	"43916"	"372"	"Osteosarcoma"	"D012516"	"890"	"cabozantinib"	"DB08875"	"3786"	""	"4233"	"strict_phase2_3_disease_directed_title"	"NCT02243605[PHASE2] Cabozantinib S-malate in Treating Patients With Relapsed Osteosarcoma or Ewing Sarcoma; NCT05019703[PHASE2] Atezolizumab and Cabozantinib for the Treatment of Adolescents and Young Adults With Recurrent or Metastatic Osteosarcoma, TACOS Study; NCT05691478[PHASE2|PHASE3] A Study to Test the Addition of the Drug Cabozantinib to Chemotherapy in Patients With Newly Diagnosed Osteosarcoma; NCT06341712[PHASE2] Effects of Maintenance Cabozantinib+BSC Versus BSC in Children and AYA With Osteosarcoma"
"2399"	"18899"	"647"	"Anxiety Disorders"	"D001008"	"813"	"cariprazine"	"DB06016"	"1406"	"DRD2"	"1813"	"strict_phase2_3_disease_directed_title"	"NCT04965272[PHASE2] A Study To Assess Adverse Events and Change in Disease Activity With Oral Cariprazine When Added to Antidepressant Therapies (ADTs) Compared to Placebo in Adult Participants With Generalized Anxiety Disorder (GAD) Who Have Had an Inadequate Response to ADTs Alone"
"2400"	"13606"	"251"	"Lymphoma"	"D008223"	"1043"	"fostamatinib"	"DB12010"	"1075"	"ITK"	"3702"	"strict_phase2_3_disease_directed_title"	"NCT00446095[PHASE1|PHASE2] Efficacy and Safety Study of Fostamatinib Tablets to Treat B-cell Lymphoma; NCT00798096[PHASE2] Efficacy and Safety Study of Fostamatinib Disodium Tablets to Treat T-Cell Lymphoma; NCT01499303[PHASE2] Study to Learn if 200mg Test Drug (Fostamatinib) Helps People With Large B-Cell Lymphoma,a Type of Blood Cancer"
"2401"	"34331"	"147"	"Pneumonia"	"D011014"	"1118"	"zinc"	"DB01593"	"2558"	"CFB"	"629"	"strict_phase2_3_disease_directed_title"	"NCT00142285[PHASE3] Zinc Pneumonia Outpatient Trial in Children < 2 Years; NCT00148733[PHASE2|PHASE3] CHIZAP: Community- and Health Facility-Based Intervention With Zinc as Adjuvant Therapy for Childhood Pneumonia; NCT00252304[PHASE2|PHASE3] Therapeutic Zinc in Childhood Pneumonia; NCT00373100[PHASE3] The Efficacy of Zinc as Adjunct Therapy in the Treatment of Severe Pneumonia in Children"
"2403"	"22118"	"190"	"Schizophrenia"	"D012559"	"547"	"minocycline"	"DB01017"	"1540"	"VEGFA"	"7422"	"strict_phase2_3_disease_directed_title"	"NCT01320982[PHASE3] Minocycline, Acetylsalicylic Acid or Pramipexole vs Placebo in Patients With Schizophrenia or Schizoaffective Disorder; NCT02907437[PHASE3] Minocycline add-on to Antipsychotics for the Treatment of Negative and Cognitive Symptoms in Schizophrenia; NCT02928965[PHASE2] The Benefit of Minocycline on Negative Symptoms in Schizophrenia: Extent and Mechanisms"
"2415"	"1128"	"431"	"Mesothelioma"	"D008654"	"112"	"gefitinib"	"DB00317"	"55"	"EGFR"	"1956"	"strict_phase2_3_disease_directed_title"	"NCT00025207[PHASE2] Gefitinib in Treating Patients With Malignant Mesothelioma"
"2420"	"9625"	"232"	"Thyroid Neoplasms"	"D013964"	"905"	"dabrafenib"	"DB08912"	"846"	"BRAF"	"673"	"strict_phase2_3_disease_directed_title"	"NCT01723202[PHASE2] Dabrafenib With or Without Trametinib in Treating Patients With Advanced Differentiated Thyroid Cancer; NCT03244956[PHASE2] Efficacy of MEK (Trametinib) and BRAFV600E (Dabrafenib) Inhibitors With Radioactive Iodine (RAI) for the Treatment of Refractory Metastatic Differentiated Thyroid Cancer; NCT04238624[PHASE2] Study of Cemiplimab Combined With Dabrafenib and Trametinib in People With Anaplastic Thyroid Cancer"
"2433"	"42110"	"265"	"Colorectal Neoplasms"	"D015179"	"218"	"celecoxib"	"DB00482"	"3633"	"ABCG2"	"9429"	"strict_phase2_3_disease_directed_title"	"NCT00033371[PHASE2] Celecoxib With or Without Eflornithine in Preventing Colorectal Cancer in Patients With Familial Adenomatous Polyposis; NCT00064181[PHASE3] Combination Chemotherapy With or Without Celecoxib in Treating Patients With Metastatic Colorectal Cancer; NCT00072553[PHASE2] Celecoxib, Leucovorin, Fluorouracil, and Oxaliplatin in Treating Patients With Metastatic Colorectal Cancer; NCT00250835[PHASE2] Combination of Oxaliplatin, Capecitabine, and Celecoxib With Concurrent Radiation for Rectal Cancer; NCT00258232[PHASE2] Celecoxib, Capecitabine, and Irinotecan in Treating Patients With Recurrent or Metastatic Colorectal Cancer; NCT00336960[PHASE2] Celecoxib, Fluorouracil, and Radiation Therapy in Treating Patients With Stage II or Stage III Rectal Cancer That Can Be Removed By Surgery; NCT00466505[PHASE2] Cetuximab & Celecoxib for Metastatic Colorectal Cancer or Colorectal Cancer That Cannot Be Removed by Surgery; NCT01150045[PHASE3] Oxaliplatin, Leucovorin Calcium, and Fluorouracil With or Without Celecoxib in Treating Patients With Stage III Colon Cancer Previously Treated With Surgery; NCT01729923[PHASE2] A Trial of Maintenance ADAPT Therapy With Capecitabine and Celecoxib in Patients With Metastatic Colorectal Cancer; NCT03403634[PHASE2] Celecoxib, Recombinant Interferon Alfa-2b, and Rintatolimod in Treating Patients With Colorectal Cancer Metastatic to the Liver; NCT03926338[PHASE2] Neoadjuvant Toripalimab With or Without Celecoxib in dMMR/MSI-H Colorectal Cancer; NCT06903858[PHASE2] Toripalimab Plus Celecoxib for dMMR/MSI-H Locally Advanced Colorectal Cancer"
"2438"	"4745"	"28"	"Adenoma"	"D000236"	"496"	"aspirin"	"DB00945"	"217"	"TP53"	"7157"	"strict_phase2_3_disease_directed_title"	"NCT00224679[PHASE3] APACC Study:Prospective Study on Aspirin Efficacy in Reducing Colorectal Adenoma Recurrence"
"2443"	"45523"	"239"	"Neuralgia"	"D009437"	"931"	"tetracaine"	"DB09085"	"3908"	"SCN10A"	"6336"	"strict_phase2_3_disease_directed_title"	"NCT00609323[PHASE2] Lidocaine and Tetracaine Cream to Treat Postherpetic Neuralgia (PHN)"
"2444"	"9712"	"232"	"Thyroid Neoplasms"	"D013964"	"1257"	"vemurafenib"	"DB08881"	"846"	"BRAF"	"673"	"strict_phase2_3_disease_directed_title"	"NCT01709292[PHASE2] Vemurafenib Neoadjuvant Trial in Locally Advanced Thyroid Cancer"
"2447"	"6208"	"83"	"Lung Neoplasms"	"D008175"	"700"	"dasatinib"	"DB01254"	"296"	"MAPK14"	"1432"	"strict_phase2_3_disease_directed_title"	"NCT00459342[PHASE2] Dasatinib in Treating Patients With Stage IIIB, Stage IV, or Recurrent Non-Small Cell Lung Cancer; NCT00470054[PHASE2] Dasatinib in Treating Patients With Relapsed Small Cell Lung Cancer; NCT00564876[PHASE2] Phase II Study Evaluating The Safety And Response To Neoadjuvant Dasatinib In Early Stage Non-Small Cell Lung Cancer; NCT00570401[PHASE2] Dasatinib in Treating Patients With Advanced Lung Cancer That Is No Longer Responding to Erlotinib or Gefitinib; NCT00826449[PHASE1|PHASE2] Dasatinib and Erlotinib in Non-Small Cell Lung Cancer (NSCLC); NCT00858403[PHASE2] Dasatinib in Advanced Non-small Cell Lung Cancer (NSCL) With Ex Vivo and In Vivo Assessment of Tumor Target Modulation; NCT01491633[PHASE2] Dasatinib in Advanced Squamous Cell Lung Cancer; NCT02954523[PHASE1|PHASE2] Dasatinib and Osimertinib (AZD9291) in Advanced Non-Small Cell Lung Cancer With EGFR Mutations"
"2450"	"7425"	"83"	"Lung Neoplasms"	"D008175"	"704"	"decitabine"	"DB01262"	"386"	"DNMT3A"	"1788"	"strict_phase2_3_disease_directed_title"	"NCT01628471[PHASE1|PHASE2] MTD Determination, Safety and Efficacy of the Decitabine-Genistein Drug Combination in Advanced Solid Tumors and Non-Small Cell Lung Cancer"
"2451"	"9716"	"265"	"Colorectal Neoplasms"	"D015179"	"1257"	"vemurafenib"	"DB08881"	"846"	"BRAF"	"673"	"strict_phase2_3_disease_directed_title"	"NCT02164916[PHASE2] S1406 Phase II Study of Irinotecan and Cetuximab With or Without Vemurafenib in BRAF Mutant Metastatic Colorectal Cancer; NCT03727763[PHASE2] Cetuximab and Vemurafenib Plus FOLFIRI for BRAF V600E Mutated Advanced Colorectal Cancer (IMPROVEMENT); NCT06008119[PHASE3] Efficacy and Safety of Tunlametinib Plus Vemurafenib in Patients With BRAF V600E-mutant Metastatic Colorectal Cancer"
"2453"	"9643"	"495"	"Glioma"	"D005910"	"905"	"dabrafenib"	"DB08912"	"846"	"BRAF"	"673"	"strict_phase2_3_disease_directed_title"	"NCT03919071[PHASE2] Dabrafenib Combined With Trametinib After Radiation Therapy in Treating Patients With Newly-Diagnosed High-Grade Glioma; NCT07110246[PHASE2] Dabrafenib and Trametinib for BRAF V600 Mutant Low-Grade Gliomas"
"2469"	"13609"	"593"	"Thrombocytopenia"	"D013921"	"1043"	"fostamatinib"	"DB12010"	"1075"	"ITK"	"3702"	"strict_phase2_3_disease_directed_title"	"NCT04543279[PHASE2] Fostamatinib as a Single Agent or in Combination With Ruxolitinib for Treatment of Patients With Myelofibrosis With Severe Thrombocytopenia"
"2480"	"29926"	"92"	"Obsessive-Compulsive Disorder"	"D009771"	"174"	"pramipexole"	"DB00413"	"2206"	"HTR1D"	"3352"	"strict_phase2_3_disease_directed_title"	"NCT05401019[PHASE2] Efficacy of Treatment With Pramipexole or Risperidone in Patients With Refractory Obsessive-compulsive Disorder (OCD); NCT06611592[PHASE2] Safety and Efficacy of Pramipexole Treatment in Resistant Obsessive-Compulsive Disorder (OCD)"
"2483"	"30683"	"520"	"Colitis"	"D003092"	"811"	"apremilast"	"DB05676"	"2233"	"IFNG"	"3458"	"strict_phase2_3_disease_directed_title"	"NCT02289417[PHASE2] Efficacy and Safety Study of Apremilast to Treat Active Ulcerative Colitis"
"2487"	"44303"	"251"	"Lymphoma"	"D008223"	"70"	"cladribine"	"DB00242"	"3818"	"PNP"	"4860"	"strict_phase2_3_disease_directed_title"	"NCT00002879[PHASE2] Cladribine in Patients With Mantle Cell Lymphoma; NCT00053027[PHASE2] Rituximab and Cladribine in Treating Patients With Newly Diagnosed Non-Hodgkin's Lymphoma; NCT00764517[PHASE2] Vorinostat, Cladribine, and Rituximab in Treating Patients With Mantle Cell Lymphoma, Relapsed Chronic Lymphocytic Leukemia, or Relapsed B Cell Non-Hodgkin's Lymphoma; NCT00980395[PHASE2] Bortezomib, Cladribine, and Rituximab in Treating Patients With Advanced Mantle Cell Lymphoma or Indolent Lymphoma; NCT04880746[PHASE3] Efficacy and Safety of Cladribine Combined With BEAC Pretreatment Regimen in the Treatment of Peripheral T-cell Lymphoma: a Multicenter Clinical Study"
"2488"	"18683"	"647"	"Anxiety Disorders"	"D001008"	"677"	"quetiapine"	"DB01224"	"1406"	"DRD2"	"1813"	"strict_phase2_3_disease_directed_title"	"NCT00215254[PHASE2|PHASE3] Quetiapine in Social Anxiety Disorder; NCT00302770[PHASE3] Efficacy of Quetiapine in Generalised Social Anxiety Disorder; NCT00329264[PHASE3] Safety & Efficacy Study of Quetiapine Fumarate (SEROQUEL®) vs. Placebo in Generalized Anxiety Disorder; NCT00329446[PHASE3] Safety & Efficacy Study of Quetiapine Fumarate (SEROQUEL®) vs. Placebo & Active Control in Generalized Anxiety Disorder"
"2489"	"9390"	"232"	"Thyroid Neoplasms"	"D013964"	"900"	"ponatinib"	"DB08901"	"806"	"RET"	"5979"	"strict_phase2_3_disease_directed_title"	"NCT01838642[PHASE2] Ponatinib for Advanced Medullary Thyroid Cancer; NCT03838692[PHASE2] Ponatinib in Advanced or Metastatic Medullary Thyroid Cancer"
"2490"	"43838"	"495"	"Glioma"	"D005910"	"905"	"dabrafenib"	"DB08912"	"3772"	"RAF1"	"5894"	"strict_phase2_3_disease_directed_title"	"NCT03919071[PHASE2] Dabrafenib Combined With Trametinib After Radiation Therapy in Treating Patients With Newly-Diagnosed High-Grade Glioma; NCT07110246[PHASE2] Dabrafenib and Trametinib for BRAF V600 Mutant Low-Grade Gliomas"
"2491"	"25148"	"83"	"Lung Neoplasms"	"D008175"	"293"	"imatinib"	"DB00619"	"1693"	"DDR1"	"780"	"strict_phase2_3_disease_directed_title"	"NCT00052949[PHASE2] Imatinib Mesylate in Treating Patients With Recurrent Small Cell Lung Cancer; NCT00323362[PHASE2] Gemcitabine and Imatinib Mesylate in Treating Patients With Recurrent or Metastatic Non-Small Cell Lung Cancer; NCT00408460[PHASE2] Imatinib Mesylate and Paclitaxel in Treating Older Patients With Stage IIIB or Stage IV Non-Small Cell Lung Cancer; NCT01083589[PHASE2] Imatinib Mesylate and Docetaxel in Non-Small Cell Lung Cancer (NSCLC)"
"2501"	"1127"	"382"	"Rectal Neoplasms"	"D012004"	"112"	"gefitinib"	"DB00317"	"55"	"EGFR"	"1956"	"strict_phase2_3_disease_directed_title"	"NCT00025142[PHASE2] Gefitinib and Combination Chemotherapy in Treating Patients With Advanced Solid Tumors or Colorectal Cancer; NCT00025350[PHASE2] Gefitinib in Treating Patients With Recurrent Metastatic Colorectal Cancer; NCT00052585[PHASE2] Gefitinib and Combination Chemotherapy in Treating Patients With Advanced or Recurrent Colorectal Cancer; NCT00087334[PHASE1|PHASE2] Capecitabine, Oxaliplatin, and Gefitinib in Treating Patients With Metastatic Colorectal Cancer"
"2502"	"42108"	"28"	"Adenoma"	"D000236"	"218"	"celecoxib"	"DB00482"	"3633"	"ABCG2"	"9429"	"strict_phase2_3_disease_directed_title"	"NCT00033371[PHASE2] Celecoxib With or Without Eflornithine in Preventing Colorectal Cancer in Patients With Familial Adenomatous Polyposis; NCT00582660[PHASE2] Evaluation of Surgically Resected Colorectal Adenomas and Carcinomas After 7 Days Pretreatment With Celecoxib"
"2510"	"39924"	"239"	"Neuralgia"	"D009437"	"62"	"pregabalin"	"DB00230"	"3235"	"CACNA2D1"	"781"	"strict_phase2_3_disease_directed_title"	"NCT00150436[PHASE3] To Evaluate Long-Term Safety and Efficacy of Pregabalin in Patients With Postherpetic Neuralgia.; NCT00394901[PHASE3] A 13-Week, Randomized, Double-Blind, Multicenter, Placebo-Controlled Study Of Pregabalin For Postherpetic Neuralgia; NCT00424372[PHASE3] A Long-Term Study To Evaluate Safety And Efficacy Of Pregabalin For Postherpetic Neuralgia; NCT00599638[PHASE2] A Study To Compare Pregabalin/PF-00489791 Combination Versus Pregabalin Alone In Post-Herpetic Neuralgia; NCT01270828[PHASE3] Safety And Efficacy Study Of Once Daily Controlled Release Pregabalin In The Treatment Of Patients With Postherpetic Neuralgia; NCT02868801[PHASE3] Efficacy and Safety of Pregabalin Sustained Release Tablet for Postherpetic Neuralgia; NCT07712913[PHASE3] Extended-release Pregabalin for the Treatment of Neuropathic Pain in Patients With Diabetic Peripheral Neuropathy and Postherpetic Neuralgia"
"2511"	"1135"	"588"	"Adenocarcinoma"	"D000230"	"112"	"gefitinib"	"DB00317"	"55"	"EGFR"	"1956"	"strict_phase2_3_disease_directed_title"	"NCT01502202[PHASE2] Intercalated Administration of PamCis With Gefitinib or Placebo as First Line Lung Adenocarcinoma in Never Smokers; NCT02951637[PHASE2] Chemotherapy Plus Gefitinib for Advanced Lung Adenocarcinoma and Sensitive EGFR Mutations: a Randomized Controlled Trial; NCT03486496[PHASE2] Gefitinib and Berberine in the First-line Treatment of Lung Adenocarcinoma With EGFR Mutation"
"2523"	"28364"	"462"	"Autistic Disorder"	"D001321"	"139"	"sapropterin"	"DB00360"	"2111"	"PAH"	"5053"	"strict_phase2_3_disease_directed_title"	"NCT00850070[PHASE2] Sapropterin as a Treatment for Autistic Disorder"
"2527"	"37454"	"499"	"Insulin Resistance"	"D007333"	"122"	"metformin"	"DB00331"	"3002"	"ACACB"	"32"	"strict_phase2_3_disease_directed_title"	"NCT01664845[PHASE2|PHASE3] Effects of Metformin, Pegylated Interferon Alpha and Ribavirin for Chronic Hepatitis C With Insulin Resistance; NCT02647827[PHASE2] Acupuncture or Metformin for Insulin Resistance in Women With PCOS"
"2534"	"25559"	"265"	"Colorectal Neoplasms"	"D015179"	"759"	"Iron"	"DB01592"	"1826"	"TFRC"	"7037"	"strict_phase2_3_disease_directed_title"	"NCT03565354[PHASE3] Efficacy of Preoperative Intravenous Iron in Anaemic Colorectal Cancer Surgical Patients; NCT05220800[PHASE2] Effects of Intravenous Administered Iron in Non-anemic Iron Deficient Patients With Colorectal Cancer"
"2540"	"15876"	"567"	"Purpura"	"D011693"	"1043"	"fostamatinib"	"DB12010"	"1247"	"PRKCD"	"5580"	"strict_phase2_3_disease_directed_title"	"NCT00706342[PHASE2] Pilot Study of Fostamatinib Disodium/R935788 for the Treatment of Adult Refractory Immune Thrombocytopenic Purpura (ITP); NCT02076412[PHASE3] A Efficacy and Safety Study of Fostamatinib in the Treatment of Persistent/Chronic Immune Thrombocytopenic Purpura (ITP)"
"2552"	"25223"	"83"	"Lung Neoplasms"	"D008175"	"13"	"calcitriol"	"DB00136"	"1710"	"GC"	"2638"	"strict_phase2_3_disease_directed_title"	"NCT00794547[PHASE1|PHASE2] Phase I/II Calcitriol in Lung Cancer"
"2554"	"39915"	"265"	"Colorectal Neoplasms"	"D015179"	"249"	"5-fluorouracil"	"DB00544"	"3231"	"DPYD"	"1806"	"strict_phase2_3_disease_directed_title"	"NCT00001428[PHASE2] A Phase II Study of 5-Fluorouracil Administered as a One Hour Infusion in Combination With Calcium Leucovorin and Interferon Alpha-2A in Advanced Colorectal Cancer; NCT00009737[PHASE3] A Study of Xeloda (Capecitabine) Compared With 5-Fluorouracil in Combination With Low-Dose Leucovorin in Patients Who Have Undergone Surgery for Colon Cancer; NCT00065117[PHASE2] Safety, Tolerability and Efficacy of ZD6126 in Combination With Oxaliplatin, 5-Fluorouracil and Leucovorin in Subjects With Metastatic Colorectal Cancer.; NCT00110721[PHASE2] GM-CT-01 Plus 5-Fluorouracil as Third- or Fourth-Line Therapy for Metastatic Colorectal Cancer; NCT00278889[PHASE2] Second Line ColoRectal Cancer Therapy in Combination With Combination of FOL- Folinic Acid(Leucovorin), F - Fluorouracil and OX - Oxaliplatin (FOLFOX); NCT00307736[PHASE1|PHASE2] Bevacizumab, Erlotinib and 5-Fluorouracil With External Beam Radiation Therapy in Locally Advanced Rectal Cancer; NCT00308516[PHASE2] 5-Fluorouracil, Bevacizumab, and Radiation Followed by Modified FOLFOX6 and Bevacizumab in Stage II/III Rectal Cancer; NCT00612586[PHASE2] Study of Enzastaurin With 5-Fluorouracil/Leucovorin (5-FU/LV) Plus Bevacizumab as Maintenance Regimen Following First Line Therapy for Metastatic Colon Cancer; NCT00689624[PHASE2] Irinotecan/Oxaliplatin/5-Fluorouracil/Leucovorin/Cetuximab As First Line Treatment In Colorectal Cancer; NCT00932438[PHASE1|PHASE2] Drug-Eluting Bead, Irinotecan (DEBIRI) Therapy of Liver Metastasis From Colon Cancer With Systemic Fluorouracil, Oxaliplatin, Leucovorin and Bevacizumab; NCT01150045[PHASE3] Oxaliplatin, Leucovorin Calcium, and Fluorouracil With or Without Celecoxib in Treating Patients With Stage III Colon Cancer Previously Treated With Surgery; NCT06501989[PHASE2] Study of 5-fluorouracil (5-FU) in Patients With Metastatic Colorectal Cancer"
"2557"	"36176"	"219"	"Melanoma"	"D008545"	"287"	"sulindac"	"DB00605"	"2805"	"AKR1B10"	"57016"	"strict_phase2_3_disease_directed_title"	"NCT00755976[PHASE2] Sulindac and Epirubicin in Treating Patients With Metastatic Malignant Melanoma"
"2559"	"34502"	"498"	"Pulmonary Fibrosis"	"D011658"	"547"	"minocycline"	"DB01017"	"2578"	"IL1B"	"3553"	"strict_phase2_3_disease_directed_title"	"NCT00203697[PHASE3] Minocycline Therapy for Lung Scarring in Patients With Idiopathic Pulmonary Fibrosis - a Pilot Study"
"2560"	"38573"	"647"	"Anxiety Disorders"	"D001008"	"367"	"risperidone"	"DB00734"	"3056"	"HTR7"	"3363"	"strict_phase2_3_disease_directed_title"	"NCT00086112[PHASE3] Study Comparing Risperidone vs Placebo as add-on Therapy in Patients With Generalized Anxiety Disorder Who Are Sub-optimally Responding to Standard Therapy.; NCT00277654[PHASE3] Study of Risperidone Monotherapy in Ambulatory Bipolar Disorder With Concurrent Moderately Severe Anxiety and Lifetime Panic or Generalized Anxiety Disorder"
"2563"	"7501"	"265"	"Colorectal Neoplasms"	"D015179"	"680"	"paclitaxel"	"DB01229"	"392"	"TLR4"	"7099"	"strict_phase2_3_disease_directed_title"	"NCT00024401[PHASE2] DHA-Paclitaxel in Treating Patients With Metastatic Colorectal Cancer"
"2565"	"30002"	"92"	"Obsessive-Compulsive Disorder"	"D009771"	"677"	"quetiapine"	"DB01224"	"2206"	"HTR1D"	"3352"	"strict_phase2_3_disease_directed_title"	"NCT00254735[PHASE3] Quetiapine Augmentation in Severe Obsessive Compulsive Disorder; NCT00318539[PHASE2] Addition of Quetiapine in Obsessive Compulsive Disorder - Westenberg Study"
"2567"	"30234"	"647"	"Anxiety Disorders"	"D001008"	"214"	"duloxetine"	"DB00476"	"2215"	"SLC6A4"	"6532"	"strict_phase2_3_disease_directed_title"	"NCT00114127[PHASE3] Duloxetine for Social Anxiety Disorder: Prediction of Long Term Outcome; NCT00122824[PHASE3] Duloxetine Compared With Placebo in Patients With Generalized Anxiety Disorder; NCT00122837[PHASE3] A Comparison of Duloxetine Hydrochloride, Marketed Comparator, and Placebo in the Treatment of Generalized Anxiety Disorder; NCT00122850[PHASE3] A Comparison of Duloxetine Hydrochloride, Marketed Comparator, and Placebo in the Treatment of Generalized Anxiety Disorder; NCT00122863[PHASE3] Duloxetine Compared With Placebo in the Prevention of Relapse in Generalized Anxiety Disorder; NCT00803361[PHASE3] Duloxetine for the Treatment of Generalized Anxiety Disorder"
"2568"	"30491"	"647"	"Anxiety Disorders"	"D001008"	"849"	"vilazodone"	"DB06684"	"2215"	"SLC6A4"	"6532"	"strict_phase2_3_disease_directed_title"	"NCT01629966[PHASE3] Safety, Efficacy and Tolerability of Vilazodone in Generalized Anxiety Disorder; NCT01844115[PHASE3] Safety, Efficacy and Tolerability of Vilazodone in (GAD) Generalized Anxiety Disorder"
"2573"	"30417"	"647"	"Anxiety Disorders"	"D001008"	"641"	"escitalopram"	"DB01175"	"2215"	"SLC6A4"	"6532"	"strict_phase2_3_disease_directed_title"	"NCT00887679[PHASE3] Treatment Effects of Escitalopram (Lexapro®) on Generalized Anxiety Disorder in Patients With HIV and AIDS"
"2581"	"27606"	"507"	"Liver Failure"	"D017093"	"1136"	"L-Ornithine"	"DB00129"	"2018"	"OTC"	"5009"	"strict_phase2_3_disease_directed_title"	"NCT00470314[PHASE2] Therapeutic Efficacy of L-Ornithine L-Aspartate Infusion in Patients With Acute Liver Failure"
"2586"	"4377"	"334"	"Leukemia"	"D007938"	"921"	"idelalisib"	"DB09054"	"167"	"PIK3CA"	"5290"	"strict_phase2_3_disease_directed_title"	"NCT01539291[PHASE3] Extension Study of Idelalisib in Participants With Chronic Lymphocytic Leukemia (CLL) Who Participated in GS-US-312-0116 (NCT01539512); NCT01539512[PHASE3] A Randomized, Double-Blind, Placebo-Controlled Study of Idelalisib in Combination With Rituximab for Previously Treated Chronic Lymphocytic Leukemia (CLL); NCT01569295[PHASE3] Study Evaluating the Efficacy and Safety of Idelalisib in Combination With Bendamustine and Rituximab for Previously Treated Chronic Lymphocytic Leukemia (CLL) (Tugela ); NCT01659021[PHASE3] Efficacy and Safety of Idelalisib in Combination With Ofatumumab for Previously Treated Chronic Lymphocytic Leukemia; NCT01980888[PHASE3] Efficacy and Safety of Idelalisib in Combination With Bendamustine and Rituximab in Adults With Previously Untreated Chronic Lymphocytic Leukemia; NCT02044822[PHASE2] Efficacy and Safety of Idelalisib in Combination With Rituximab in Patients With Previously Untreated Chronic Lymphocytic Leukemia With 17p Deletion; NCT02332980[PHASE2] Pembrolizumab Alone or With Idelalisib or Ibrutinib in Treating Patients With Relapsed or Refractory Chronic Lymphocytic Leukemia or Other Low-Grade B-Cell Non-Hodgkin Lymphomas; NCT02662296[PHASE2] Ibrutinib or Idelalisib in Treating Patients With Persistent or Relapsed Chronic Lymphocytic Leukemia, Small Lymphocytic Lymphoma, or Non-Hodgkin Lymphoma After Donor Stem Cell Transplant; NCT02968563[PHASE2] Study to Evaluate the Safety and Efficacy of the Combination of Tirabrutinib and Idelalisib With and Without Obinutuzumab in Adults With Relapsed or Refractory Chronic Lymphocytic Leukemia (CLL); NCT03742323[PHASE1|PHASE2] REALIB-LLA-2017: Idelalisib in Patients With Acute Lymphoblastic Leukemia; NCT04666038[PHASE3] Study of LOXO-305 (Pirtobrutinib) Versus Investigator's Choice (Idelalisib Plus Rituximab or Bendamustine Plus Rituximab) in Patients With Previously Treated Chronic Lymphocytic Leukemia (CLL)/Small Lymphocytic Lymphoma (SLL)"
"2587"	"30542"	"647"	"Anxiety Disorders"	"D001008"	"922"	"vortioxetine"	"DB09068"	"2215"	"SLC6A4"	"6532"	"strict_phase2_3_disease_directed_title"	"NCT00730691[PHASE3] Efficacy of Vortioxetine (Lu AA21004) in Treating Generalized Anxiety Disorder; NCT00731120[PHASE3] Study of Efficacy and Safety of Vortioxetine (Lu AA21004) in Treating Generalized Anxiety Disorder; NCT00734071[PHASE3] An Efficacy and Safety Study of Vortioxetine (Lu AA21004) in Treating Generalized Anxiety Disorder; NCT00744627[PHASE3] Efficacy and Safety of Vortioxetine (Lu AA21004) for Treatment of Generalized Anxiety Disorder in Adults.; NCT01491035[PHASE2] Pharmacokinetics and Tolerability of Vortioxetine (Lu AA21004) in Child and Adolescent Patients With Depressive or Anxiety Disorder"
"2605"	"3712"	"190"	"Schizophrenia"	"D012559"	"400"	"estradiol"	"DB00783"	"121"	"BECN1"	"8678"	"strict_phase2_3_disease_directed_title"	"NCT00206570[PHASE2] Clinical Estradiol Trial in Women With Schizophrenia; NCT03848234[PHASE3] Estradiol Patch as add-on to Antipsychotics in Patients With Schizophrenia, Schizoaffective or Schizophreniform Disorder"
"2607"	"46223"	"84"	"Skin Neoplasms"	"D012878"	"829"	"eflornithine"	"DB06243"	"3974"	"ODC1"	"4953"	"strict_phase2_3_disease_directed_title"	"NCT00021294[PHASE2] Eflornithine With or Without Triamcinolone in Preventing Nonmelanoma Skin Cancer in Patients With Actinic Keratosis"
"2611"	"34486"	"190"	"Schizophrenia"	"D012559"	"547"	"minocycline"	"DB01017"	"2578"	"IL1B"	"3553"	"strict_phase2_3_disease_directed_title"	"NCT01320982[PHASE3] Minocycline, Acetylsalicylic Acid or Pramipexole vs Placebo in Patients With Schizophrenia or Schizoaffective Disorder; NCT02907437[PHASE3] Minocycline add-on to Antipsychotics for the Treatment of Negative and Cognitive Symptoms in Schizophrenia; NCT02928965[PHASE2] The Benefit of Minocycline on Negative Symptoms in Schizophrenia: Extent and Mechanisms"
"2622"	"3959"	"265"	"Colorectal Neoplasms"	"D015179"	"759"	"Iron"	"DB01592"	"146"	"FEN1"	"2237"	"strict_phase2_3_disease_directed_title"	"NCT03565354[PHASE3] Efficacy of Preoperative Intravenous Iron in Anaemic Colorectal Cancer Surgical Patients; NCT05220800[PHASE2] Effects of Intravenous Administered Iron in Non-anemic Iron Deficient Patients With Colorectal Cancer"
"2630"	"35960"	"190"	"Schizophrenia"	"D012559"	"218"	"celecoxib"	"DB00482"	"2791"	"ABCB1"	"5243"	"strict_phase2_3_disease_directed_title"	"NCT00639483[PHASE2] Efficacy and Safety of Celecoxib as Add-on Therapy to Risperidone Versus Risperidone Alone in Patients With Schizophrenia"
"2639"	"46225"	"265"	"Colorectal Neoplasms"	"D015179"	"829"	"eflornithine"	"DB06243"	"3974"	"ODC1"	"4953"	"strict_phase2_3_disease_directed_title"	"NCT00033371[PHASE2] Celecoxib With or Without Eflornithine in Preventing Colorectal Cancer in Patients With Familial Adenomatous Polyposis"
"2640"	"38649"	"647"	"Anxiety Disorders"	"D001008"	"922"	"vortioxetine"	"DB09068"	"3056"	"HTR7"	"3363"	"strict_phase2_3_disease_directed_title"	"NCT00730691[PHASE3] Efficacy of Vortioxetine (Lu AA21004) in Treating Generalized Anxiety Disorder; NCT00731120[PHASE3] Study of Efficacy and Safety of Vortioxetine (Lu AA21004) in Treating Generalized Anxiety Disorder; NCT00734071[PHASE3] An Efficacy and Safety Study of Vortioxetine (Lu AA21004) in Treating Generalized Anxiety Disorder; NCT00744627[PHASE3] Efficacy and Safety of Vortioxetine (Lu AA21004) for Treatment of Generalized Anxiety Disorder in Adults.; NCT01491035[PHASE2] Pharmacokinetics and Tolerability of Vortioxetine (Lu AA21004) in Child and Adolescent Patients With Depressive or Anxiety Disorder"
"2642"	"43919"	"588"	"Adenocarcinoma"	"D000230"	"890"	"cabozantinib"	"DB08875"	"3786"	""	"4233"	"strict_phase2_3_disease_directed_title"	"NCT03213626[PHASE2] Cabozantinib and Erlotinib for Patients With EGFR and c-Met Co-expressing Metastatic Pancreatic Adenocarcinoma; NCT04164979[PHASE2] Ph II Study of Cabozantinib With Pembrolizumab in Metastatic Gastric and Gastroesophageal Adenocarcinoma"
"2645"	"34890"	"265"	"Colorectal Neoplasms"	"D015179"	"809"	"vandetanib"	"DB05294"	"2684"	"EPHA1"	"2041"	"strict_phase2_3_disease_directed_title"	"NCT00500292[PHASE2] A Phase II Study of 2 Doses of ZD6474 (Vandetanib) in Combination With FOLFOX vs FOLFOX Alone for the Treatment of Colorectal Cancer"
"2652"	"15520"	"265"	"Colorectal Neoplasms"	"D015179"	"216"	"lenalidomide"	"DB00480"	"1204"	"CDH5"	"1003"	"strict_phase2_3_disease_directed_title"	"NCT01032291[PHASE2] A Study to Assess the Efficacy and Safety of Lenalidomide in Combination With Cetuximab in Pre-treated Patients With KRAS Mutant Colorectal Cancer"
"2656"	"17225"	"442"	"Alcoholism"	"D000437"	"807"	"ibudilast"	"DB05266"	"1385"	"IL6"	"3569"	"strict_phase2_3_disease_directed_title"	"NCT03594435[PHASE2] Ibudilast for the Treatment of Alcohol Use Disorder; NCT05414240[PHASE2] Ibudilast for Treating Alcohol Use Disorder"
"2658"	"4357"	"83"	"Lung Neoplasms"	"D008175"	"921"	"idelalisib"	"DB09054"	"167"	"PIK3CA"	"5290"	"strict_phase2_3_disease_directed_title"	"NCT03257722[PHASE1|PHASE2] Pembrolizumab + Idelalisib for Lung Cancer Study"
"2659"	"37575"	"647"	"Anxiety Disorders"	"D001008"	"170"	"Alprazolam"	"DB00404"	"3042"	"GABRA2"	"2555"	"strict_phase2_3_disease_directed_title"	"NCT00921063[PHASE2] A 5-Week Trial Of PD 0332334 And Alprazolam Extended Release Compared To Placebo In Patients With Generalized Anxiety Disorder"
"2661"	"17640"	"368"	"Tourette Syndrome"	"D005879"	"174"	"pramipexole"	"DB00413"	"1405"	"DRD3"	"1814"	"strict_phase2_3_disease_directed_title"	"NCT00681863[PHASE3] Open-label Extension Study of Pramipexole in the Treatment of Children and Adolescents With Tourette Syndrome"
"2662"	"8097"	"190"	"Schizophrenia"	"D012559"	"117"	"Tolcapone"	"DB00323"	"558"	"COMT"	"1312"	"strict_phase2_3_disease_directed_title"	"NCT06387771[PHASE2] Evaluation of Tolcapone as a Cognitive Enhancer in Schizophrenia"
"2663"	"38612"	"647"	"Anxiety Disorders"	"D001008"	"677"	"quetiapine"	"DB01224"	"3056"	"HTR7"	"3363"	"strict_phase2_3_disease_directed_title"	"NCT00215254[PHASE2|PHASE3] Quetiapine in Social Anxiety Disorder; NCT00302770[PHASE3] Efficacy of Quetiapine in Generalised Social Anxiety Disorder; NCT00329264[PHASE3] Safety & Efficacy Study of Quetiapine Fumarate (SEROQUEL®) vs. Placebo in Generalized Anxiety Disorder; NCT00329446[PHASE3] Safety & Efficacy Study of Quetiapine Fumarate (SEROQUEL®) vs. Placebo & Active Control in Generalized Anxiety Disorder"
"2673"	"38682"	"190"	"Schizophrenia"	"D012559"	"15"	"Glycine"	"DB00145"	"3060"	"GSS"	"2937"	"strict_phase2_3_disease_directed_title"	"NCT00000372[PHASE3] Glycine and D-Cycloserine in Schizophrenia; NCT00291226[PHASE2|PHASE3] Glycine vs Placebo for the Schizophrenia Prodrome"
"2691"	"46212"	"517"	"Respiratory Distress Syndrome"	"D012128"	"1043"	"fostamatinib"	"DB12010"	"3963"	"EIF2AK1"	"27102"	"strict_phase2_3_disease_directed_title"	"NCT06564207[PHASE2] Fostamatinib for Treating Acute Respiratory Distress Syndrome (ARDS) in Hospitalized Adults"
"2694"	"37572"	"647"	"Anxiety Disorders"	"D001008"	"169"	"eszopiclone"	"DB00402"	"3042"	"GABRA2"	"2555"	"strict_phase2_3_disease_directed_title"	"NCT00616655[PHASE2] Generalized Anxiety Disorder Proof of Concept Efficacy and Safety Study of SEP-225441 (Eszopiclone) In GAD Subjects"
"2696"	"30758"	"621"	"Amblyopia"	"D000550"	"685"	"levodopa"	"DB01235"	"2277"	"GPR143"	"4935"	"strict_phase2_3_disease_directed_title"	"NCT00789672[PHASE2] Pilot Study to Evaluate Levodopa as Treatment for Residual Amblyopia; NCT01190813[PHASE3] Levodopa for the Treatment of Residual Amblyopia"
"2698"	"17696"	"368"	"Tourette Syndrome"	"D005879"	"367"	"risperidone"	"DB00734"	"1405"	"DRD3"	"1814"	"strict_phase2_3_disease_directed_title"	"NCT00004393[PHASE2] Phase II Double Blind Placebo Controlled Trial of Risperidone in Tourette Syndrome"
"2699"	"15628"	"207"	"Periodontitis"	"D010518"	"307"	"simvastatin"	"DB00641"	"1225"	"ITGB2"	"3689"	"strict_phase2_3_disease_directed_title"	"NCT02060032[PHASE2|PHASE3] 1.2% Atorvastatin and 1.2% Simvastatin in Treatment of Chronic Periodontitis; NCT02120872[PHASE2] Platelet Rich Fibrin Combined With Simvastatin for Treatment of Intrabony Defect in Chronic Periodontitis; NCT02372656[PHASE2|PHASE3] Simvastatin and Metformin in Chronic Periodontitis; NCT03745300[PHASE2|PHASE3] Comparative Evaluation Of 1.2% Atorvastatin and 1.2% Simvastatin Gel Local Drug Delivery And Redelivery In Chronic Periodontitis Subjects With Diabetes Mellitus: A Randomized Controlled Clinical Trial."
"2710"	"41247"	"190"	"Schizophrenia"	"D012559"	"15"	"Glycine"	"DB00145"	"3369"	"GLRA2"	"2742"	"strict_phase2_3_disease_directed_title"	"NCT00000372[PHASE3] Glycine and D-Cycloserine in Schizophrenia; NCT00291226[PHASE2|PHASE3] Glycine vs Placebo for the Schizophrenia Prodrome"
"2711"	"41970"	"265"	"Colorectal Neoplasms"	"D015179"	"1093"	"raltitrexed"	"DB00293"	"3566"	"FPGS"	"2356"	"strict_phase2_3_disease_directed_title"	"NCT01348412[PHASE2] Hepatic Arterial Chemotherapy With Raltitrexed and Oxaliplatin Versus Standard Chemotherapy in Unresectable Liver Metastases From Colorectal Cancer After Conventional Chemotherapy Failure; NCT02618356[PHASE2] Combined Use of Raltitrexed and S-1 as Treatment for Patients With Metastasizing Colorectal Cancer; NCT02992886[PHASE2] Preoperative Chemoradiotherapy With Raltitrexed for Intermediate or Locally Advanced Rectal Cancer in the Fit Elderly; NCT03053167[PHASE2] Irinotecan Plus Raltitrexed as Second-line Treatment in Advanced Colorectal Cancer Patients; NCT03126071[PHASE2] Raltitrexed-based Chemotherapy Plus Bevacizumab in Retreated Patients With Advanced Colorectal Cancer; NCT03344614[PHASE2] A Study of Apatinib in Combination With Raltitrexed Treatment in Patients With Advanced Colorectal Cancer; NCT04241731[PHASE2] A Study of Cetuximab Plus Raltitrexed for Maintenance Treatment in Advanced Colorectal Cancer; NCT04499586[PHASE2] A Study of Radiotherapy Combined With Raltitrexed and Irinotecan in Metastatic or Locally Recurrent Colorectal Cancer; NCT05426811[PHASE1|PHASE2] Regorafenib Plus Raltitrexed as Third-line Treatment in Advanced Colorectal Cancer Patients"
"2714"	"14834"	"190"	"Schizophrenia"	"D012559"	"547"	"minocycline"	"DB01017"	"1132"	"CASP3"	"836"	"strict_phase2_3_disease_directed_title"	"NCT01320982[PHASE3] Minocycline, Acetylsalicylic Acid or Pramipexole vs Placebo in Patients With Schizophrenia or Schizoaffective Disorder; NCT02907437[PHASE3] Minocycline add-on to Antipsychotics for the Treatment of Negative and Cognitive Symptoms in Schizophrenia; NCT02928965[PHASE2] The Benefit of Minocycline on Negative Symptoms in Schizophrenia: Extent and Mechanisms"
"2716"	"31642"	"498"	"Pulmonary Fibrosis"	"D011658"	"1118"	"zinc"	"DB01593"	"2387"	"SERPINA1"	"5265"	"strict_phase2_3_disease_directed_title"	"NCT06567717[PHASE2] Zinc and Nicotinamide Riboside for Idiopathic Pulmonary Fibrosis"
"2721"	"41269"	"190"	"Schizophrenia"	"D012559"	"15"	"Glycine"	"DB00145"	"3380"	"AGXT2"	"64902"	"strict_phase2_3_disease_directed_title"	"NCT00000372[PHASE3] Glycine and D-Cycloserine in Schizophrenia; NCT00291226[PHASE2|PHASE3] Glycine vs Placebo for the Schizophrenia Prodrome"
"2727"	"25406"	"190"	"Schizophrenia"	"D012559"	"15"	"Glycine"	"DB00145"	"1765"	"SHMT1"	"6470"	"strict_phase2_3_disease_directed_title"	"NCT00000372[PHASE3] Glycine and D-Cycloserine in Schizophrenia; NCT00291226[PHASE2|PHASE3] Glycine vs Placebo for the Schizophrenia Prodrome"
"2748"	"14686"	"610"	"Idiopathic Pulmonary Fibrosis"	"D054990"	"1118"	"zinc"	"DB01593"	"1102"	"DSP"	"1832"	"strict_phase2_3_disease_directed_title"	"NCT06567717[PHASE2] Zinc and Nicotinamide Riboside for Idiopathic Pulmonary Fibrosis"
"2753"	"43591"	"265"	"Colorectal Neoplasms"	"D015179"	"218"	"celecoxib"	"DB00482"	"3709"	"ABCB5"	"340273"	"strict_phase2_3_disease_directed_title"	"NCT00033371[PHASE2] Celecoxib With or Without Eflornithine in Preventing Colorectal Cancer in Patients With Familial Adenomatous Polyposis; NCT00064181[PHASE3] Combination Chemotherapy With or Without Celecoxib in Treating Patients With Metastatic Colorectal Cancer; NCT00072553[PHASE2] Celecoxib, Leucovorin, Fluorouracil, and Oxaliplatin in Treating Patients With Metastatic Colorectal Cancer; NCT00250835[PHASE2] Combination of Oxaliplatin, Capecitabine, and Celecoxib With Concurrent Radiation for Rectal Cancer; NCT00258232[PHASE2] Celecoxib, Capecitabine, and Irinotecan in Treating Patients With Recurrent or Metastatic Colorectal Cancer; NCT00336960[PHASE2] Celecoxib, Fluorouracil, and Radiation Therapy in Treating Patients With Stage II or Stage III Rectal Cancer That Can Be Removed By Surgery; NCT00466505[PHASE2] Cetuximab & Celecoxib for Metastatic Colorectal Cancer or Colorectal Cancer That Cannot Be Removed by Surgery; NCT01150045[PHASE3] Oxaliplatin, Leucovorin Calcium, and Fluorouracil With or Without Celecoxib in Treating Patients With Stage III Colon Cancer Previously Treated With Surgery; NCT01729923[PHASE2] A Trial of Maintenance ADAPT Therapy With Capecitabine and Celecoxib in Patients With Metastatic Colorectal Cancer; NCT03403634[PHASE2] Celecoxib, Recombinant Interferon Alfa-2b, and Rintatolimod in Treating Patients With Colorectal Cancer Metastatic to the Liver; NCT03926338[PHASE2] Neoadjuvant Toripalimab With or Without Celecoxib in dMMR/MSI-H Colorectal Cancer; NCT06903858[PHASE2] Toripalimab Plus Celecoxib for dMMR/MSI-H Locally Advanced Colorectal Cancer"
"2754"	"39373"	"190"	"Schizophrenia"	"D012559"	"332"	"galantamine"	"DB00674"	"3140"	"CHRNA5"	"1138"	"strict_phase2_3_disease_directed_title"	"NCT00077727[PHASE3] A Study of the Effectiveness and Safety of Galantamine Hydrobromide on Cognitive Impairment in Patients With Schizophrenia.; NCT00463879[PHASE2|PHASE3] Galantamine for Cognitive Deficits in Schizophrenia; NCT00509067[PHASE2] Use of Galantamine and CDP-choline (Citicoline) to Treat Adults With Schizophrenia; NCT01012167[PHASE2] Oxytocin or Galantamine Versus Placebo for the Treatment of Negative Symptoms and Cognitive Impairments in Schizophrenia; NCT02234752[PHASE2] Galantamine and Memantine Combination for Cognitive Impairments in Schizophrenia"
"2761"	"15559"	"190"	"Schizophrenia"	"D012559"	"400"	"estradiol"	"DB00783"	"1210"	"MT-ATP6"	"4508"	"strict_phase2_3_disease_directed_title"	"NCT00206570[PHASE2] Clinical Estradiol Trial in Women With Schizophrenia; NCT03848234[PHASE3] Estradiol Patch as add-on to Antipsychotics in Patients With Schizophrenia, Schizoaffective or Schizophreniform Disorder"
"2766"	"19691"	"7"	"Endometrial Neoplasms"	"D016889"	"736"	"danazol"	"DB01406"	"1409"	"CCL2"	"6347"	"strict_phase2_3_disease_directed_title"	"NCT00003946[PHASE2] Danazol in Treating Patients With Advanced or Recurrent Endometrial Cancer"
"2772"	"33134"	"190"	"Schizophrenia"	"D012559"	"15"	"Glycine"	"DB00145"	"2501"	"SLC6A5"	"9152"	"strict_phase2_3_disease_directed_title"	"NCT00000372[PHASE3] Glycine and D-Cycloserine in Schizophrenia; NCT00291226[PHASE2|PHASE3] Glycine vs Placebo for the Schizophrenia Prodrome"
"2779"	"36177"	"265"	"Colorectal Neoplasms"	"D015179"	"287"	"sulindac"	"DB00605"	"2805"	"AKR1B10"	"57016"	"strict_phase2_3_disease_directed_title"	"NCT01856322[PHASE2] Surgery Plus Sulindac or Surgery Alone for Advanced Colorectal Cancer"
"2785"	"25161"	"299"	"Dystonia"	"D004421"	"1118"	"zinc"	"DB01593"	"1695"	"TPI1"	"7167"	"strict_phase2_3_disease_directed_title"	"NCT07140874[PHASE2] Zinc as an Adjunctive Therapy for Cervical Dystonia"
"2797"	"20577"	"498"	"Pulmonary Fibrosis"	"D011658"	"1118"	"zinc"	"DB01593"	"1455"	"FN1"	"2335"	"strict_phase2_3_disease_directed_title"	"NCT06567717[PHASE2] Zinc and Nicotinamide Riboside for Idiopathic Pulmonary Fibrosis"
"2802"	"19711"	"498"	"Pulmonary Fibrosis"	"D011658"	"736"	"danazol"	"DB01406"	"1409"	"CCL2"	"6347"	"strict_phase2_3_disease_directed_title"	"NCT04638517[PHASE2] The TELO-SCOPE Study: Attenuating Telomere Attrition With Danazol. Is There Scope to Dramatically Improve Health Outcomes for Adults and Children With Pulmonary Fibrosis"
"2813"	"32799"	"265"	"Colorectal Neoplasms"	"D015179"	"895"	"linaclotide"	"DB08890"	"2459"	"GUCY2C"	"2984"	"strict_phase2_3_disease_directed_title"	"NCT03796884[PHASE2] Linaclotide in Treating Patients With Stages 0-3 Colorectal Cancer"
"2820"	"8668"	"646"	"Gingivitis"	"D005891"	"1118"	"zinc"	"DB01593"	"632"	"KRT6A"	"3853"	"strict_phase2_3_disease_directed_title"	"NCT06430060[PHASE3] Investigation of Colgate Dual Zinc Toothpaste as Compared to Colgate Cavity Protection Toothpaste in Controlling Plaque and Gingivitis"
"2829"	"11682"	"6"	"Breast Neoplasms"	"D001943"	"496"	"aspirin"	"DB00945"	"985"	"PTGS2"	"5743"	"manual_353"	"NCT01431053;NCT00263211;NCT04188119;NCT03794596;NCT04038489;NCT02927249;NCT02602938"
"2830"	"3124"	"2"	"Prostatic Neoplasms"	"D011471"	"684"	"dexamethasone"	"DB01234"	"81"	"NR3C1"	"2908"	"manual_353"	"NCT00473512;NCT06136650;NCT00316927;NCT00084864;NCT06353386;NCT04907227;NCT03834506;NCT00288080;NCT00006002;NCT00024167;NCT00524589;NCT01188187;NCT06616597;NCT00427999;NCT01250717;NCT01036594;NCT00176293;NCT00054522;NCT00060398;NCT06136624;NCT02047253;NCT02649790;NCT02709889"
"2831"	"2929"	"2"	"Prostatic Neoplasms"	"D011471"	"372"	"hydrocortisone"	"DB00741"	"81"	"NR3C1"	"2908"	"manual_353"	"NCT06136650;NCT00953576;NCT01036594;NCT00895310;NCT00859781;NCT06136624;NCT00181597"
"2832"	"11986"	"6"	"Breast Neoplasms"	"D001943"	"562"	"Thalidomide"	"DB01041"	"985"	"PTGS2"	"5743"	"manual_353"	"NCT00193102;NCT02649101"
"2833"	"2887"	"2"	"Prostatic Neoplasms"	"D011471"	"303"	"prednisone"	"DB00635"	"81"	"NR3C1"	"2908"	"manual_353"	"NCT04633252;NCT01424930;NCT01695135;NCT06925737;NCT00485303;NCT01715285;NCT00544440;NCT01995058;NCT06384222;NCT02807805;NCT05848011;NCT01605227;NCT01522443;NCT00132301;NCT06378866;NCT02522715;NCT04267887;NCT01576172;NCT06470243;NCT01553188;NCT03821792;NCT01145508;NCT01503229;NCT00598858;NCT06650579;NCT03827473;NCT00541281;NCT03012321;NCT03748641;NCT04947254;NCT05689021;NCT06353386;NCT04734730;NCT04907227;NCT03834519;NCT03834506;NCT03565835;NCT03007732;NCT02453009;NCT02257736;NCT02217566;NCT02034552;NCT00348816;NCT01683994;NCT00069745;NCT02159690;NCT00537381;NCT00744497;NCT00676650;NCT00288080;NCT00436839;NCT00313781;NCT00137436;NCT00089609;NCT03649841;NCT03777982;NCT00182741;NCT00004071;NCT03141671;NCT03093272;NCT01309672;NCT01051570;NCT03360721;NCT00416533;NCT07650240;NCT01685268;NCT00004124;NCT01204710;NCT00683475;NCT00627354;NCT00887198;NCT03833921;NCT00293371;NCT00258388;NCT00255606;NCT00004001;NCT00024167;NCT07237269;NCT01940276;NCT00003343;NCT02903160;NCT02867020;NCT01578655;NCT04356430;NCT00503984;NCT04100018;NCT01188187;NCT03934840;NCT03706365;NCT03436654;NCT03338790;NCT00417079;NCT03098836;NCT03009981;NCT02985957;NCT02960022;NCT02903368;NCT01994590;NCT02789878;NCT02758132;NCT02685267;NCT00642018;NCT02494921;NCT02344017;NCT00436956;NCT00770848;NCT01946165;NCT01717053;NCT00452387;NCT01666314;NCT01485861;NCT01478308;NCT01393730;NCT01308567;NCT01254864;NCT01193257;NCT01193244;NCT01088529;NCT01084655;NCT00996502;NCT00988208;NCT00924469;NCT00811031;NCT00466440;NCT00268593;NCT00514267;NCT02268175;NCT03356912;NCT00124566;NCT00087165;NCT04446117;NCT01469338;NCT03419234;NCT00879619;NCT01685125;NCT04748042;NCT00134056;NCT07005154;NCT06329830;NCT00459186;NCT01681433;NCT06136624;NCT04262154;NCT02961257;NCT01717898;NCT02379390;NCT01234025;NCT05223582;NCT01718353;NCT01786265;NCT06527690;NCT04887506;NCT00942578;NCT06500247;NCT01949337;NCT01848067;NCT01468532;NCT00634647;NCT01083615;NCT00110214;NCT01120470;NCT01023061;NCT04556617;NCT03761225;NCT02703623;NCT00331344;NCT00058084;NCT03279250;NCT01750866;NCT00003232;NCT03860987;NCT01637402;NCT00411528;NCT00313482;NCT06173362;NCT02844582;NCT05376722;NCT03678025;NCT04056754;NCT00527124;NCT04497844;NCT03414034;NCT03480646;NCT01650194;NCT02849990;NCT00385827;NCT04175431;NCT01517802;NCT02949284;NCT06392841;NCT07620574"
"2834"	"11681"	"2"	"Prostatic Neoplasms"	"D011471"	"496"	"aspirin"	"DB00945"	"985"	"PTGS2"	"5743"	"manual_353"	"NCT02420652"
"2835"	"2999"	"2"	"Prostatic Neoplasms"	"D011471"	"448"	"prednisolone"	"DB00860"	"81"	"NR3C1"	"2908"	"manual_353"	"NCT04736108;NCT03834519;NCT00268476;NCT01795703;NCT01756638;NCT01685983;NCT01485861;NCT00554918;NCT07005154;NCT00498797;NCT07553988;NCT02288247"
"2836"	"3041"	"2"	"Prostatic Neoplasms"	"D011471"	"505"	"methylprednisolone"	"DB00959"	"81"	"NR3C1"	"2908"	"manual_353"	"NCT00003682;NCT02887976"
"2837"	"11693"	"112"	"Seizures"	"D012640"	"496"	"aspirin"	"DB00945"	"985"	"PTGS2"	"5743"	"manual_353"	"NCT03356769"
"2838"	"26436"	"2"	"Prostatic Neoplasms"	"D011471"	"267"	"propranolol"	"DB00571"	"1944"	"ADRB2"	"154"	"manual_353"	"NCT05679193"
"2839"	"18014"	"191"	"Bipolar Disorder"	"D001714"	"141"	"clozapine"	"DB00363"	"1406"	"DRD2"	"1813"	"manual_353"	"NCT05603104;NCT00036582;NCT00029458"
"2840"	"11985"	"2"	"Prostatic Neoplasms"	"D011471"	"562"	"Thalidomide"	"DB01041"	"985"	"PTGS2"	"5743"	"manual_353"	"NCT00001446;NCT00038246;NCT00450008;NCT00089609;NCT00400517;NCT00038181;NCT00083005;NCT00046826;NCT00307294;NCT00004635;NCT00020046"
"2841"	"14020"	"6"	"Breast Neoplasms"	"D001943"	"562"	"Thalidomide"	"DB01041"	"1092"	"TNF"	"7124"	"manual_353"	"NCT00193102;NCT02649101"
"2842"	"18244"	"161"	"Depressive Disorder, Major"	"D003865"	"259"	"lamotrigine"	"DB00555"	"1406"	"DRD2"	"1813"	"manual_353"	"NCT00652171;NCT01042496;NCT00074776;NCT00274677;NCT00224510;NCT00056277;NCT00063362;NCT00475137;NCT02374567"
"2843"	"18173"	"191"	"Bipolar Disorder"	"D001714"	"229"	"haloperidol"	"DB00502"	"1406"	"DRD2"	"1813"	"manual_353"	"NCT00129220;NCT00097266;NCT05803642"
"2844"	"18084"	"191"	"Bipolar Disorder"	"D001714"	"174"	"pramipexole"	"DB00413"	"1406"	"DRD2"	"1813"	"manual_353"	"NCT00025792;NCT07664852"
"2845"	"44494"	"191"	"Bipolar Disorder"	"D001714"	"322"	"verapamil"	"DB00661"	"3855"	"ADRA1A"	"148"	"manual_353"	"NCT00518947"
"2846"	"18136"	"161"	"Depressive Disorder, Major"	"D003865"	"204"	"imipramine"	"DB00458"	"1406"	"DRD2"	"1813"	"manual_353"	"NCT00296725;NCT02374567"
"2847"	"18496"	"161"	"Depressive Disorder, Major"	"D003865"	"490"	"maprotiline"	"DB00934"	"1406"	"DRD2"	"1813"	"manual_353"	"NCT02374567"
"2848"	"11698"	"162"	"Depressive Disorder"	"D003866"	"496"	"aspirin"	"DB00945"	"985"	"PTGS2"	"5743"	"manual_353"	"NCT01429272;NCT01797575"
"2849"	"18391"	"161"	"Depressive Disorder, Major"	"D003865"	"367"	"risperidone"	"DB00734"	"1406"	"DRD2"	"1813"	"manual_353"	"NCT00095134;NCT00174590;NCT00044681;NCT00174577;NCT00206765;NCT01282632;NCT00640562;NCT02374567"
"2850"	"26666"	"2"	"Prostatic Neoplasms"	"D011471"	"619"	"carvedilol"	"DB01136"	"1944"	"ADRB2"	"154"	"manual_353"	"NCT02944201"
"2851"	"18855"	"191"	"Bipolar Disorder"	"D001714"	"802"	"iloperidone"	"DB04946"	"1406"	"DRD2"	"1813"	"manual_353"	"NCT04819776"
"2852"	"18171"	"161"	"Depressive Disorder, Major"	"D003865"	"229"	"haloperidol"	"DB00502"	"1406"	"DRD2"	"1813"	"manual_353"	"NCT00340379;NCT02374567"
"2853"	"18621"	"161"	"Depressive Disorder, Major"	"D003865"	"628"	"desipramine"	"DB01151"	"1406"	"DRD2"	"1813"	"manual_353"	"NCT00329147;NCT00366652;NCT00338962;NCT00000271"
"2854"	"11074"	"6"	"Breast Neoplasms"	"D001943"	"287"	"sulindac"	"DB00605"	"985"	"PTGS2"	"5743"	"manual_353"	"NCT00039520;NCT01761877"
"2855"	"18208"	"161"	"Depressive Disorder, Major"	"D003865"	"245"	"nortriptyline"	"DB00540"	"1406"	"DRD2"	"1813"	"manual_353"	"NCT00062738;NCT03652870;NCT02374567"
"2856"	"33576"	"191"	"Bipolar Disorder"	"D001714"	"86"	"topiramate"	"DB00273"	"2538"	"GABRA1"	"2554"	"manual_353"	"NCT00037674;NCT00035230;NCT00240721;NCT00035802;NCT00237289"
"2857"	"12064"	"162"	"Depressive Disorder"	"D003866"	"567"	"ibuprofen"	"DB01050"	"985"	"PTGS2"	"5743"	"manual_353"	"NCT02507219"
"2858"	"10707"	"2"	"Prostatic Neoplasms"	"D011471"	"216"	"lenalidomide"	"DB00480"	"985"	"PTGS2"	"5743"	"manual_353"	"NCT00939510;NCT00460031;NCT00988208;NCT00942578;NCT01093183"
"2859"	"18604"	"161"	"Depressive Disorder, Major"	"D003865"	"623"	"doxepin"	"DB01142"	"1406"	"DRD2"	"1813"	"manual_353"	"NCT02374567"
"2860"	"12063"	"161"	"Depressive Disorder, Major"	"D003865"	"567"	"ibuprofen"	"DB01050"	"985"	"PTGS2"	"5743"	"manual_353"	"NCT02507219"
"2861"	"22800"	"191"	"Bipolar Disorder"	"D001714"	"229"	"haloperidol"	"DB00502"	"1559"	"HTR2A"	"3356"	"manual_353"	"NCT00129220;NCT00097266;NCT05803642"
"2862"	"19050"	"191"	"Bipolar Disorder"	"D001714"	"1061"	"memantine"	"DB01043"	"1406"	"DRD2"	"1813"	"manual_353"	"NCT03039842;NCT02630888;NCT03043001;NCT01188148"
"2863"	"18675"	"161"	"Depressive Disorder, Major"	"D003865"	"677"	"quetiapine"	"DB01224"	"1406"	"DRD2"	"1813"	"manual_353"	"NCT02720198;NCT00388973;NCT00351910;NCT05603104;NCT04521478;NCT00174603;NCT00953108;NCT00681668;NCT00782405;NCT00751504;NCT05973786;NCT00771134;NCT02374567;NCT00232414;NCT00879307"
"2864"	"22726"	"191"	"Bipolar Disorder"	"D001714"	"174"	"pramipexole"	"DB00413"	"1559"	"HTR2A"	"3356"	"manual_353"	"NCT00025792;NCT07664852"
"2865"	"18979"	"161"	"Depressive Disorder, Major"	"D003865"	"876"	"lurasidone"	"DB08815"	"1406"	"DRD2"	"1813"	"manual_353"	"NCT01423253;NCT01421134;NCT00868699;NCT00868959;NCT01284517;NCT02046369"
"2866"	"17926"	"161"	"Depressive Disorder, Major"	"D003865"	"74"	"ziprasidone"	"DB00246"	"1406"	"DRD2"	"1813"	"manual_353"	"NCT00555997;NCT00633399;NCT00340379;NCT00421954;NCT00483548;NCT02374567"
"2867"	"18729"	"161"	"Depressive Disorder, Major"	"D003865"	"686"	"aripiprazole"	"DB01238"	"1406"	"DRD2"	"1813"	"manual_353"	"NCT01123707;NCT01111565;NCT01111552;NCT01111539;NCT01655706;NCT01386086;NCT00556140;NCT00276978;NCT00080314;NCT05814640;NCT02374567;NCT00440713;NCT00094432"
"2868"	"22927"	"191"	"Bipolar Disorder"	"D001714"	"357"	"paroxetine"	"DB00715"	"1559"	"HTR2A"	"3356"	"manual_353"	"NCT00119652;NCT00400088"
"2869"	"10770"	"6"	"Breast Neoplasms"	"D001943"	"218"	"celecoxib"	"DB00482"	"985"	"PTGS2"	"5743"	"manual_353"	"NCT00088972;NCT03084536;NCT01695226;NCT03185871;NCT05756166;NCT00101062;NCT00665457;NCT00045591;NCT00006381;NCT00056082;NCT02429427;NCT01425476;NCT00291694;NCT00201773;NCT00525096;NCT00305643"
"2870"	"33511"	"191"	"Bipolar Disorder"	"D001714"	"34"	"lorazepam"	"DB00186"	"2538"	"GABRA1"	"2554"	"manual_353"	"NCT00431184"
"2871"	"10524"	"2"	"Prostatic Neoplasms"	"D011471"	"121"	"indomethacin"	"DB00328"	"985"	"PTGS2"	"5743"	"manual_353"	"NCT02935205;NCT02849990"
"2872"	"21487"	"191"	"Bipolar Disorder"	"D001714"	"376"	"scopolamine"	"DB00747"	"1512"	"CHRM3"	"1131"	"manual_353"	"NCT04211961;NCT00369915"
"2873"	"11030"	"161"	"Depressive Disorder, Major"	"D003865"	"274"	"diclofenac"	"DB00586"	"985"	"PTGS2"	"5743"	"manual_353"	"NCT01413854"
"2874"	"21237"	"191"	"Bipolar Disorder"	"D001714"	"141"	"clozapine"	"DB00363"	"1512"	"CHRM3"	"1131"	"manual_353"	"NCT05603104;NCT00036582;NCT00029458"
"2875"	"23316"	"191"	"Bipolar Disorder"	"D001714"	"802"	"iloperidone"	"DB04946"	"1559"	"HTR2A"	"3356"	"manual_353"	"NCT04819776"
"2876"	"1712"	"6"	"Breast Neoplasms"	"D001943"	"576"	"melatonin"	"DB01065"	"72"	"ESR1"	"2099"	"manual_353"	"NCT07067307;NCT02506777;NCT02506790;NCT02332928;NCT01965522;NCT01557478;NCT03716583;NCT02486796"
"2877"	"22688"	"191"	"Bipolar Disorder"	"D001714"	"141"	"clozapine"	"DB00363"	"1559"	"HTR2A"	"3356"	"manual_353"	"NCT05603104;NCT00036582;NCT00029458"
"2878"	"18373"	"161"	"Depressive Disorder, Major"	"D003865"	"363"	"trimipramine"	"DB00726"	"1406"	"DRD2"	"1813"	"manual_353"	"NCT02374567"
"2879"	"21486"	"161"	"Depressive Disorder, Major"	"D003865"	"376"	"scopolamine"	"DB00747"	"1512"	"CHRM3"	"1131"	"manual_353"	"NCT00369915;NCT01312844;NCT04211961"
"2880"	"19014"	"191"	"Bipolar Disorder"	"D001714"	"933"	"brexpiprazole"	"DB09128"	"1406"	"DRD2"	"1813"	"manual_353"	"NCT04569448;NCT03287869;NCT03259555;NCT03257865"
"2881"	"35530"	"191"	"Bipolar Disorder"	"D001714"	"141"	"clozapine"	"DB00363"	"2749"	"CHRM2"	"1129"	"manual_353"	"NCT05603104;NCT00036582;NCT00029458"
"2882"	"44429"	"191"	"Bipolar Disorder"	"D001714"	"141"	"clozapine"	"DB00363"	"3855"	"ADRA1A"	"148"	"manual_353"	"NCT05603104;NCT00036582;NCT00029458"
"2883"	"1480"	"2"	"Prostatic Neoplasms"	"D011471"	"297"	"testosterone"	"DB00624"	"72"	"ESR1"	"2099"	"manual_353"	"NCT00577980"
"2884"	"18892"	"191"	"Bipolar Disorder"	"D001714"	"813"	"cariprazine"	"DB06016"	"1406"	"DRD2"	"1813"	"manual_353"	"NCT01396447;NCT01058096;NCT00852202;NCT01059539;NCT04777357;NCT01058668;NCT03573297;NCT02670538;NCT04771299;NCT02670551"
"2885"	"1391"	"191"	"Bipolar Disorder"	"D001714"	"163"	"progesterone"	"DB00396"	"72"	"ESR1"	"2099"	"manual_353"	"NCT00206544"
"2886"	"29411"	"191"	"Bipolar Disorder"	"D001714"	"229"	"haloperidol"	"DB00502"	"2205"	"HTR1A"	"3350"	"manual_353"	"NCT00129220;NCT00097266;NCT05803642"
"2887"	"35223"	"6"	"Breast Neoplasms"	"D001943"	"496"	"aspirin"	"DB00945"	"2724"	"PTGS1"	"5742"	"manual_353"	"NCT01431053;NCT00263211;NCT04188119;NCT03794596;NCT04038489;NCT02927249;NCT02602938"
"2888"	"37727"	"191"	"Bipolar Disorder"	"D001714"	"86"	"topiramate"	"DB00273"	"3043"	"GABRA3"	"2556"	"manual_353"	"NCT00037674;NCT00035230;NCT00240721;NCT00035802;NCT00237289"
"2889"	"19269"	"161"	"Depressive Disorder, Major"	"D003865"	"1225"	"pipamperone"	"DB09286"	"1406"	"DRD2"	"1813"	"manual_353"	"NCT01312922;NCT02374567"
"2890"	"11031"	"162"	"Depressive Disorder"	"D003866"	"274"	"diclofenac"	"DB00586"	"985"	"PTGS2"	"5743"	"manual_353"	"NCT01413854"
"2891"	"23430"	"191"	"Bipolar Disorder"	"D001714"	"922"	"vortioxetine"	"DB09068"	"1559"	"HTR2A"	"3356"	"manual_353"	"NCT03598868"
"2892"	"13725"	"6"	"Breast Neoplasms"	"D001943"	"289"	"chloroquine"	"DB00608"	"1092"	"TNF"	"7124"	"manual_353"	"NCT02333890"
"2893"	"23442"	"191"	"Bipolar Disorder"	"D001714"	"933"	"brexpiprazole"	"DB09128"	"1559"	"HTR2A"	"3356"	"manual_353"	"NCT04569448;NCT03287869;NCT03259555;NCT03257865"
"2894"	"10769"	"2"	"Prostatic Neoplasms"	"D011471"	"218"	"celecoxib"	"DB00482"	"985"	"PTGS2"	"5743"	"manual_353"	"NCT00136487;NCT01220973;NCT00073970;NCT00022399;NCT00268476;NCT00218205;NCT00215345;NCT00080782;NCT02840162"
"2895"	"35674"	"191"	"Bipolar Disorder"	"D001714"	"376"	"scopolamine"	"DB00747"	"2749"	"CHRM2"	"1129"	"manual_353"	"NCT04211961;NCT00369915"
"2896"	"2055"	"2"	"Prostatic Neoplasms"	"D011471"	"975"	"testosterone cypionate"	"DB13943"	"72"	"ESR1"	"2099"	"manual_353"	"NCT06039371;NCT06059118;NCT03554317;NCT04558866;NCT04424654;NCT02090114;NCT07142551;NCT03516812;NCT01750398;NCT06922318;NCT02286921;NCT06100705;NCT04363164"
"2897"	"29387"	"191"	"Bipolar Disorder"	"D001714"	"174"	"pramipexole"	"DB00413"	"2205"	"HTR1A"	"3350"	"manual_353"	"NCT00025792;NCT07664852"
"2898"	"21400"	"161"	"Depressive Disorder, Major"	"D003865"	"259"	"lamotrigine"	"DB00555"	"1512"	"CHRM3"	"1131"	"manual_353"	"NCT00652171;NCT01042496;NCT00074776;NCT00274677;NCT00224510;NCT00056277;NCT00063362;NCT00475137;NCT02374567"
"2899"	"10788"	"162"	"Depressive Disorder"	"D003866"	"218"	"celecoxib"	"DB00482"	"985"	"PTGS2"	"5743"	"manual_353"	"NCT05644301;NCT02726659;NCT02703363"
"2900"	"5565"	"6"	"Breast Neoplasms"	"D001943"	"430"	"mifepristone"	"DB00834"	"262"	"AR"	"367"	"manual_353"	"NCT03225547;NCT02788981;NCT06099769;NCT05016349;NCT01898312"
"2901"	"44599"	"191"	"Bipolar Disorder"	"D001714"	"641"	"escitalopram"	"DB01175"	"3855"	"ADRA1A"	"148"	"manual_353"	"NCT00958633;NCT05973786;NCT05603104"
"2902"	"22837"	"161"	"Depressive Disorder, Major"	"D003865"	"259"	"lamotrigine"	"DB00555"	"1559"	"HTR2A"	"3356"	"manual_353"	"NCT00652171;NCT01042496;NCT00074776;NCT00274677;NCT00224510;NCT00056277;NCT00063362;NCT00475137;NCT02374567"
"2903"	"13894"	"161"	"Depressive Disorder, Major"	"D003865"	"415"	"pentoxifylline"	"DB00806"	"1092"	"TNF"	"7124"	"manual_353"	"NCT01625845;NCT05324735"
"2904"	"12719"	"6"	"Breast Neoplasms"	"D001943"	"1073"	"nimesulide"	"DB04743"	"985"	"PTGS2"	"5743"	"manual_353"	"NCT01500577"
"2905"	"35626"	"162"	"Depressive Disorder"	"D003866"	"259"	"lamotrigine"	"DB00555"	"2749"	"CHRM2"	"1129"	"manual_353"	"NCT00652171;NCT01042496;NCT00074776;NCT00274677;NCT00224510;NCT00056277;NCT00063362;NCT00475137;NCT02374567"
"2906"	"1570"	"191"	"Bipolar Disorder"	"D001714"	"333"	"tamoxifen"	"DB00675"	"72"	"ESR1"	"2099"	"manual_353"	"NCT00026585;NCT00206544"
"2907"	"37688"	"191"	"Bipolar Disorder"	"D001714"	"34"	"lorazepam"	"DB00186"	"3043"	"GABRA3"	"2556"	"manual_353"	"NCT00431184"
"2908"	"30291"	"191"	"Bipolar Disorder"	"D001714"	"322"	"verapamil"	"DB00661"	"2215"	"SLC6A4"	"6532"	"manual_353"	"NCT00518947"
"2909"	"21454"	"191"	"Bipolar Disorder"	"D001714"	"357"	"paroxetine"	"DB00715"	"1512"	"CHRM3"	"1131"	"manual_353"	"NCT00119652;NCT00400088"
"2910"	"18081"	"161"	"Depressive Disorder, Major"	"D003865"	"174"	"pramipexole"	"DB00413"	"1406"	"DRD2"	"1813"	"manual_353"	"NCT00086307;NCT05825235;NCT05355337;NCT00025792;NCT07664852"
"2911"	"21205"	"161"	"Depressive Disorder, Major"	"D003865"	"115"	"amitriptyline"	"DB00321"	"1512"	"CHRM3"	"1131"	"manual_353"	"NCT02014363;NCT00351910;NCT01049347;NCT02374567"
"2912"	"1723"	"191"	"Bipolar Disorder"	"D001714"	"576"	"melatonin"	"DB01065"	"72"	"ESR1"	"2099"	"manual_353"	"NCT06226025;NCT07472075"
"2913"	"22951"	"161"	"Depressive Disorder, Major"	"D003865"	"367"	"risperidone"	"DB00734"	"1559"	"HTR2A"	"3356"	"manual_353"	"NCT00095134;NCT00174590;NCT00044681;NCT00174577;NCT00206765;NCT01282632;NCT00640562;NCT02374567"
"2914"	"21334"	"161"	"Depressive Disorder, Major"	"D003865"	"204"	"imipramine"	"DB00458"	"1512"	"CHRM3"	"1131"	"manual_353"	"NCT00296725;NCT02374567"
"2915"	"42937"	"191"	"Bipolar Disorder"	"D001714"	"86"	"topiramate"	"DB00273"	"3668"	"GABRA5"	"2558"	"manual_353"	"NCT00037674;NCT00035230;NCT00240721;NCT00035802;NCT00237289"
"2916"	"21660"	"161"	"Depressive Disorder, Major"	"D003865"	"677"	"quetiapine"	"DB01224"	"1512"	"CHRM3"	"1131"	"manual_353"	"NCT02720198;NCT00388973;NCT00351910;NCT05603104;NCT04521478;NCT00174603;NCT00953108;NCT00681668;NCT00782405;NCT00751504;NCT05973786;NCT00771134;NCT02374567;NCT00232414;NCT00879307"
"2917"	"22762"	"161"	"Depressive Disorder, Major"	"D003865"	"204"	"imipramine"	"DB00458"	"1559"	"HTR2A"	"3356"	"manual_353"	"NCT00296725;NCT02374567"
"2918"	"23069"	"161"	"Depressive Disorder, Major"	"D003865"	"506"	"pindolol"	"DB00960"	"1559"	"HTR2A"	"3356"	"manual_353"	"NCT00931775"
"2919"	"10787"	"161"	"Depressive Disorder, Major"	"D003865"	"218"	"celecoxib"	"DB00482"	"985"	"PTGS2"	"5743"	"manual_353"	"NCT05644301;NCT02726659;NCT02703363"
"2920"	"38233"	"191"	"Bipolar Disorder"	"D001714"	"86"	"topiramate"	"DB00273"	"3045"	"GABRB1"	"2560"	"manual_353"	"NCT00037674;NCT00035230;NCT00240721;NCT00035802;NCT00237289"
"2921"	"18890"	"161"	"Depressive Disorder, Major"	"D003865"	"813"	"cariprazine"	"DB06016"	"1406"	"DRD2"	"1813"	"manual_353"	"NCT01838876;NCT01469377;NCT03738215;NCT03739203;NCT01715805;NCT00852202;NCT01396447;NCT02670551;NCT04777357;NCT02670538;NCT03573297"
"2922"	"17996"	"162"	"Depressive Disorder"	"D003866"	"124"	"olanzapine"	"DB00334"	"1406"	"DRD2"	"1813"	"manual_353"	"NCT00035321;NCT00056472;NCT01282632;NCT00568672;NCT01687478;NCT00273624;NCT00490971;NCT05814640;NCT00510146;NCT02374567;NCT00259272;NCT00618748"
"2923"	"23124"	"161"	"Depressive Disorder, Major"	"D003865"	"623"	"doxepin"	"DB01142"	"1559"	"HTR2A"	"3356"	"manual_353"	"NCT02374567"
"2924"	"21649"	"161"	"Depressive Disorder, Major"	"D003865"	"628"	"desipramine"	"DB01151"	"1512"	"CHRM3"	"1131"	"manual_353"	"NCT00329147;NCT00366652;NCT00338962;NCT00000271"
"2925"	"23189"	"161"	"Depressive Disorder, Major"	"D003865"	"677"	"quetiapine"	"DB01224"	"1559"	"HTR2A"	"3356"	"manual_353"	"NCT02720198;NCT00388973;NCT00351910;NCT05603104;NCT04521478;NCT00174603;NCT00953108;NCT00681668;NCT00782405;NCT00751504;NCT05973786;NCT00771134;NCT02374567;NCT00232414;NCT00879307"
"2926"	"23149"	"161"	"Depressive Disorder, Major"	"D003865"	"628"	"desipramine"	"DB01151"	"1559"	"HTR2A"	"3356"	"manual_353"	"NCT00329147;NCT00366652;NCT00338962;NCT00000271"
"2927"	"2786"	"191"	"Bipolar Disorder"	"D001714"	"163"	"progesterone"	"DB00396"	"81"	"NR3C1"	"2908"	"manual_353"	"NCT00206544"
"2928"	"44963"	"94"	"Heart Failure"	"D006333"	"684"	"dexamethasone"	"DB01234"	"3887"	"NR3C2"	"4306"	"manual_353"	"NCT05809011"
"2929"	"19047"	"161"	"Depressive Disorder, Major"	"D003865"	"1061"	"memantine"	"DB01043"	"1406"	"DRD2"	"1813"	"manual_353"	"NCT01876823;NCT02374567"
"2930"	"29663"	"191"	"Bipolar Disorder"	"D001714"	"802"	"iloperidone"	"DB04946"	"2205"	"HTR1A"	"3350"	"manual_353"	"NCT04819776"
"2931"	"23201"	"161"	"Depressive Disorder, Major"	"D003865"	"686"	"aripiprazole"	"DB01238"	"1559"	"HTR2A"	"3356"	"manual_353"	"NCT01123707;NCT01111565;NCT01111552;NCT01111539;NCT01655706;NCT01386086;NCT00556140;NCT00276978;NCT00080314;NCT05814640;NCT02374567;NCT00440713;NCT00094432"
"2932"	"29371"	"191"	"Bipolar Disorder"	"D001714"	"141"	"clozapine"	"DB00363"	"2205"	"HTR1A"	"3350"	"manual_353"	"NCT05603104;NCT00036582;NCT00029458"
"2933"	"1818"	"6"	"Breast Neoplasms"	"D001943"	"656"	"estramustine"	"DB01196"	"72"	"ESR1"	"2099"	"manual_353"	"NCT02866955;NCT02853071"
"2934"	"27929"	"191"	"Bipolar Disorder"	"D001714"	"229"	"haloperidol"	"DB00502"	"2081"	"DRD1"	"1812"	"manual_353"	"NCT00129220;NCT00097266;NCT05803642"
"2935"	"44932"	"94"	"Heart Failure"	"D006333"	"448"	"prednisolone"	"DB00860"	"3887"	"NR3C2"	"4306"	"manual_353"	"NCT05570409;NCT06220032"
"2936"	"23329"	"191"	"Bipolar Disorder"	"D001714"	"813"	"cariprazine"	"DB06016"	"1559"	"HTR2A"	"3356"	"manual_353"	"NCT01396447;NCT01058096;NCT00852202;NCT01059539;NCT04777357;NCT01058668;NCT03573297;NCT02670538;NCT04771299;NCT02670551"
"2937"	"29433"	"161"	"Depressive Disorder, Major"	"D003865"	"267"	"propranolol"	"DB00571"	"2205"	"HTR1A"	"3350"	"manual_353"	"NCT00016666"
"2938"	"21378"	"161"	"Depressive Disorder, Major"	"D003865"	"245"	"nortriptyline"	"DB00540"	"1512"	"CHRM3"	"1131"	"manual_353"	"NCT00062738;NCT03652870;NCT02374567"
"2939"	"21681"	"161"	"Depressive Disorder, Major"	"D003865"	"686"	"aripiprazole"	"DB01238"	"1512"	"CHRM3"	"1131"	"manual_353"	"NCT01123707;NCT01111565;NCT01111552;NCT01111539;NCT01655706;NCT01386086;NCT00556140;NCT00276978;NCT00080314;NCT05814640;NCT02374567;NCT00440713;NCT00094432"
"2940"	"23056"	"161"	"Depressive Disorder, Major"	"D003865"	"490"	"maprotiline"	"DB00934"	"1559"	"HTR2A"	"3356"	"manual_353"	"NCT02374567"
"2941"	"34150"	"191"	"Bipolar Disorder"	"D001714"	"1244"	"taurine"	"DB01956"	"2538"	"GABRA1"	"2554"	"manual_353"	"NCT00217165"
"2942"	"44641"	"191"	"Bipolar Disorder"	"D001714"	"802"	"iloperidone"	"DB04946"	"3855"	"ADRA1A"	"148"	"manual_353"	"NCT04819776"
"2943"	"22798"	"161"	"Depressive Disorder, Major"	"D003865"	"229"	"haloperidol"	"DB00502"	"1559"	"HTR2A"	"3356"	"manual_353"	"NCT00340379;NCT02374567"
"2944"	"1951"	"6"	"Breast Neoplasms"	"D001943"	"838"	"bazedoxifene"	"DB06401"	"72"	"ESR1"	"2099"	"manual_353"	"NCT02448771"
"2945"	"1736"	"2"	"Prostatic Neoplasms"	"D011471"	"601"	"trilostane"	"DB01108"	"72"	"ESR1"	"2099"	"manual_353"	"NCT00181597"
"2946"	"2957"	"2"	"Prostatic Neoplasms"	"D011471"	"430"	"mifepristone"	"DB00834"	"81"	"NR3C1"	"2908"	"manual_353"	"NCT02012296;NCT00140478"
"2947"	"18245"	"162"	"Depressive Disorder"	"D003866"	"259"	"lamotrigine"	"DB00555"	"1406"	"DRD2"	"1813"	"manual_353"	"NCT00652171;NCT01042496;NCT00074776;NCT00274677;NCT00224510;NCT00056277;NCT00063362;NCT00475137;NCT02374567"
"2948"	"33573"	"112"	"Seizures"	"D012640"	"86"	"topiramate"	"DB00273"	"2538"	"GABRA1"	"2554"	"manual_353"	"NCT00236418;NCT00236704;NCT00266591;NCT00563459;NCT00236756;NCT00113815;NCT00230698;NCT00236743;NCT00236873;NCT00236860;NCT00236691;NCT00236847;NCT00236730;NCT00236886;NCT00231556;NCT00210574;NCT00004776"
"2949"	"22811"	"161"	"Depressive Disorder, Major"	"D003865"	"245"	"nortriptyline"	"DB00540"	"1559"	"HTR2A"	"3356"	"manual_353"	"NCT00062738;NCT03652870;NCT02374567"
"2950"	"29725"	"191"	"Bipolar Disorder"	"D001714"	"922"	"vortioxetine"	"DB09068"	"2205"	"HTR1A"	"3350"	"manual_353"	"NCT03598868"
"2951"	"18392"	"162"	"Depressive Disorder"	"D003866"	"367"	"risperidone"	"DB00734"	"1406"	"DRD2"	"1813"	"manual_353"	"NCT00095134;NCT00174590;NCT00044681;NCT00174577;NCT00206765;NCT01282632;NCT00640562;NCT02374567"
"2952"	"27889"	"191"	"Bipolar Disorder"	"D001714"	"174"	"pramipexole"	"DB00413"	"2081"	"DRD1"	"1812"	"manual_353"	"NCT00025792;NCT07664852"
"2953"	"21475"	"161"	"Depressive Disorder, Major"	"D003865"	"363"	"trimipramine"	"DB00726"	"1512"	"CHRM3"	"1131"	"manual_353"	"NCT02374567"
"2954"	"35654"	"191"	"Bipolar Disorder"	"D001714"	"357"	"paroxetine"	"DB00715"	"2749"	"CHRM2"	"1129"	"manual_353"	"NCT00119652;NCT00400088"
"2955"	"22938"	"161"	"Depressive Disorder, Major"	"D003865"	"363"	"trimipramine"	"DB00726"	"1559"	"HTR2A"	"3356"	"manual_353"	"NCT02374567"
"2956"	"21563"	"161"	"Depressive Disorder, Major"	"D003865"	"490"	"maprotiline"	"DB00934"	"1512"	"CHRM3"	"1131"	"manual_353"	"NCT02374567"
"2957"	"29868"	"191"	"Bipolar Disorder"	"D001714"	"1248"	"tianeptine"	"DB09289"	"2205"	"HTR1A"	"3350"	"manual_353"	"NCT00879372"
"2958"	"38203"	"191"	"Bipolar Disorder"	"D001714"	"34"	"lorazepam"	"DB00186"	"3045"	"GABRB1"	"2560"	"manual_353"	"NCT00431184"
"2959"	"289"	"162"	"Depressive Disorder"	"D003866"	"267"	"propranolol"	"DB00571"	"17"	"ADRB1"	"153"	"manual_353"	"NCT00016666"
"2960"	"21639"	"161"	"Depressive Disorder, Major"	"D003865"	"623"	"doxepin"	"DB01142"	"1512"	"CHRM3"	"1131"	"manual_353"	"NCT02374567"
"2961"	"42912"	"191"	"Bipolar Disorder"	"D001714"	"34"	"lorazepam"	"DB00186"	"3668"	"GABRA5"	"2558"	"manual_353"	"NCT00431184"
"2962"	"18848"	"93"	"Hypertension"	"D006973"	"802"	"iloperidone"	"DB04946"	"1406"	"DRD2"	"1813"	"manual_353"	"NCT07090161"
"2963"	"22624"	"161"	"Depressive Disorder, Major"	"D003865"	"74"	"ziprasidone"	"DB00246"	"1559"	"HTR2A"	"3356"	"manual_353"	"NCT00555997;NCT00633399;NCT00340379;NCT00421954;NCT00483548;NCT02374567"
"2964"	"22662"	"161"	"Depressive Disorder, Major"	"D003865"	"115"	"amitriptyline"	"DB00321"	"1559"	"HTR2A"	"3356"	"manual_353"	"NCT02014363;NCT00351910;NCT01049347;NCT02374567"
"2965"	"29732"	"191"	"Bipolar Disorder"	"D001714"	"933"	"brexpiprazole"	"DB09128"	"2205"	"HTR1A"	"3350"	"manual_353"	"NCT04569448;NCT03287869;NCT03259555;NCT03257865"
"2966"	"30239"	"191"	"Bipolar Disorder"	"D001714"	"233"	"dextromethorphan"	"DB00514"	"2215"	"SLC6A4"	"6532"	"manual_353"	"NCT03039842"
"2967"	"5049"	"191"	"Bipolar Disorder"	"D001714"	"174"	"pramipexole"	"DB00413"	"259"	"HTR2C"	"3358"	"manual_353"	"NCT00025792;NCT07664852"
"2968"	"24609"	"191"	"Bipolar Disorder"	"D001714"	"86"	"topiramate"	"DB00273"	"1600"	"GABRB3"	"2562"	"manual_353"	"NCT00037674;NCT00035230;NCT00240721;NCT00035802;NCT00237289"
"2969"	"23391"	"161"	"Depressive Disorder, Major"	"D003865"	"876"	"lurasidone"	"DB08815"	"1559"	"HTR2A"	"3356"	"manual_353"	"NCT01423253;NCT01421134;NCT00868699;NCT00868959;NCT01284517;NCT02046369"
"2970"	"18730"	"162"	"Depressive Disorder"	"D003866"	"686"	"aripiprazole"	"DB01238"	"1406"	"DRD2"	"1813"	"manual_353"	"NCT01123707;NCT01111565;NCT01111552;NCT01111539;NCT01655706;NCT01386086;NCT00556140;NCT00276978;NCT00080314;NCT05814640;NCT02374567;NCT00440713;NCT00094432"
"2971"	"22952"	"162"	"Depressive Disorder"	"D003866"	"367"	"risperidone"	"DB00734"	"1559"	"HTR2A"	"3356"	"manual_353"	"NCT00095134;NCT00174590;NCT00044681;NCT00174577;NCT00206765;NCT01282632;NCT00640562;NCT02374567"
"2972"	"22723"	"161"	"Depressive Disorder, Major"	"D003865"	"174"	"pramipexole"	"DB00413"	"1559"	"HTR2A"	"3356"	"manual_353"	"NCT00086307;NCT05825235;NCT05355337;NCT00025792;NCT07664852"
"2973"	"29434"	"162"	"Depressive Disorder"	"D003866"	"267"	"propranolol"	"DB00571"	"2205"	"HTR1A"	"3350"	"manual_353"	"NCT00016666"
"2974"	"35524"	"162"	"Depressive Disorder"	"D003866"	"124"	"olanzapine"	"DB00334"	"2749"	"CHRM2"	"1129"	"manual_353"	"NCT00035321;NCT00056472;NCT01282632;NCT00568672;NCT01687478;NCT00273624;NCT00490971;NCT05814640;NCT00510146;NCT02374567;NCT00259272;NCT00618748"
"2975"	"2296"	"6"	"Breast Neoplasms"	"D001943"	"1213"	"lasofoxifene"	"DB06202"	"72"	"ESR1"	"2099"	"manual_353"	"NCT01042379;NCT03781063"
"2976"	"22675"	"162"	"Depressive Disorder"	"D003866"	"124"	"olanzapine"	"DB00334"	"1559"	"HTR2A"	"3356"	"manual_353"	"NCT00035321;NCT00056472;NCT01282632;NCT00568672;NCT01687478;NCT00273624;NCT00490971;NCT05814640;NCT00510146;NCT02374567;NCT00259272;NCT00618748"
"2977"	"18172"	"162"	"Depressive Disorder"	"D003866"	"229"	"haloperidol"	"DB00502"	"1406"	"DRD2"	"1813"	"manual_353"	"NCT00340379;NCT02374567"
"2978"	"23190"	"162"	"Depressive Disorder"	"D003866"	"677"	"quetiapine"	"DB01224"	"1559"	"HTR2A"	"3356"	"manual_353"	"NCT02720198;NCT00388973;NCT00351910;NCT05603104;NCT04521478;NCT00174603;NCT00953108;NCT00681668;NCT00782405;NCT00751504;NCT05973786;NCT00771134;NCT02374567;NCT00232414;NCT00879307"
"2979"	"22838"	"162"	"Depressive Disorder"	"D003866"	"259"	"lamotrigine"	"DB00555"	"1559"	"HTR2A"	"3356"	"manual_353"	"NCT00652171;NCT01042496;NCT00074776;NCT00274677;NCT00224510;NCT00056277;NCT00063362;NCT00475137;NCT02374567"
"2980"	"27855"	"191"	"Bipolar Disorder"	"D001714"	"141"	"clozapine"	"DB00363"	"2081"	"DRD1"	"1812"	"manual_353"	"NCT05603104;NCT00036582;NCT00029458"
"2981"	"18676"	"162"	"Depressive Disorder"	"D003866"	"677"	"quetiapine"	"DB01224"	"1406"	"DRD2"	"1813"	"manual_353"	"NCT02720198;NCT00388973;NCT00351910;NCT05603104;NCT04521478;NCT00174603;NCT00953108;NCT00681668;NCT00782405;NCT00751504;NCT05973786;NCT00771134;NCT02374567;NCT00232414;NCT00879307"
"2982"	"22343"	"6"	"Breast Neoplasms"	"D001943"	"394"	"etoposide"	"DB00773"	"1542"	"TOP2A"	"7153"	"manual_353"	"NCT00693719;NCT00002509;NCT00004900;NCT00004906;NCT00012311;NCT00006032;NCT00006260;NCT00002836;NCT03923179;NCT01492556;NCT01589159;NCT00810017;NCT06418594;NCT00003269;NCT00060255"
"2983"	"18082"	"162"	"Depressive Disorder"	"D003866"	"174"	"pramipexole"	"DB00413"	"1406"	"DRD2"	"1813"	"manual_353"	"NCT00086307;NCT05825235;NCT05355337;NCT00025792;NCT07664852"
"2984"	"45572"	"191"	"Bipolar Disorder"	"D001714"	"86"	"topiramate"	"DB00273"	"3920"	""	"2561"	"manual_353"	"NCT00037674;NCT00035230;NCT00240721;NCT00035802;NCT00237289"
"2985"	"46622"	"191"	"Bipolar Disorder"	"D001714"	"86"	"topiramate"	"DB00273"	"4034"	"GABRG1"	"2565"	"manual_353"	"NCT00037674;NCT00035230;NCT00240721;NCT00035802;NCT00237289"
"2986"	"24564"	"191"	"Bipolar Disorder"	"D001714"	"34"	"lorazepam"	"DB00186"	"1600"	"GABRB3"	"2562"	"manual_353"	"NCT00431184"
"2987"	"23327"	"161"	"Depressive Disorder, Major"	"D003865"	"813"	"cariprazine"	"DB06016"	"1559"	"HTR2A"	"3356"	"manual_353"	"NCT01838876;NCT01469377;NCT03738215;NCT03739203;NCT01715805;NCT00852202;NCT01396447;NCT02670551;NCT04777357;NCT02670538;NCT03573297"
"2988"	"21184"	"161"	"Depressive Disorder, Major"	"D003865"	"74"	"ziprasidone"	"DB00246"	"1512"	"CHRM3"	"1131"	"manual_353"	"NCT00555997;NCT00633399;NCT00340379;NCT00421954;NCT00483548;NCT02374567"
"2989"	"2187"	"2"	"Prostatic Neoplasms"	"D011471"	"1045"	"fulvestrant"	"DB00947"	"72"	"ESR1"	"2099"	"manual_353"	"NCT00476645;NCT00244998;NCT00217464;NCT07288359;NCT04557449;NCT07570966;NCT04606446"
"2990"	"18030"	"162"	"Depressive Disorder"	"D003866"	"146"	"mirtazapine"	"DB00370"	"1406"	"DRD2"	"1813"	"manual_353"	"NCT06309472;NCT02646449;NCT02185131;NCT03852160;NCT00782405;NCT00080158;NCT00322309;NCT00249444;NCT02650544;NCT02374567"
"2991"	"30299"	"191"	"Bipolar Disorder"	"D001714"	"357"	"paroxetine"	"DB00715"	"2215"	"SLC6A4"	"6532"	"manual_353"	"NCT00119652;NCT00400088"
"2992"	"35786"	"162"	"Depressive Disorder"	"D003866"	"677"	"quetiapine"	"DB01224"	"2749"	"CHRM2"	"1129"	"manual_353"	"NCT02720198;NCT00388973;NCT00351910;NCT05603104;NCT04521478;NCT00174603;NCT00953108;NCT00681668;NCT00782405;NCT00751504;NCT05973786;NCT00771134;NCT02374567;NCT00232414;NCT00879307"
"2993"	"29491"	"161"	"Depressive Disorder, Major"	"D003865"	"367"	"risperidone"	"DB00734"	"2205"	"HTR1A"	"3350"	"manual_353"	"NCT00095134;NCT00174590;NCT00044681;NCT00174577;NCT00206765;NCT01282632;NCT00640562;NCT02374567"
"2994"	"11699"	"168"	"Arrhythmias, Cardiac"	"D001145"	"496"	"aspirin"	"DB00945"	"985"	"PTGS2"	"5743"	"manual_353"	"NCT02960126;NCT02164864;NCT00244426;NCT00041938;NCT03907046;NCT02565693;NCT02832531"
"2995"	"28150"	"191"	"Bipolar Disorder"	"D001714"	"802"	"iloperidone"	"DB04946"	"2081"	"DRD1"	"1812"	"manual_353"	"NCT04819776"
"2996"	"29680"	"191"	"Bipolar Disorder"	"D001714"	"813"	"cariprazine"	"DB06016"	"2205"	"HTR1A"	"3350"	"manual_353"	"NCT01396447;NCT01058096;NCT00852202;NCT01059539;NCT04777357;NCT01058668;NCT03573297;NCT02670538;NCT04771299;NCT02670551"
"2997"	"45557"	"191"	"Bipolar Disorder"	"D001714"	"34"	"lorazepam"	"DB00186"	"3920"	""	"2561"	"manual_353"	"NCT00431184"
"2998"	"281"	"162"	"Depressive Disorder"	"D003866"	"259"	"lamotrigine"	"DB00555"	"17"	"ADRB1"	"153"	"manual_353"	"NCT00652171;NCT01042496;NCT00074776;NCT00274677;NCT00224510;NCT00056277;NCT00063362;NCT00475137;NCT02374567"
"2999"	"19048"	"162"	"Depressive Disorder"	"D003866"	"1061"	"memantine"	"DB01043"	"1406"	"DRD2"	"1813"	"manual_353"	"NCT01876823;NCT02374567"
"3000"	"30129"	"191"	"Bipolar Disorder"	"D001714"	"95"	"venlafaxine"	"DB00285"	"2215"	"SLC6A4"	"6532"	"manual_353"	"NCT05973786;NCT05603104"
"3001"	"22625"	"162"	"Depressive Disorder"	"D003866"	"74"	"ziprasidone"	"DB00246"	"1559"	"HTR2A"	"3356"	"manual_353"	"NCT00555997;NCT00633399;NCT00340379;NCT00421954;NCT00483548;NCT02374567"
"3002"	"23202"	"162"	"Depressive Disorder"	"D003866"	"686"	"aripiprazole"	"DB01238"	"1559"	"HTR2A"	"3356"	"manual_353"	"NCT01123707;NCT01111565;NCT01111552;NCT01111539;NCT01655706;NCT01386086;NCT00556140;NCT00276978;NCT00080314;NCT05814640;NCT02374567;NCT00440713;NCT00094432"
"3003"	"46612"	"191"	"Bipolar Disorder"	"D001714"	"34"	"lorazepam"	"DB00186"	"4034"	"GABRG1"	"2565"	"manual_353"	"NCT00431184"
"3004"	"35798"	"162"	"Depressive Disorder"	"D003866"	"686"	"aripiprazole"	"DB01238"	"2749"	"CHRM2"	"1129"	"manual_353"	"NCT01123707;NCT01111565;NCT01111552;NCT01111539;NCT01655706;NCT01386086;NCT00556140;NCT00276978;NCT00080314;NCT05814640;NCT02374567;NCT00440713;NCT00094432"
"3005"	"29393"	"161"	"Depressive Disorder, Major"	"D003865"	"204"	"imipramine"	"DB00458"	"2205"	"HTR1A"	"3350"	"manual_353"	"NCT00296725;NCT02374567"
"3006"	"23613"	"161"	"Depressive Disorder, Major"	"D003865"	"1225"	"pipamperone"	"DB09286"	"1559"	"HTR2A"	"3356"	"manual_353"	"NCT01312922;NCT02374567"
"3007"	"2783"	"161"	"Depressive Disorder, Major"	"D003865"	"163"	"progesterone"	"DB00396"	"81"	"NR3C1"	"2908"	"manual_353"	"NCT00001481"
"3008"	"22799"	"162"	"Depressive Disorder"	"D003866"	"229"	"haloperidol"	"DB00502"	"1559"	"HTR2A"	"3356"	"manual_353"	"NCT00340379;NCT02374567"
"3009"	"29409"	"161"	"Depressive Disorder, Major"	"D003865"	"229"	"haloperidol"	"DB00502"	"2205"	"HTR1A"	"3350"	"manual_353"	"NCT00340379;NCT02374567"
"3010"	"33823"	"112"	"Seizures"	"D012640"	"427"	"diazepam"	"DB00829"	"2538"	"GABRA1"	"2554"	"manual_353"	"NCT00326612;NCT01417078;NCT02904265;NCT00004297"
"3011"	"34684"	"2"	"Prostatic Neoplasms"	"D011471"	"241"	"cyclophosphamide"	"DB00531"	"2588"	"CYP3A4"	"1576"	"manual_353"	"NCT00176605;NCT01420965;NCT06236139;NCT00005960;NCT01496131;NCT00753220;NCT01696877;NCT01093183;NCT03514836;NCT07523529"
"3012"	"5028"	"191"	"Bipolar Disorder"	"D001714"	"141"	"clozapine"	"DB00363"	"259"	"HTR2C"	"3358"	"manual_353"	"NCT05603104;NCT00036582;NCT00029458"
"3013"	"17667"	"191"	"Bipolar Disorder"	"D001714"	"229"	"haloperidol"	"DB00502"	"1405"	"DRD3"	"1814"	"manual_353"	"NCT00129220;NCT00097266;NCT05803642"
"3014"	"35499"	"162"	"Depressive Disorder"	"D003866"	"74"	"ziprasidone"	"DB00246"	"2749"	"CHRM2"	"1129"	"manual_353"	"NCT00555997;NCT00633399;NCT00340379;NCT00421954;NCT00483548;NCT02374567"
"3015"	"45115"	"112"	"Seizures"	"D012640"	"86"	"topiramate"	"DB00273"	"3903"	""	"2566"	"manual_353"	"NCT00236418;NCT00236704;NCT00266591;NCT00563459;NCT00236756;NCT00113815;NCT00230698;NCT00236743;NCT00236873;NCT00236860;NCT00236691;NCT00236847;NCT00236730;NCT00236886;NCT00231556;NCT00210574;NCT00004776"
"3016"	"1389"	"162"	"Depressive Disorder"	"D003866"	"163"	"progesterone"	"DB00396"	"72"	"ESR1"	"2099"	"manual_353"	"NCT00001481"
"3017"	"38885"	"191"	"Bipolar Disorder"	"D001714"	"357"	"paroxetine"	"DB00715"	"3104"	"SLC6A2"	"6530"	"manual_353"	"NCT00119652;NCT00400088"
"3018"	"44470"	"161"	"Depressive Disorder, Major"	"D003865"	"259"	"lamotrigine"	"DB00555"	"3855"	"ADRA1A"	"148"	"manual_353"	"NCT00652171;NCT01042496;NCT00074776;NCT00274677;NCT00224510;NCT00056277;NCT00063362;NCT00475137;NCT02374567"
"3019"	"17927"	"162"	"Depressive Disorder"	"D003866"	"74"	"ziprasidone"	"DB00246"	"1406"	"DRD2"	"1813"	"manual_353"	"NCT00555997;NCT00633399;NCT00340379;NCT00421954;NCT00483548;NCT02374567"
"3020"	"17639"	"191"	"Bipolar Disorder"	"D001714"	"174"	"pramipexole"	"DB00413"	"1405"	"DRD3"	"1814"	"manual_353"	"NCT00025792;NCT07664852"
"3021"	"23070"	"162"	"Depressive Disorder"	"D003866"	"506"	"pindolol"	"DB00960"	"1559"	"HTR2A"	"3356"	"manual_353"	"NCT00931775"
"3022"	"19270"	"162"	"Depressive Disorder"	"D003866"	"1225"	"pipamperone"	"DB09286"	"1406"	"DRD2"	"1813"	"manual_353"	"NCT01312922;NCT02374567"
"3023"	"30350"	"191"	"Bipolar Disorder"	"D001714"	"597"	"sertraline"	"DB01104"	"2215"	"SLC6A4"	"6532"	"manual_353"	"NCT05973786;NCT00857584;NCT05603104;NCT00276965;NCT00158990"
"3024"	"30307"	"161"	"Depressive Disorder, Major"	"D003865"	"363"	"trimipramine"	"DB00726"	"2215"	"SLC6A4"	"6532"	"manual_353"	"NCT02374567"
"3025"	"29606"	"161"	"Depressive Disorder, Major"	"D003865"	"677"	"quetiapine"	"DB01224"	"2205"	"HTR1A"	"3350"	"manual_353"	"NCT02720198;NCT00388973;NCT00351910;NCT05603104;NCT04521478;NCT00174603;NCT00953108;NCT00681668;NCT00782405;NCT00751504;NCT05973786;NCT00771134;NCT02374567;NCT00232414;NCT00879307"
"3026"	"44520"	"161"	"Depressive Disorder, Major"	"D003865"	"367"	"risperidone"	"DB00734"	"3855"	"ADRA1A"	"148"	"manual_353"	"NCT00095134;NCT00174590;NCT00044681;NCT00174577;NCT00206765;NCT01282632;NCT00640562;NCT02374567"
"3027"	"22361"	"2"	"Prostatic Neoplasms"	"D011471"	"536"	"doxorubicin"	"DB00997"	"1542"	"TOP2A"	"7153"	"manual_353"	"NCT02560051;NCT02494713;NCT00176293"
"3028"	"44455"	"161"	"Depressive Disorder, Major"	"D003865"	"204"	"imipramine"	"DB00458"	"3855"	"ADRA1A"	"148"	"manual_353"	"NCT00296725;NCT02374567"
"3029"	"2121"	"162"	"Depressive Disorder"	"D003866"	"1018"	"Dehydroepiandrosterone"	"DB01708"	"72"	"ESR1"	"2099"	"manual_353"	"NCT00001487"
"3030"	"29580"	"161"	"Depressive Disorder, Major"	"D003865"	"628"	"desipramine"	"DB01151"	"2205"	"HTR1A"	"3350"	"manual_353"	"NCT00329147;NCT00366652;NCT00338962;NCT00000271"
"3031"	"22724"	"162"	"Depressive Disorder"	"D003866"	"174"	"pramipexole"	"DB00413"	"1559"	"HTR2A"	"3356"	"manual_353"	"NCT00086307;NCT05825235;NCT05355337;NCT00025792;NCT07664852"
"3032"	"38854"	"191"	"Bipolar Disorder"	"D001714"	"233"	"dextromethorphan"	"DB00514"	"3104"	"SLC6A2"	"6530"	"manual_353"	"NCT03039842"
"3033"	"2963"	"161"	"Depressive Disorder, Major"	"D003865"	"430"	"mifepristone"	"DB00834"	"81"	"NR3C1"	"2908"	"manual_353"	"NCT00146523;NCT05217758;NCT00130676;NCT00128505;NCT00128479;NCT00208156;NCT00637494;NCT00725270;NCT00043654"
"3034"	"5309"	"191"	"Bipolar Disorder"	"D001714"	"922"	"vortioxetine"	"DB09068"	"259"	"HTR2C"	"3358"	"manual_353"	"NCT03598868"
"3035"	"29523"	"161"	"Depressive Disorder, Major"	"D003865"	"506"	"pindolol"	"DB00960"	"2205"	"HTR1A"	"3350"	"manual_353"	"NCT00931775"
"3036"	"198"	"162"	"Depressive Disorder"	"D003866"	"124"	"olanzapine"	"DB00334"	"17"	"ADRB1"	"153"	"manual_353"	"NCT00035321;NCT00056472;NCT01282632;NCT00568672;NCT01687478;NCT00273624;NCT00490971;NCT05814640;NCT00510146;NCT02374567;NCT00259272;NCT00618748"
"3037"	"29565"	"161"	"Depressive Disorder, Major"	"D003865"	"623"	"doxepin"	"DB01142"	"2205"	"HTR1A"	"3350"	"manual_353"	"NCT02374567"
"3038"	"2966"	"191"	"Bipolar Disorder"	"D001714"	"430"	"mifepristone"	"DB00834"	"81"	"NR3C1"	"2908"	"manual_353"	"NCT00043654"
"3039"	"38059"	"191"	"Bipolar Disorder"	"D001714"	"1244"	"taurine"	"DB01956"	"3043"	"GABRA3"	"2556"	"manual_353"	"NCT00217165"
"3040"	"29355"	"161"	"Depressive Disorder, Major"	"D003865"	"115"	"amitriptyline"	"DB00321"	"2205"	"HTR1A"	"3350"	"manual_353"	"NCT02014363;NCT00351910;NCT01049347;NCT02374567"
"3041"	"30411"	"191"	"Bipolar Disorder"	"D001714"	"641"	"escitalopram"	"DB01175"	"2215"	"SLC6A4"	"6532"	"manual_353"	"NCT00958633;NCT05973786;NCT05603104"
"3042"	"29417"	"161"	"Depressive Disorder, Major"	"D003865"	"245"	"nortriptyline"	"DB00540"	"2205"	"HTR1A"	"3350"	"manual_353"	"NCT00062738;NCT03652870;NCT02374567"
"3043"	"29613"	"161"	"Depressive Disorder, Major"	"D003865"	"686"	"aripiprazole"	"DB01238"	"2205"	"HTR1A"	"3350"	"manual_353"	"NCT01123707;NCT01111565;NCT01111552;NCT01111539;NCT01655706;NCT01386086;NCT00556140;NCT00276978;NCT00080314;NCT05814640;NCT02374567;NCT00440713;NCT00094432"
"3044"	"7102"	"6"	"Breast Neoplasms"	"D001943"	"430"	"mifepristone"	"DB00834"	"349"	"PGR"	"5241"	"manual_353"	"NCT03225547;NCT02788981;NCT06099769;NCT05016349;NCT01898312"
"3045"	"19013"	"162"	"Depressive Disorder"	"D003866"	"933"	"brexpiprazole"	"DB09128"	"1406"	"DRD2"	"1813"	"manual_353"	"NCT04162522;NCT02012218;NCT03487198;NCT03737474;NCT03697603;NCT03538691;NCT01944969;NCT01838681;NCT02013531;NCT01942785;NCT01727726;NCT02212613;NCT01942733;NCT02013609;NCT04569448"
"3046"	"24434"	"112"	"Seizures"	"D012640"	"322"	"verapamil"	"DB00661"	"1584"	"ADRA1B"	"147"	"manual_353"	"NCT01607073"
"3047"	"35133"	"6"	"Breast Neoplasms"	"D001943"	"287"	"sulindac"	"DB00605"	"2724"	"PTGS1"	"5742"	"manual_353"	"NCT00039520;NCT01761877"
"3048"	"37812"	"162"	"Depressive Disorder"	"D003866"	"259"	"lamotrigine"	"DB00555"	"3043"	"GABRA3"	"2556"	"manual_353"	"NCT00652171;NCT01042496;NCT00074776;NCT00274677;NCT00224510;NCT00056277;NCT00063362;NCT00475137;NCT02374567"
"3049"	"17611"	"191"	"Bipolar Disorder"	"D001714"	"141"	"clozapine"	"DB00363"	"1405"	"DRD3"	"1814"	"manual_353"	"NCT05603104;NCT00036582;NCT00029458"
"3050"	"31134"	"191"	"Bipolar Disorder"	"D001714"	"174"	"pramipexole"	"DB00413"	"2323"	"ADRA2C"	"152"	"manual_353"	"NCT00025792;NCT07664852"
"3051"	"44590"	"161"	"Depressive Disorder, Major"	"D003865"	"628"	"desipramine"	"DB01151"	"3855"	"ADRA1A"	"148"	"manual_353"	"NCT00329147;NCT00366652;NCT00338962;NCT00000271"
"3052"	"30380"	"161"	"Depressive Disorder, Major"	"D003865"	"623"	"doxepin"	"DB01142"	"2215"	"SLC6A4"	"6532"	"manual_353"	"NCT02374567"
"3053"	"44560"	"161"	"Depressive Disorder, Major"	"D003865"	"490"	"maprotiline"	"DB00934"	"3855"	"ADRA1A"	"148"	"manual_353"	"NCT02374567"
"3054"	"9954"	"161"	"Depressive Disorder, Major"	"D003865"	"267"	"propranolol"	"DB00571"	"968"	"HTR1B"	"3351"	"manual_353"	"NCT00016666"
"3055"	"29483"	"161"	"Depressive Disorder, Major"	"D003865"	"363"	"trimipramine"	"DB00726"	"2205"	"HTR1A"	"3350"	"manual_353"	"NCT02374567"
"3056"	"22699"	"162"	"Depressive Disorder"	"D003866"	"146"	"mirtazapine"	"DB00370"	"1559"	"HTR2A"	"3356"	"manual_353"	"NCT06309472;NCT02646449;NCT02185131;NCT03852160;NCT00782405;NCT00080158;NCT00322309;NCT00249444;NCT02650544;NCT02374567"
"3057"	"18961"	"162"	"Depressive Disorder"	"D003866"	"849"	"vilazodone"	"DB06684"	"1406"	"DRD2"	"1813"	"manual_353"	"NCT02436239;NCT02372799;NCT01742832;NCT01878292;NCT00644358;NCT00683592;NCT00290914;NCT02015546;NCT00285376"
"3058"	"18980"	"162"	"Depressive Disorder"	"D003866"	"876"	"lurasidone"	"DB08815"	"1406"	"DRD2"	"1813"	"manual_353"	"NCT01423253;NCT01421134;NCT00868699;NCT00868959;NCT01284517;NCT02046369"
"3059"	"17694"	"161"	"Depressive Disorder, Major"	"D003865"	"367"	"risperidone"	"DB00734"	"1405"	"DRD3"	"1814"	"manual_353"	"NCT00095134;NCT00174590;NCT00044681;NCT00174577;NCT00206765;NCT01282632;NCT00640562;NCT02374567"
"3060"	"38791"	"191"	"Bipolar Disorder"	"D001714"	"95"	"venlafaxine"	"DB00285"	"3104"	"SLC6A2"	"6530"	"manual_353"	"NCT05973786;NCT05603104"
"3061"	"30209"	"161"	"Depressive Disorder, Major"	"D003865"	"204"	"imipramine"	"DB00458"	"2215"	"SLC6A4"	"6532"	"manual_353"	"NCT00296725;NCT02374567"
"3062"	"38967"	"191"	"Bipolar Disorder"	"D001714"	"629"	"bupropion"	"DB01156"	"3104"	"SLC6A2"	"6530"	"manual_353"	"NCT05973786;NCT05603104;NCT00593099"
"3063"	"18891"	"162"	"Depressive Disorder"	"D003866"	"813"	"cariprazine"	"DB06016"	"1406"	"DRD2"	"1813"	"manual_353"	"NCT01838876;NCT01469377;NCT03738215;NCT03739203;NCT01715805;NCT00852202;NCT01396447;NCT02670551;NCT04777357;NCT02670538;NCT03573297"
"3064"	"5174"	"161"	"Depressive Disorder, Major"	"D003865"	"490"	"maprotiline"	"DB00934"	"259"	"HTR2C"	"3358"	"manual_353"	"NCT02374567"
"3065"	"17779"	"191"	"Bipolar Disorder"	"D001714"	"802"	"iloperidone"	"DB04946"	"1405"	"DRD3"	"1814"	"manual_353"	"NCT04819776"
"3066"	"22888"	"162"	"Depressive Disorder"	"D003866"	"319"	"trazodone"	"DB00656"	"1559"	"HTR2A"	"3356"	"manual_353"	"NCT04082806;NCT02086929;NCT01524497;NCT02374567"
"3067"	"38986"	"191"	"Bipolar Disorder"	"D001714"	"641"	"escitalopram"	"DB01175"	"3104"	"SLC6A2"	"6530"	"manual_353"	"NCT00958633;NCT05973786;NCT05603104"
"3068"	"30536"	"191"	"Bipolar Disorder"	"D001714"	"922"	"vortioxetine"	"DB09068"	"2215"	"SLC6A4"	"6532"	"manual_353"	"NCT03598868"
"3069"	"30348"	"161"	"Depressive Disorder, Major"	"D003865"	"597"	"sertraline"	"DB01104"	"2215"	"SLC6A4"	"6532"	"manual_353"	"NCT04637620;NCT01703039;NCT05950061;NCT01098318;NCT00351910;NCT00179283;NCT03414931;NCT06827431;NCT01360866;NCT01033084;NCT00143091;NCT04476030;NCT07645157;NCT00043550;NCT01407094;NCT00158990;NCT00636246;NCT05603104;NCT00275197;NCT00056472;NCT00232167;NCT02469545;NCT03852160;NCT00340379;NCT00276900;NCT00080158;NCT06408246;NCT00233103;NCT00602355;NCT05814640;NCT00026637;NCT05973786;NCT00276965;NCT02122393;NCT02565316;NCT02917122;NCT00302068;NCT00946998;NCT00232284;NCT00857584;NCT00078286;NCT02374567;NCT00654953"
"3070"	"24606"	"112"	"Seizures"	"D012640"	"86"	"topiramate"	"DB00273"	"1600"	"GABRB3"	"2562"	"manual_353"	"NCT00236418;NCT00236704;NCT00266591;NCT00563459;NCT00236756;NCT00113815;NCT00230698;NCT00236743;NCT00236873;NCT00236860;NCT00236691;NCT00236847;NCT00236730;NCT00236886;NCT00231556;NCT00210574;NCT00004776"
"3071"	"23614"	"162"	"Depressive Disorder"	"D003866"	"1225"	"pipamperone"	"DB09286"	"1559"	"HTR2A"	"3356"	"manual_353"	"NCT01312922;NCT02374567"
"3072"	"29322"	"161"	"Depressive Disorder, Major"	"D003865"	"74"	"ziprasidone"	"DB00246"	"2205"	"HTR1A"	"3350"	"manual_353"	"NCT00555997;NCT00633399;NCT00340379;NCT00421954;NCT00483548;NCT02374567"
"3073"	"29384"	"161"	"Depressive Disorder, Major"	"D003865"	"174"	"pramipexole"	"DB00413"	"2205"	"HTR1A"	"3350"	"manual_353"	"NCT00086307;NCT05825235;NCT05355337;NCT00025792;NCT07664852"
"3074"	"44584"	"161"	"Depressive Disorder, Major"	"D003865"	"623"	"doxepin"	"DB01142"	"3855"	"ADRA1A"	"148"	"manual_353"	"NCT02374567"
"3075"	"5154"	"161"	"Depressive Disorder, Major"	"D003865"	"367"	"risperidone"	"DB00734"	"259"	"HTR2C"	"3358"	"manual_353"	"NCT00095134;NCT00174590;NCT00044681;NCT00174577;NCT00206765;NCT01282632;NCT00640562;NCT02374567"
"3076"	"29607"	"162"	"Depressive Disorder"	"D003866"	"677"	"quetiapine"	"DB01224"	"2205"	"HTR1A"	"3350"	"manual_353"	"NCT02720198;NCT00388973;NCT00351910;NCT05603104;NCT04521478;NCT00174603;NCT00953108;NCT00681668;NCT00782405;NCT00751504;NCT05973786;NCT00771134;NCT02374567;NCT00232414;NCT00879307"
"3077"	"17665"	"161"	"Depressive Disorder, Major"	"D003865"	"229"	"haloperidol"	"DB00502"	"1405"	"DRD3"	"1814"	"manual_353"	"NCT00340379;NCT02374567"
"3078"	"16014"	"191"	"Bipolar Disorder"	"D001714"	"163"	"progesterone"	"DB00396"	"1281"	"OPRK1"	"4986"	"manual_353"	"NCT00206544"
"3079"	"34109"	"112"	"Seizures"	"D012640"	"1091"	"propofol"	"DB00818"	"2538"	"GABRA1"	"2554"	"manual_353"	"NCT00265616"
"3080"	"23428"	"162"	"Depressive Disorder"	"D003866"	"922"	"vortioxetine"	"DB09068"	"1559"	"HTR2A"	"3356"	"manual_353"	"NCT05104918;NCT02389816;NCT00672958;NCT00672620;NCT01355081;NCT00707980;NCT00735709;NCT03855865;NCT01179516;NCT01153009;NCT01255787;NCT03053362;NCT01163266;NCT03108625;NCT02871297;NCT01152996;NCT04498897;NCT05014919;NCT01364649;NCT02845349;NCT01491035;NCT03485274;NCT05814640;NCT03598868"
"3081"	"11713"	"296"	"Coronary Artery Disease"	"D003324"	"496"	"aspirin"	"DB00945"	"985"	"PTGS2"	"5743"	"manual_353"	"NCT01466452;NCT02266030;NCT01598337;NCT01510327;NCT01500434;NCT00823212;NCT00776477;NCT00642811;NCT05093790;NCT04434365;NCT01268917;NCT00330772;NCT02294643;NCT00000500;NCT00000496;NCT01755520;NCT00000510;NCT00891670;NCT00000491;NCT00684203;NCT00000479;NCT00000520;NCT01776424;NCT00771914;NCT04754789;NCT00041938;NCT04718025;NCT00501345;NCT04343001"
"3082"	"44611"	"161"	"Depressive Disorder, Major"	"D003865"	"686"	"aripiprazole"	"DB01238"	"3855"	"ADRA1A"	"148"	"manual_353"	"NCT01123707;NCT01111565;NCT01111552;NCT01111539;NCT01655706;NCT01386086;NCT00556140;NCT00276978;NCT00080314;NCT05814640;NCT02374567;NCT00440713;NCT00094432"
"3083"	"30399"	"161"	"Depressive Disorder, Major"	"D003865"	"628"	"desipramine"	"DB01151"	"2215"	"SLC6A4"	"6532"	"manual_353"	"NCT00329147;NCT00366652;NCT00338962;NCT00000271"
"3084"	"29410"	"162"	"Depressive Disorder"	"D003866"	"229"	"haloperidol"	"DB00502"	"2205"	"HTR1A"	"3350"	"manual_353"	"NCT00340379;NCT02374567"
"3085"	"24153"	"191"	"Bipolar Disorder"	"D001714"	"597"	"sertraline"	"DB01104"	"1566"	"SLC6A3"	"6531"	"manual_353"	"NCT05973786;NCT00857584;NCT05603104;NCT00276965;NCT00158990"
"3086"	"23136"	"162"	"Depressive Disorder"	"D003866"	"627"	"Nefazodone"	"DB01149"	"1559"	"HTR2A"	"3356"	"manual_353"	"NCT00015210"
"3087"	"22775"	"162"	"Depressive Disorder"	"D003866"	"214"	"duloxetine"	"DB00476"	"1559"	"HTR2A"	"3356"	"manual_353"	"NCT03068247;NCT01145755;NCT00672620;NCT01288079;NCT00811252;NCT01140906;NCT00849901;NCT00849693;NCT00599911;NCT00489775;NCT00635219;NCT00351910;NCT00529789;NCT00321490;NCT00042562;NCT00042575;NCT00331799;NCT00105989;NCT01564862;NCT01153009;NCT01360866;NCT00062673;NCT04476030;NCT02232555;NCT00489073;NCT00366652;NCT00191685;NCT00073411;NCT01309945;NCT01369095;NCT03852160;NCT02443194;NCT05814640;NCT04111627;NCT03038867;NCT01223001;NCT07649291;NCT02374567"
"3088"	"35672"	"162"	"Depressive Disorder"	"D003866"	"376"	"scopolamine"	"DB00747"	"2749"	"CHRM2"	"1129"	"manual_353"	"NCT00369915;NCT01312844;NCT04211961"
"3089"	"30247"	"161"	"Depressive Disorder, Major"	"D003865"	"245"	"nortriptyline"	"DB00540"	"2215"	"SLC6A4"	"6532"	"manual_353"	"NCT00062738;NCT03652870;NCT02374567"
"3090"	"33982"	"112"	"Seizures"	"D012640"	"760"	"Nitrazepam"	"DB01595"	"2538"	"GABRA1"	"2554"	"manual_353"	"NCT00004758"
"3091"	"23441"	"162"	"Depressive Disorder"	"D003866"	"933"	"brexpiprazole"	"DB09128"	"1559"	"HTR2A"	"3356"	"manual_353"	"NCT04162522;NCT02012218;NCT03487198;NCT03737474;NCT03697603;NCT03538691;NCT01944969;NCT01838681;NCT02013531;NCT01942785;NCT01727726;NCT02212613;NCT01942733;NCT02013609;NCT04569448"
"3092"	"38839"	"161"	"Depressive Disorder, Major"	"D003865"	"204"	"imipramine"	"DB00458"	"3104"	"SLC6A2"	"6530"	"manual_353"	"NCT00296725;NCT02374567"
"3093"	"44516"	"161"	"Depressive Disorder, Major"	"D003865"	"363"	"trimipramine"	"DB00726"	"3855"	"ADRA1A"	"148"	"manual_353"	"NCT02374567"
"3094"	"33773"	"112"	"Seizures"	"D012640"	"337"	"Midazolam"	"DB00683"	"2538"	"GABRA1"	"2554"	"manual_353"	"NCT00326612;NCT04926844;NCT07095842;NCT05779657"
"3095"	"30118"	"161"	"Depressive Disorder, Major"	"D003865"	"74"	"ziprasidone"	"DB00246"	"2215"	"SLC6A4"	"6532"	"manual_353"	"NCT00555997;NCT00633399;NCT00340379;NCT00421954;NCT00483548;NCT02374567"
"3096"	"23378"	"162"	"Depressive Disorder"	"D003866"	"844"	"agomelatine"	"DB06594"	"1559"	"HTR2A"	"3356"	"manual_353"	"NCT00467402;NCT00411099;NCT00463242;NCT01488071;NCT00411242;NCT03852160;NCT02374567"
"3097"	"44710"	"161"	"Depressive Disorder, Major"	"D003865"	"1225"	"pipamperone"	"DB09286"	"3855"	"ADRA1A"	"148"	"manual_353"	"NCT01312922;NCT02374567"
"3098"	"44609"	"161"	"Depressive Disorder, Major"	"D003865"	"677"	"quetiapine"	"DB01224"	"3855"	"ADRA1A"	"148"	"manual_353"	"NCT02720198;NCT00388973;NCT00351910;NCT05603104;NCT04521478;NCT00174603;NCT00953108;NCT00681668;NCT00782405;NCT00751504;NCT05973786;NCT00771134;NCT02374567;NCT00232414;NCT00879307"
"3099"	"38949"	"161"	"Depressive Disorder, Major"	"D003865"	"623"	"doxepin"	"DB01142"	"3104"	"SLC6A2"	"6530"	"manual_353"	"NCT02374567"
"3100"	"17759"	"161"	"Depressive Disorder, Major"	"D003865"	"686"	"aripiprazole"	"DB01238"	"1405"	"DRD3"	"1814"	"manual_353"	"NCT01123707;NCT01111565;NCT01111552;NCT01111539;NCT01655706;NCT01386086;NCT00556140;NCT00276978;NCT00080314;NCT05814640;NCT02374567;NCT00440713;NCT00094432"
"3101"	"20720"	"93"	"Hypertension"	"D006973"	"25"	"cholecalciferol"	"DB00169"	"1471"	"VDR"	"7421"	"manual_353"	"NCT01166165;NCT03070483"
"3102"	"29822"	"161"	"Depressive Disorder, Major"	"D003865"	"1225"	"pipamperone"	"DB09286"	"2205"	"HTR1A"	"3350"	"manual_353"	"NCT01312922;NCT02374567"
"3103"	"31194"	"191"	"Bipolar Disorder"	"D001714"	"802"	"iloperidone"	"DB04946"	"2323"	"ADRA2C"	"152"	"manual_353"	"NCT04819776"
"3104"	"17745"	"161"	"Depressive Disorder, Major"	"D003865"	"677"	"quetiapine"	"DB01224"	"1405"	"DRD3"	"1814"	"manual_353"	"NCT02720198;NCT00388973;NCT00351910;NCT05603104;NCT04521478;NCT00174603;NCT00953108;NCT00681668;NCT00782405;NCT00751504;NCT05973786;NCT00771134;NCT02374567;NCT00232414;NCT00879307"
"3105"	"5246"	"161"	"Depressive Disorder, Major"	"D003865"	"686"	"aripiprazole"	"DB01238"	"259"	"HTR2C"	"3358"	"manual_353"	"NCT01123707;NCT01111565;NCT01111552;NCT01111539;NCT01655706;NCT01386086;NCT00556140;NCT00276978;NCT00080314;NCT05814640;NCT02374567;NCT00440713;NCT00094432"
"3106"	"38960"	"161"	"Depressive Disorder, Major"	"D003865"	"628"	"desipramine"	"DB01151"	"3104"	"SLC6A2"	"6530"	"manual_353"	"NCT00329147;NCT00366652;NCT00338962;NCT00000271"
"3107"	"5069"	"161"	"Depressive Disorder, Major"	"D003865"	"204"	"imipramine"	"DB00458"	"259"	"HTR2C"	"3358"	"manual_353"	"NCT00296725;NCT02374567"
"3108"	"13895"	"162"	"Depressive Disorder"	"D003866"	"415"	"pentoxifylline"	"DB00806"	"1092"	"TNF"	"7124"	"manual_353"	"NCT01625845;NCT05324735"
"3109"	"29492"	"162"	"Depressive Disorder"	"D003866"	"367"	"risperidone"	"DB00734"	"2205"	"HTR1A"	"3350"	"manual_353"	"NCT00095134;NCT00174590;NCT00044681;NCT00174577;NCT00206765;NCT01282632;NCT00640562;NCT02374567"
"3110"	"5197"	"161"	"Depressive Disorder, Major"	"D003865"	"623"	"doxepin"	"DB01142"	"259"	"HTR2C"	"3358"	"manual_353"	"NCT02374567"
"3111"	"34751"	"6"	"Breast Neoplasms"	"D001943"	"782"	"thiotepa"	"DB04572"	"2588"	"CYP3A4"	"1576"	"manual_353"	"NCT00182793;NCT00429182;NCT00005798;NCT00004172;NCT00004900;NCT00002780;NCT00008203;NCT00004092;NCT00002755;NCT00004906;NCT00003877;NCT00002870;NCT00003972;NCT00002680;NCT00002772;NCT00012311;NCT00003680;NCT00006123;NCT00003086;NCT00002836;NCT00003199;NCT00003068;NCT00060255"
"3112"	"38915"	"161"	"Depressive Disorder, Major"	"D003865"	"490"	"maprotiline"	"DB00934"	"3104"	"SLC6A2"	"6530"	"manual_353"	"NCT02374567"
"3113"	"29363"	"162"	"Depressive Disorder"	"D003866"	"124"	"olanzapine"	"DB00334"	"2205"	"HTR1A"	"3350"	"manual_353"	"NCT00035321;NCT00056472;NCT01282632;NCT00568672;NCT01687478;NCT00273624;NCT00490971;NCT05814640;NCT00510146;NCT02374567;NCT00259272;NCT00618748"
"3114"	"29709"	"161"	"Depressive Disorder, Major"	"D003865"	"876"	"lurasidone"	"DB08815"	"2205"	"HTR1A"	"3350"	"manual_353"	"NCT01423253;NCT01421134;NCT00868699;NCT00868959;NCT01284517;NCT02046369"
"3115"	"38858"	"161"	"Depressive Disorder, Major"	"D003865"	"245"	"nortriptyline"	"DB00540"	"3104"	"SLC6A2"	"6530"	"manual_353"	"NCT00062738;NCT03652870;NCT02374567"
"3116"	"5210"	"161"	"Depressive Disorder, Major"	"D003865"	"628"	"desipramine"	"DB01151"	"259"	"HTR2C"	"3358"	"manual_353"	"NCT00329147;NCT00366652;NCT00338962;NCT00000271"
"3117"	"44423"	"161"	"Depressive Disorder, Major"	"D003865"	"115"	"amitriptyline"	"DB00321"	"3855"	"ADRA1A"	"148"	"manual_353"	"NCT02014363;NCT00351910;NCT01049347;NCT02374567"
"3118"	"5414"	"162"	"Depressive Disorder"	"D003866"	"163"	"progesterone"	"DB00396"	"262"	"AR"	"367"	"manual_353"	"NCT00001481"
"3119"	"9941"	"191"	"Bipolar Disorder"	"D001714"	"174"	"pramipexole"	"DB00413"	"968"	"HTR1B"	"3351"	"manual_353"	"NCT00025792;NCT07664852"
"3120"	"1593"	"162"	"Depressive Disorder"	"D003866"	"400"	"estradiol"	"DB00783"	"72"	"ESR1"	"2099"	"manual_353"	"NCT00001481;NCT01126801;NCT01308814;NCT03689543"
"3121"	"24227"	"191"	"Bipolar Disorder"	"D001714"	"629"	"bupropion"	"DB01156"	"1566"	"SLC6A3"	"6531"	"manual_353"	"NCT05973786;NCT05603104;NCT00593099"
"3122"	"30148"	"161"	"Depressive Disorder, Major"	"D003865"	"115"	"amitriptyline"	"DB00321"	"2215"	"SLC6A4"	"6532"	"manual_353"	"NCT02014363;NCT00351910;NCT01049347;NCT02374567"
"3123"	"9994"	"161"	"Depressive Disorder, Major"	"D003865"	"367"	"risperidone"	"DB00734"	"968"	"HTR1B"	"3351"	"manual_353"	"NCT00095134;NCT00174590;NCT00044681;NCT00174577;NCT00206765;NCT01282632;NCT00640562;NCT02374567"
"3124"	"8231"	"112"	"Seizures"	"D012640"	"86"	"topiramate"	"DB00273"	"583"	"GABRD"	"2563"	"manual_353"	"NCT00236418;NCT00236704;NCT00266591;NCT00563459;NCT00236756;NCT00113815;NCT00230698;NCT00236743;NCT00236873;NCT00236860;NCT00236691;NCT00236847;NCT00236730;NCT00236886;NCT00231556;NCT00210574;NCT00004776"
"3125"	"30065"	"161"	"Depressive Disorder, Major"	"D003865"	"27"	"fluvoxamine"	"DB00176"	"2215"	"SLC6A4"	"6532"	"manual_353"	"NCT04160377;NCT02374567"
"3126"	"31125"	"191"	"Bipolar Disorder"	"D001714"	"141"	"clozapine"	"DB00363"	"2323"	"ADRA2C"	"152"	"manual_353"	"NCT05603104;NCT00036582;NCT00029458"
"3127"	"4743"	"6"	"Breast Neoplasms"	"D001943"	"496"	"aspirin"	"DB00945"	"217"	"TP53"	"7157"	"manual_353"	"NCT01431053;NCT00263211;NCT04188119;NCT03794596;NCT04038489;NCT02927249;NCT02602938"
"3128"	"5240"	"161"	"Depressive Disorder, Major"	"D003865"	"677"	"quetiapine"	"DB01224"	"259"	"HTR2C"	"3358"	"manual_353"	"NCT02720198;NCT00388973;NCT00351910;NCT05603104;NCT04521478;NCT00174603;NCT00953108;NCT00681668;NCT00782405;NCT00751504;NCT05973786;NCT00771134;NCT02374567;NCT00232414;NCT00879307"
"3129"	"40596"	"168"	"Arrhythmias, Cardiac"	"D001145"	"404"	"perindopril"	"DB00790"	"3330"	"ACE"	"1636"	"manual_353"	"NCT00461903"
"3130"	"17880"	"191"	"Bipolar Disorder"	"D001714"	"1248"	"tianeptine"	"DB09289"	"1405"	"DRD3"	"1814"	"manual_353"	"NCT00879372"
"3131"	"5241"	"162"	"Depressive Disorder"	"D003866"	"677"	"quetiapine"	"DB01224"	"259"	"HTR2C"	"3358"	"manual_353"	"NCT02720198;NCT00388973;NCT00351910;NCT05603104;NCT04521478;NCT00174603;NCT00953108;NCT00681668;NCT00782405;NCT00751504;NCT05973786;NCT00771134;NCT02374567;NCT00232414;NCT00879307"
"3132"	"9955"	"162"	"Depressive Disorder"	"D003866"	"267"	"propranolol"	"DB00571"	"968"	"HTR1B"	"3351"	"manual_353"	"NCT00016666"
"3133"	"32430"	"162"	"Depressive Disorder"	"D003866"	"259"	"lamotrigine"	"DB00555"	"2440"	"ADRA2A"	"150"	"manual_353"	"NCT00652171;NCT01042496;NCT00074776;NCT00274677;NCT00224510;NCT00056277;NCT00063362;NCT00475137;NCT02374567"
"3134"	"19470"	"191"	"Bipolar Disorder"	"D001714"	"174"	"pramipexole"	"DB00413"	"1407"	"DRD4"	"1815"	"manual_353"	"NCT00025792;NCT07664852"
"3135"	"23328"	"162"	"Depressive Disorder"	"D003866"	"813"	"cariprazine"	"DB06016"	"1559"	"HTR2A"	"3356"	"manual_353"	"NCT01838876;NCT01469377;NCT03738215;NCT03739203;NCT01715805;NCT00852202;NCT01396447;NCT02670551;NCT04777357;NCT02670538;NCT03573297"
"3136"	"27952"	"162"	"Depressive Disorder"	"D003866"	"259"	"lamotrigine"	"DB00555"	"2081"	"DRD1"	"1812"	"manual_353"	"NCT00652171;NCT01042496;NCT00074776;NCT00274677;NCT00224510;NCT00056277;NCT00063362;NCT00475137;NCT02374567"
"3137"	"38990"	"161"	"Depressive Disorder, Major"	"D003865"	"677"	"quetiapine"	"DB01224"	"3104"	"SLC6A2"	"6530"	"manual_353"	"NCT02720198;NCT00388973;NCT00351910;NCT05603104;NCT04521478;NCT00174603;NCT00953108;NCT00681668;NCT00782405;NCT00751504;NCT05973786;NCT00771134;NCT02374567;NCT00232414;NCT00879307"
"3138"	"38889"	"161"	"Depressive Disorder, Major"	"D003865"	"363"	"trimipramine"	"DB00726"	"3104"	"SLC6A2"	"6530"	"manual_353"	"NCT02374567"
"3139"	"16028"	"191"	"Bipolar Disorder"	"D001714"	"233"	"dextromethorphan"	"DB00514"	"1281"	"OPRK1"	"4986"	"manual_353"	"NCT03039842"
"3140"	"5046"	"161"	"Depressive Disorder, Major"	"D003865"	"174"	"pramipexole"	"DB00413"	"259"	"HTR2C"	"3358"	"manual_353"	"NCT00086307;NCT05825235;NCT05355337;NCT00025792;NCT07664852"
"3141"	"27192"	"161"	"Depressive Disorder, Major"	"D003865"	"267"	"propranolol"	"DB00571"	"1945"	"ADRB3"	"155"	"manual_353"	"NCT00016666"
"3142"	"42935"	"112"	"Seizures"	"D012640"	"86"	"topiramate"	"DB00273"	"3668"	"GABRA5"	"2558"	"manual_353"	"NCT00236418;NCT00236704;NCT00266591;NCT00563459;NCT00236756;NCT00113815;NCT00230698;NCT00236743;NCT00236873;NCT00236860;NCT00236691;NCT00236847;NCT00236730;NCT00236886;NCT00231556;NCT00210574;NCT00004776"
"3143"	"44462"	"161"	"Depressive Disorder, Major"	"D003865"	"245"	"nortriptyline"	"DB00540"	"3855"	"ADRA1A"	"148"	"manual_353"	"NCT00062738;NCT03652870;NCT02374567"
"3144"	"29678"	"161"	"Depressive Disorder, Major"	"D003865"	"813"	"cariprazine"	"DB06016"	"2205"	"HTR1A"	"3350"	"manual_353"	"NCT01838876;NCT01469377;NCT03738215;NCT03739203;NCT01715805;NCT00852202;NCT01396447;NCT02670551;NCT04777357;NCT02670538;NCT03573297"
"3145"	"20680"	"93"	"Hypertension"	"D006973"	"13"	"calcitriol"	"DB00136"	"1471"	"VDR"	"7421"	"manual_353"	"NCT02047799"
"3146"	"17636"	"161"	"Depressive Disorder, Major"	"D003865"	"174"	"pramipexole"	"DB00413"	"1405"	"DRD3"	"1814"	"manual_353"	"NCT00086307;NCT05825235;NCT05355337;NCT00025792;NCT07664852"
"3147"	"23392"	"162"	"Depressive Disorder"	"D003866"	"876"	"lurasidone"	"DB08815"	"1559"	"HTR2A"	"3356"	"manual_353"	"NCT01423253;NCT01421134;NCT00868699;NCT00868959;NCT01284517;NCT02046369"
"3148"	"29323"	"162"	"Depressive Disorder"	"D003866"	"74"	"ziprasidone"	"DB00246"	"2205"	"HTR1A"	"3350"	"manual_353"	"NCT00555997;NCT00633399;NCT00340379;NCT00421954;NCT00483548;NCT02374567"
"3149"	"5021"	"162"	"Depressive Disorder"	"D003866"	"124"	"olanzapine"	"DB00334"	"259"	"HTR2C"	"3358"	"manual_353"	"NCT00035321;NCT00056472;NCT01282632;NCT00568672;NCT01687478;NCT00273624;NCT00490971;NCT05814640;NCT00510146;NCT02374567;NCT00259272;NCT00618748"
"3150"	"41565"	"115"	"Epilepsy"	"D004827"	"418"	"biperiden"	"DB00810"	"3415"	"CHRM1"	"1128"	"manual_353"	"NCT04945213"
"3151"	"9926"	"191"	"Bipolar Disorder"	"D001714"	"141"	"clozapine"	"DB00363"	"968"	"HTR1B"	"3351"	"manual_353"	"NCT05603104;NCT00036582;NCT00029458"
"3152"	"5095"	"161"	"Depressive Disorder, Major"	"D003865"	"245"	"nortriptyline"	"DB00540"	"259"	"HTR2C"	"3358"	"manual_353"	"NCT00062738;NCT03652870;NCT02374567"
"3153"	"844"	"191"	"Bipolar Disorder"	"D001714"	"535"	"gabapentin"	"DB00996"	"23"	"CACNA1C"	"775"	"manual_353"	"NCT03334721;NCT05064319;NCT03220776"
"3154"	"29614"	"162"	"Depressive Disorder"	"D003866"	"686"	"aripiprazole"	"DB01238"	"2205"	"HTR1A"	"3350"	"manual_353"	"NCT01123707;NCT01111565;NCT01111552;NCT01111539;NCT01655706;NCT01386086;NCT00556140;NCT00276978;NCT00080314;NCT05814640;NCT02374567;NCT00440713;NCT00094432"
"3155"	"5014"	"161"	"Depressive Disorder, Major"	"D003865"	"115"	"amitriptyline"	"DB00321"	"259"	"HTR2C"	"3358"	"manual_353"	"NCT02014363;NCT00351910;NCT01049347;NCT02374567"
"3156"	"37742"	"162"	"Depressive Disorder"	"D003866"	"124"	"olanzapine"	"DB00334"	"3043"	"GABRA3"	"2556"	"manual_353"	"NCT00035321;NCT00056472;NCT01282632;NCT00568672;NCT01687478;NCT00273624;NCT00490971;NCT05814640;NCT00510146;NCT02374567;NCT00259272;NCT00618748"
"3157"	"24242"	"191"	"Bipolar Disorder"	"D001714"	"641"	"escitalopram"	"DB01175"	"1566"	"SLC6A3"	"6531"	"manual_353"	"NCT00958633;NCT05973786;NCT05603104"
"3158"	"388"	"93"	"Hypertension"	"D006973"	"539"	"albuterol"	"DB01001"	"17"	"ADRB1"	"153"	"manual_353"	"NCT03270332;NCT02885636"
"3159"	"5566"	"162"	"Depressive Disorder"	"D003866"	"430"	"mifepristone"	"DB00834"	"262"	"AR"	"367"	"manual_353"	"NCT00146523;NCT05217758;NCT00130676;NCT00128505;NCT00128479;NCT00208156;NCT00637494;NCT00725270;NCT00043654"
"3160"	"15324"	"6"	"Breast Neoplasms"	"D001943"	"700"	"dasatinib"	"DB01254"	"1193"	"KIT"	"3815"	"manual_353"	"NCT02720185;NCT06355037;NCT00817531;NCT01410708;NCT00780676;NCT01471106;NCT00903006;NCT00546104;NCT00410813;NCT00371345;NCT00924352;NCT00371254;NCT00566618;NCT01306942;NCT00754325;NCT00696072;NCT05198843;NCT02465060"
"3161"	"17582"	"161"	"Depressive Disorder, Major"	"D003865"	"74"	"ziprasidone"	"DB00246"	"1405"	"DRD3"	"1814"	"manual_353"	"NCT00555997;NCT00633399;NCT00340379;NCT00421954;NCT00483548;NCT02374567"
"3162"	"35375"	"6"	"Breast Neoplasms"	"D001943"	"1073"	"nimesulide"	"DB04743"	"2724"	"PTGS1"	"5742"	"manual_353"	"NCT01500577"
"3163"	"27928"	"162"	"Depressive Disorder"	"D003866"	"229"	"haloperidol"	"DB00502"	"2081"	"DRD1"	"1812"	"manual_353"	"NCT00340379;NCT02374567"
"3164"	"5147"	"161"	"Depressive Disorder, Major"	"D003865"	"363"	"trimipramine"	"DB00726"	"259"	"HTR2C"	"3358"	"manual_353"	"NCT02374567"
"3165"	"38802"	"161"	"Depressive Disorder, Major"	"D003865"	"115"	"amitriptyline"	"DB00321"	"3104"	"SLC6A2"	"6530"	"manual_353"	"NCT02014363;NCT00351910;NCT01049347;NCT02374567"
"3166"	"38445"	"191"	"Bipolar Disorder"	"D001714"	"1244"	"taurine"	"DB01956"	"3045"	"GABRB1"	"2560"	"manual_353"	"NCT00217165"
"3167"	"19525"	"161"	"Depressive Disorder, Major"	"D003865"	"367"	"risperidone"	"DB00734"	"1407"	"DRD4"	"1815"	"manual_353"	"NCT00095134;NCT00174590;NCT00044681;NCT00174577;NCT00206765;NCT01282632;NCT00640562;NCT02374567"
"3168"	"30451"	"161"	"Depressive Disorder, Major"	"D003865"	"797"	"milnacipran"	"DB04896"	"2215"	"SLC6A4"	"6532"	"manual_353"	"NCT00225511;NCT02783430"
"3169"	"24694"	"162"	"Depressive Disorder"	"D003866"	"259"	"lamotrigine"	"DB00555"	"1600"	"GABRB3"	"2562"	"manual_353"	"NCT00652171;NCT01042496;NCT00074776;NCT00274677;NCT00224510;NCT00056277;NCT00063362;NCT00475137;NCT02374567"
"3170"	"10080"	"161"	"Depressive Disorder, Major"	"D003865"	"677"	"quetiapine"	"DB01224"	"968"	"HTR1B"	"3351"	"manual_353"	"NCT02720198;NCT00388973;NCT00351910;NCT05603104;NCT04521478;NCT00174603;NCT00953108;NCT00681668;NCT00782405;NCT00751504;NCT05973786;NCT00771134;NCT02374567;NCT00232414;NCT00879307"
"3171"	"27847"	"162"	"Depressive Disorder"	"D003866"	"124"	"olanzapine"	"DB00334"	"2081"	"DRD1"	"1812"	"manual_353"	"NCT00035321;NCT00056472;NCT01282632;NCT00568672;NCT01687478;NCT00273624;NCT00490971;NCT05814640;NCT00510146;NCT02374567;NCT00259272;NCT00618748"
"3172"	"38002"	"162"	"Depressive Disorder"	"D003866"	"1018"	"Dehydroepiandrosterone"	"DB01708"	"3043"	"GABRA3"	"2556"	"manual_353"	"NCT00001487"
"3173"	"30187"	"161"	"Depressive Disorder, Major"	"D003865"	"181"	"methylphenidate"	"DB00422"	"2215"	"SLC6A4"	"6532"	"manual_353"	"NCT00246233;NCT01497548;NCT05474846"
"3174"	"9939"	"161"	"Depressive Disorder, Major"	"D003865"	"174"	"pramipexole"	"DB00413"	"968"	"HTR1B"	"3351"	"manual_353"	"NCT00086307;NCT05825235;NCT05355337;NCT00025792;NCT07664852"
"3175"	"2784"	"162"	"Depressive Disorder"	"D003866"	"163"	"progesterone"	"DB00396"	"81"	"NR3C1"	"2908"	"manual_353"	"NCT00001481"
"3176"	"29385"	"162"	"Depressive Disorder"	"D003866"	"174"	"pramipexole"	"DB00413"	"2205"	"HTR1A"	"3350"	"manual_353"	"NCT00086307;NCT05825235;NCT05355337;NCT00025792;NCT07664852"
"3177"	"10087"	"161"	"Depressive Disorder, Major"	"D003865"	"686"	"aripiprazole"	"DB01238"	"968"	"HTR1B"	"3351"	"manual_353"	"NCT01123707;NCT01111565;NCT01111552;NCT01111539;NCT01655706;NCT01386086;NCT00556140;NCT00276978;NCT00080314;NCT05814640;NCT02374567;NCT00440713;NCT00094432"
"3178"	"36882"	"2"	"Prostatic Neoplasms"	"D011471"	"249"	"5-fluorouracil"	"DB00544"	"2912"	"TYMS"	"7298"	"manual_353"	"NCT05489211;NCT07730021"
"3179"	"34737"	"6"	"Breast Neoplasms"	"D001943"	"705"	"posaconazole"	"DB01263"	"2588"	"CYP3A4"	"1576"	"manual_353"	"NCT06802757"
"3180"	"5155"	"162"	"Depressive Disorder"	"D003866"	"367"	"risperidone"	"DB00734"	"259"	"HTR2C"	"3358"	"manual_353"	"NCT00095134;NCT00174590;NCT00044681;NCT00174577;NCT00206765;NCT01282632;NCT00640562;NCT02374567"
"3181"	"19456"	"191"	"Bipolar Disorder"	"D001714"	"141"	"clozapine"	"DB00363"	"1407"	"DRD4"	"1815"	"manual_353"	"NCT05603104;NCT00036582;NCT00029458"
"3182"	"19586"	"161"	"Depressive Disorder, Major"	"D003865"	"677"	"quetiapine"	"DB01224"	"1407"	"DRD4"	"1815"	"manual_353"	"NCT02720198;NCT00388973;NCT00351910;NCT05603104;NCT04521478;NCT00174603;NCT00953108;NCT00681668;NCT00782405;NCT00751504;NCT05973786;NCT00771134;NCT02374567;NCT00232414;NCT00879307"
"3183"	"45254"	"112"	"Seizures"	"D012640"	"427"	"diazepam"	"DB00829"	"3903"	""	"2566"	"manual_353"	"NCT00326612;NCT01417078;NCT02904265;NCT00004297"
"3184"	"19495"	"161"	"Depressive Disorder, Major"	"D003865"	"229"	"haloperidol"	"DB00502"	"1407"	"DRD4"	"1815"	"manual_353"	"NCT00340379;NCT02374567"
"3185"	"17862"	"161"	"Depressive Disorder, Major"	"D003865"	"1225"	"pipamperone"	"DB09286"	"1405"	"DRD3"	"1814"	"manual_353"	"NCT01312922;NCT02374567"
"3186"	"4992"	"161"	"Depressive Disorder, Major"	"D003865"	"74"	"ziprasidone"	"DB00246"	"259"	"HTR2C"	"3358"	"manual_353"	"NCT00555997;NCT00633399;NCT00340379;NCT00421954;NCT00483548;NCT02374567"
"3187"	"19497"	"191"	"Bipolar Disorder"	"D001714"	"229"	"haloperidol"	"DB00502"	"1407"	"DRD4"	"1815"	"manual_353"	"NCT00129220;NCT00097266;NCT05803642"
"3188"	"32599"	"162"	"Depressive Disorder"	"D003866"	"677"	"quetiapine"	"DB01224"	"2440"	"ADRA2A"	"150"	"manual_353"	"NCT02720198;NCT00388973;NCT00351910;NCT05603104;NCT04521478;NCT00174603;NCT00953108;NCT00681668;NCT00782405;NCT00751504;NCT05973786;NCT00771134;NCT02374567;NCT00232414;NCT00879307"
"3189"	"2964"	"162"	"Depressive Disorder"	"D003866"	"430"	"mifepristone"	"DB00834"	"81"	"NR3C1"	"2908"	"manual_353"	"NCT00146523;NCT05217758;NCT00130676;NCT00128505;NCT00128479;NCT00208156;NCT00637494;NCT00725270;NCT00043654"
"3190"	"9911"	"161"	"Depressive Disorder, Major"	"D003865"	"115"	"amitriptyline"	"DB00321"	"968"	"HTR1B"	"3351"	"manual_353"	"NCT02014363;NCT00351910;NCT01049347;NCT02374567"
"3191"	"28012"	"162"	"Depressive Disorder"	"D003866"	"367"	"risperidone"	"DB00734"	"2081"	"DRD1"	"1812"	"manual_353"	"NCT00095134;NCT00174590;NCT00044681;NCT00174577;NCT00206765;NCT01282632;NCT00640562;NCT02374567"
"3192"	"372"	"162"	"Depressive Disorder"	"D003866"	"506"	"pindolol"	"DB00960"	"17"	"ADRB1"	"153"	"manual_353"	"NCT00931775"
"3193"	"31350"	"6"	"Breast Neoplasms"	"D001943"	"8"	"Choline"	"DB00122"	"2366"	"ACHE"	"43"	"manual_353"	"NCT05076682"
"3194"	"46273"	"191"	"Bipolar Disorder"	"D001714"	"141"	"clozapine"	"DB00363"	"3979"	""	"1816"	"manual_353"	"NCT05603104;NCT00036582;NCT00029458"
"3195"	"32392"	"162"	"Depressive Disorder"	"D003866"	"174"	"pramipexole"	"DB00413"	"2440"	"ADRA2A"	"150"	"manual_353"	"NCT00086307;NCT05825235;NCT05355337;NCT00025792;NCT07664852"
"3196"	"808"	"93"	"Hypertension"	"D006973"	"316"	"Magnesium Sulfate"	"DB00653"	"23"	"CACNA1C"	"775"	"manual_353"	"NCT04898114;NCT02296931;NCT07220902"
"3197"	"30119"	"162"	"Depressive Disorder"	"D003866"	"74"	"ziprasidone"	"DB00246"	"2215"	"SLC6A4"	"6532"	"manual_353"	"NCT00555997;NCT00633399;NCT00340379;NCT00421954;NCT00483548;NCT02374567"
"3198"	"5813"	"162"	"Depressive Disorder"	"D003866"	"1018"	"Dehydroepiandrosterone"	"DB01708"	"262"	"AR"	"367"	"manual_353"	"NCT00001487"
"3199"	"43129"	"191"	"Bipolar Disorder"	"D001714"	"1244"	"taurine"	"DB01956"	"3668"	"GABRA5"	"2558"	"manual_353"	"NCT00217165"
"3200"	"31204"	"191"	"Bipolar Disorder"	"D001714"	"933"	"brexpiprazole"	"DB09128"	"2323"	"ADRA2C"	"152"	"manual_353"	"NCT04569448;NCT03287869;NCT03259555;NCT03257865"
"3201"	"5628"	"6"	"Breast Neoplasms"	"D001943"	"614"	"bicalutamide"	"DB01128"	"262"	"AR"	"367"	"manual_353"	"NCT03650894;NCT03090165;NCT00468715;NCT02353988;NCT02697032;NCT02910050;NCT02348281;NCT05095207;NCT06365788;NCT02299999;NCT02605486"
"3202"	"28112"	"162"	"Depressive Disorder"	"D003866"	"686"	"aripiprazole"	"DB01238"	"2081"	"DRD1"	"1812"	"manual_353"	"NCT01123707;NCT01111565;NCT01111552;NCT01111539;NCT01655706;NCT01386086;NCT00556140;NCT00276978;NCT00080314;NCT05814640;NCT02374567;NCT00440713;NCT00094432"
"3203"	"39197"	"93"	"Hypertension"	"D006973"	"576"	"melatonin"	"DB01065"	"3109"	"HTR2B"	"3357"	"manual_353"	"NCT05257291;NCT06685679;NCT01114373;NCT01114360;NCT00238108;NCT06935292"
"3204"	"4993"	"162"	"Depressive Disorder"	"D003866"	"74"	"ziprasidone"	"DB00246"	"259"	"HTR2C"	"3358"	"manual_353"	"NCT00555997;NCT00633399;NCT00340379;NCT00421954;NCT00483548;NCT02374567"
"3205"	"5247"	"162"	"Depressive Disorder"	"D003866"	"686"	"aripiprazole"	"DB01238"	"259"	"HTR2C"	"3358"	"manual_353"	"NCT01123707;NCT01111565;NCT01111552;NCT01111539;NCT01655706;NCT01386086;NCT00556140;NCT00276978;NCT00080314;NCT05814640;NCT02374567;NCT00440713;NCT00094432"
"3206"	"9872"	"161"	"Depressive Disorder, Major"	"D003865"	"74"	"ziprasidone"	"DB00246"	"968"	"HTR1B"	"3351"	"manual_353"	"NCT00555997;NCT00633399;NCT00340379;NCT00421954;NCT00483548;NCT02374567"
"3207"	"27887"	"162"	"Depressive Disorder"	"D003866"	"174"	"pramipexole"	"DB00413"	"2081"	"DRD1"	"1812"	"manual_353"	"NCT00086307;NCT05825235;NCT05355337;NCT00025792;NCT07664852"
"3208"	"38116"	"162"	"Depressive Disorder"	"D003866"	"259"	"lamotrigine"	"DB00555"	"3044"	"GABRA6"	"2559"	"manual_353"	"NCT00652171;NCT01042496;NCT00074776;NCT00274677;NCT00224510;NCT00056277;NCT00063362;NCT00475137;NCT02374567"
"3209"	"31665"	"112"	"Seizures"	"D012640"	"86"	"topiramate"	"DB00273"	"2400"	"SCN1A"	"6323"	"manual_353"	"NCT00236418;NCT00236704;NCT00266591;NCT00563459;NCT00236756;NCT00113815;NCT00230698;NCT00236743;NCT00236873;NCT00236860;NCT00236691;NCT00236847;NCT00236730;NCT00236886;NCT00231556;NCT00210574;NCT00004776"
"3210"	"35698"	"115"	"Epilepsy"	"D004827"	"418"	"biperiden"	"DB00810"	"2749"	"CHRM2"	"1129"	"manual_353"	"NCT04945213"
"3211"	"23895"	"191"	"Bipolar Disorder"	"D001714"	"95"	"venlafaxine"	"DB00285"	"1566"	"SLC6A3"	"6531"	"manual_353"	"NCT05973786;NCT05603104"
"3212"	"19615"	"191"	"Bipolar Disorder"	"D001714"	"802"	"iloperidone"	"DB04946"	"1407"	"DRD4"	"1815"	"manual_353"	"NCT04819776"
"3213"	"17794"	"191"	"Bipolar Disorder"	"D001714"	"813"	"cariprazine"	"DB06016"	"1405"	"DRD3"	"1814"	"manual_353"	"NCT01396447;NCT01058096;NCT00852202;NCT01059539;NCT04777357;NCT01058668;NCT03573297;NCT02670538;NCT04771299;NCT02670551"
"3214"	"28096"	"162"	"Depressive Disorder"	"D003866"	"677"	"quetiapine"	"DB01224"	"2081"	"DRD1"	"1812"	"manual_353"	"NCT02720198;NCT00388973;NCT00351910;NCT05603104;NCT04521478;NCT00174603;NCT00953108;NCT00681668;NCT00782405;NCT00751504;NCT05973786;NCT00771134;NCT02374567;NCT00232414;NCT00879307"
"3215"	"34703"	"2"	"Prostatic Neoplasms"	"D011471"	"480"	"metronidazole"	"DB00916"	"2588"	"CYP3A4"	"1576"	"manual_353"	"NCT06616597"
"3216"	"32604"	"162"	"Depressive Disorder"	"D003866"	"686"	"aripiprazole"	"DB01238"	"2440"	"ADRA2A"	"150"	"manual_353"	"NCT01123707;NCT01111565;NCT01111552;NCT01111539;NCT01655706;NCT01386086;NCT00556140;NCT00276978;NCT00080314;NCT05814640;NCT02374567;NCT00440713;NCT00094432"
"3217"	"36868"	"6"	"Breast Neoplasms"	"D001943"	"193"	"gemcitabine"	"DB00441"	"2912"	"TYMS"	"7298"	"manual_353"	"NCT00320541;NCT00063570;NCT00191373;NCT00191152;NCT02978716;NCT00623233;NCT06268652;NCT01881230;NCT06449222;NCT06026657;NCT06492759;NCT07173751;NCT06926868;NCT05981001;NCT02489409;NCT00093795;NCT00503906;NCT00244933;NCT00110084;NCT00191672;NCT00191438;NCT00034489;NCT06519370;NCT06382142;NCT00493636;NCT05809895;NCT00191243;NCT05181462;NCT06531447;NCT04745975;NCT06103864;NCT04464174;NCT04297267;NCT05601440;NCT00403130;NCT03674242;NCT05104866;NCT00193206;NCT04681911;NCT00674206;NCT03734029;NCT02574455;NCT01815242;NCT00450762;NCT02139358;NCT01201265;NCT00846027;NCT00754351;NCT00476827;NCT00440622;NCT00431106;NCT00325234;NCT00201760;NCT00193076;NCT00193063;NCT00193050;NCT00192062;NCT00191854;NCT00191815;NCT00191789;NCT00191451;NCT00191347;NCT00128856;NCT02819518;NCT02641847;NCT02213744;NCT06841354;NCT02915744;NCT02555657;NCT05382299;NCT05382286;NCT00618826;NCT04191135;NCT07366840;NCT03371017;NCT01939418;NCT06102824;NCT04799249;NCT06027268;NCT07007559;NCT04739670;NCT06081959;NCT04143906;NCT03025880;NCT03901339;NCT02544243;NCT01352494;NCT02263495;NCT00480597;NCT01045304;NCT00894504;NCT00334802;NCT00316199;NCT00192101;NCT00191269;NCT00128310;NCT06343948;NCT02632448;NCT00236899;NCT06435429;NCT07461454;NCT02755272;NCT03423849;NCT02252887;NCT04659603;NCT02435680;NCT02514681;NCT03267316;NCT02538432;NCT02331251;NCT01606748;NCT06630325;NCT02393248;NCT05007106;NCT02711137"
"3218"	"43175"	"161"	"Depressive Disorder, Major"	"D003865"	"259"	"lamotrigine"	"DB00555"	"3672"	"HTR3A"	"3359"	"manual_353"	"NCT00652171;NCT01042496;NCT00074776;NCT00274677;NCT00224510;NCT00056277;NCT00063362;NCT00475137;NCT02374567"
"3219"	"19600"	"161"	"Depressive Disorder, Major"	"D003865"	"686"	"aripiprazole"	"DB01238"	"1407"	"DRD4"	"1815"	"manual_353"	"NCT01123707;NCT01111565;NCT01111552;NCT01111539;NCT01655706;NCT01386086;NCT00556140;NCT00276978;NCT00080314;NCT05814640;NCT02374567;NCT00440713;NCT00094432"
"3220"	"38991"	"162"	"Depressive Disorder"	"D003866"	"677"	"quetiapine"	"DB01224"	"3104"	"SLC6A2"	"6530"	"manual_353"	"NCT02720198;NCT00388973;NCT00351910;NCT05603104;NCT04521478;NCT00174603;NCT00953108;NCT00681668;NCT00782405;NCT00751504;NCT05973786;NCT00771134;NCT02374567;NCT00232414;NCT00879307"
"3221"	"24756"	"112"	"Seizures"	"D012640"	"427"	"diazepam"	"DB00829"	"1600"	"GABRB3"	"2562"	"manual_353"	"NCT00326612;NCT01417078;NCT02904265;NCT00004297"
"3222"	"32360"	"162"	"Depressive Disorder"	"D003866"	"124"	"olanzapine"	"DB00334"	"2440"	"ADRA2A"	"150"	"manual_353"	"NCT00035321;NCT00056472;NCT01282632;NCT00568672;NCT01687478;NCT00273624;NCT00490971;NCT05814640;NCT00510146;NCT02374567;NCT00259272;NCT00618748"
"3223"	"44417"	"161"	"Depressive Disorder, Major"	"D003865"	"74"	"ziprasidone"	"DB00246"	"3855"	"ADRA1A"	"148"	"manual_353"	"NCT00555997;NCT00633399;NCT00340379;NCT00421954;NCT00483548;NCT02374567"
"3224"	"840"	"161"	"Depressive Disorder, Major"	"D003865"	"535"	"gabapentin"	"DB00996"	"23"	"CACNA1C"	"775"	"manual_353"	"NCT02374567;NCT00654953"
"3225"	"20715"	"2"	"Prostatic Neoplasms"	"D011471"	"25"	"cholecalciferol"	"DB00169"	"1471"	"VDR"	"7421"	"manual_353"	"NCT00524680;NCT00043069;NCT02726113;NCT01045109;NCT00058188;NCT01325311;NCT04621500"
"3226"	"46293"	"191"	"Bipolar Disorder"	"D001714"	"229"	"haloperidol"	"DB00502"	"3979"	""	"1816"	"manual_353"	"NCT00129220;NCT00097266;NCT05803642"
"3227"	"32492"	"162"	"Depressive Disorder"	"D003866"	"367"	"risperidone"	"DB00734"	"2440"	"ADRA2A"	"150"	"manual_353"	"NCT00095134;NCT00174590;NCT00044681;NCT00174577;NCT00206765;NCT01282632;NCT00640562;NCT02374567"
"3228"	"5047"	"162"	"Depressive Disorder"	"D003866"	"174"	"pramipexole"	"DB00413"	"259"	"HTR2C"	"3358"	"manual_353"	"NCT00086307;NCT05825235;NCT05355337;NCT00025792;NCT07664852"
"3229"	"43018"	"112"	"Seizures"	"D012640"	"427"	"diazepam"	"DB00829"	"3668"	"GABRA5"	"2558"	"manual_353"	"NCT00326612;NCT01417078;NCT02904265;NCT00004297"
"3230"	"44845"	"161"	"Depressive Disorder, Major"	"D003865"	"163"	"progesterone"	"DB00396"	"3887"	"NR3C2"	"4306"	"manual_353"	"NCT00001481"
"3231"	"15434"	"6"	"Breast Neoplasms"	"D001943"	"900"	"ponatinib"	"DB08901"	"1193"	"KIT"	"3815"	"manual_353"	"NCT04591431"
"3232"	"586"	"93"	"Hypertension"	"D006973"	"896"	"mirabegron"	"DB08893"	"17"	"ADRB1"	"153"	"manual_353"	"NCT02775539"
"3233"	"822"	"191"	"Bipolar Disorder"	"D001714"	"322"	"verapamil"	"DB00661"	"23"	"CACNA1C"	"775"	"manual_353"	"NCT00518947"
"3234"	"46284"	"191"	"Bipolar Disorder"	"D001714"	"174"	"pramipexole"	"DB00413"	"3979"	""	"1816"	"manual_353"	"NCT00025792;NCT07664852"
"3235"	"40379"	"168"	"Arrhythmias, Cardiac"	"D001145"	"29"	"ramipril"	"DB00178"	"3330"	"ACE"	"1636"	"manual_353"	"NCT00736294;NCT00141778"
"3236"	"10040"	"161"	"Depressive Disorder, Major"	"D003865"	"506"	"pindolol"	"DB00960"	"968"	"HTR1B"	"3351"	"manual_353"	"NCT00931775"
"3237"	"17695"	"162"	"Depressive Disorder"	"D003866"	"367"	"risperidone"	"DB00734"	"1405"	"DRD3"	"1814"	"manual_353"	"NCT00095134;NCT00174590;NCT00044681;NCT00174577;NCT00206765;NCT01282632;NCT00640562;NCT02374567"
"3238"	"27822"	"162"	"Depressive Disorder"	"D003866"	"74"	"ziprasidone"	"DB00246"	"2081"	"DRD1"	"1812"	"manual_353"	"NCT00555997;NCT00633399;NCT00340379;NCT00421954;NCT00483548;NCT02374567"
"3239"	"45321"	"112"	"Seizures"	"D012640"	"760"	"Nitrazepam"	"DB01595"	"3903"	""	"2566"	"manual_353"	"NCT00004758"
"3240"	"8350"	"112"	"Seizures"	"D012640"	"427"	"diazepam"	"DB00829"	"583"	"GABRD"	"2563"	"manual_353"	"NCT00326612;NCT01417078;NCT02904265;NCT00004297"
"3241"	"29524"	"162"	"Depressive Disorder"	"D003866"	"506"	"pindolol"	"DB00960"	"2205"	"HTR1A"	"3350"	"manual_353"	"NCT00931775"
"3242"	"19467"	"161"	"Depressive Disorder, Major"	"D003865"	"174"	"pramipexole"	"DB00413"	"1407"	"DRD4"	"1815"	"manual_353"	"NCT00086307;NCT05825235;NCT05355337;NCT00025792;NCT07664852"
"3243"	"30168"	"162"	"Depressive Disorder"	"D003866"	"146"	"mirtazapine"	"DB00370"	"2215"	"SLC6A4"	"6532"	"manual_353"	"NCT06309472;NCT02646449;NCT02185131;NCT03852160;NCT00782405;NCT00080158;NCT00322309;NCT00249444;NCT02650544;NCT02374567"
"3244"	"24625"	"162"	"Depressive Disorder"	"D003866"	"124"	"olanzapine"	"DB00334"	"1600"	"GABRB3"	"2562"	"manual_353"	"NCT00035321;NCT00056472;NCT01282632;NCT00568672;NCT01687478;NCT00273624;NCT00490971;NCT05814640;NCT00510146;NCT02374567;NCT00259272;NCT00618748"
"3245"	"24927"	"191"	"Bipolar Disorder"	"D001714"	"1244"	"taurine"	"DB01956"	"1600"	"GABRB3"	"2562"	"manual_353"	"NCT00217165"
"3246"	"10155"	"161"	"Depressive Disorder, Major"	"D003865"	"1225"	"pipamperone"	"DB09286"	"968"	"HTR1B"	"3351"	"manual_353"	"NCT01312922;NCT02374567"
"3247"	"17604"	"162"	"Depressive Disorder"	"D003866"	"124"	"olanzapine"	"DB00334"	"1405"	"DRD3"	"1814"	"manual_353"	"NCT00035321;NCT00056472;NCT01282632;NCT00568672;NCT01687478;NCT00273624;NCT00490971;NCT05814640;NCT00510146;NCT02374567;NCT00259272;NCT00618748"
"3248"	"27188"	"161"	"Depressive Disorder, Major"	"D003865"	"245"	"nortriptyline"	"DB00540"	"1945"	"ADRB3"	"155"	"manual_353"	"NCT00062738;NCT03652870;NCT02374567"
"3249"	"4138"	"2"	"Prostatic Neoplasms"	"D011471"	"109"	"Valproic Acid"	"DB00313"	"166"	"PPARA"	"5465"	"manual_353"	"NCT00670046"
"3250"	"19427"	"161"	"Depressive Disorder, Major"	"D003865"	"74"	"ziprasidone"	"DB00246"	"1407"	"DRD4"	"1815"	"manual_353"	"NCT00555997;NCT00633399;NCT00340379;NCT00421954;NCT00483548;NCT02374567"
"3251"	"17792"	"161"	"Depressive Disorder, Major"	"D003865"	"813"	"cariprazine"	"DB06016"	"1405"	"DRD3"	"1814"	"manual_353"	"NCT01838876;NCT01469377;NCT03738215;NCT03739203;NCT01715805;NCT00852202;NCT01396447;NCT02670551;NCT04777357;NCT02670538;NCT03573297"
"3252"	"24867"	"162"	"Depressive Disorder"	"D003866"	"1018"	"Dehydroepiandrosterone"	"DB01708"	"1600"	"GABRB3"	"2562"	"manual_353"	"NCT00001487"
"3253"	"43152"	"191"	"Bipolar Disorder"	"D001714"	"141"	"clozapine"	"DB00363"	"3672"	"HTR3A"	"3359"	"manual_353"	"NCT05603104;NCT00036582;NCT00029458"
"3254"	"226"	"162"	"Depressive Disorder"	"D003866"	"146"	"mirtazapine"	"DB00370"	"17"	"ADRB1"	"153"	"manual_353"	"NCT06309472;NCT02646449;NCT02185131;NCT03852160;NCT00782405;NCT00080158;NCT00322309;NCT00249444;NCT02650544;NCT02374567"
"3255"	"17746"	"162"	"Depressive Disorder"	"D003866"	"677"	"quetiapine"	"DB01224"	"1405"	"DRD3"	"1814"	"manual_353"	"NCT02720198;NCT00388973;NCT00351910;NCT05603104;NCT04521478;NCT00174603;NCT00953108;NCT00681668;NCT00782405;NCT00751504;NCT05973786;NCT00771134;NCT02374567;NCT00232414;NCT00879307"
"3256"	"30127"	"162"	"Depressive Disorder"	"D003866"	"95"	"venlafaxine"	"DB00285"	"2215"	"SLC6A4"	"6532"	"manual_353"	"NCT02263248;NCT00435279;NCT05104918;NCT02086929;NCT01557712;NCT00351910;NCT00043550;NCT00448058;NCT00584974;NCT05603104;NCT00018902;NCT00080158;NCT05973786;NCT00131456;NCT00086190;NCT05724849;NCT02374567;NCT00249483"
"3257"	"39030"	"161"	"Depressive Disorder, Major"	"D003865"	"797"	"milnacipran"	"DB04896"	"3104"	"SLC6A2"	"6530"	"manual_353"	"NCT00225511;NCT02783430"
"3258"	"24329"	"191"	"Bipolar Disorder"	"D001714"	"840"	"armodafinil"	"DB06413"	"1566"	"SLC6A3"	"6531"	"manual_353"	"NCT01305408;NCT01121536;NCT01072929;NCT01072630;NCT00481195"
"3259"	"8351"	"115"	"Epilepsy"	"D004827"	"427"	"diazepam"	"DB00829"	"583"	"GABRD"	"2563"	"manual_353"	"NCT01417078;NCT05361447;NCT00326612;NCT02904265;NCT00004297"
"3260"	"17666"	"162"	"Depressive Disorder"	"D003866"	"229"	"haloperidol"	"DB00502"	"1405"	"DRD3"	"1814"	"manual_353"	"NCT00340379;NCT02374567"
"3261"	"45673"	"191"	"Bipolar Disorder"	"D001714"	"1244"	"taurine"	"DB01956"	"3920"	""	"2561"	"manual_353"	"NCT00217165"
"3262"	"45392"	"112"	"Seizures"	"D012640"	"1091"	"propofol"	"DB00818"	"3903"	""	"2566"	"manual_353"	"NCT00265616"
"3263"	"17637"	"162"	"Depressive Disorder"	"D003866"	"174"	"pramipexole"	"DB00413"	"1405"	"DRD3"	"1814"	"manual_353"	"NCT00086307;NCT05825235;NCT05355337;NCT00025792;NCT07664852"
"3264"	"32332"	"162"	"Depressive Disorder"	"D003866"	"74"	"ziprasidone"	"DB00246"	"2440"	"ADRA2A"	"150"	"manual_353"	"NCT00555997;NCT00633399;NCT00340379;NCT00421954;NCT00483548;NCT02374567"
"3265"	"4741"	"2"	"Prostatic Neoplasms"	"D011471"	"496"	"aspirin"	"DB00945"	"217"	"TP53"	"7157"	"manual_353"	"NCT02420652"
"3266"	"45427"	"112"	"Seizures"	"D012640"	"86"	"topiramate"	"DB00273"	"3908"	"SCN10A"	"6336"	"manual_353"	"NCT00236418;NCT00236704;NCT00266591;NCT00563459;NCT00236756;NCT00113815;NCT00230698;NCT00236743;NCT00236873;NCT00236860;NCT00236691;NCT00236847;NCT00236730;NCT00236886;NCT00231556;NCT00210574;NCT00004776"
"3267"	"38825"	"161"	"Depressive Disorder, Major"	"D003865"	"181"	"methylphenidate"	"DB00422"	"3104"	"SLC6A2"	"6530"	"manual_353"	"NCT00246233;NCT01497548;NCT05474846"
"3268"	"29723"	"162"	"Depressive Disorder"	"D003866"	"922"	"vortioxetine"	"DB09068"	"2205"	"HTR1A"	"3350"	"manual_353"	"NCT05104918;NCT02389816;NCT00672958;NCT00672620;NCT01355081;NCT00707980;NCT00735709;NCT03855865;NCT01179516;NCT01153009;NCT01255787;NCT03053362;NCT01163266;NCT03108625;NCT02871297;NCT01152996;NCT04498897;NCT05014919;NCT01364649;NCT02845349;NCT01491035;NCT03485274;NCT05814640;NCT03598868"
"3269"	"27202"	"161"	"Depressive Disorder, Major"	"D003865"	"363"	"trimipramine"	"DB00726"	"1945"	"ADRB3"	"155"	"manual_353"	"NCT02374567"
"3270"	"30188"	"162"	"Depressive Disorder"	"D003866"	"181"	"methylphenidate"	"DB00422"	"2215"	"SLC6A4"	"6532"	"manual_353"	"NCT00246233;NCT01497548;NCT05474846"
"3271"	"24757"	"115"	"Epilepsy"	"D004827"	"427"	"diazepam"	"DB00829"	"1600"	"GABRB3"	"2562"	"manual_353"	"NCT01417078;NCT05361447;NCT00326612;NCT02904265;NCT00004297"
"3272"	"17760"	"162"	"Depressive Disorder"	"D003866"	"686"	"aripiprazole"	"DB01238"	"1405"	"DRD3"	"1814"	"manual_353"	"NCT01123707;NCT01111565;NCT01111552;NCT01111539;NCT01655706;NCT01386086;NCT00556140;NCT00276978;NCT00080314;NCT05814640;NCT02374567;NCT00440713;NCT00094432"
"3273"	"19662"	"161"	"Depressive Disorder, Major"	"D003865"	"1225"	"pipamperone"	"DB09286"	"1407"	"DRD4"	"1815"	"manual_353"	"NCT01312922;NCT02374567"
"3274"	"27862"	"162"	"Depressive Disorder"	"D003866"	"146"	"mirtazapine"	"DB00370"	"2081"	"DRD1"	"1812"	"manual_353"	"NCT06309472;NCT02646449;NCT02185131;NCT03852160;NCT00782405;NCT00080158;NCT00322309;NCT00249444;NCT02650544;NCT02374567"
"3275"	"2956"	"1"	"Endometriosis"	"D004715"	"430"	"mifepristone"	"DB00834"	"81"	"NR3C1"	"2908"	"manual_353"	"NCT02271958"
"3276"	"10109"	"191"	"Bipolar Disorder"	"D001714"	"922"	"vortioxetine"	"DB09068"	"968"	"HTR1B"	"3351"	"manual_353"	"NCT03598868"
"3277"	"30066"	"162"	"Depressive Disorder"	"D003866"	"27"	"fluvoxamine"	"DB00176"	"2215"	"SLC6A4"	"6532"	"manual_353"	"NCT04160377;NCT02374567"
"3278"	"27175"	"161"	"Depressive Disorder, Major"	"D003865"	"115"	"amitriptyline"	"DB00321"	"1945"	"ADRB3"	"155"	"manual_353"	"NCT02014363;NCT00351910;NCT01049347;NCT02374567"
"3279"	"17583"	"162"	"Depressive Disorder"	"D003866"	"74"	"ziprasidone"	"DB00246"	"1405"	"DRD3"	"1814"	"manual_353"	"NCT00555997;NCT00633399;NCT00340379;NCT00421954;NCT00483548;NCT02374567"
"3280"	"43227"	"161"	"Depressive Disorder, Major"	"D003865"	"677"	"quetiapine"	"DB01224"	"3672"	"HTR3A"	"3359"	"manual_353"	"NCT02720198;NCT00388973;NCT00351910;NCT05603104;NCT04521478;NCT00174603;NCT00953108;NCT00681668;NCT00782405;NCT00751504;NCT05973786;NCT00771134;NCT02374567;NCT00232414;NCT00879307"
"3281"	"15304"	"6"	"Breast Neoplasms"	"D001943"	"293"	"imatinib"	"DB00619"	"1193"	"KIT"	"3815"	"manual_353"	"NCT00193180"
"3282"	"46687"	"191"	"Bipolar Disorder"	"D001714"	"1244"	"taurine"	"DB01956"	"4034"	"GABRG1"	"2565"	"manual_353"	"NCT00217165"
"3283"	"36893"	"6"	"Breast Neoplasms"	"D001943"	"308"	"pemetrexed"	"DB00642"	"2912"	"TYMS"	"7298"	"manual_353"	"NCT00063570;NCT00106002;NCT00034489;NCT00190671;NCT00325234;NCT00191347;NCT00149214;NCT00102219;NCT00065533;NCT00072865;NCT06462092;NCT03267316;NCT06630325"
"3284"	"38793"	"93"	"Hypertension"	"D006973"	"99"	"atomoxetine"	"DB00289"	"3104"	"SLC6A2"	"6530"	"manual_353"	"NCT04905979"
"3285"	"15281"	"6"	"Breast Neoplasms"	"D001943"	"165"	"sorafenib"	"DB00398"	"1193"	"KIT"	"3815"	"manual_353"	"NCT05594095;NCT01194869;NCT00493636;NCT00525161;NCT00634634;NCT00632541;NCT00825734"
"3286"	"24271"	"191"	"Bipolar Disorder"	"D001714"	"701"	"Lisdexamfetamine"	"DB01255"	"1566"	"SLC6A3"	"6531"	"manual_353"	"NCT01131559;NCT01093963"
"3287"	"43137"	"161"	"Depressive Disorder, Major"	"D003865"	"74"	"ziprasidone"	"DB00246"	"3672"	"HTR3A"	"3359"	"manual_353"	"NCT00555997;NCT00633399;NCT00340379;NCT00421954;NCT00483548;NCT02374567"
"3288"	"43186"	"161"	"Depressive Disorder, Major"	"D003865"	"363"	"trimipramine"	"DB00726"	"3672"	"HTR3A"	"3359"	"manual_353"	"NCT02374567"
"3289"	"10088"	"162"	"Depressive Disorder"	"D003866"	"686"	"aripiprazole"	"DB01238"	"968"	"HTR1B"	"3351"	"manual_353"	"NCT01123707;NCT01111565;NCT01111552;NCT01111539;NCT01655706;NCT01386086;NCT00556140;NCT00276978;NCT00080314;NCT05814640;NCT02374567;NCT00440713;NCT00094432"
"3290"	"24914"	"112"	"Seizures"	"D012640"	"1091"	"propofol"	"DB00818"	"1600"	"GABRB3"	"2562"	"manual_353"	"NCT00265616"
"3291"	"16118"	"191"	"Bipolar Disorder"	"D001714"	"1248"	"tianeptine"	"DB09289"	"1281"	"OPRK1"	"4986"	"manual_353"	"NCT00879372"
"3292"	"30452"	"162"	"Depressive Disorder"	"D003866"	"797"	"milnacipran"	"DB04896"	"2215"	"SLC6A4"	"6532"	"manual_353"	"NCT00225511;NCT02783430"
"3293"	"16012"	"162"	"Depressive Disorder"	"D003866"	"163"	"progesterone"	"DB00396"	"1281"	"OPRK1"	"4986"	"manual_353"	"NCT00001481"
"3294"	"29450"	"162"	"Depressive Disorder"	"D003866"	"319"	"trazodone"	"DB00656"	"2205"	"HTR1A"	"3350"	"manual_353"	"NCT04082806;NCT02086929;NCT01524497;NCT02374567"
"3295"	"43237"	"161"	"Depressive Disorder, Major"	"D003865"	"686"	"aripiprazole"	"DB01238"	"3672"	"HTR3A"	"3359"	"manual_353"	"NCT01123707;NCT01111565;NCT01111552;NCT01111539;NCT01655706;NCT01386086;NCT00556140;NCT00276978;NCT00080314;NCT05814640;NCT02374567;NCT00440713;NCT00094432"
"3296"	"28207"	"162"	"Depressive Disorder"	"D003866"	"1225"	"pipamperone"	"DB09286"	"2081"	"DRD1"	"1812"	"manual_353"	"NCT01312922;NCT02374567"
"3297"	"30278"	"162"	"Depressive Disorder"	"D003866"	"319"	"trazodone"	"DB00656"	"2215"	"SLC6A4"	"6532"	"manual_353"	"NCT04082806;NCT02086929;NCT01524497;NCT02374567"
"3298"	"22309"	"2"	"Prostatic Neoplasms"	"D011471"	"196"	"epirubicin"	"DB00445"	"1542"	"TOP2A"	"7153"	"manual_353"	"NCT00218205"
"3299"	"43117"	"112"	"Seizures"	"D012640"	"1091"	"propofol"	"DB00818"	"3668"	"GABRA5"	"2558"	"manual_353"	"NCT00265616"
"3300"	"30226"	"162"	"Depressive Disorder"	"D003866"	"214"	"duloxetine"	"DB00476"	"2215"	"SLC6A4"	"6532"	"manual_353"	"NCT03068247;NCT01145755;NCT00672620;NCT01288079;NCT00811252;NCT01140906;NCT00849901;NCT00849693;NCT00599911;NCT00489775;NCT00635219;NCT00351910;NCT00529789;NCT00321490;NCT00042562;NCT00042575;NCT00331799;NCT00105989;NCT01564862;NCT01153009;NCT01360866;NCT00062673;NCT04476030;NCT02232555;NCT00489073;NCT00366652;NCT00191685;NCT00073411;NCT01309945;NCT01369095;NCT03852160;NCT02443194;NCT05814640;NCT04111627;NCT03038867;NCT01223001;NCT07649291;NCT02374567"
"3301"	"36276"	"191"	"Bipolar Disorder"	"D001714"	"109"	"Valproic Acid"	"DB00313"	"2822"	"SCN8A"	"6334"	"manual_353"	"NCT01674010;NCT02456454"
"3302"	"36867"	"2"	"Prostatic Neoplasms"	"D011471"	"193"	"gemcitabine"	"DB00441"	"2912"	"TYMS"	"7298"	"manual_353"	"NCT00115635;NCT02538432;NCT06630325;NCT02711137"
"3303"	"30409"	"162"	"Depressive Disorder"	"D003866"	"641"	"escitalopram"	"DB01175"	"2215"	"SLC6A4"	"6532"	"manual_353"	"NCT00296933;NCT00668525;NCT05536414;NCT00566202;NCT00108979;NCT00109044;NCT05950061;NCT01123707;NCT04162522;NCT01111565;NCT01111552;NCT01111539;NCT00107120;NCT01655706;NCT01741142;NCT02674529;NCT00822744;NCT00531622;NCT01020799;NCT00351169;NCT00351910;NCT00420004;NCT00239954;NCT00135421;NCT00432614;NCT00406640;NCT00642694;NCT00149825;NCT00488670;NCT01360866;NCT04476030;NCT00415142;NCT00166296;NCT01034995;NCT02191397;NCT00965497;NCT06705478;NCT05603104;NCT01364649;NCT00086307;NCT01219686;NCT00953108;NCT06828887;NCT01368432;NCT01363310;NCT00073411;NCT02469545;NCT01103180;NCT01369095;NCT00837564;NCT00610506;NCT03852160;NCT00080158;NCT00136318;NCT02623231;NCT05973786;NCT03909217;NCT03652870;NCT02153567;NCT00475878;NCT00958633;NCT00148447;NCT02374567;NCT00114374;NCT02407821"
"3304"	"32800"	"6"	"Breast Neoplasms"	"D001943"	"8"	"Choline"	"DB00122"	"2462"	"BCHE"	"590"	"manual_353"	"NCT05076682"
"3305"	"38094"	"162"	"Depressive Disorder"	"D003866"	"124"	"olanzapine"	"DB00334"	"3044"	"GABRA6"	"2559"	"manual_353"	"NCT00035321;NCT00056472;NCT01282632;NCT00568672;NCT01687478;NCT00273624;NCT00490971;NCT05814640;NCT00510146;NCT02374567;NCT00259272;NCT00618748"
"3306"	"11686"	"81"	"Atherosclerosis"	"D050197"	"496"	"aspirin"	"DB00945"	"985"	"PTGS2"	"5743"	"manual_353"	"NCT00776477;NCT05700266;NCT00684203;NCT00004728;NCT00222677;NCT00054938;NCT02770274;NCT02433587;NCT01802775;NCT07658807;NCT02325466;NCT01211925;NCT01776424"
"3307"	"36258"	"191"	"Bipolar Disorder"	"D001714"	"86"	"topiramate"	"DB00273"	"2822"	"SCN8A"	"6334"	"manual_353"	"NCT00037674;NCT00035230;NCT00240721;NCT00035802;NCT00237289"
"3308"	"29701"	"162"	"Depressive Disorder"	"D003866"	"849"	"vilazodone"	"DB06684"	"2205"	"HTR1A"	"3350"	"manual_353"	"NCT02436239;NCT02372799;NCT01742832;NCT01878292;NCT00644358;NCT00683592;NCT00290914;NCT02015546;NCT00285376"
"3309"	"30389"	"162"	"Depressive Disorder"	"D003866"	"627"	"Nefazodone"	"DB01149"	"2215"	"SLC6A4"	"6532"	"manual_353"	"NCT00015210"
"3310"	"29731"	"162"	"Depressive Disorder"	"D003866"	"933"	"brexpiprazole"	"DB09128"	"2205"	"HTR1A"	"3350"	"manual_353"	"NCT04162522;NCT02012218;NCT03487198;NCT03737474;NCT03697603;NCT03538691;NCT01944969;NCT01838681;NCT02013531;NCT01942785;NCT01727726;NCT02212613;NCT01942733;NCT02013609;NCT04569448"
"3311"	"24826"	"112"	"Seizures"	"D012640"	"760"	"Nitrazepam"	"DB01595"	"1600"	"GABRB3"	"2562"	"manual_353"	"NCT00004758"
"3312"	"8483"	"112"	"Seizures"	"D012640"	"1091"	"propofol"	"DB00818"	"583"	"GABRD"	"2563"	"manual_353"	"NCT00265616"
"3313"	"24720"	"112"	"Seizures"	"D012640"	"337"	"Midazolam"	"DB00683"	"1600"	"GABRB3"	"2562"	"manual_353"	"NCT00326612;NCT04926844;NCT07095842;NCT05779657"
"3314"	"600"	"162"	"Depressive Disorder"	"D003866"	"922"	"vortioxetine"	"DB09068"	"17"	"ADRB1"	"153"	"manual_353"	"NCT05104918;NCT02389816;NCT00672958;NCT00672620;NCT01355081;NCT00707980;NCT00735709;NCT03855865;NCT01179516;NCT01153009;NCT01255787;NCT03053362;NCT01163266;NCT03108625;NCT02871297;NCT01152996;NCT04498897;NCT05014919;NCT01364649;NCT02845349;NCT01491035;NCT03485274;NCT05814640;NCT03598868"
"3315"	"45754"	"112"	"Seizures"	"D012640"	"86"	"topiramate"	"DB00273"	"3932"	"SCN2A"	"6326"	"manual_353"	"NCT00236418;NCT00236704;NCT00266591;NCT00563459;NCT00236756;NCT00113815;NCT00230698;NCT00236743;NCT00236873;NCT00236860;NCT00236691;NCT00236847;NCT00236730;NCT00236886;NCT00231556;NCT00210574;NCT00004776"
"3316"	"38178"	"162"	"Depressive Disorder"	"D003866"	"1018"	"Dehydroepiandrosterone"	"DB01708"	"3044"	"GABRA6"	"2559"	"manual_353"	"NCT00001487"
"3317"	"29823"	"162"	"Depressive Disorder"	"D003866"	"1225"	"pipamperone"	"DB09286"	"2205"	"HTR1A"	"3350"	"manual_353"	"NCT01312922;NCT02374567"
"3318"	"9995"	"162"	"Depressive Disorder"	"D003866"	"367"	"risperidone"	"DB00734"	"968"	"HTR1B"	"3351"	"manual_353"	"NCT00095134;NCT00174590;NCT00044681;NCT00174577;NCT00206765;NCT01282632;NCT00640562;NCT02374567"
"3319"	"45223"	"112"	"Seizures"	"D012640"	"337"	"Midazolam"	"DB00683"	"3903"	""	"2566"	"manual_353"	"NCT00326612;NCT04926844;NCT07095842;NCT05779657"
"3320"	"32452"	"162"	"Depressive Disorder"	"D003866"	"319"	"trazodone"	"DB00656"	"2440"	"ADRA2A"	"150"	"manual_353"	"NCT04082806;NCT02086929;NCT01524497;NCT02374567"
"3321"	"5033"	"162"	"Depressive Disorder"	"D003866"	"146"	"mirtazapine"	"DB00370"	"259"	"HTR2C"	"3358"	"manual_353"	"NCT06309472;NCT02646449;NCT02185131;NCT03852160;NCT00782405;NCT00080158;NCT00322309;NCT00249444;NCT02650544;NCT02374567"
"3322"	"5300"	"162"	"Depressive Disorder"	"D003866"	"844"	"agomelatine"	"DB06594"	"259"	"HTR2C"	"3358"	"manual_353"	"NCT00467402;NCT00411099;NCT00463242;NCT01488071;NCT00411242;NCT03852160;NCT02374567"
"3323"	"8412"	"112"	"Seizures"	"D012640"	"760"	"Nitrazepam"	"DB01595"	"583"	"GABRD"	"2563"	"manual_353"	"NCT00004758"
"3324"	"44847"	"191"	"Bipolar Disorder"	"D001714"	"163"	"progesterone"	"DB00396"	"3887"	"NR3C2"	"4306"	"manual_353"	"NCT00206544"
"3325"	"30483"	"162"	"Depressive Disorder"	"D003866"	"849"	"vilazodone"	"DB06684"	"2215"	"SLC6A4"	"6532"	"manual_353"	"NCT02436239;NCT02372799;NCT01742832;NCT01878292;NCT00644358;NCT00683592;NCT00290914;NCT02015546;NCT00285376"
"3326"	"16031"	"162"	"Depressive Disorder"	"D003866"	"259"	"lamotrigine"	"DB00555"	"1281"	"OPRK1"	"4986"	"manual_353"	"NCT00652171;NCT01042496;NCT00074776;NCT00274677;NCT00224510;NCT00056277;NCT00063362;NCT00475137;NCT02374567"
"3327"	"5307"	"162"	"Depressive Disorder"	"D003866"	"922"	"vortioxetine"	"DB09068"	"259"	"HTR2C"	"3358"	"manual_353"	"NCT05104918;NCT02389816;NCT00672958;NCT00672620;NCT01355081;NCT00707980;NCT00735709;NCT03855865;NCT01179516;NCT01153009;NCT01255787;NCT03053362;NCT01163266;NCT03108625;NCT02871297;NCT01152996;NCT04498897;NCT05014919;NCT01364649;NCT02845349;NCT01491035;NCT03485274;NCT05814640;NCT03598868"
"3328"	"40592"	"116"	"Atrial Fibrillation"	"D001281"	"404"	"perindopril"	"DB00790"	"3330"	"ACE"	"1636"	"manual_353"	"NCT00461903"
"3329"	"6436"	"161"	"Depressive Disorder, Major"	"D003865"	"1018"	"Dehydroepiandrosterone"	"DB01708"	"340"	"ESR2"	"2100"	"manual_353"	"NCT00001487"
"3330"	"42999"	"112"	"Seizures"	"D012640"	"337"	"Midazolam"	"DB00683"	"3668"	"GABRA5"	"2558"	"manual_353"	"NCT00326612;NCT04926844;NCT07095842;NCT05779657"
"3331"	"748"	"161"	"Depressive Disorder, Major"	"D003865"	"152"	"amlodipine"	"DB00381"	"23"	"CACNA1C"	"775"	"manual_353"	"NCT01557153"
"3332"	"23922"	"162"	"Depressive Disorder"	"D003866"	"146"	"mirtazapine"	"DB00370"	"1566"	"SLC6A3"	"6531"	"manual_353"	"NCT06309472;NCT02646449;NCT02185131;NCT03852160;NCT00782405;NCT00080158;NCT00322309;NCT00249444;NCT02650544;NCT02374567"
"3333"	"43072"	"112"	"Seizures"	"D012640"	"760"	"Nitrazepam"	"DB01595"	"3668"	"GABRA5"	"2558"	"manual_353"	"NCT00004758"
"3334"	"29679"	"162"	"Depressive Disorder"	"D003866"	"813"	"cariprazine"	"DB06016"	"2205"	"HTR1A"	"3350"	"manual_353"	"NCT01838876;NCT01469377;NCT03738215;NCT03739203;NCT01715805;NCT00852202;NCT01396447;NCT02670551;NCT04777357;NCT02670538;NCT03573297"
"3335"	"22176"	"2"	"Prostatic Neoplasms"	"D011471"	"619"	"carvedilol"	"DB01136"	"1540"	"VEGFA"	"7422"	"manual_353"	"NCT02944201"
"3336"	"29572"	"162"	"Depressive Disorder"	"D003866"	"627"	"Nefazodone"	"DB01149"	"2205"	"HTR1A"	"3350"	"manual_353"	"NCT00015210"
"3337"	"5124"	"162"	"Depressive Disorder"	"D003866"	"319"	"trazodone"	"DB00656"	"259"	"HTR2C"	"3358"	"manual_353"	"NCT04082806;NCT02086929;NCT01524497;NCT02374567"
"3338"	"32715"	"162"	"Depressive Disorder"	"D003866"	"1225"	"pipamperone"	"DB09286"	"2440"	"ADRA2A"	"150"	"manual_353"	"NCT01312922;NCT02374567"
"3339"	"9940"	"162"	"Depressive Disorder"	"D003866"	"174"	"pramipexole"	"DB00413"	"968"	"HTR1B"	"3351"	"manual_353"	"NCT00086307;NCT05825235;NCT05355337;NCT00025792;NCT07664852"
"3340"	"27217"	"161"	"Depressive Disorder, Major"	"D003865"	"506"	"pindolol"	"DB00960"	"1945"	"ADRB3"	"155"	"manual_353"	"NCT00931775"
"3341"	"36254"	"112"	"Seizures"	"D012640"	"86"	"topiramate"	"DB00273"	"2822"	"SCN8A"	"6334"	"manual_353"	"NCT00236418;NCT00236704;NCT00266591;NCT00563459;NCT00236756;NCT00113815;NCT00230698;NCT00236743;NCT00236873;NCT00236860;NCT00236691;NCT00236847;NCT00236730;NCT00236886;NCT00231556;NCT00210574;NCT00004776"
"3342"	"3474"	"2"	"Prostatic Neoplasms"	"D011471"	"680"	"paclitaxel"	"DB01229"	"119"	"BCL2"	"596"	"manual_353"	"NCT00003614;NCT00084565;NCT00193193;NCT00003394;NCT00004054;NCT00030654;NCT00003084;NCT00003622;NCT00003717;NCT00005028;NCT00049257;NCT00028769;NCT00005847;NCT01558492;NCT00151060;NCT00016913;NCT04644068;NCT02711137"
"3343"	"17616"	"162"	"Depressive Disorder"	"D003866"	"146"	"mirtazapine"	"DB00370"	"1405"	"DRD3"	"1814"	"manual_353"	"NCT06309472;NCT02646449;NCT02185131;NCT03852160;NCT00782405;NCT00080158;NCT00322309;NCT00249444;NCT02650544;NCT02374567"
"3344"	"15390"	"6"	"Breast Neoplasms"	"D001943"	"843"	"pazopanib"	"DB06589"	"1193"	"KIT"	"3815"	"manual_353"	"NCT01466972;NCT00558103;NCT01392352"
"3345"	"10081"	"162"	"Depressive Disorder"	"D003866"	"677"	"quetiapine"	"DB01224"	"968"	"HTR1B"	"3351"	"manual_353"	"NCT02720198;NCT00388973;NCT00351910;NCT05603104;NCT04521478;NCT00174603;NCT00953108;NCT00681668;NCT00782405;NCT00751504;NCT05973786;NCT00771134;NCT02374567;NCT00232414;NCT00879307"
"3346"	"36293"	"191"	"Bipolar Disorder"	"D001714"	"263"	"carbamazepine"	"DB00564"	"2822"	"SCN8A"	"6334"	"manual_353"	"NCT00266630"
"3347"	"30534"	"162"	"Depressive Disorder"	"D003866"	"922"	"vortioxetine"	"DB09068"	"2215"	"SLC6A4"	"6532"	"manual_353"	"NCT05104918;NCT02389816;NCT00672958;NCT00672620;NCT01355081;NCT00707980;NCT00735709;NCT03855865;NCT01179516;NCT01153009;NCT01255787;NCT03053362;NCT01163266;NCT03108625;NCT02871297;NCT01152996;NCT04498897;NCT05014919;NCT01364649;NCT02845349;NCT01491035;NCT03485274;NCT05814640;NCT03598868"
"3348"	"29710"	"162"	"Depressive Disorder"	"D003866"	"876"	"lurasidone"	"DB08815"	"2205"	"HTR1A"	"3350"	"manual_353"	"NCT01423253;NCT01421134;NCT00868699;NCT00868959;NCT01284517;NCT02046369"
"3349"	"30514"	"162"	"Depressive Disorder"	"D003866"	"906"	"Levomilnacipran"	"DB08918"	"2215"	"SLC6A4"	"6532"	"manual_353"	"NCT02431806;NCT02720198"
"3350"	"36304"	"191"	"Bipolar Disorder"	"D001714"	"371"	"riluzole"	"DB00740"	"2822"	"SCN8A"	"6334"	"manual_353"	"NCT00805493;NCT00054704;NCT00376220"
"3351"	"44887"	"94"	"Heart Failure"	"D006333"	"297"	"testosterone"	"DB00624"	"3887"	"NR3C2"	"4306"	"manual_353"	"NCT01469988;NCT00957034"
"3352"	"32576"	"162"	"Depressive Disorder"	"D003866"	"627"	"Nefazodone"	"DB01149"	"2440"	"ADRA2A"	"150"	"manual_353"	"NCT00015210"
"3353"	"6338"	"161"	"Depressive Disorder, Major"	"D003865"	"400"	"estradiol"	"DB00783"	"340"	"ESR2"	"2100"	"manual_353"	"NCT00001481;NCT01126801;NCT01308814;NCT03689543"
"3354"	"24721"	"115"	"Epilepsy"	"D004827"	"337"	"Midazolam"	"DB00683"	"1600"	"GABRB3"	"2562"	"manual_353"	"NCT02325583;NCT07095842;NCT00326612"
"3355"	"8321"	"115"	"Epilepsy"	"D004827"	"337"	"Midazolam"	"DB00683"	"583"	"GABRD"	"2563"	"manual_353"	"NCT02325583;NCT07095842;NCT00326612"
"3356"	"39946"	"93"	"Hypertension"	"D006973"	"316"	"Magnesium Sulfate"	"DB00653"	"3235"	"CACNA2D1"	"781"	"manual_353"	"NCT04898114;NCT02296931;NCT07220902"
"3357"	"1393"	"296"	"Coronary Artery Disease"	"D003324"	"163"	"progesterone"	"DB00396"	"72"	"ESR1"	"2099"	"manual_353"	"NCT00000555;NCT00000466;NCT00000601"
"3358"	"9918"	"162"	"Depressive Disorder"	"D003866"	"124"	"olanzapine"	"DB00334"	"968"	"HTR1B"	"3351"	"manual_353"	"NCT00035321;NCT00056472;NCT01282632;NCT00568672;NCT01687478;NCT00273624;NCT00490971;NCT05814640;NCT00510146;NCT02374567;NCT00259272;NCT00618748"
"3359"	"38042"	"162"	"Depressive Disorder"	"D003866"	"1091"	"propofol"	"DB00818"	"3043"	"GABRA3"	"2556"	"manual_353"	"NCT07479550;NCT03684447;NCT06867549"
"3360"	"32375"	"162"	"Depressive Disorder"	"D003866"	"146"	"mirtazapine"	"DB00370"	"2440"	"ADRA2A"	"150"	"manual_353"	"NCT06309472;NCT02646449;NCT02185131;NCT03852160;NCT00782405;NCT00080158;NCT00322309;NCT00249444;NCT02650544;NCT02374567"
"3361"	"23949"	"162"	"Depressive Disorder"	"D003866"	"181"	"methylphenidate"	"DB00422"	"1566"	"SLC6A3"	"6531"	"manual_353"	"NCT00246233;NCT01497548;NCT05474846"
"3362"	"9873"	"162"	"Depressive Disorder"	"D003866"	"74"	"ziprasidone"	"DB00246"	"968"	"HTR1B"	"3351"	"manual_353"	"NCT00555997;NCT00633399;NCT00340379;NCT00421954;NCT00483548;NCT02374567"
"3363"	"24827"	"115"	"Epilepsy"	"D004827"	"760"	"Nitrazepam"	"DB01595"	"1600"	"GABRB3"	"2562"	"manual_353"	"NCT00004758"
"3364"	"30008"	"162"	"Depressive Disorder"	"D003866"	"686"	"aripiprazole"	"DB01238"	"2206"	"HTR1D"	"3352"	"manual_353"	"NCT01123707;NCT01111565;NCT01111552;NCT01111539;NCT01655706;NCT01386086;NCT00556140;NCT00276978;NCT00080314;NCT05814640;NCT02374567;NCT00440713;NCT00094432"
"3365"	"8413"	"115"	"Epilepsy"	"D004827"	"760"	"Nitrazepam"	"DB01595"	"583"	"GABRD"	"2563"	"manual_353"	"NCT00004758"
"3366"	"41039"	"161"	"Depressive Disorder, Major"	"D003865"	"617"	"pioglitazone"	"DB01132"	"3354"	"MAOB"	"4129"	"manual_353"	"NCT00671515"
"3367"	"43248"	"191"	"Bipolar Disorder"	"D001714"	"922"	"vortioxetine"	"DB09068"	"3672"	"HTR3A"	"3359"	"manual_353"	"NCT03598868"
"3368"	"24051"	"162"	"Depressive Disorder"	"D003866"	"374"	"modafinil"	"DB00745"	"1566"	"SLC6A3"	"6531"	"manual_353"	"NCT04317001;NCT03620253;NCT07263022;NCT00215176;NCT00067496"
"3369"	"43263"	"161"	"Depressive Disorder, Major"	"D003865"	"1061"	"memantine"	"DB01043"	"3672"	"HTR3A"	"3359"	"manual_353"	"NCT01876823;NCT02374567"
"3370"	"20677"	"2"	"Prostatic Neoplasms"	"D011471"	"13"	"calcitriol"	"DB00136"	"1471"	"VDR"	"7421"	"manual_353"	"NCT00383487;NCT00536991;NCT00084864;NCT00182741;NCT00043576;NCT00017576;NCT00524589;NCT00273338;NCT00004043;NCT00054522;NCT00118066"
"3371"	"24916"	"162"	"Depressive Disorder"	"D003866"	"1091"	"propofol"	"DB00818"	"1600"	"GABRB3"	"2562"	"manual_353"	"NCT07479550;NCT03684447;NCT06867549"
"3372"	"23893"	"162"	"Depressive Disorder"	"D003866"	"95"	"venlafaxine"	"DB00285"	"1566"	"SLC6A3"	"6531"	"manual_353"	"NCT02263248;NCT00435279;NCT05104918;NCT02086929;NCT01557712;NCT00351910;NCT00043550;NCT00448058;NCT00584974;NCT05603104;NCT00018902;NCT00080158;NCT05973786;NCT00131456;NCT00086190;NCT05724849;NCT02374567;NCT00249483"
"3373"	"30004"	"162"	"Depressive Disorder"	"D003866"	"677"	"quetiapine"	"DB01224"	"2206"	"HTR1D"	"3352"	"manual_353"	"NCT02720198;NCT00388973;NCT00351910;NCT05603104;NCT04521478;NCT00174603;NCT00953108;NCT00681668;NCT00782405;NCT00751504;NCT05973786;NCT00771134;NCT02374567;NCT00232414;NCT00879307"
"3374"	"8320"	"112"	"Seizures"	"D012640"	"337"	"Midazolam"	"DB00683"	"583"	"GABRD"	"2563"	"manual_353"	"NCT00326612;NCT04926844;NCT07095842;NCT05779657"
"3375"	"5203"	"162"	"Depressive Disorder"	"D003866"	"627"	"Nefazodone"	"DB01149"	"259"	"HTR2C"	"3358"	"manual_353"	"NCT00015210"
"3376"	"36924"	"2"	"Prostatic Neoplasms"	"D011471"	"596"	"capecitabine"	"DB01101"	"2912"	"TYMS"	"7298"	"manual_353"	"NCT00006023;NCT00258284;NCT00151047;NCT00124566;NCT05785741;NCT05489211"
"3377"	"22213"	"2"	"Prostatic Neoplasms"	"D011471"	"809"	"vandetanib"	"DB05294"	"1540"	"VEGFA"	"7422"	"manual_353"	"NCT00686036;NCT00757692"
"3378"	"38570"	"162"	"Depressive Disorder"	"D003866"	"367"	"risperidone"	"DB00734"	"3056"	"HTR7"	"3363"	"manual_353"	"NCT00095134;NCT00174590;NCT00044681;NCT00174577;NCT00206765;NCT01282632;NCT00640562;NCT02374567"
"3379"	"29961"	"162"	"Depressive Disorder"	"D003866"	"367"	"risperidone"	"DB00734"	"2206"	"HTR1D"	"3352"	"manual_353"	"NCT00095134;NCT00174590;NCT00044681;NCT00174577;NCT00206765;NCT01282632;NCT00640562;NCT02374567"
"3380"	"15456"	"6"	"Breast Neoplasms"	"D001943"	"926"	"lenvatinib"	"DB09078"	"1193"	"KIT"	"3815"	"manual_353"	"NCT06140576;NCT03168074;NCT06110793;NCT06849492;NCT03797326;NCT04300556;NCT05007106"
"3381"	"32554"	"162"	"Depressive Disorder"	"D003866"	"548"	"guanfacine"	"DB01018"	"2440"	"ADRA2A"	"150"	"manual_353"	"NCT06408246"
"3382"	"5081"	"162"	"Depressive Disorder"	"D003866"	"214"	"duloxetine"	"DB00476"	"259"	"HTR2C"	"3358"	"manual_353"	"NCT03068247;NCT01145755;NCT00672620;NCT01288079;NCT00811252;NCT01140906;NCT00849901;NCT00849693;NCT00599911;NCT00489775;NCT00635219;NCT00351910;NCT00529789;NCT00321490;NCT00042562;NCT00042575;NCT00331799;NCT00105989;NCT01564862;NCT01153009;NCT01360866;NCT00062673;NCT04476030;NCT02232555;NCT00489073;NCT00366652;NCT00191685;NCT00073411;NCT01309945;NCT01369095;NCT03852160;NCT02443194;NCT05814640;NCT04111627;NCT03038867;NCT01223001;NCT07649291;NCT02374567"
"3383"	"43266"	"191"	"Bipolar Disorder"	"D001714"	"1061"	"memantine"	"DB01043"	"3672"	"HTR3A"	"3359"	"manual_353"	"NCT03039842;NCT02630888;NCT03043001;NCT01188148"
"3384"	"36892"	"2"	"Prostatic Neoplasms"	"D011471"	"308"	"pemetrexed"	"DB00642"	"2912"	"TYMS"	"7298"	"manual_353"	"NCT00216099;NCT06630325"
"3385"	"38609"	"162"	"Depressive Disorder"	"D003866"	"677"	"quetiapine"	"DB01224"	"3056"	"HTR7"	"3363"	"manual_353"	"NCT02720198;NCT00388973;NCT00351910;NCT05603104;NCT04521478;NCT00174603;NCT00953108;NCT00681668;NCT00782405;NCT00751504;NCT05973786;NCT00771134;NCT02374567;NCT00232414;NCT00879307"
"3386"	"33908"	"113"	"Status Epilepticus"	"D013226"	"640"	"Phenobarbital"	"DB01174"	"2538"	"GABRA1"	"2554"	"manual_353"	"NCT03025906;NCT02726867;NCT03650270;NCT05291455"
"3387"	"32665"	"162"	"Depressive Disorder"	"D003866"	"876"	"lurasidone"	"DB08815"	"2440"	"ADRA2A"	"150"	"manual_353"	"NCT01423253;NCT01421134;NCT00868699;NCT00868959;NCT01284517;NCT02046369"
"3388"	"23993"	"162"	"Depressive Disorder"	"D003866"	"214"	"duloxetine"	"DB00476"	"1566"	"SLC6A3"	"6531"	"manual_353"	"NCT03068247;NCT01145755;NCT00672620;NCT01288079;NCT00811252;NCT01140906;NCT00849901;NCT00849693;NCT00599911;NCT00489775;NCT00635219;NCT00351910;NCT00529789;NCT00321490;NCT00042562;NCT00042575;NCT00331799;NCT00105989;NCT01564862;NCT01153009;NCT01360866;NCT00062673;NCT04476030;NCT02232555;NCT00489073;NCT00366652;NCT00191685;NCT00073411;NCT01309945;NCT01369095;NCT03852160;NCT02443194;NCT05814640;NCT04111627;NCT03038867;NCT01223001;NCT07649291;NCT02374567"
"3389"	"38814"	"162"	"Depressive Disorder"	"D003866"	"146"	"mirtazapine"	"DB00370"	"3104"	"SLC6A2"	"6530"	"manual_353"	"NCT06309472;NCT02646449;NCT02185131;NCT03852160;NCT00782405;NCT00080158;NCT00322309;NCT00249444;NCT02650544;NCT02374567"
"3390"	"17863"	"162"	"Depressive Disorder"	"D003866"	"1225"	"pipamperone"	"DB09286"	"1405"	"DRD3"	"1814"	"manual_353"	"NCT01312922;NCT02374567"
"3391"	"37703"	"162"	"Depressive Disorder"	"D003866"	"63"	"Temazepam"	"DB00231"	"3043"	"GABRA3"	"2556"	"manual_353"	"NCT02374567"
"3392"	"19526"	"162"	"Depressive Disorder"	"D003866"	"367"	"risperidone"	"DB00734"	"1407"	"DRD4"	"1815"	"manual_353"	"NCT00095134;NCT00174590;NCT00044681;NCT00174577;NCT00206765;NCT01282632;NCT00640562;NCT02374567"
"3393"	"38984"	"162"	"Depressive Disorder"	"D003866"	"641"	"escitalopram"	"DB01175"	"3104"	"SLC6A2"	"6530"	"manual_353"	"NCT00296933;NCT00668525;NCT05536414;NCT00566202;NCT00108979;NCT00109044;NCT05950061;NCT01123707;NCT04162522;NCT01111565;NCT01111552;NCT01111539;NCT00107120;NCT01655706;NCT01741142;NCT02674529;NCT00822744;NCT00531622;NCT01020799;NCT00351169;NCT00351910;NCT00420004;NCT00239954;NCT00135421;NCT00432614;NCT00406640;NCT00642694;NCT00149825;NCT00488670;NCT01360866;NCT04476030;NCT00415142;NCT00166296;NCT01034995;NCT02191397;NCT00965497;NCT06705478;NCT05603104;NCT01364649;NCT00086307;NCT01219686;NCT00953108;NCT06828887;NCT01368432;NCT01363310;NCT00073411;NCT02469545;NCT01103180;NCT01369095;NCT00837564;NCT00610506;NCT03852160;NCT00080158;NCT00136318;NCT02623231;NCT05973786;NCT03909217;NCT03652870;NCT02153567;NCT00475878;NCT00958633;NCT00148447;NCT02374567;NCT00114374;NCT02407821"
"3394"	"30493"	"162"	"Depressive Disorder"	"D003866"	"852"	"desvenlafaxine"	"DB06700"	"2215"	"SLC6A4"	"6532"	"manual_353"	"NCT04476030;NCT01527786;NCT01803711"
"3395"	"24240"	"162"	"Depressive Disorder"	"D003866"	"641"	"escitalopram"	"DB01175"	"1566"	"SLC6A3"	"6531"	"manual_353"	"NCT00296933;NCT00668525;NCT05536414;NCT00566202;NCT00108979;NCT00109044;NCT05950061;NCT01123707;NCT04162522;NCT01111565;NCT01111552;NCT01111539;NCT00107120;NCT01655706;NCT01741142;NCT02674529;NCT00822744;NCT00531622;NCT01020799;NCT00351169;NCT00351910;NCT00420004;NCT00239954;NCT00135421;NCT00432614;NCT00406640;NCT00642694;NCT00149825;NCT00488670;NCT01360866;NCT04476030;NCT00415142;NCT00166296;NCT01034995;NCT02191397;NCT00965497;NCT06705478;NCT05603104;NCT01364649;NCT00086307;NCT01219686;NCT00953108;NCT06828887;NCT01368432;NCT01363310;NCT00073411;NCT02469545;NCT01103180;NCT01369095;NCT00837564;NCT00610506;NCT03852160;NCT00080158;NCT00136318;NCT02623231;NCT05973786;NCT03909217;NCT03652870;NCT02153567;NCT00475878;NCT00958633;NCT00148447;NCT02374567;NCT00114374;NCT02407821"
"3396"	"38614"	"162"	"Depressive Disorder"	"D003866"	"686"	"aripiprazole"	"DB01238"	"3056"	"HTR7"	"3363"	"manual_353"	"NCT01123707;NCT01111565;NCT01111552;NCT01111539;NCT01655706;NCT01386086;NCT00556140;NCT00276978;NCT00080314;NCT05814640;NCT02374567;NCT00440713;NCT00094432"
"3397"	"19601"	"162"	"Depressive Disorder"	"D003866"	"686"	"aripiprazole"	"DB01238"	"1407"	"DRD4"	"1815"	"manual_353"	"NCT01123707;NCT01111565;NCT01111552;NCT01111539;NCT01655706;NCT01386086;NCT00556140;NCT00276978;NCT00080314;NCT05814640;NCT02374567;NCT00440713;NCT00094432"
"3398"	"841"	"162"	"Depressive Disorder"	"D003866"	"535"	"gabapentin"	"DB00996"	"23"	"CACNA1C"	"775"	"manual_353"	"NCT02374567;NCT00654953"
"3399"	"4251"	"2"	"Prostatic Neoplasms"	"D011471"	"1098"	"Rosiglitazone"	"DB00412"	"166"	"PPARA"	"5465"	"manual_353"	"NCT00182052"
"3400"	"38506"	"162"	"Depressive Disorder"	"D003866"	"124"	"olanzapine"	"DB00334"	"3056"	"HTR7"	"3363"	"manual_353"	"NCT00035321;NCT00056472;NCT01282632;NCT00568672;NCT01687478;NCT00273624;NCT00490971;NCT05814640;NCT00510146;NCT02374567;NCT00259272;NCT00618748"
"3401"	"38543"	"162"	"Depressive Disorder"	"D003866"	"229"	"haloperidol"	"DB00502"	"3056"	"HTR7"	"3363"	"manual_353"	"NCT00340379;NCT02374567"
"3402"	"28805"	"162"	"Depressive Disorder"	"D003866"	"350"	"naltrexone"	"DB00704"	"2152"	"OPRM1"	"4988"	"manual_353"	"NCT01874951;NCT00338962"
"3403"	"29933"	"162"	"Depressive Disorder"	"D003866"	"229"	"haloperidol"	"DB00502"	"2206"	"HTR1D"	"3352"	"manual_353"	"NCT00340379;NCT02374567"
"3404"	"36554"	"162"	"Depressive Disorder"	"D003866"	"415"	"pentoxifylline"	"DB00806"	"2878"	"PDE4B"	"5142"	"manual_353"	"NCT01625845;NCT05324735"
"3405"	"38789"	"162"	"Depressive Disorder"	"D003866"	"95"	"venlafaxine"	"DB00285"	"3104"	"SLC6A2"	"6530"	"manual_353"	"NCT02263248;NCT00435279;NCT05104918;NCT02086929;NCT01557712;NCT00351910;NCT00043550;NCT00448058;NCT00584974;NCT05603104;NCT00018902;NCT00080158;NCT05973786;NCT00131456;NCT00086190;NCT05724849;NCT02374567;NCT00249483"
"3406"	"46359"	"162"	"Depressive Disorder"	"D003866"	"686"	"aripiprazole"	"DB01238"	"3979"	""	"1816"	"manual_353"	"NCT01123707;NCT01111565;NCT01111552;NCT01111539;NCT01655706;NCT01386086;NCT00556140;NCT00276978;NCT00080314;NCT05814640;NCT02374567;NCT00440713;NCT00094432"
"3407"	"38484"	"162"	"Depressive Disorder"	"D003866"	"74"	"ziprasidone"	"DB00246"	"3056"	"HTR7"	"3363"	"manual_353"	"NCT00555997;NCT00633399;NCT00340379;NCT00421954;NCT00483548;NCT02374567"
"3408"	"31777"	"115"	"Epilepsy"	"D004827"	"760"	"Nitrazepam"	"DB01595"	"2400"	"SCN1A"	"6323"	"manual_353"	"NCT00004758"
"3409"	"19496"	"162"	"Depressive Disorder"	"D003866"	"229"	"haloperidol"	"DB00502"	"1407"	"DRD4"	"1815"	"manual_353"	"NCT00340379;NCT02374567"
"3410"	"38826"	"162"	"Depressive Disorder"	"D003866"	"181"	"methylphenidate"	"DB00422"	"3104"	"SLC6A2"	"6530"	"manual_353"	"NCT00246233;NCT01497548;NCT05474846"
"3411"	"46299"	"162"	"Depressive Disorder"	"D003866"	"259"	"lamotrigine"	"DB00555"	"3979"	""	"1816"	"manual_353"	"NCT00652171;NCT01042496;NCT00074776;NCT00274677;NCT00224510;NCT00056277;NCT00063362;NCT00475137;NCT02374567"
"3412"	"19792"	"93"	"Hypertension"	"D006973"	"547"	"minocycline"	"DB01017"	"1421"	"MMP9"	"4318"	"manual_353"	"NCT02213575;NCT04478500"
"3413"	"36909"	"6"	"Breast Neoplasms"	"D001943"	"314"	"leucovorin"	"DB00650"	"2912"	"TYMS"	"7298"	"manual_353"	"NCT00001498;NCT03387085;NCT03175666;NCT03554109;NCT01231802;NCT05564377;NCT05714553"
"3414"	"29928"	"162"	"Depressive Disorder"	"D003866"	"174"	"pramipexole"	"DB00413"	"2206"	"HTR1D"	"3352"	"manual_353"	"NCT00086307;NCT05825235;NCT05355337;NCT00025792;NCT07664852"
"3415"	"46292"	"162"	"Depressive Disorder"	"D003866"	"229"	"haloperidol"	"DB00502"	"3979"	""	"1816"	"manual_353"	"NCT00340379;NCT02374567"
"3416"	"34478"	"93"	"Hypertension"	"D006973"	"547"	"minocycline"	"DB01017"	"2578"	"IL1B"	"3553"	"manual_353"	"NCT02213575;NCT04478500"
"3417"	"44846"	"162"	"Depressive Disorder"	"D003866"	"163"	"progesterone"	"DB00396"	"3887"	"NR3C2"	"4306"	"manual_353"	"NCT00001481"
"3418"	"40375"	"116"	"Atrial Fibrillation"	"D001281"	"29"	"ramipril"	"DB00178"	"3330"	"ACE"	"1636"	"manual_353"	"NCT00141778;NCT00736294"
"3419"	"33156"	"2"	"Prostatic Neoplasms"	"D011471"	"241"	"cyclophosphamide"	"DB00531"	"2505"	"CYP2C19"	"1557"	"manual_353"	"NCT00176605;NCT01420965;NCT06236139;NCT00005960;NCT01496131;NCT00753220;NCT01696877;NCT01093183;NCT03514836;NCT07523529"
"3420"	"39031"	"162"	"Depressive Disorder"	"D003866"	"797"	"milnacipran"	"DB04896"	"3104"	"SLC6A2"	"6530"	"manual_353"	"NCT00225511;NCT02783430"
"3421"	"19468"	"162"	"Depressive Disorder"	"D003866"	"174"	"pramipexole"	"DB00413"	"1407"	"DRD4"	"1815"	"manual_353"	"NCT00086307;NCT05825235;NCT05355337;NCT00025792;NCT07664852"
"3422"	"38193"	"162"	"Depressive Disorder"	"D003866"	"1091"	"propofol"	"DB00818"	"3044"	"GABRA6"	"2559"	"manual_353"	"NCT07479550;NCT03684447;NCT06867549"
"3423"	"15346"	"6"	"Breast Neoplasms"	"D001943"	"708"	"sunitinib"	"DB01268"	"1193"	"KIT"	"3815"	"manual_353"	"NCT00471276;NCT00373256;NCT00570908;NCT00887575;NCT00434356;NCT00662025;NCT01803503"
"3424"	"24211"	"162"	"Depressive Disorder"	"D003866"	"627"	"Nefazodone"	"DB01149"	"1566"	"SLC6A3"	"6531"	"manual_353"	"NCT00015210"
"3425"	"16007"	"162"	"Depressive Disorder"	"D003866"	"146"	"mirtazapine"	"DB00370"	"1281"	"OPRK1"	"4986"	"manual_353"	"NCT06309472;NCT02646449;NCT02185131;NCT03852160;NCT00782405;NCT00080158;NCT00322309;NCT00249444;NCT02650544;NCT02374567"
"3426"	"41025"	"162"	"Depressive Disorder"	"D003866"	"560"	"selegiline"	"DB01037"	"3354"	"MAOB"	"4129"	"manual_353"	"NCT01912391"
"3427"	"20678"	"6"	"Breast Neoplasms"	"D001943"	"13"	"calcitriol"	"DB00136"	"1471"	"VDR"	"7421"	"manual_353"	"NCT01293682;NCT00904033"
"3428"	"46283"	"162"	"Depressive Disorder"	"D003866"	"174"	"pramipexole"	"DB00413"	"3979"	""	"1816"	"manual_353"	"NCT00086307;NCT05825235;NCT05355337;NCT00025792;NCT07664852"
"3429"	"36378"	"191"	"Bipolar Disorder"	"D001714"	"1056"	"lacosamide"	"DB06218"	"2822"	"SCN8A"	"6334"	"manual_353"	"NCT07412132"
"3430"	"38516"	"162"	"Depressive Disorder"	"D003866"	"146"	"mirtazapine"	"DB00370"	"3056"	"HTR7"	"3363"	"manual_353"	"NCT06309472;NCT02646449;NCT02185131;NCT03852160;NCT00782405;NCT00080158;NCT00322309;NCT00249444;NCT02650544;NCT02374567"
"3431"	"1718"	"90"	"Myocardial Infarction"	"D009203"	"576"	"melatonin"	"DB01065"	"72"	"ESR1"	"2099"	"manual_353"	"NCT00640094"
"3432"	"749"	"162"	"Depressive Disorder"	"D003866"	"152"	"amlodipine"	"DB00381"	"23"	"CACNA1C"	"775"	"manual_353"	"NCT01557153"
"3433"	"17812"	"162"	"Depressive Disorder"	"D003866"	"849"	"vilazodone"	"DB06684"	"1405"	"DRD3"	"1814"	"manual_353"	"NCT02436239;NCT02372799;NCT01742832;NCT01878292;NCT00644358;NCT00683592;NCT00290914;NCT02015546;NCT00285376"
"3434"	"39063"	"162"	"Depressive Disorder"	"D003866"	"906"	"Levomilnacipran"	"DB08918"	"3104"	"SLC6A2"	"6530"	"manual_353"	"NCT02431806;NCT02720198"
"3435"	"29916"	"162"	"Depressive Disorder"	"D003866"	"124"	"olanzapine"	"DB00334"	"2206"	"HTR1D"	"3352"	"manual_353"	"NCT00035321;NCT00056472;NCT01282632;NCT00568672;NCT01687478;NCT00273624;NCT00490971;NCT05814640;NCT00510146;NCT02374567;NCT00259272;NCT00618748"
"3436"	"29888"	"162"	"Depressive Disorder"	"D003866"	"74"	"ziprasidone"	"DB00246"	"2206"	"HTR1D"	"3352"	"manual_353"	"NCT00555997;NCT00633399;NCT00340379;NCT00421954;NCT00483548;NCT02374567"
"3437"	"15368"	"6"	"Breast Neoplasms"	"D001943"	"792"	"nilotinib"	"DB04868"	"1193"	"KIT"	"3815"	"manual_353"	"NCT05185947"
"3438"	"38954"	"162"	"Depressive Disorder"	"D003866"	"627"	"Nefazodone"	"DB01149"	"3104"	"SLC6A2"	"6530"	"manual_353"	"NCT00015210"
"3439"	"31269"	"191"	"Bipolar Disorder"	"D001714"	"233"	"dextromethorphan"	"DB00514"	"2336"	"GRIN3A"	"116443"	"manual_353"	"NCT03039842"
"3440"	"26131"	"94"	"Heart Failure"	"D006333"	"684"	"dexamethasone"	"DB01234"	"1939"	"NOS2"	"4843"	"manual_353"	"NCT05809011"
"3441"	"9524"	"2"	"Prostatic Neoplasms"	"D011471"	"165"	"sorafenib"	"DB00398"	"846"	"BRAF"	"673"	"manual_353"	"NCT00452387;NCT00694291;NCT00414388"
"3442"	"42896"	"191"	"Bipolar Disorder"	"D001714"	"535"	"gabapentin"	"DB00996"	"3667"	"CACNB2"	"783"	"manual_353"	"NCT03334721;NCT05064319;NCT03220776"
"3443"	"28893"	"162"	"Depressive Disorder"	"D003866"	"484"	"Buprenorphine"	"DB00921"	"2152"	"OPRM1"	"4988"	"manual_353"	"NCT02181231;NCT02263248;NCT02176291;NCT04116528;NCT01407575;NCT01071538;NCT00863291;NCT03646058"
"3444"	"24342"	"162"	"Depressive Disorder"	"D003866"	"852"	"desvenlafaxine"	"DB06700"	"1566"	"SLC6A3"	"6531"	"manual_353"	"NCT04476030;NCT01527786;NCT01803711"
"3445"	"38845"	"162"	"Depressive Disorder"	"D003866"	"214"	"duloxetine"	"DB00476"	"3104"	"SLC6A2"	"6530"	"manual_353"	"NCT03068247;NCT01145755;NCT00672620;NCT01288079;NCT00811252;NCT01140906;NCT00849901;NCT00849693;NCT00599911;NCT00489775;NCT00635219;NCT00351910;NCT00529789;NCT00321490;NCT00042562;NCT00042575;NCT00331799;NCT00105989;NCT01564862;NCT01153009;NCT01360866;NCT00062673;NCT04476030;NCT02232555;NCT00489073;NCT00366652;NCT00191685;NCT00073411;NCT01309945;NCT01369095;NCT03852160;NCT02443194;NCT05814640;NCT04111627;NCT03038867;NCT01223001;NCT07649291;NCT02374567"
"3446"	"46352"	"162"	"Depressive Disorder"	"D003866"	"677"	"quetiapine"	"DB01224"	"3979"	""	"1816"	"manual_353"	"NCT02720198;NCT00388973;NCT00351910;NCT05603104;NCT04521478;NCT00174603;NCT00953108;NCT00681668;NCT00782405;NCT00751504;NCT05973786;NCT00771134;NCT02374567;NCT00232414;NCT00879307"
"3447"	"4201"	"2"	"Prostatic Neoplasms"	"D011471"	"617"	"pioglitazone"	"DB01132"	"166"	"PPARA"	"5465"	"manual_353"	"NCT00427999"
"3448"	"10041"	"162"	"Depressive Disorder"	"D003866"	"506"	"pindolol"	"DB00960"	"968"	"HTR1B"	"3351"	"manual_353"	"NCT00931775"
"3449"	"4149"	"2"	"Prostatic Neoplasms"	"D011471"	"121"	"indomethacin"	"DB00328"	"166"	"PPARA"	"5465"	"manual_353"	"NCT02935205;NCT02849990"
"3450"	"20860"	"191"	"Bipolar Disorder"	"D001714"	"229"	"haloperidol"	"DB00502"	"1478"	"GRIN2B"	"2904"	"manual_353"	"NCT00129220;NCT00097266;NCT05803642"
"3451"	"587"	"94"	"Heart Failure"	"D006333"	"896"	"mirabegron"	"DB08893"	"17"	"ADRB1"	"153"	"manual_353"	"NCT01876433;NCT02775539;NCT02599480;NCT03926754"
"3452"	"31281"	"191"	"Bipolar Disorder"	"D001714"	"535"	"gabapentin"	"DB00996"	"2336"	"GRIN3A"	"116443"	"manual_353"	"NCT03334721;NCT05064319;NCT03220776"
"3453"	"31775"	"112"	"Seizures"	"D012640"	"760"	"Nitrazepam"	"DB01595"	"2400"	"SCN1A"	"6323"	"manual_353"	"NCT00004758"
"3454"	"19587"	"162"	"Depressive Disorder"	"D003866"	"677"	"quetiapine"	"DB01224"	"1407"	"DRD4"	"1815"	"manual_353"	"NCT02720198;NCT00388973;NCT00351910;NCT05603104;NCT04521478;NCT00174603;NCT00953108;NCT00681668;NCT00782405;NCT00751504;NCT05973786;NCT00771134;NCT02374567;NCT00232414;NCT00879307"
"3455"	"20888"	"191"	"Bipolar Disorder"	"D001714"	"535"	"gabapentin"	"DB00996"	"1478"	"GRIN2B"	"2904"	"manual_353"	"NCT03334721;NCT05064319;NCT03220776"
"3456"	"33883"	"113"	"Status Epilepticus"	"D013226"	"578"	"clonazepam"	"DB01068"	"2538"	"GABRA1"	"2554"	"manual_353"	"NCT01870024;NCT02134366"
"3457"	"733"	"191"	"Bipolar Disorder"	"D001714"	"85"	"isradipine"	"DB00270"	"23"	"CACNA1C"	"775"	"manual_353"	"NCT01784666"
"3458"	"24580"	"162"	"Depressive Disorder"	"D003866"	"63"	"Temazepam"	"DB00231"	"1600"	"GABRB3"	"2562"	"manual_353"	"NCT02374567"
"3459"	"20775"	"2"	"Prostatic Neoplasms"	"D011471"	"1027"	"doxercalciferol"	"DB06410"	"1471"	"VDR"	"7421"	"manual_353"	"NCT00022412"
"3460"	"17793"	"162"	"Depressive Disorder"	"D003866"	"813"	"cariprazine"	"DB06016"	"1405"	"DRD3"	"1814"	"manual_353"	"NCT01838876;NCT01469377;NCT03738215;NCT03739203;NCT01715805;NCT00852202;NCT01396447;NCT02670551;NCT04777357;NCT02670538;NCT03573297"
"3461"	"657"	"94"	"Heart Failure"	"D006333"	"1052"	"indacaterol"	"DB05039"	"17"	"ADRB1"	"153"	"manual_353"	"NCT02598505"
"3462"	"2482"	"6"	"Breast Neoplasms"	"D001943"	"900"	"ponatinib"	"DB08901"	"75"	"FGFR1"	"2260"	"manual_353"	"NCT04591431"
"3463"	"40511"	"296"	"Coronary Artery Disease"	"D003324"	"272"	"enalapril"	"DB00584"	"3330"	"ACE"	"1636"	"manual_353"	"NCT00000516;NCT04912167"
"3464"	"46269"	"162"	"Depressive Disorder"	"D003866"	"124"	"olanzapine"	"DB00334"	"3979"	""	"1816"	"manual_353"	"NCT00035321;NCT00056472;NCT01282632;NCT00568672;NCT01687478;NCT00273624;NCT00490971;NCT05814640;NCT00510146;NCT02374567;NCT00259272;NCT00618748"
"3465"	"20005"	"112"	"Seizures"	"D012640"	"322"	"verapamil"	"DB00661"	"1430"	"KCNJ11"	"3767"	"manual_353"	"NCT01607073"
"3466"	"148"	"94"	"Heart Failure"	"D006333"	"35"	"esmolol"	"DB00187"	"17"	"ADRB1"	"153"	"manual_353"	"NCT06522594"
"3467"	"17435"	"168"	"Arrhythmias, Cardiac"	"D001145"	"619"	"carvedilol"	"DB01136"	"1392"	"KCNH2"	"3757"	"manual_353"	"NCT00313157"
"3468"	"19449"	"162"	"Depressive Disorder"	"D003866"	"124"	"olanzapine"	"DB00334"	"1407"	"DRD4"	"1815"	"manual_353"	"NCT00035321;NCT00056472;NCT01282632;NCT00568672;NCT01687478;NCT00273624;NCT00490971;NCT05814640;NCT00510146;NCT02374567;NCT00259272;NCT00618748"
"3469"	"1597"	"296"	"Coronary Artery Disease"	"D003324"	"400"	"estradiol"	"DB00783"	"72"	"ESR1"	"2099"	"manual_353"	"NCT00000559"
"3470"	"43141"	"162"	"Depressive Disorder"	"D003866"	"124"	"olanzapine"	"DB00334"	"3672"	"HTR3A"	"3359"	"manual_353"	"NCT00035321;NCT00056472;NCT01282632;NCT00568672;NCT01687478;NCT00273624;NCT00490971;NCT05814640;NCT00510146;NCT02374567;NCT00259272;NCT00618748"
"3471"	"19428"	"162"	"Depressive Disorder"	"D003866"	"74"	"ziprasidone"	"DB00246"	"1407"	"DRD4"	"1815"	"manual_353"	"NCT00555997;NCT00633399;NCT00340379;NCT00421954;NCT00483548;NCT02374567"
"3472"	"22029"	"191"	"Bipolar Disorder"	"D001714"	"233"	"dextromethorphan"	"DB00514"	"1529"	"CHRNA7"	"1139"	"manual_353"	"NCT03039842"
"3473"	"10156"	"162"	"Depressive Disorder"	"D003866"	"1225"	"pipamperone"	"DB09286"	"968"	"HTR1B"	"3351"	"manual_353"	"NCT01312922;NCT02374567"
"3474"	"28541"	"93"	"Hypertension"	"D006973"	"1184"	"candesartan"	"DB13919"	"2124"	"AGTR1"	"185"	"manual_353"	"NCT03640312;NCT00150631;NCT00644475;NCT00282178;NCT01984164;NCT00605072;NCT00775840;NCT02646982"
"3475"	"33054"	"162"	"Depressive Disorder"	"D003866"	"376"	"scopolamine"	"DB00747"	"2486"	"CHRNA4"	"1137"	"manual_353"	"NCT00369915;NCT01312844;NCT04211961"
"3476"	"39050"	"162"	"Depressive Disorder"	"D003866"	"852"	"desvenlafaxine"	"DB06700"	"3104"	"SLC6A2"	"6530"	"manual_353"	"NCT04476030;NCT01527786;NCT01803711"
"3477"	"43176"	"162"	"Depressive Disorder"	"D003866"	"259"	"lamotrigine"	"DB00555"	"3672"	"HTR3A"	"3359"	"manual_353"	"NCT00652171;NCT01042496;NCT00074776;NCT00274677;NCT00224510;NCT00056277;NCT00063362;NCT00475137;NCT02374567"
"3478"	"43393"	"2"	"Prostatic Neoplasms"	"D011471"	"554"	"ketoconazole"	"DB01026"	"3692"	"CYP19A1"	"1588"	"manual_353"	"NCT00536991;NCT02560051;NCT00447473;NCT00030654;NCT00460031;NCT00002855;NCT00014352;NCT00003084;NCT00006371;NCT00024167;NCT00953576;NCT02494713;NCT01036594;NCT00895310;NCT00859781;NCT00309894;NCT00002760;NCT00027859;NCT00019695;NCT00586898"
"3479"	"10108"	"162"	"Depressive Disorder"	"D003866"	"922"	"vortioxetine"	"DB09068"	"968"	"HTR1B"	"3351"	"manual_353"	"NCT05104918;NCT02389816;NCT00672958;NCT00672620;NCT01355081;NCT00707980;NCT00735709;NCT03855865;NCT01179516;NCT01153009;NCT01255787;NCT03053362;NCT01163266;NCT03108625;NCT02871297;NCT01152996;NCT04498897;NCT05014919;NCT01364649;NCT02845349;NCT01491035;NCT03485274;NCT05814640;NCT03598868"
"3480"	"46258"	"162"	"Depressive Disorder"	"D003866"	"74"	"ziprasidone"	"DB00246"	"3979"	""	"1816"	"manual_353"	"NCT00555997;NCT00633399;NCT00340379;NCT00421954;NCT00483548;NCT02374567"
"3481"	"389"	"94"	"Heart Failure"	"D006333"	"539"	"albuterol"	"DB01001"	"17"	"ADRB1"	"153"	"manual_353"	"NCT01375361;NCT02885636"
"3482"	"43238"	"162"	"Depressive Disorder"	"D003866"	"686"	"aripiprazole"	"DB01238"	"3672"	"HTR3A"	"3359"	"manual_353"	"NCT01123707;NCT01111565;NCT01111552;NCT01111539;NCT01655706;NCT01386086;NCT00556140;NCT00276978;NCT00080314;NCT05814640;NCT02374567;NCT00440713;NCT00094432"
"3483"	"9611"	"2"	"Prostatic Neoplasms"	"D011471"	"905"	"dabrafenib"	"DB08912"	"846"	"BRAF"	"673"	"manual_353"	"NCT02465060"
"3484"	"45844"	"112"	"Seizures"	"D012640"	"1091"	"propofol"	"DB00818"	"3932"	"SCN2A"	"6326"	"manual_353"	"NCT00265616"
"3485"	"46276"	"162"	"Depressive Disorder"	"D003866"	"146"	"mirtazapine"	"DB00370"	"3979"	""	"1816"	"manual_353"	"NCT06309472;NCT02646449;NCT02185131;NCT03852160;NCT00782405;NCT00080158;NCT00322309;NCT00249444;NCT02650544;NCT02374567"
"3486"	"781"	"168"	"Arrhythmias, Cardiac"	"D001145"	"180"	"spironolactone"	"DB00421"	"23"	"CACNA1C"	"775"	"manual_353"	"NCT02764619;NCT00141778"
"3487"	"37201"	"162"	"Depressive Disorder"	"D003866"	"560"	"selegiline"	"DB01037"	"2950"	"MAOA"	"4128"	"manual_353"	"NCT01912391"
"3488"	"16043"	"162"	"Depressive Disorder"	"D003866"	"350"	"naltrexone"	"DB00704"	"1281"	"OPRK1"	"4986"	"manual_353"	"NCT01874951;NCT00338962"
"3489"	"2347"	"6"	"Breast Neoplasms"	"D001943"	"165"	"sorafenib"	"DB00398"	"75"	"FGFR1"	"2260"	"manual_353"	"NCT05594095;NCT01194869;NCT00493636;NCT00525161;NCT00634634;NCT00632541;NCT00825734"
"3490"	"1384"	"81"	"Atherosclerosis"	"D050197"	"163"	"progesterone"	"DB00396"	"72"	"ESR1"	"2099"	"manual_353"	"NCT00005108;NCT03018366"
"3491"	"20006"	"115"	"Epilepsy"	"D004827"	"322"	"verapamil"	"DB00661"	"1430"	"KCNJ11"	"3767"	"manual_353"	"NCT01607073"
"3492"	"1572"	"296"	"Coronary Artery Disease"	"D003324"	"333"	"tamoxifen"	"DB00675"	"72"	"ESR1"	"2099"	"manual_353"	"NCT00000529"
"3493"	"41276"	"2"	"Prostatic Neoplasms"	"D011471"	"241"	"cyclophosphamide"	"DB00531"	"3383"	"CYP3A5"	"1577"	"manual_353"	"NCT00176605;NCT01420965;NCT06236139;NCT00005960;NCT01496131;NCT00753220;NCT01696877;NCT01093183;NCT03514836;NCT07523529"
"3494"	"1246"	"6"	"Breast Neoplasms"	"D001943"	"809"	"vandetanib"	"DB05294"	"69"	"KDR"	"3791"	"manual_353"	"NCT00481845;NCT01934335;NCT02299999;NCT02530411"
"3495"	"176"	"94"	"Heart Failure"	"D006333"	"82"	"metoprolol"	"DB00264"	"17"	"ADRB1"	"153"	"manual_353"	"NCT01434134;NCT00829296"
"3496"	"2428"	"6"	"Breast Neoplasms"	"D001943"	"843"	"pazopanib"	"DB06589"	"75"	"FGFR1"	"2260"	"manual_353"	"NCT01466972;NCT00558103;NCT01392352"
"3497"	"20808"	"2"	"Prostatic Neoplasms"	"D011471"	"1081"	"paricalcitol"	"DB00910"	"1471"	"VDR"	"7421"	"manual_353"	"NCT00634582"
"3498"	"41040"	"162"	"Depressive Disorder"	"D003866"	"617"	"pioglitazone"	"DB01132"	"3354"	"MAOB"	"4129"	"manual_353"	"NCT00671515"
"3499"	"26187"	"93"	"Hypertension"	"D006973"	"1134"	"L-Arginine"	"DB00125"	"1939"	"NOS2"	"4843"	"manual_353"	"NCT00137124;NCT01482247;NCT00974714;NCT00571766;NCT01142219;NCT02838030;NCT00157521"
"3500"	"31278"	"191"	"Bipolar Disorder"	"D001714"	"498"	"felbamate"	"DB00949"	"2336"	"GRIN3A"	"116443"	"manual_353"	"NCT00034229"
"3501"	"42890"	"191"	"Bipolar Disorder"	"D001714"	"322"	"verapamil"	"DB00661"	"3667"	"CACNB2"	"783"	"manual_353"	"NCT00518947"
"3502"	"27278"	"94"	"Heart Failure"	"D006333"	"896"	"mirabegron"	"DB08893"	"1945"	"ADRB3"	"155"	"manual_353"	"NCT01876433;NCT02775539;NCT02599480;NCT03926754"
"3503"	"30043"	"162"	"Depressive Disorder"	"D003866"	"1225"	"pipamperone"	"DB09286"	"2206"	"HTR1D"	"3352"	"manual_353"	"NCT01312922;NCT02374567"
"3504"	"44218"	"191"	"Bipolar Disorder"	"D001714"	"535"	"gabapentin"	"DB00996"	"3805"	""	"2903"	"manual_353"	"NCT03334721;NCT05064319;NCT03220776"
"3505"	"20924"	"162"	"Depressive Disorder"	"D003866"	"1018"	"Dehydroepiandrosterone"	"DB01708"	"1478"	"GRIN2B"	"2904"	"manual_353"	"NCT00001487"
"3506"	"6061"	"162"	"Depressive Disorder"	"D003866"	"415"	"pentoxifylline"	"DB00806"	"279"	"PDE4D"	"5144"	"manual_353"	"NCT01625845;NCT05324735"
"3507"	"36088"	"112"	"Seizures"	"D012640"	"322"	"verapamil"	"DB00661"	"2795"	"CACNA1D"	"776"	"manual_353"	"NCT01607073"
"3508"	"4587"	"6"	"Breast Neoplasms"	"D001943"	"846"	"bosutinib"	"DB06616"	"208"	"ABL1"	"25"	"manual_353"	"NCT00880009;NCT00793546;NCT00959946"
"3509"	"16069"	"162"	"Depressive Disorder"	"D003866"	"484"	"Buprenorphine"	"DB00921"	"1281"	"OPRK1"	"4986"	"manual_353"	"NCT02181231;NCT02263248;NCT02176291;NCT04116528;NCT01407575;NCT01071538;NCT00863291;NCT03646058"
"3510"	"20882"	"191"	"Bipolar Disorder"	"D001714"	"498"	"felbamate"	"DB00949"	"1478"	"GRIN2B"	"2904"	"manual_353"	"NCT00034229"
"3511"	"38645"	"162"	"Depressive Disorder"	"D003866"	"922"	"vortioxetine"	"DB09068"	"3056"	"HTR7"	"3363"	"manual_353"	"NCT05104918;NCT02389816;NCT00672958;NCT00672620;NCT01355081;NCT00707980;NCT00735709;NCT03855865;NCT01179516;NCT01153009;NCT01255787;NCT03053362;NCT01163266;NCT03108625;NCT02871297;NCT01152996;NCT04498897;NCT05014919;NCT01364649;NCT02845349;NCT01491035;NCT03485274;NCT05814640;NCT03598868"
"3512"	"19663"	"162"	"Depressive Disorder"	"D003866"	"1225"	"pipamperone"	"DB09286"	"1407"	"DRD4"	"1815"	"manual_353"	"NCT01312922;NCT02374567"
"3513"	"38079"	"162"	"Depressive Disorder"	"D003866"	"63"	"Temazepam"	"DB00231"	"3044"	"GABRA6"	"2559"	"manual_353"	"NCT02374567"
"3514"	"43228"	"162"	"Depressive Disorder"	"D003866"	"677"	"quetiapine"	"DB01224"	"3672"	"HTR3A"	"3359"	"manual_353"	"NCT02720198;NCT00388973;NCT00351910;NCT05603104;NCT04521478;NCT00174603;NCT00953108;NCT00681668;NCT00782405;NCT00751504;NCT05973786;NCT00771134;NCT02374567;NCT00232414;NCT00879307"
"3515"	"20886"	"162"	"Depressive Disorder"	"D003866"	"535"	"gabapentin"	"DB00996"	"1478"	"GRIN2B"	"2904"	"manual_353"	"NCT02374567;NCT00654953"
"3516"	"43434"	"2"	"Prostatic Neoplasms"	"D011471"	"1036"	"exemestane"	"DB00990"	"3692"	"CYP19A1"	"1588"	"manual_353"	"NCT00031889;NCT06630325"
"3517"	"1617"	"90"	"Myocardial Infarction"	"D009203"	"435"	"dobutamine"	"DB00841"	"72"	"ESR1"	"2099"	"manual_353"	"NCT05350592;NCT00093301"
"3518"	"548"	"94"	"Heart Failure"	"D006333"	"790"	"nebivolol"	"DB04861"	"17"	"ADRB1"	"153"	"manual_353"	"NCT01648634;NCT00829296"
"3519"	"38640"	"162"	"Depressive Disorder"	"D003866"	"876"	"lurasidone"	"DB08815"	"3056"	"HTR7"	"3363"	"manual_353"	"NCT01423253;NCT01421134;NCT00868699;NCT00868959;NCT01284517;NCT02046369"
"3520"	"40999"	"162"	"Depressive Disorder"	"D003866"	"380"	"tranylcypromine"	"DB00752"	"3354"	"MAOB"	"4129"	"manual_353"	"NCT02374567"
"3521"	"25038"	"191"	"Bipolar Disorder"	"D001714"	"86"	"topiramate"	"DB00273"	"1646"	"GRIA2"	"2891"	"manual_353"	"NCT00037674;NCT00035230;NCT00240721;NCT00035802;NCT00237289"
"3522"	"44856"	"90"	"Myocardial Infarction"	"D009203"	"180"	"spironolactone"	"DB00421"	"3887"	"NR3C2"	"4306"	"manual_353"	"NCT01059136;NCT03048825"
"3523"	"43138"	"162"	"Depressive Disorder"	"D003866"	"74"	"ziprasidone"	"DB00246"	"3672"	"HTR3A"	"3359"	"manual_353"	"NCT00555997;NCT00633399;NCT00340379;NCT00421954;NCT00483548;NCT02374567"
"3524"	"7100"	"1"	"Endometriosis"	"D004715"	"430"	"mifepristone"	"DB00834"	"349"	"PGR"	"5241"	"manual_353"	"NCT02271958"
"3525"	"44264"	"162"	"Depressive Disorder"	"D003866"	"1018"	"Dehydroepiandrosterone"	"DB01708"	"3805"	""	"2903"	"manual_353"	"NCT00001487"
"3526"	"4687"	"6"	"Breast Neoplasms"	"D001943"	"846"	"bosutinib"	"DB06616"	"212"	"SRC"	"6714"	"manual_353"	"NCT00880009;NCT00793546;NCT00959946"
"3527"	"33062"	"162"	"Depressive Disorder"	"D003866"	"400"	"estradiol"	"DB00783"	"2486"	"CHRNA4"	"1137"	"manual_353"	"NCT00001481;NCT01126801;NCT01308814;NCT03689543"
"3528"	"43155"	"162"	"Depressive Disorder"	"D003866"	"146"	"mirtazapine"	"DB00370"	"3672"	"HTR3A"	"3359"	"manual_353"	"NCT06309472;NCT02646449;NCT02185131;NCT03852160;NCT00782405;NCT00080158;NCT00322309;NCT00249444;NCT02650544;NCT02374567"
"3529"	"40387"	"296"	"Coronary Artery Disease"	"D003324"	"29"	"ramipril"	"DB00178"	"3330"	"ACE"	"1636"	"manual_353"	"NCT00268619;NCT00005928;NCT03715998;NCT02924727"
"3530"	"40573"	"296"	"Coronary Artery Disease"	"D003324"	"360"	"lisinopril"	"DB00722"	"3330"	"ACE"	"1636"	"manual_353"	"NCT00000542;NCT01901549"
"3531"	"740"	"168"	"Arrhythmias, Cardiac"	"D001145"	"129"	"diltiazem"	"DB00343"	"23"	"CACNA1C"	"775"	"manual_353"	"NCT00000556;NCT00313157"
"3532"	"31863"	"168"	"Arrhythmias, Cardiac"	"D001145"	"71"	"ranolazine"	"DB00243"	"2401"	"SCN5A"	"6331"	"manual_353"	"NCT00998218;NCT01534962;NCT01887353;NCT01522651;NCT01349491;NCT01215253;NCT02360397;NCT01728025;NCT01648205"
"3533"	"44216"	"162"	"Depressive Disorder"	"D003866"	"535"	"gabapentin"	"DB00996"	"3805"	""	"2903"	"manual_353"	"NCT02374567;NCT00654953"
"3534"	"37174"	"162"	"Depressive Disorder"	"D003866"	"380"	"tranylcypromine"	"DB00752"	"2950"	"MAOA"	"4128"	"manual_353"	"NCT02374567"
"3535"	"4567"	"6"	"Breast Neoplasms"	"D001943"	"700"	"dasatinib"	"DB01254"	"208"	"ABL1"	"25"	"manual_353"	"NCT02720185;NCT06355037;NCT00817531;NCT01410708;NCT00780676;NCT01471106;NCT00903006;NCT00546104;NCT00410813;NCT00371345;NCT00924352;NCT00371254;NCT00566618;NCT01306942;NCT00754325;NCT00696072;NCT05198843;NCT02465060"
"3536"	"17343"	"168"	"Arrhythmias, Cardiac"	"D001145"	"204"	"imipramine"	"DB00458"	"1392"	"KCNH2"	"3757"	"manual_353"	"NCT00000504;NCT00000518;NCT00000464"
"3537"	"45768"	"113"	"Status Epilepticus"	"D013226"	"109"	"Valproic Acid"	"DB00313"	"3932"	"SCN2A"	"6326"	"manual_353"	"NCT01960075"
"3538"	"44210"	"191"	"Bipolar Disorder"	"D001714"	"498"	"felbamate"	"DB00949"	"3805"	""	"2903"	"manual_353"	"NCT00034229"
"3539"	"3632"	"6"	"Breast Neoplasms"	"D001943"	"964"	"venetoclax"	"DB11581"	"119"	"BCL2"	"596"	"manual_353"	"NCT04298918;NCT03584009"
"3540"	"15597"	"191"	"Bipolar Disorder"	"D001714"	"109"	"Valproic Acid"	"DB00313"	"1219"	"PPARD"	"5467"	"manual_353"	"NCT01674010;NCT02456454"
"3541"	"2536"	"6"	"Breast Neoplasms"	"D001943"	"927"	"nintedanib"	"DB09079"	"75"	"FGFR1"	"2260"	"manual_353"	"NCT01658462"
"3542"	"16150"	"191"	"Bipolar Disorder"	"D001714"	"535"	"gabapentin"	"DB00996"	"1282"	"GRIN1"	"2902"	"manual_353"	"NCT03334721;NCT05064319;NCT03220776"
"3543"	"43264"	"162"	"Depressive Disorder"	"D003866"	"1061"	"memantine"	"DB01043"	"3672"	"HTR3A"	"3359"	"manual_353"	"NCT01876823;NCT02374567"
"3544"	"20987"	"6"	"Breast Neoplasms"	"D001943"	"308"	"pemetrexed"	"DB00642"	"1495"	"DHFR"	"1719"	"manual_353"	"NCT00063570;NCT00106002;NCT00034489;NCT00190671;NCT00325234;NCT00191347;NCT00149214;NCT00102219;NCT00065533;NCT00072865;NCT06462092;NCT03267316;NCT06630325"
"3545"	"43246"	"162"	"Depressive Disorder"	"D003866"	"922"	"vortioxetine"	"DB09068"	"3672"	"HTR3A"	"3359"	"manual_353"	"NCT05104918;NCT02389816;NCT00672958;NCT00672620;NCT01355081;NCT00707980;NCT00735709;NCT03855865;NCT01179516;NCT01153009;NCT01255787;NCT03053362;NCT01163266;NCT03108625;NCT02871297;NCT01152996;NCT04498897;NCT05014919;NCT01364649;NCT02845349;NCT01491035;NCT03485274;NCT05814640;NCT03598868"
"3546"	"20950"	"191"	"Bipolar Disorder"	"D001714"	"1244"	"taurine"	"DB01956"	"1478"	"GRIN2B"	"2904"	"manual_353"	"NCT00217165"
"3547"	"1226"	"6"	"Breast Neoplasms"	"D001943"	"165"	"sorafenib"	"DB00398"	"69"	"KDR"	"3791"	"manual_353"	"NCT05594095;NCT01194869;NCT00493636;NCT00525161;NCT00634634;NCT00632541;NCT00825734"
"3548"	"17514"	"168"	"Arrhythmias, Cardiac"	"D001145"	"999"	"betrixaban"	"DB12364"	"1392"	"KCNH2"	"3757"	"manual_353"	"NCT00742859"
"3549"	"31685"	"113"	"Status Epilepticus"	"D013226"	"109"	"Valproic Acid"	"DB00313"	"2400"	"SCN1A"	"6323"	"manual_353"	"NCT01960075"
"3550"	"31304"	"191"	"Bipolar Disorder"	"D001714"	"1061"	"memantine"	"DB01043"	"2336"	"GRIN3A"	"116443"	"manual_353"	"NCT03039842;NCT02630888;NCT03043001;NCT01188148"
"3551"	"3579"	"6"	"Breast Neoplasms"	"D001943"	"887"	"Eribulin"	"DB08871"	"119"	"BCL2"	"596"	"manual_353"	"NCT01498588;NCT02623972;NCT02061085;NCT06268652;NCT02396433;NCT06449222;NCT07173751;NCT05810870;NCT02681523;NCT01427933;NCT06519370;NCT06382142;NCT06279364;NCT06202313;NCT07255612;NCT04913571;NCT04745975;NCT04464174;NCT01827787;NCT05104866;NCT04681911;NCT04303741;NCT03795012;NCT03734029;NCT03264547;NCT03222856;NCT02574455;NCT02215876;NCT01669252;NCT01593020;NCT06387628;NCT01912963;NCT05402722;NCT02915744;NCT01705691;NCT02555657;NCT03786094;NCT03202316;NCT06102824;NCT05570253;NCT06731153;NCT07007559;NCT06308939;NCT06081959;NCT01596751;NCT05063786;NCT04826016;NCT03637868;NCT03901339;NCT01941407;NCT02723877;NCT02344472;NCT02299999;NCT02263495;NCT01401959;NCT06343948;NCT04986579;NCT01527487;NCT01388647;NCT05458674;NCT06435429;NCT06539559;NCT07461454;NCT06942234;NCT02514681;NCT01554371;NCT02035813;NCT03032614;NCT05824975"
"3552"	"4673"	"6"	"Breast Neoplasms"	"D001943"	"700"	"dasatinib"	"DB01254"	"212"	"SRC"	"6714"	"manual_353"	"NCT02720185;NCT06355037;NCT00817531;NCT01410708;NCT00780676;NCT01471106;NCT00903006;NCT00546104;NCT00410813;NCT00371345;NCT00924352;NCT00371254;NCT00566618;NCT01306942;NCT00754325;NCT00696072;NCT05198843;NCT02465060"
"3553"	"1266"	"6"	"Breast Neoplasms"	"D001943"	"890"	"cabozantinib"	"DB08875"	"69"	"KDR"	"3791"	"manual_353"	"NCT03316586;NCT01738438;NCT01441947;NCT02260531;NCT00940225"
"3554"	"27225"	"94"	"Heart Failure"	"D006333"	"539"	"albuterol"	"DB01001"	"1945"	"ADRB3"	"155"	"manual_353"	"NCT01375361;NCT02885636"
"3555"	"28320"	"94"	"Heart Failure"	"D006333"	"458"	"conivaptan"	"DB00872"	"2101"	"AVPR2"	"554"	"manual_353"	"NCT00057356;NCT00843986"
"3556"	"36272"	"113"	"Status Epilepticus"	"D013226"	"109"	"Valproic Acid"	"DB00313"	"2822"	"SCN8A"	"6334"	"manual_353"	"NCT01960075"
"3557"	"7058"	"1"	"Endometriosis"	"D004715"	"144"	"levonorgestrel"	"DB00367"	"349"	"PGR"	"5241"	"manual_353"	"NCT02203331;NCT02599077"
"3558"	"22464"	"90"	"Myocardial Infarction"	"D009203"	"1001"	"bivalirudin"	"DB00006"	"1543"	"F2"	"2147"	"manual_353"	"NCT01555658;NCT00433966;NCT02897037;NCT02565147;NCT01087723;NCT02448550;NCT06080074"
"3559"	"750"	"168"	"Arrhythmias, Cardiac"	"D001145"	"152"	"amlodipine"	"DB00381"	"23"	"CACNA1C"	"775"	"manual_353"	"NCT02408172"
"3560"	"20859"	"162"	"Depressive Disorder"	"D003866"	"229"	"haloperidol"	"DB00502"	"1478"	"GRIN2B"	"2904"	"manual_353"	"NCT00340379;NCT02374567"
"3561"	"33038"	"162"	"Depressive Disorder"	"D003866"	"320"	"mecamylamine"	"DB00657"	"2486"	"CHRNA4"	"1137"	"manual_353"	"NCT00593879;NCT00563797"
"3562"	"809"	"116"	"Atrial Fibrillation"	"D001281"	"316"	"Magnesium Sulfate"	"DB00653"	"23"	"CACNA1C"	"775"	"manual_353"	"NCT05669417"
"3563"	"777"	"116"	"Atrial Fibrillation"	"D001281"	"180"	"spironolactone"	"DB00421"	"23"	"CACNA1C"	"775"	"manual_353"	"NCT02764619;NCT00141778;NCT06204640"
"3564"	"20934"	"191"	"Bipolar Disorder"	"D001714"	"1061"	"memantine"	"DB01043"	"1478"	"GRIN2B"	"2904"	"manual_353"	"NCT03039842;NCT02630888;NCT03043001;NCT01188148"
"3565"	"24972"	"93"	"Hypertension"	"D006973"	"832"	"Sitaxentan"	"DB06268"	"1607"	"EDNRA"	"1909"	"manual_353"	"NCT01204853;NCT01210443"
"3566"	"1236"	"6"	"Breast Neoplasms"	"D001943"	"708"	"sunitinib"	"DB01268"	"69"	"KDR"	"3791"	"manual_353"	"NCT00471276;NCT00373256;NCT00570908;NCT00887575;NCT00434356;NCT00662025;NCT01803503"
"3567"	"40197"	"2"	"Prostatic Neoplasms"	"D011471"	"241"	"cyclophosphamide"	"DB00531"	"3295"	"CYP2A6"	"1548"	"manual_353"	"NCT00176605;NCT01420965;NCT06236139;NCT00005960;NCT01496131;NCT00753220;NCT01696877;NCT01093183;NCT03514836;NCT07523529"
"3568"	"1624"	"296"	"Coronary Artery Disease"	"D003324"	"435"	"dobutamine"	"DB00841"	"72"	"ESR1"	"2099"	"manual_353"	"NCT05350592;NCT00093301"
"3569"	"1286"	"6"	"Breast Neoplasms"	"D001943"	"900"	"ponatinib"	"DB08901"	"69"	"KDR"	"3791"	"manual_353"	"NCT04591431"
"3570"	"43453"	"1"	"Endometriosis"	"D004715"	"1057"	"letrozole"	"DB01006"	"3692"	"CYP19A1"	"1588"	"manual_353"	"NCT07183787;NCT04002141;NCT00240942"
"3571"	"3456"	"162"	"Depressive Disorder"	"D003866"	"567"	"ibuprofen"	"DB01050"	"119"	"BCL2"	"596"	"manual_353"	"NCT02507219"
"3572"	"1306"	"6"	"Breast Neoplasms"	"D001943"	"927"	"nintedanib"	"DB09079"	"69"	"KDR"	"3791"	"manual_353"	"NCT01658462"
"3573"	"20932"	"162"	"Depressive Disorder"	"D003866"	"1061"	"memantine"	"DB01043"	"1478"	"GRIN2B"	"2904"	"manual_353"	"NCT01876823;NCT02374567"
"3574"	"4701"	"6"	"Breast Neoplasms"	"D001943"	"927"	"nintedanib"	"DB09079"	"212"	"SRC"	"6714"	"manual_353"	"NCT01658462"
"3575"	"1256"	"6"	"Breast Neoplasms"	"D001943"	"843"	"pazopanib"	"DB06589"	"69"	"KDR"	"3791"	"manual_353"	"NCT01466972;NCT00558103;NCT01392352"
"3576"	"8648"	"116"	"Atrial Fibrillation"	"D001281"	"619"	"carvedilol"	"DB01136"	"631"	"NPPB"	"4879"	"manual_353"	"NCT00313157"
"3577"	"36613"	"162"	"Depressive Disorder"	"D003866"	"771"	"roflumilast"	"DB01656"	"2878"	"PDE4B"	"5142"	"manual_353"	"NCT06860958"
"3578"	"25906"	"162"	"Depressive Disorder"	"D003866"	"415"	"pentoxifylline"	"DB00806"	"1901"	"PDE4A"	"5141"	"manual_353"	"NCT01625845;NCT05324735"
"3579"	"20214"	"2"	"Prostatic Neoplasms"	"D011471"	"582"	"atorvastatin"	"DB01076"	"1445"	"AHR"	"196"	"manual_353"	"NCT05404139;NCT01821404;NCT03819101;NCT02497638;NCT03830164;NCT05796973"
"3580"	"2509"	"6"	"Breast Neoplasms"	"D001943"	"926"	"lenvatinib"	"DB09078"	"75"	"FGFR1"	"2260"	"manual_353"	"NCT06140576;NCT03168074;NCT06110793;NCT06849492;NCT03797326;NCT04300556;NCT05007106"
"3581"	"6293"	"1"	"Endometriosis"	"D004715"	"217"	"raloxifene"	"DB00481"	"340"	"ESR2"	"2100"	"manual_353"	"NCT00001848"
"3582"	"1164"	"6"	"Breast Neoplasms"	"D001943"	"809"	"vandetanib"	"DB05294"	"55"	"EGFR"	"1956"	"manual_353"	"NCT00481845;NCT01934335;NCT02299999;NCT02530411"
"3583"	"16146"	"191"	"Bipolar Disorder"	"D001714"	"498"	"felbamate"	"DB00949"	"1282"	"GRIN1"	"2902"	"manual_353"	"NCT00034229"
"3584"	"932"	"168"	"Arrhythmias, Cardiac"	"D001145"	"1034"	"Ethanol"	"DB00898"	"23"	"CACNA1C"	"775"	"manual_353"	"NCT01898221"
"3585"	"6330"	"296"	"Coronary Artery Disease"	"D003324"	"333"	"tamoxifen"	"DB00675"	"340"	"ESR2"	"2100"	"manual_353"	"NCT00000529"
"3586"	"2401"	"6"	"Breast Neoplasms"	"D001943"	"708"	"sunitinib"	"DB01268"	"75"	"FGFR1"	"2260"	"manual_353"	"NCT00471276;NCT00373256;NCT00570908;NCT00887575;NCT00434356;NCT00662025;NCT01803503"
"3587"	"44276"	"191"	"Bipolar Disorder"	"D001714"	"1061"	"memantine"	"DB01043"	"3805"	""	"2903"	"manual_353"	"NCT03039842;NCT02630888;NCT03043001;NCT01188148"
"3588"	"3318"	"2"	"Prostatic Neoplasms"	"D011471"	"891"	"ruxolitinib"	"DB08877"	"112"	"JAK2"	"3717"	"manual_353"	"NCT06616155;NCT00638378;NCT02711137"
"3589"	"46479"	"191"	"Bipolar Disorder"	"D001714"	"233"	"dextromethorphan"	"DB00514"	"4012"	"CHRNA2"	"1135"	"manual_353"	"NCT03039842"
"3590"	"41033"	"1"	"Endometriosis"	"D004715"	"617"	"pioglitazone"	"DB01132"	"3354"	"MAOB"	"4129"	"manual_353"	"NCT01184144"
"3591"	"20900"	"162"	"Depressive Disorder"	"D003866"	"797"	"milnacipran"	"DB04896"	"1478"	"GRIN2B"	"2904"	"manual_353"	"NCT00225511;NCT02783430"
"3592"	"25057"	"113"	"Status Epilepticus"	"D013226"	"640"	"Phenobarbital"	"DB01174"	"1646"	"GRIA2"	"2891"	"manual_353"	"NCT03025906;NCT02726867;NCT03650270;NCT05291455"
"3593"	"1588"	"81"	"Atherosclerosis"	"D050197"	"400"	"estradiol"	"DB00783"	"72"	"ESR1"	"2099"	"manual_353"	"NCT00005108;NCT00000559"
"3594"	"3960"	"6"	"Breast Neoplasms"	"D001943"	"165"	"sorafenib"	"DB00398"	"159"	"FLT1"	"2321"	"manual_353"	"NCT05594095;NCT01194869;NCT00493636;NCT00525161;NCT00634634;NCT00632541;NCT00825734"
"3595"	"33609"	"113"	"Status Epilepticus"	"D013226"	"133"	"clobazam"	"DB00349"	"2538"	"GABRA1"	"2554"	"manual_353"	"NCT02134366"
"3596"	"34483"	"161"	"Depressive Disorder, Major"	"D003865"	"547"	"minocycline"	"DB01017"	"2578"	"IL1B"	"3553"	"manual_353"	"NCT02456948;NCT01809340;NCT01403662;NCT06207760;NCT03947827;NCT01429272;NCT02703363"
"3597"	"31756"	"113"	"Status Epilepticus"	"D013226"	"661"	"levetiracetam"	"DB01202"	"2400"	"SCN1A"	"6323"	"manual_353"	"NCT07046611;NCT04926844;NCT02726867;NCT01960075"
"3598"	"25658"	"6"	"Breast Neoplasms"	"D001943"	"900"	"ponatinib"	"DB08901"	"1830"	"FGFR2"	"2263"	"manual_353"	"NCT04591431"
"3599"	"44234"	"162"	"Depressive Disorder"	"D003866"	"797"	"milnacipran"	"DB04896"	"3805"	""	"2903"	"manual_353"	"NCT00225511;NCT02783430"
"3600"	"6344"	"296"	"Coronary Artery Disease"	"D003324"	"400"	"estradiol"	"DB00783"	"340"	"ESR2"	"2100"	"manual_353"	"NCT00000559"
"3601"	"15607"	"191"	"Bipolar Disorder"	"D001714"	"730"	"bezafibrate"	"DB01393"	"1219"	"PPARD"	"5467"	"manual_353"	"NCT02481245"
"3602"	"7405"	"116"	"Atrial Fibrillation"	"D001281"	"496"	"aspirin"	"DB00945"	"385"	"PRKAG2"	"51422"	"manual_353"	"NCT02960126;NCT00244426;NCT03907046;NCT02565693;NCT02164864;NCT00623779;NCT02832531;NCT00041938"
"3603"	"1137"	"6"	"Breast Neoplasms"	"D001943"	"240"	"erlotinib"	"DB00530"	"55"	"EGFR"	"1956"	"manual_353"	"NCT00834678;NCT00597597;NCT00570258;NCT01205685;NCT00732810;NCT04591431"
"3604"	"44274"	"162"	"Depressive Disorder"	"D003866"	"1061"	"memantine"	"DB01043"	"3805"	""	"2903"	"manual_353"	"NCT01876823;NCT02374567"
"3605"	"31979"	"17"	"Ventricular Fibrillation"	"D014693"	"322"	"verapamil"	"DB00661"	"2401"	"SCN5A"	"6331"	"manual_353"	"NCT05593757"
"3606"	"32205"	"17"	"Ventricular Fibrillation"	"D014693"	"1088"	"procainamide"	"DB01035"	"2401"	"SCN5A"	"6331"	"manual_353"	"NCT00000464;NCT00000518"
"3607"	"25586"	"6"	"Breast Neoplasms"	"D001943"	"562"	"Thalidomide"	"DB01041"	"1830"	"FGFR2"	"2263"	"manual_353"	"NCT00193102;NCT02649101"
"3608"	"4449"	"2"	"Prostatic Neoplasms"	"D011471"	"1098"	"Rosiglitazone"	"DB00412"	"188"	"RXRA"	"6256"	"manual_353"	"NCT00182052"
"3609"	"42870"	"191"	"Bipolar Disorder"	"D001714"	"85"	"isradipine"	"DB00270"	"3667"	"CACNB2"	"783"	"manual_353"	"NCT01784666"
"3610"	"43757"	"112"	"Seizures"	"D012640"	"468"	"bumetanide"	"DB00887"	"3768"	"SLC12A1"	"6557"	"manual_353"	"NCT01434225"
"3611"	"1296"	"6"	"Breast Neoplasms"	"D001943"	"926"	"lenvatinib"	"DB09078"	"69"	"KDR"	"3791"	"manual_353"	"NCT06140576;NCT03168074;NCT06110793;NCT06849492;NCT03797326;NCT04300556;NCT05007106"
"3612"	"3974"	"6"	"Breast Neoplasms"	"D001943"	"809"	"vandetanib"	"DB05294"	"159"	"FLT1"	"2321"	"manual_353"	"NCT00481845;NCT01934335;NCT02299999;NCT02530411"
"3613"	"25706"	"6"	"Breast Neoplasms"	"D001943"	"927"	"nintedanib"	"DB09079"	"1830"	"FGFR2"	"2263"	"manual_353"	"NCT01658462"
"3614"	"31825"	"113"	"Status Epilepticus"	"D013226"	"1056"	"lacosamide"	"DB06218"	"2400"	"SCN1A"	"6323"	"manual_353"	"NCT02726867;NCT05291455"
"3615"	"4694"	"6"	"Breast Neoplasms"	"D001943"	"900"	"ponatinib"	"DB08901"	"212"	"SRC"	"6714"	"manual_353"	"NCT04591431"
"3616"	"4608"	"6"	"Breast Neoplasms"	"D001943"	"900"	"ponatinib"	"DB08901"	"208"	"ABL1"	"25"	"manual_353"	"NCT04591431"
"3617"	"3981"	"6"	"Breast Neoplasms"	"D001943"	"843"	"pazopanib"	"DB06589"	"159"	"FLT1"	"2321"	"manual_353"	"NCT01466972;NCT00558103;NCT01392352"
"3618"	"16178"	"191"	"Bipolar Disorder"	"D001714"	"1061"	"memantine"	"DB01043"	"1282"	"GRIN1"	"2902"	"manual_353"	"NCT03039842;NCT02630888;NCT03043001;NCT01188148"
"3619"	"39503"	"191"	"Bipolar Disorder"	"D001714"	"229"	"haloperidol"	"DB00502"	"3152"	"SLC18A2"	"6571"	"manual_353"	"NCT00129220;NCT00097266;NCT05803642"
"3620"	"3995"	"6"	"Breast Neoplasms"	"D001943"	"926"	"lenvatinib"	"DB09078"	"159"	"FLT1"	"2321"	"manual_353"	"NCT06140576;NCT03168074;NCT06110793;NCT06849492;NCT03797326;NCT04300556;NCT05007106"
"3621"	"39502"	"162"	"Depressive Disorder"	"D003866"	"229"	"haloperidol"	"DB00502"	"3152"	"SLC18A2"	"6571"	"manual_353"	"NCT00340379;NCT02374567"
"3622"	"46176"	"162"	"Depressive Disorder"	"D003866"	"849"	"vilazodone"	"DB06684"	"3962"	"HTR4"	"3360"	"manual_353"	"NCT02436239;NCT02372799;NCT01742832;NCT01878292;NCT00644358;NCT00683592;NCT00290914;NCT02015546;NCT00285376"
"3623"	"6120"	"162"	"Depressive Disorder"	"D003866"	"771"	"roflumilast"	"DB01656"	"279"	"PDE4D"	"5144"	"manual_353"	"NCT06860958"
"3624"	"4002"	"6"	"Breast Neoplasms"	"D001943"	"927"	"nintedanib"	"DB09079"	"159"	"FLT1"	"2321"	"manual_353"	"NCT01658462"
"3625"	"4557"	"6"	"Breast Neoplasms"	"D001943"	"293"	"imatinib"	"DB00619"	"208"	"ABL1"	"25"	"manual_353"	"NCT00193180"
"3626"	"25682"	"6"	"Breast Neoplasms"	"D001943"	"926"	"lenvatinib"	"DB09078"	"1830"	"FGFR2"	"2263"	"manual_353"	"NCT06140576;NCT03168074;NCT06110793;NCT06849492;NCT03797326;NCT04300556;NCT05007106"
"3627"	"43413"	"1"	"Endometriosis"	"D004715"	"672"	"anastrozole"	"DB01217"	"3692"	"CYP19A1"	"1588"	"manual_353"	"NCT02203331"
"3628"	"42886"	"116"	"Atrial Fibrillation"	"D001281"	"316"	"Magnesium Sulfate"	"DB00653"	"3667"	"CACNB2"	"783"	"manual_353"	"NCT05669417"
"3629"	"46122"	"168"	"Arrhythmias, Cardiac"	"D001145"	"153"	"triamterene"	"DB00384"	"3957"	""	"6338"	"manual_353"	"NCT00000525"
"3630"	"46489"	"115"	"Epilepsy"	"D004827"	"418"	"biperiden"	"DB00810"	"4012"	"CHRNA2"	"1135"	"manual_353"	"NCT04945213"
"3631"	"45838"	"113"	"Status Epilepticus"	"D013226"	"1056"	"lacosamide"	"DB06218"	"3932"	"SCN2A"	"6326"	"manual_353"	"NCT02726867;NCT05291455"
"3632"	"16257"	"168"	"Arrhythmias, Cardiac"	"D001145"	"153"	"triamterene"	"DB00384"	"1295"	"SCNN1G"	"6340"	"manual_353"	"NCT00000525"
"3633"	"31862"	"116"	"Atrial Fibrillation"	"D001281"	"71"	"ranolazine"	"DB00243"	"2401"	"SCN5A"	"6331"	"manual_353"	"NCT01522651;NCT01349491;NCT01534962;NCT01887353;NCT01352416"
"3634"	"32057"	"17"	"Ventricular Fibrillation"	"D014693"	"477"	"quinidine"	"DB00908"	"2401"	"SCN5A"	"6331"	"manual_353"	"NCT05593757;NCT00000464;NCT00000518"
"3635"	"36374"	"113"	"Status Epilepticus"	"D013226"	"1056"	"lacosamide"	"DB06218"	"2822"	"SCN8A"	"6334"	"manual_353"	"NCT02726867;NCT05291455"
"3636"	"6250"	"161"	"Depressive Disorder, Major"	"D003865"	"462"	"sirolimus"	"DB00877"	"334"	"MTOR"	"2475"	"manual_353"	"NCT02487485"
"3637"	"30220"	"331"	"Hypertension, Pulmonary"	"D006976"	"212"	"fluoxetine"	"DB00472"	"2215"	"SLC6A4"	"6532"	"manual_353"	"NCT00942708"
"3638"	"1111"	"6"	"Breast Neoplasms"	"D001943"	"112"	"gefitinib"	"DB00317"	"55"	"EGFR"	"1956"	"manual_353"	"NCT00082667;NCT00086957;NCT00049062;NCT00066378;NCT00229697;NCT00080743;NCT00066339;NCT00247481;NCT00077025;NCT01732276;NCT00637026;NCT00255463;NCT00252811;NCT00239343;NCT00024154;NCT00357734;NCT00057941;NCT00319618"
"3639"	"42880"	"116"	"Atrial Fibrillation"	"D001281"	"180"	"spironolactone"	"DB00421"	"3667"	"CACNB2"	"783"	"manual_353"	"NCT02764619;NCT00141778;NCT06204640"
"3640"	"20215"	"6"	"Breast Neoplasms"	"D001943"	"582"	"atorvastatin"	"DB01076"	"1445"	"AHR"	"196"	"manual_353"	"NCT02416427;NCT00914017;NCT01988571;NCT03872388;NCT00816244;NCT07668076;NCT02674204;NCT05796973;NCT01259284"
"3641"	"3967"	"6"	"Breast Neoplasms"	"D001943"	"708"	"sunitinib"	"DB01268"	"159"	"FLT1"	"2321"	"manual_353"	"NCT00471276;NCT00373256;NCT00570908;NCT00887575;NCT00434356;NCT00662025;NCT01803503"
"3642"	"22114"	"161"	"Depressive Disorder, Major"	"D003865"	"547"	"minocycline"	"DB01017"	"1540"	"VEGFA"	"7422"	"manual_353"	"NCT02456948;NCT01809340;NCT01403662;NCT06207760;NCT03947827;NCT01429272;NCT02703363"
"3643"	"25926"	"162"	"Depressive Disorder"	"D003866"	"771"	"roflumilast"	"DB01656"	"1901"	"PDE4A"	"5141"	"manual_353"	"NCT06860958"
"3644"	"17124"	"116"	"Atrial Fibrillation"	"D001281"	"619"	"carvedilol"	"DB01136"	"1378"	"SELE"	"6401"	"manual_353"	"NCT00313157"
"3645"	"20152"	"6"	"Breast Neoplasms"	"D001943"	"126"	"omeprazole"	"DB00338"	"1445"	"AHR"	"196"	"manual_353"	"NCT02595372;NCT05646862"
"3646"	"32088"	"17"	"Ventricular Fibrillation"	"D014693"	"646"	"propafenone"	"DB01182"	"2401"	"SCN5A"	"6331"	"manual_353"	"NCT00000464"
"3647"	"4751"	"115"	"Epilepsy"	"D004827"	"496"	"aspirin"	"DB00945"	"217"	"TP53"	"7157"	"manual_353"	"NCT03356769"
"3648"	"7810"	"93"	"Hypertension"	"D006973"	"364"	"Nitroglycerin"	"DB00727"	"451"	"NPR1"	"4881"	"manual_353"	"NCT00093886"
"3649"	"4680"	"6"	"Breast Neoplasms"	"D001943"	"809"	"vandetanib"	"DB05294"	"212"	"SRC"	"6714"	"manual_353"	"NCT00481845;NCT01934335;NCT02299999;NCT02530411"
"3650"	"26473"	"450"	"Cardiomyopathies"	"D009202"	"291"	"bisoprolol"	"DB00612"	"1944"	"ADRB2"	"154"	"manual_353"	"NCT00323973;NCT05175066"
"3651"	"8746"	"6"	"Breast Neoplasms"	"D001943"	"105"	"bexarotene"	"DB00307"	"678"	"RXRB"	"6257"	"manual_353"	"NCT00003752"
"3652"	"35958"	"161"	"Depressive Disorder, Major"	"D003865"	"218"	"celecoxib"	"DB00482"	"2791"	"ABCB1"	"5243"	"manual_353"	"NCT05644301;NCT02726659;NCT02703363"
"3653"	"35953"	"6"	"Breast Neoplasms"	"D001943"	"218"	"celecoxib"	"DB00482"	"2791"	"ABCB1"	"5243"	"manual_353"	"NCT00088972;NCT03084536;NCT01695226;NCT03185871;NCT05756166;NCT00101062;NCT00665457;NCT00045591;NCT00006381;NCT00056082;NCT02429427;NCT01425476;NCT00291694;NCT00201773;NCT00525096;NCT00305643"
"3654"	"17531"	"17"	"Ventricular Fibrillation"	"D014693"	"1088"	"procainamide"	"DB01035"	"1392"	"KCNH2"	"3757"	"manual_353"	"NCT00000464;NCT00000518"
"3655"	"9111"	"6"	"Breast Neoplasms"	"D001943"	"88"	"Theophylline"	"DB00277"	"792"	"PARP1"	"142"	"manual_353"	"NCT05076682"
"3656"	"39838"	"113"	"Status Epilepticus"	"D013226"	"109"	"Valproic Acid"	"DB00313"	"3218"	"ALDH5A1"	"7915"	"manual_353"	"NCT01960075"
"3657"	"45440"	"116"	"Atrial Fibrillation"	"D001281"	"102"	"bupivacaine"	"DB00297"	"3908"	"SCN10A"	"6336"	"manual_353"	"NCT05357690"
"3658"	"20229"	"2"	"Prostatic Neoplasms"	"D011471"	"593"	"leflunomide"	"DB01097"	"1445"	"AHR"	"196"	"manual_353"	"NCT00004071"
"3659"	"31860"	"17"	"Ventricular Fibrillation"	"D014693"	"71"	"ranolazine"	"DB00243"	"2401"	"SCN5A"	"6331"	"manual_353"	"NCT01215253"
"3660"	"11546"	"450"	"Cardiomyopathies"	"D009202"	"449"	"diflunisal"	"DB00861"	"985"	"PTGS2"	"5743"	"manual_353"	"NCT00294671"
"3661"	"25076"	"113"	"Status Epilepticus"	"D013226"	"1168"	"perampanel"	"DB08883"	"1646"	"GRIA2"	"2891"	"manual_353"	"NCT06401707;NCT04309721"
"3662"	"46482"	"162"	"Depressive Disorder"	"D003866"	"320"	"mecamylamine"	"DB00657"	"4012"	"CHRNA2"	"1135"	"manual_353"	"NCT00593879;NCT00563797"
"3663"	"8564"	"93"	"Hypertension"	"D006973"	"423"	"acetazolamide"	"DB00819"	"600"	"AQP1"	"358"	"manual_353"	"NCT02755259;NCT02755298;NCT03501966;NCT01003639;NCT01427192;NCT02220803;NCT00864838;NCT00804921;NCT02390284;NCT04915365"
"3664"	"39199"	"331"	"Hypertension, Pulmonary"	"D006976"	"576"	"melatonin"	"DB01065"	"3109"	"HTR2B"	"3357"	"manual_353"	"NCT06685679"
"3665"	"9139"	"2"	"Prostatic Neoplasms"	"D011471"	"923"	"olaparib"	"DB09074"	"792"	"PARP1"	"142"	"manual_353"	"NCT03263650;NCT05262608;NCT03012321;NCT06353386;NCT03834519;NCT03317392;NCT02769962;NCT05568550;NCT03810105;NCT03787680;NCT05501548;NCT04748042;NCT03434158;NCT03516812;NCT04038502;NCT04951492;NCT04556617;NCT04336943;NCT05171816;NCT03732820;NCT07641855;NCT03570476;NCT01972217;NCT02987543;NCT01682772;NCT06909825;NCT02893917;NCT05498272;NCT03047135;NCT05700669;NCT06065059;NCT03568656;NCT03682289"
"3666"	"928"	"116"	"Atrial Fibrillation"	"D001281"	"1034"	"Ethanol"	"DB00898"	"23"	"CACNA1C"	"775"	"manual_353"	"NCT01898221"
"3667"	"26132"	"112"	"Seizures"	"D012640"	"684"	"dexamethasone"	"DB01234"	"1939"	"NOS2"	"4843"	"manual_353"	"NCT00290823"
"3668"	"7481"	"2"	"Prostatic Neoplasms"	"D011471"	"680"	"paclitaxel"	"DB01229"	"392"	"TLR4"	"7099"	"manual_353"	"NCT00003614;NCT00084565;NCT00193193;NCT00003394;NCT00004054;NCT00030654;NCT00003084;NCT00003622;NCT00003717;NCT00005028;NCT00049257;NCT00028769;NCT00005847;NCT01558492;NCT00151060;NCT00016913;NCT04644068;NCT02711137"
"3669"	"40159"	"90"	"Myocardial Infarction"	"D009203"	"66"	"milrinone"	"DB00235"	"3294"	"PDE3A"	"5139"	"manual_353"	"NCT02098629"
"3670"	"39167"	"331"	"Hypertension, Pulmonary"	"D006976"	"212"	"fluoxetine"	"DB00472"	"3109"	"HTR2B"	"3357"	"manual_353"	"NCT00942708"
"3671"	"40115"	"94"	"Heart Failure"	"D006333"	"191"	"allopurinol"	"DB00437"	"3286"	"XDH"	"7498"	"manual_353"	"NCT00181155;NCT00281255;NCT02129764;NCT00987415;NCT04327024;NCT05888233"
"3672"	"20217"	"81"	"Atherosclerosis"	"D050197"	"582"	"atorvastatin"	"DB01076"	"1445"	"AHR"	"196"	"manual_353"	"NCT00115817;NCT00115830;NCT00804843;NCT00620542;NCT07474649;NCT00481364;NCT06080256;NCT00650689;NCT00065806;NCT00570752;NCT00844402;NCT01617538;NCT01105975"
"3673"	"45417"	"116"	"Atrial Fibrillation"	"D001281"	"71"	"ranolazine"	"DB00243"	"3908"	"SCN10A"	"6336"	"manual_353"	"NCT01522651;NCT01349491;NCT01534962;NCT01887353;NCT01352416"
"3674"	"40883"	"115"	"Epilepsy"	"D004827"	"584"	"vigabatrin"	"DB01080"	"3335"	"ABAT"	"18"	"manual_353"	"NCT03421496;NCT03347526;NCT02299115;NCT04987463"
"3675"	"26527"	"450"	"Cardiomyopathies"	"D009202"	"435"	"dobutamine"	"DB00841"	"1944"	"ADRB2"	"154"	"manual_353"	"NCT04166331;NCT00281255"
"3676"	"43887"	"2"	"Prostatic Neoplasms"	"D011471"	"462"	"sirolimus"	"DB00877"	"3780"	"FGF2"	"2247"	"manual_353"	"NCT02565901"
"3677"	"26294"	"450"	"Cardiomyopathies"	"D009202"	"82"	"metoprolol"	"DB00264"	"1944"	"ADRB2"	"154"	"manual_353"	"NCT01863173"
"3678"	"9790"	"93"	"Hypertension"	"D006973"	"576"	"melatonin"	"DB01065"	"937"	"CALR"	"811"	"manual_353"	"NCT05257291;NCT06685679;NCT01114373;NCT01114360;NCT00238108;NCT06935292"
"3679"	"44355"	"90"	"Myocardial Infarction"	"D009203"	"49"	"ticlopidine"	"DB00208"	"3837"	""	"64805"	"manual_353"	"NCT00821834"
"3680"	"22115"	"162"	"Depressive Disorder"	"D003866"	"547"	"minocycline"	"DB01017"	"1540"	"VEGFA"	"7422"	"manual_353"	"NCT02456948;NCT01809340;NCT01403662;NCT06207760;NCT03947827;NCT01429272;NCT02703363"
"3681"	"35924"	"90"	"Myocardial Infarction"	"D009203"	"372"	"hydrocortisone"	"DB00741"	"2773"	"HSD11B2"	"3291"	"manual_353"	"NCT03371784"
"3682"	"21048"	"2"	"Prostatic Neoplasms"	"D011471"	"619"	"carvedilol"	"DB01136"	"1507"	"GJA1"	"2697"	"manual_353"	"NCT02944201"
"3683"	"37393"	"2"	"Prostatic Neoplasms"	"D011471"	"613"	"dutasteride"	"DB01126"	"2966"	"SRD5A1"	"6715"	"manual_353"	"NCT02159690;NCT01193855;NCT00985738;NCT00398281;NCT00403000;NCT05705700;NCT01547299;NCT00953576;NCT00780754;NCT01393730;NCT00668642;NCT00553878;NCT00056407"
"3684"	"44742"	"2"	"Prostatic Neoplasms"	"D011471"	"613"	"dutasteride"	"DB01126"	"3857"	"SRD5A2"	"6716"	"manual_353"	"NCT02159690;NCT01193855;NCT00985738;NCT00398281;NCT00403000;NCT05705700;NCT01547299;NCT00953576;NCT00780754;NCT01393730;NCT00668642;NCT00553878;NCT00056407"
"3685"	"22609"	"331"	"Hypertension, Pulmonary"	"D006976"	"909"	"macitentan"	"DB08932"	"1550"	"EDNRB"	"1910"	"manual_353"	"NCT02070991;NCT04271475;NCT02060721;NCT02021292;NCT02651272;NCT03422328;NCT05179876"
"3686"	"25083"	"162"	"Depressive Disorder"	"D003866"	"722"	"Lithium"	"DB01356"	"1647"	"GRIA3"	"2892"	"manual_353"	"NCT00400088;NCT05603104;NCT01880593;NCT03290963;NCT01928446;NCT00107731;NCT00080158;NCT05973786;NCT00074776;NCT00063362;NCT02374567"
"3687"	"40340"	"115"	"Epilepsy"	"D004827"	"9"	"Vitamin C"	"DB00126"	"3325"	"DBH"	"1621"	"manual_353"	"NCT02369822"
"3688"	"20230"	"6"	"Breast Neoplasms"	"D001943"	"593"	"leflunomide"	"DB01097"	"1445"	"AHR"	"196"	"manual_353"	"NCT03709446"
"3689"	"17388"	"17"	"Ventricular Fibrillation"	"D014693"	"322"	"verapamil"	"DB00661"	"1392"	"KCNH2"	"3757"	"manual_353"	"NCT05593757"
"3690"	"4577"	"6"	"Breast Neoplasms"	"D001943"	"792"	"nilotinib"	"DB04868"	"208"	"ABL1"	"25"	"manual_353"	"NCT05185947"
"3691"	"8949"	"6"	"Breast Neoplasms"	"D001943"	"576"	"melatonin"	"DB01065"	"734"	"NQO2"	"4835"	"manual_353"	"NCT07067307;NCT02506777;NCT02506790;NCT02332928;NCT01965522;NCT01557478;NCT03716583;NCT02486796"
"3692"	"24381"	"191"	"Bipolar Disorder"	"D001714"	"535"	"gabapentin"	"DB00996"	"1571"	"CACNA1B"	"774"	"manual_353"	"NCT03334721;NCT05064319;NCT03220776"
"3693"	"44367"	"90"	"Myocardial Infarction"	"D009203"	"1156"	"CANGRELOR"	"DB06441"	"3837"	""	"64805"	"manual_353"	"NCT06792643;NCT03102723"
"3694"	"8516"	"2"	"Prostatic Neoplasms"	"D011471"	"121"	"indomethacin"	"DB00328"	"586"	"AKR1C3"	"8644"	"manual_353"	"NCT02935205;NCT02849990"
"3695"	"37380"	"1"	"Endometriosis"	"D004715"	"144"	"levonorgestrel"	"DB00367"	"2966"	"SRD5A1"	"6715"	"manual_353"	"NCT02203331;NCT02599077"
"3696"	"17461"	"17"	"Ventricular Fibrillation"	"D014693"	"646"	"propafenone"	"DB01182"	"1392"	"KCNH2"	"3757"	"manual_353"	"NCT00000464"
"3697"	"42107"	"6"	"Breast Neoplasms"	"D001943"	"218"	"celecoxib"	"DB00482"	"3633"	"ABCG2"	"9429"	"manual_353"	"NCT00088972;NCT03084536;NCT01695226;NCT03185871;NCT05756166;NCT00101062;NCT00665457;NCT00045591;NCT00006381;NCT00056082;NCT02429427;NCT01425476;NCT00291694;NCT00201773;NCT00525096;NCT00305643"
"3698"	"17401"	"17"	"Ventricular Fibrillation"	"D014693"	"477"	"quinidine"	"DB00908"	"1392"	"KCNH2"	"3757"	"manual_353"	"NCT05593757;NCT00000464;NCT00000518"
"3699"	"128"	"6"	"Breast Neoplasms"	"D001943"	"843"	"pazopanib"	"DB06589"	"14"	"CSF1R"	"1436"	"manual_353"	"NCT01466972;NCT00558103;NCT01392352"
"3700"	"25082"	"191"	"Bipolar Disorder"	"D001714"	"86"	"topiramate"	"DB00273"	"1647"	"GRIA3"	"2892"	"manual_353"	"NCT00037674;NCT00035230;NCT00240721;NCT00035802;NCT00237289"
"3701"	"46066"	"93"	"Hypertension"	"D006973"	"424"	"tadalafil"	"DB00820"	"3954"	"PDE11A"	"50940"	"manual_353"	"NCT04483115;NCT02558231;NCT00157326;NCT01178073;NCT07245680;NCT01824290;NCT00125918;NCT01324999;NCT02194465;NCT00549302;NCT01960153;NCT01910389;NCT05844462;NCT01197469;NCT01862536;NCT05937854;NCT00668109"
"3702"	"40339"	"112"	"Seizures"	"D012640"	"9"	"Vitamin C"	"DB00126"	"3325"	"DBH"	"1621"	"manual_353"	"NCT02369822"
"3703"	"8580"	"2"	"Prostatic Neoplasms"	"D011471"	"619"	"carvedilol"	"DB01136"	"608"	"HIF1A"	"3091"	"manual_353"	"NCT02944201"
"3704"	"16558"	"2"	"Prostatic Neoplasms"	"D011471"	"995"	"azacitidine"	"DB00928"	"1310"	"DNMT1"	"1786"	"manual_353"	"NCT00503984;NCT00006019;NCT02711137"
"3705"	"9140"	"6"	"Breast Neoplasms"	"D001943"	"923"	"olaparib"	"DB09074"	"792"	"PARP1"	"142"	"manual_353"	"NCT03740893;NCT06797635;NCT05485766;NCT06298084;NCT02849496;NCT05967286;NCT03025035;NCT03801369;NCT03594396;NCT00494234;NCT04683679;NCT05174832;NCT05128734;NCT06966700;NCT06112379;NCT05203445;NCT03367689;NCT03150576;NCT02032823;NCT02681562;NCT04090567;NCT03344965;NCT05209529;NCT04191135;NCT03598257;NCT05340413;NCT05629429;NCT05536128;NCT03205761;NCT03182634;NCT02484404;NCT02299999;NCT06245889;NCT05933265;NCT04421963;NCT05332561;NCT04711824;NCT06201234;NCT06065059;NCT02000622;NCT04053322;NCT03286842;NCT01116648;NCT05700669;NCT05522491;NCT05564377;NCT02498613;NCT02734004;NCT03568656;NCT02282020;NCT05898399"
"3706"	"13550"	"2"	"Prostatic Neoplasms"	"D011471"	"372"	"hydrocortisone"	"DB00741"	"1002"	"ANXA1"	"301"	"manual_353"	"NCT06136650;NCT00953576;NCT01036594;NCT00895310;NCT00859781;NCT06136624;NCT00181597"
"3707"	"45414"	"17"	"Ventricular Fibrillation"	"D014693"	"71"	"ranolazine"	"DB00243"	"3908"	"SCN10A"	"6336"	"manual_353"	"NCT01215253"
"3708"	"17090"	"191"	"Bipolar Disorder"	"D001714"	"535"	"gabapentin"	"DB00996"	"1376"	"CACNA1A"	"773"	"manual_353"	"NCT03334721;NCT05064319;NCT03220776"
"3709"	"118"	"6"	"Breast Neoplasms"	"D001943"	"293"	"imatinib"	"DB00619"	"14"	"CSF1R"	"1436"	"manual_353"	"NCT00193180"
"3710"	"36786"	"191"	"Bipolar Disorder"	"D001714"	"34"	"lorazepam"	"DB00186"	"2901"	"TSPO"	"706"	"manual_353"	"NCT00431184"
"3711"	"24379"	"191"	"Bipolar Disorder"	"D001714"	"322"	"verapamil"	"DB00661"	"1571"	"CACNA1B"	"774"	"manual_353"	"NCT00518947"
"3712"	"25452"	"161"	"Depressive Disorder, Major"	"D003865"	"535"	"gabapentin"	"DB00996"	"1786"	"GABBR2"	"9568"	"manual_353"	"NCT02374567;NCT00654953"
"3713"	"3893"	"6"	"Breast Neoplasms"	"D001943"	"36"	"bortezomib"	"DB00188"	"143"	"RELA"	"5970"	"manual_353"	"NCT01142401;NCT00028639;NCT00025584"
"3714"	"19716"	"116"	"Atrial Fibrillation"	"D001281"	"102"	"bupivacaine"	"DB00297"	"1413"	"KCNA5"	"3741"	"manual_353"	"NCT05357690"
"3715"	"25887"	"2"	"Prostatic Neoplasms"	"D011471"	"926"	"lenvatinib"	"DB09078"	"1900"	"FGFR4"	"2264"	"manual_353"	"NCT04848337;NCT02861573"
"3716"	"20624"	"112"	"Seizures"	"D012640"	"1037"	"retigabine"	"DB04953"	"1464"	"KCNQ3"	"3786"	"manual_353"	"NCT00232596;NCT00235755"
"3717"	"22119"	"191"	"Bipolar Disorder"	"D001714"	"547"	"minocycline"	"DB01017"	"1540"	"VEGFA"	"7422"	"manual_353"	"NCT01403662;NCT01429272;NCT02703363;NCT01809340"
"3718"	"20656"	"112"	"Seizures"	"D012640"	"1037"	"retigabine"	"DB04953"	"1465"	"KCNQ2"	"3785"	"manual_353"	"NCT00232596;NCT00235755"
"3719"	"7820"	"191"	"Bipolar Disorder"	"D001714"	"86"	"topiramate"	"DB00273"	"465"	"GRIA1"	"2890"	"manual_353"	"NCT00037674;NCT00035230;NCT00240721;NCT00035802;NCT00237289"
"3720"	"39748"	"2"	"Prostatic Neoplasms"	"D011471"	"241"	"cyclophosphamide"	"DB00531"	"3197"	"CYP2C18"	"1562"	"manual_353"	"NCT00176605;NCT01420965;NCT06236139;NCT00005960;NCT01496131;NCT00753220;NCT01696877;NCT01093183;NCT03514836;NCT07523529"
"3721"	"24383"	"191"	"Bipolar Disorder"	"D001714"	"661"	"levetiracetam"	"DB01202"	"1571"	"CACNA1B"	"774"	"manual_353"	"NCT00015769"
"3722"	"30413"	"331"	"Hypertension, Pulmonary"	"D006976"	"641"	"escitalopram"	"DB01175"	"2215"	"SLC6A4"	"6532"	"manual_353"	"NCT00190333"
"3723"	"17341"	"17"	"Ventricular Fibrillation"	"D014693"	"204"	"imipramine"	"DB00458"	"1392"	"KCNH2"	"3757"	"manual_353"	"NCT00000464;NCT00000518"
"3724"	"9789"	"90"	"Myocardial Infarction"	"D009203"	"576"	"melatonin"	"DB01065"	"937"	"CALR"	"811"	"manual_353"	"NCT00640094"
"3725"	"123"	"6"	"Breast Neoplasms"	"D001943"	"708"	"sunitinib"	"DB01268"	"14"	"CSF1R"	"1436"	"manual_353"	"NCT00471276;NCT00373256;NCT00570908;NCT00887575;NCT00434356;NCT00662025;NCT01803503"
"3726"	"26864"	"450"	"Cardiomyopathies"	"D009202"	"790"	"nebivolol"	"DB04861"	"1944"	"ADRB2"	"154"	"manual_353"	"NCT01648634"
"3727"	"40912"	"2"	"Prostatic Neoplasms"	"D011471"	"601"	"trilostane"	"DB01108"	"3348"	"HSD3B2"	"3284"	"manual_353"	"NCT00181597"
"3728"	"36778"	"6"	"Breast Neoplasms"	"D001943"	"817"	"romidepsin"	"DB06176"	"2896"	"ABCC1"	"4363"	"manual_353"	"NCT01938833;NCT02393794;NCT00098397"
"3729"	"25546"	"6"	"Breast Neoplasms"	"D001943"	"1232"	"quercetin"	"DB04216"	"1803"	"PIM1"	"5292"	"manual_353"	"NCT06355037"
"3730"	"16559"	"6"	"Breast Neoplasms"	"D001943"	"995"	"azacitidine"	"DB00928"	"1310"	"DNMT1"	"1786"	"manual_353"	"NCT01349959;NCT04891068;NCT02811497;NCT02711137"
"3731"	"13554"	"2"	"Prostatic Neoplasms"	"D011471"	"684"	"dexamethasone"	"DB01234"	"1002"	"ANXA1"	"301"	"manual_353"	"NCT00473512;NCT06136650;NCT00316927;NCT00084864;NCT06353386;NCT04907227;NCT03834506;NCT00288080;NCT00006002;NCT00024167;NCT00524589;NCT01188187;NCT06616597;NCT00427999;NCT01250717;NCT01036594;NCT00176293;NCT00054522;NCT00060398;NCT06136624;NCT02047253;NCT02649790;NCT02709889"
"3732"	"16543"	"2"	"Prostatic Neoplasms"	"D011471"	"704"	"decitabine"	"DB01262"	"1310"	"DNMT1"	"1786"	"manual_353"	"NCT03709550"
"3733"	"25851"	"191"	"Bipolar Disorder"	"D001714"	"86"	"topiramate"	"DB00273"	"1876"	"GRIA4"	"2893"	"manual_353"	"NCT00037674;NCT00035230;NCT00240721;NCT00035802;NCT00237289"
"3734"	"21897"	"115"	"Epilepsy"	"D004827"	"496"	"aspirin"	"DB00945"	"1514"	"RPS6KA3"	"6197"	"manual_353"	"NCT03356769"
"3735"	"34487"	"191"	"Bipolar Disorder"	"D001714"	"547"	"minocycline"	"DB01017"	"2578"	"IL1B"	"3553"	"manual_353"	"NCT01403662;NCT01429272;NCT02703363;NCT01809340"
"3736"	"27556"	"116"	"Atrial Fibrillation"	"D001281"	"1034"	"Ethanol"	"DB00898"	"2012"	"KCNJ5"	"3762"	"manual_353"	"NCT01898221"
"3737"	"17066"	"191"	"Bipolar Disorder"	"D001714"	"322"	"verapamil"	"DB00661"	"1376"	"CACNA1A"	"773"	"manual_353"	"NCT00518947"
"3738"	"19795"	"191"	"Bipolar Disorder"	"D001714"	"547"	"minocycline"	"DB01017"	"1421"	"MMP9"	"4318"	"manual_353"	"NCT01403662;NCT01429272;NCT02703363;NCT01809340"
"3739"	"7856"	"191"	"Bipolar Disorder"	"D001714"	"1248"	"tianeptine"	"DB09289"	"465"	"GRIA1"	"2890"	"manual_353"	"NCT00879372"
"3740"	"4750"	"112"	"Seizures"	"D012640"	"496"	"aspirin"	"DB00945"	"217"	"TP53"	"7157"	"manual_353"	"NCT03356769"
"3741"	"8791"	"6"	"Breast Neoplasms"	"D001943"	"496"	"aspirin"	"DB00945"	"720"	"NFKBIA"	"4792"	"manual_353"	"NCT01431053;NCT00263211;NCT04188119;NCT03794596;NCT04038489;NCT02927249;NCT02602938"
"3742"	"4902"	"168"	"Arrhythmias, Cardiac"	"D001145"	"9"	"Vitamin C"	"DB00126"	"253"	"PHYH"	"5264"	"manual_353"	"NCT01107730"
"3743"	"34484"	"162"	"Depressive Disorder"	"D003866"	"547"	"minocycline"	"DB01017"	"2578"	"IL1B"	"3553"	"manual_353"	"NCT02456948;NCT01809340;NCT01403662;NCT06207760;NCT03947827;NCT01429272;NCT02703363"
"3744"	"9204"	"2"	"Prostatic Neoplasms"	"D011471"	"809"	"vandetanib"	"DB05294"	"799"	"ERBB2"	"2064"	"manual_353"	"NCT00686036;NCT00757692"
"3745"	"16544"	"6"	"Breast Neoplasms"	"D001943"	"704"	"decitabine"	"DB01262"	"1310"	"DNMT1"	"1786"	"manual_353"	"NCT03295552;NCT02957968"
"3746"	"42858"	"2"	"Prostatic Neoplasms"	"D011471"	"372"	"hydrocortisone"	"DB00741"	"3665"	"HSD3B1"	"3283"	"manual_353"	"NCT06136650;NCT00953576;NCT01036594;NCT00895310;NCT00859781;NCT06136624;NCT00181597"
"3747"	"7574"	"161"	"Depressive Disorder, Major"	"D003865"	"722"	"Lithium"	"DB01356"	"407"	"GSK3B"	"2932"	"manual_353"	"NCT00400088;NCT05603104;NCT01880593;NCT03290963;NCT01928446;NCT00107731;NCT00080158;NCT05973786;NCT00074776;NCT00063362;NCT02374567"
"3748"	"9483"	"2"	"Prostatic Neoplasms"	"D011471"	"817"	"romidepsin"	"DB06176"	"811"	"HDAC6"	"10013"	"manual_353"	"NCT00106418"
"3749"	"7488"	"81"	"Atherosclerosis"	"D050197"	"680"	"paclitaxel"	"DB01229"	"392"	"TLR4"	"7099"	"manual_353"	"NCT03064126"
"3750"	"9232"	"2"	"Prostatic Neoplasms"	"D011471"	"809"	"vandetanib"	"DB05294"	"800"	"ERBB3"	"2065"	"manual_353"	"NCT00686036;NCT00757692"
"3751"	"9475"	"2"	"Prostatic Neoplasms"	"D011471"	"774"	"vorinostat"	"DB02546"	"811"	"HDAC6"	"10013"	"manual_353"	"NCT06145633;NCT00330161;NCT00589472"
"3752"	"35959"	"162"	"Depressive Disorder"	"D003866"	"218"	"celecoxib"	"DB00482"	"2791"	"ABCB1"	"5243"	"manual_353"	"NCT05644301;NCT02726659;NCT02703363"
"3753"	"37367"	"6"	"Breast Neoplasms"	"D001943"	"809"	"vandetanib"	"DB05294"	"2961"	"EPHB4"	"2050"	"manual_353"	"NCT00481845;NCT01934335;NCT02299999;NCT02530411"
"3754"	"21896"	"112"	"Seizures"	"D012640"	"496"	"aspirin"	"DB00945"	"1514"	"RPS6KA3"	"6197"	"manual_353"	"NCT03356769"
"3755"	"43889"	"162"	"Depressive Disorder"	"D003866"	"462"	"sirolimus"	"DB00877"	"3780"	"FGF2"	"2247"	"manual_353"	"NCT02487485"
"3756"	"25102"	"191"	"Bipolar Disorder"	"D001714"	"86"	"topiramate"	"DB00273"	"1664"	"GRIK5"	"2901"	"manual_353"	"NCT00037674;NCT00035230;NCT00240721;NCT00035802;NCT00237289"
"3757"	"35961"	"191"	"Bipolar Disorder"	"D001714"	"218"	"celecoxib"	"DB00482"	"2791"	"ABCB1"	"5243"	"manual_353"	"NCT02703363;NCT02726659"
"3758"	"3269"	"112"	"Seizures"	"D012640"	"86"	"topiramate"	"DB00273"	"89"	"GRIK1"	"2897"	"manual_353"	"NCT00236418;NCT00236704;NCT00266591;NCT00563459;NCT00236756;NCT00113815;NCT00230698;NCT00236743;NCT00236873;NCT00236860;NCT00236691;NCT00236847;NCT00236730;NCT00236886;NCT00231556;NCT00210574;NCT00004776"
"3759"	"7432"	"6"	"Breast Neoplasms"	"D001943"	"995"	"azacitidine"	"DB00928"	"386"	"DNMT3A"	"1788"	"manual_353"	"NCT01349959;NCT04891068;NCT02811497;NCT02711137"
"3760"	"4853"	"191"	"Bipolar Disorder"	"D001714"	"333"	"tamoxifen"	"DB00675"	"233"	"PRKCI"	"5584"	"manual_353"	"NCT00026585;NCT00206544"
"3761"	"4722"	"2"	"Prostatic Neoplasms"	"D011471"	"809"	"vandetanib"	"DB05294"	"213"	"EPHB2"	"2048"	"manual_353"	"NCT00686036;NCT00757692"
"3762"	"36"	"2"	"Prostatic Neoplasms"	"D011471"	"869"	"Niclosamide"	"DB06803"	"5"	"STAT3"	"6774"	"manual_353"	"NCT02807805"
"3763"	"37366"	"6"	"Breast Neoplasms"	"D001943"	"700"	"dasatinib"	"DB01254"	"2961"	"EPHB4"	"2050"	"manual_353"	"NCT02720185;NCT06355037;NCT00817531;NCT01410708;NCT00780676;NCT01471106;NCT00903006;NCT00546104;NCT00410813;NCT00371345;NCT00924352;NCT00371254;NCT00566618;NCT01306942;NCT00754325;NCT00696072;NCT05198843;NCT02465060"
"3764"	"9233"	"6"	"Breast Neoplasms"	"D001943"	"809"	"vandetanib"	"DB05294"	"800"	"ERBB3"	"2065"	"manual_353"	"NCT00481845;NCT01934335;NCT02299999;NCT02530411"
"3765"	"22615"	"331"	"Hypertension, Pulmonary"	"D006976"	"1265"	"ambrisentan"	"DB06403"	"1550"	"EDNRB"	"1910"	"manual_353"	"NCT01352065;NCT00777920;NCT00424021;NCT00423592;NCT00380068;NCT00091598;NCT00851929;NCT02290613;NCT00879229;NCT01224210"
"3766"	"41998"	"2"	"Prostatic Neoplasms"	"D011471"	"829"	"eflornithine"	"DB06243"	"3580"	"ARG2"	"384"	"manual_353"	"NCT00086736;NCT00006101"
"3767"	"43643"	"162"	"Depressive Disorder"	"D003866"	"320"	"mecamylamine"	"DB00657"	"3749"	"CHRNA6"	"8973"	"manual_353"	"NCT00593879;NCT00563797"
"3768"	"28595"	"161"	"Depressive Disorder, Major"	"D003865"	"115"	"amitriptyline"	"DB00321"	"2143"	"NTRK2"	"4915"	"manual_353"	"NCT02014363;NCT00351910;NCT01049347;NCT02374567"
"3769"	"42860"	"2"	"Prostatic Neoplasms"	"D011471"	"601"	"trilostane"	"DB01108"	"3665"	"HSD3B1"	"3283"	"manual_353"	"NCT00181597"
"3770"	"20147"	"116"	"Atrial Fibrillation"	"D001281"	"930"	"ivabradine"	"DB09083"	"1436"	"HCN4"	"10021"	"manual_353"	"NCT03718273"
"3771"	"7979"	"115"	"Epilepsy"	"D004827"	"12"	"L-Serine"	"DB00133"	"492"	"CBS"	"875"	"manual_353"	"NCT07377032"
"3772"	"7423"	"6"	"Breast Neoplasms"	"D001943"	"704"	"decitabine"	"DB01262"	"386"	"DNMT3A"	"1788"	"manual_353"	"NCT03295552;NCT02957968"
"3773"	"37374"	"2"	"Prostatic Neoplasms"	"D011471"	"1098"	"Rosiglitazone"	"DB00412"	"2964"	"ACSL4"	"2182"	"manual_353"	"NCT00182052"
"3774"	"41923"	"112"	"Seizures"	"D012640"	"468"	"bumetanide"	"DB00887"	"3545"	"SLC12A5"	"57468"	"manual_353"	"NCT01434225"
"3775"	"36496"	"161"	"Depressive Disorder, Major"	"D003865"	"1091"	"propofol"	"DB00818"	"2845"	"FAAH"	"2166"	"manual_353"	"NCT07479550;NCT03684447;NCT06867549"
"3776"	"46460"	"6"	"Breast Neoplasms"	"D001943"	"1213"	"lasofoxifene"	"DB06202"	"4011"	"CNR2"	"1269"	"manual_353"	"NCT01042379;NCT03781063"
"3777"	"31625"	"2"	"Prostatic Neoplasms"	"D011471"	"430"	"mifepristone"	"DB00834"	"2386"	"KLK3"	"354"	"manual_353"	"NCT02012296;NCT00140478"
"3778"	"4127"	"112"	"Seizures"	"D012640"	"9"	"Vitamin C"	"DB00126"	"165"	"PAM"	"5066"	"manual_353"	"NCT02369822"
"3779"	"29263"	"162"	"Depressive Disorder"	"D003866"	"274"	"diclofenac"	"DB00586"	"2200"	"PLA2G2A"	"5320"	"manual_353"	"NCT01413854"
"3780"	"4422"	"6"	"Breast Neoplasms"	"D001943"	"218"	"celecoxib"	"DB00482"	"176"	"PDPK1"	"5170"	"manual_353"	"NCT00088972;NCT03084536;NCT01695226;NCT03185871;NCT05756166;NCT00101062;NCT00665457;NCT00045591;NCT00006381;NCT00056082;NCT02429427;NCT01425476;NCT00291694;NCT00201773;NCT00525096;NCT00305643"
"3781"	"25337"	"191"	"Bipolar Disorder"	"D001714"	"976"	"coenzyme Q10"	"DB09270"	"1740"	"NDUFV3"	"4731"	"manual_353"	"NCT00327756"
"3782"	"30919"	"162"	"Depressive Disorder"	"D003866"	"331"	"aprepitant"	"DB00673"	"2320"	"TACR1"	"6869"	"manual_353"	"NCT00034983;NCT00048607;NCT00035282;NCT00035048;NCT00048594"
"3783"	"4429"	"191"	"Bipolar Disorder"	"D001714"	"333"	"tamoxifen"	"DB00675"	"177"	"PRKCZ"	"5590"	"manual_353"	"NCT00026585;NCT00206544"
"3784"	"3234"	"191"	"Bipolar Disorder"	"D001714"	"496"	"aspirin"	"DB00945"	"82"	"HSPA5"	"3309"	"manual_353"	"NCT01429272;NCT01797575"
"3785"	"34281"	"191"	"Bipolar Disorder"	"D001714"	"86"	"topiramate"	"DB00273"	"2554"	"GRIK3"	"2899"	"manual_353"	"NCT00037674;NCT00035230;NCT00240721;NCT00035802;NCT00237289"
"3786"	"3271"	"191"	"Bipolar Disorder"	"D001714"	"86"	"topiramate"	"DB00273"	"89"	"GRIK1"	"2897"	"manual_353"	"NCT00037674;NCT00035230;NCT00240721;NCT00035802;NCT00237289"
"3787"	"46438"	"162"	"Depressive Disorder"	"D003866"	"229"	"haloperidol"	"DB00502"	"3997"	"MCHR1"	"2847"	"manual_353"	"NCT00340379;NCT02374567"
"3788"	"41886"	"450"	"Cardiomyopathies"	"D009202"	"1223"	"perhexiline"	"DB01074"	"3520"	"CPT2"	"1376"	"manual_353"	"NCT02862600;NCT02431221;NCT04426578;NCT00628056;NCT00841139;NCT00845364;NCT00989508"
"3789"	"39366"	"191"	"Bipolar Disorder"	"D001714"	"86"	"topiramate"	"DB00273"	"3138"	"GRIK4"	"2900"	"manual_353"	"NCT00037674;NCT00035230;NCT00240721;NCT00035802;NCT00237289"
"3790"	"44790"	"191"	"Bipolar Disorder"	"D001714"	"576"	"melatonin"	"DB01065"	"3875"	"ASMT"	"438"	"manual_353"	"NCT06226025;NCT07472075"
"3791"	"9792"	"191"	"Bipolar Disorder"	"D001714"	"576"	"melatonin"	"DB01065"	"937"	"CALR"	"811"	"manual_353"	"NCT06226025;NCT07472075"
"3792"	"46439"	"191"	"Bipolar Disorder"	"D001714"	"229"	"haloperidol"	"DB00502"	"3997"	"MCHR1"	"2847"	"manual_353"	"NCT00129220;NCT00097266;NCT05803642"
"3793"	"37007"	"162"	"Depressive Disorder"	"D003866"	"722"	"Lithium"	"DB01356"	"2926"	"IMPA2"	"3613"	"manual_353"	"NCT00400088;NCT05603104;NCT01880593;NCT03290963;NCT01928446;NCT00107731;NCT00080158;NCT05973786;NCT00074776;NCT00063362;NCT02374567"
