disorder_type,disease_label,disease_mesh,drug_name,drugbank_id,gene_symbols,gene_entrez_ids,n_gene_bridges,hanami_median_top_percent,hanami_q1_top_percent,hanami_q3_top_percent,hard_clique_seeds_max_of_10,high_priority_top10,has_exact_raw_drug_disease_bridge,hierarchy_flag,n_phase2_3_trials,phase2_3_phases,condition_match_kind,phase2_3_nct_ids,example_trial_title,fda_status,validation_pair_id
psychiatric_mood,"Depressive Disorder, Major",D003865,aspirin,DB00945,PTGS2,5743,1,2.398,1.816,3.84,10,True,False,True,1,PHASE3,broader_narrower_depressive_spectrum,NCT01429272,Minocycline and Aspirin in the Treatment of Bipolar Depression,not_screened_here,0a218ada09aa42a2e904
psychiatric_mood,Bipolar Disorder,D001714,clozapine,DB00363,DRD2; HTR2A; CHRM2; ADRA1A; HTR1A; DRD1; HTR2C; DRD3; ADRA2C; HTR1B; DRD4; 1816; HTR3A,1813; 3356; 1129; 148; 3350; 1812; 3358; 1814; 152; 3351; 1815; 1816; 3359,13,3.022,1.93,5.321,10,True,True,False,3,PHASE2;PHASE3,exact_or_named_subtype,NCT00029458;NCT00036582;NCT05603104,Clozapine for Treatment-Resistant Mania,not_screened_here,78fdf0597902a3ff069f
psychiatric_mood,"Depressive Disorder, Major",D003865,lamotrigine,DB00555,DRD2; HTR2A; ADRA1A,1813; 3356; 148,3,3.126,1.468,7.485,10,True,False,True,5,PHASE2;PHASE3,broader_narrower_depressive_spectrum,NCT00224510;NCT00475137;NCT00652171;NCT01042496;NCT02374567,A Study To Investigate The Antidepressant Effect Of Lamotrigine In Patients With Bipolar Disorder Using Lithium,not_screened_here,09a61f9c1cfe10648733
psychiatric_mood,Bipolar Disorder,D001714,haloperidol,DB00502,DRD2; HTR2A; HTR1A; DRD1; DRD3; DRD4; 1816; GRIN2B,1813; 3356; 3350; 1812; 1814; 1815; 1816; 2904,8,3.166,1.457,5.838,10,True,True,False,2,PHASE3,exact_or_named_subtype,NCT00097266;NCT00129220,Study of Aripiprazole in Patients With Acute Bipolar Mania,not_screened_here,5aec404770c8a6612971
psychiatric_mood,Bipolar Disorder,D001714,pramipexole,DB00413,DRD2; HTR2A; HTR1A; DRD1; HTR2C; DRD3; ADRA2C; HTR1B; DRD4; 1816,1813; 3356; 3350; 1812; 3358; 1814; 152; 3351; 1815; 1816,10,3.202,1.713,6.819,10,True,True,False,2,PHASE2;PHASE3,exact_or_named_subtype,NCT00025792;NCT07664852,Clinical Trial of Pramipexole in Bipolar Depression,not_screened_here,e557219bc73545599555
psychiatric_mood,"Depressive Disorder, Major",D003865,imipramine,DB00458,DRD2; CHRM3; HTR2A; HTR1A; ADRA1A; SLC6A4; SLC6A2; HTR2C,1813; 1131; 3356; 3350; 148; 6532; 6530; 3358,8,3.429,2.179,7.673,10,True,False,True,2,PHASE1|PHASE2;PHASE3,broader_narrower_depressive_spectrum,NCT00296725;NCT02374567,Dichotic Listening as a Predictor of Medication Response in Depression,not_screened_here,4a4f55c3bc484557b75f
psychiatric_mood,"Depressive Disorder, Major",D003865,maprotiline,DB00934,DRD2; HTR2A; CHRM3; ADRA1A; HTR2C; SLC6A2,1813; 3356; 1131; 148; 3358; 6530,6,3.432,2.512,7.686,10,True,False,True,1,PHASE3,broader_narrower_depressive_spectrum,NCT02374567,Pharmacovigilance in Gerontopsychiatric Patients,not_screened_here,3d07ac8eeeabb2c0ccb4
psychiatric_mood,Depressive Disorder,D003866,aspirin,DB00945,PTGS2,5743,1,3.505,1.429,8.226,10,True,True,False,1,PHASE3,broader_narrower_depressive_spectrum,NCT01429272,Minocycline and Aspirin in the Treatment of Bipolar Depression,not_screened_here,99f4bf464ee64bfd216a
psychiatric_mood,"Depressive Disorder, Major",D003865,risperidone,DB00734,DRD2; HTR2A; HTR1A; ADRA1A; DRD3; HTR2C; HTR1B; DRD4,1813; 3356; 3350; 148; 1814; 3358; 3351; 1815,8,3.523,2.222,7.385,10,True,False,True,8,PHASE1|PHASE2;PHASE2;PHASE3,broader_narrower_depressive_spectrum,NCT00044681;NCT00095134;NCT00174577;NCT00174590;NCT00206765;NCT00640562;NCT01282632;NCT02374567,A Study of the Effectiveness and Safety of Risperidone to Augment SSRI Therapy in Patients With Treatment-resistant Depression,not_screened_here,1723aa8aa9ec8630a280
psychiatric_mood,Bipolar Disorder,D001714,iloperidone,DB04946,DRD2; HTR2A; HTR1A; ADRA1A; DRD1; DRD3; ADRA2C; DRD4,1813; 3356; 3350; 148; 1812; 1814; 152; 1815,8,3.675,2.385,6.73,10,True,True,False,1,PHASE3,exact_or_named_subtype,NCT04819776,Evaluation of Efficacy and Safety of Iloperidone in the Acute Treatment of Manic or Mixed Episodes Associated With Bipolar I Disorder,not_screened_here,23686024ec3696717270
psychiatric_mood,"Depressive Disorder, Major",D003865,haloperidol,DB00502,DRD2; HTR2A; HTR1A; DRD3; DRD4,1813; 3356; 3350; 1814; 1815,5,3.71,2.509,7.147,10,True,False,True,1,PHASE3,broader_narrower_depressive_spectrum,NCT02374567,Pharmacovigilance in Gerontopsychiatric Patients,not_screened_here,daca720e1fbeb0dc0d8b
psychiatric_mood,"Depressive Disorder, Major",D003865,desipramine,DB01151,DRD2; CHRM3; HTR2A; HTR1A; ADRA1A; SLC6A4; SLC6A2; HTR2C,1813; 1131; 3356; 3350; 148; 6532; 6530; 3358,8,3.798,2.687,8.46,10,True,False,True,3,PHASE3,broader_narrower_depressive_spectrum,NCT00329147;NCT00338962;NCT00366652,Study Evaluating the Effects of DVS SR and Paroxetine on the Pharmacokinetics of Desipramine in Healthy Subjects,not_screened_here,48923d3731360105e864
psychiatric_mood,"Depressive Disorder, Major",D003865,nortriptyline,DB00540,DRD2; CHRM3; HTR2A; HTR1A; SLC6A4; SLC6A2; ADRA1A; HTR2C; ADRB3,1813; 1131; 3356; 3350; 6532; 6530; 148; 3358; 155,9,3.858,2.346,8.562,10,True,False,True,3,PHASE2;PHASE3,broader_narrower_depressive_spectrum,NCT00062738;NCT02374567;NCT03652870,Treatment of Depression in Parkinson's Disease Trial,not_screened_here,bcff103b4df786da6db1
psychiatric_mood,"Depressive Disorder, Major",D003865,levomepromazine,DB01403,DRD2; HTR2A; CHRM3; HTR2C; ADRA1A; DRD3; DRD4,1813; 3356; 1131; 3358; 148; 1814; 1815,7,3.871,2.68,8.084,10,True,False,True,1,PHASE3,broader_narrower_depressive_spectrum,NCT02374567,Pharmacovigilance in Gerontopsychiatric Patients,not_screened_here,67b5982831623a34f977
psychiatric_mood,"Depressive Disorder, Major",D003865,paliperidone,DB01267,DRD2; HTR2A; HTR1A; ADRA1A; DRD3; HTR2C; DRD4; CYP2D6,1813; 3356; 3350; 148; 1814; 3358; 1815; 1565,8,3.874,2.567,8.377,10,True,False,True,1,PHASE3,broader_narrower_depressive_spectrum,NCT02374567,Pharmacovigilance in Gerontopsychiatric Patients,not_screened_here,f447047db01b3a25da73
psychiatric_mood,Bipolar Disorder,D001714,topiramate,DB00273,GABRA1; GABRA3; GABRA5; GABRB1; GABRB3; 2561; GABRG1; SCN8A; GRIA2,2554; 2556; 2558; 2560; 2562; 2561; 2565; 6334; 2891,9,3.923,3.209,4.968,10,True,True,False,5,PHASE3,exact_or_named_subtype,NCT00035230;NCT00035802;NCT00037674;NCT00237289;NCT00240721,A Study on the Safety and Efficacy of Topiramate in the Treatment of Patients With Bipolar I Disorder,not_screened_here,959b75d8dbbbcfcc8faa
psychiatric_mood,Depressive Disorder,D003866,ibuprofen,DB01050,PTGS2; BCL2,5743; 596,2,3.96,2.259,14.597,10,True,True,True,1,PHASE2|PHASE3,broader_narrower_depressive_spectrum,NCT02507219,Study of Ibuprofen Effects on Brain Function,not_screened_here,20fb626e0bf47084df0f
psychiatric_mood,"Depressive Disorder, Major",D003865,doxepin,DB01142,DRD2; HTR2A; CHRM3; HTR1A; SLC6A4; ADRA1A; SLC6A2; HTR2C,1813; 3356; 1131; 3350; 6532; 148; 6530; 3358,8,3.983,2.57,7.357,10,True,False,True,1,PHASE3,broader_narrower_depressive_spectrum,NCT02374567,Pharmacovigilance in Gerontopsychiatric Patients,not_screened_here,e118d5524e647081fe49
psychiatric_mood,"Depressive Disorder, Major",D003865,ibuprofen,DB01050,PTGS2,5743,1,3.986,3.247,6.591,10,True,False,True,1,PHASE2|PHASE3,broader_narrower_depressive_spectrum,NCT02507219,Study of Ibuprofen Effects on Brain Function,not_screened_here,eb518afb4121806f60fe
psychiatric_mood,Bipolar Disorder,D001714,memantine,DB01043,DRD2; HTR3A; GRIN3A; GRIN2B; 2903; GRIN1,1813; 3359; 116443; 2904; 2903; 2902,6,4.023,2.393,6.934,10,True,True,False,3,PHASE2;PHASE2|PHASE3;PHASE3,exact_or_named_subtype,NCT01188148;NCT02630888;NCT03039842,Series Studies of Bipolar Disorder-Valproate add-on Memantine,not_screened_here,8679f78f84d6897806fe
psychiatric_mood,"Depressive Disorder, Major",D003865,quetiapine,DB01224,DRD2; CHRM3; HTR2A; HTR1A; ADRA1A; DRD3; HTR2C; SLC6A2; HTR1B; HTR3A,1813; 1131; 3356; 3350; 148; 1814; 3358; 6530; 3351; 3359,10,4.037,2.088,8.223,10,True,False,True,11,PHASE2;PHASE3,broader_narrower_depressive_spectrum,NCT00174603;NCT00351910;NCT00388973;NCT00681668;NCT00751504;NCT00953108;NCT02374567;NCT02720198;NCT04521478;NCT05603104;NCT05973786,Treatment of Depression With Quetiapine,not_screened_here,a0582e56872aa1f4641e
psychiatric_mood,"Depressive Disorder, Major",D003865,lurasidone,DB08815,DRD2; HTR2A; HTR1A,1813; 3356; 3350,3,4.101,3.384,10.601,10,True,False,True,6,PHASE3,broader_narrower_depressive_spectrum,NCT00868699;NCT00868959;NCT01284517;NCT01421134;NCT01423253;NCT02046369,Lurasidone - A 6-week Study of Patients With Bipolar I Depression (Monotherapy),not_screened_here,7a0221a906093ebce243
psychiatric_mood,"Depressive Disorder, Major",D003865,zuclopenthixol,DB01624,DRD2; HTR2A; ADRA1A,1813; 3356; 148,3,4.124,3.061,8.824,10,True,False,True,1,PHASE3,broader_narrower_depressive_spectrum,NCT02374567,Pharmacovigilance in Gerontopsychiatric Patients,not_screened_here,627c40fef3f6ebe7262d
psychiatric_mood,"Depressive Disorder, Major",D003865,perphenazine,DB00850,DRD2; HTR2A; HTR2C,1813; 3356; 3358,3,4.17,2.762,7.967,10,True,False,True,1,PHASE3,broader_narrower_depressive_spectrum,NCT02374567,Pharmacovigilance in Gerontopsychiatric Patients,not_screened_here,2c6b4045475473a18bff
psychiatric_mood,"Depressive Disorder, Major",D003865,ziprasidone,DB00246,DRD2; HTR2A; CHRM3; HTR1A; SLC6A4; DRD3; HTR2C; HTR1B; ADRA1A; DRD4; HTR3A,1813; 3356; 1131; 3350; 6532; 1814; 3358; 3351; 148; 1815; 3359,11,4.182,3.209,8.44,10,True,False,True,5,PHASE2;PHASE3,broader_narrower_depressive_spectrum,NCT00421954;NCT00483548;NCT00555997;NCT00633399;NCT02374567,Open-label Ziprasidone Study for Psychosis Treatment in Adolescents,not_screened_here,49c1f8df53dbc30392f3
psychiatric_mood,"Depressive Disorder, Major",D003865,aripiprazole,DB01238,DRD2; HTR2A; CHRM3; HTR1A; ADRA1A; DRD3; HTR2C; DRD4; HTR3A,1813; 3356; 1131; 3350; 148; 1814; 3358; 1815; 3359,9,4.198,2.02,8.485,10,True,False,True,10,PHASE1|PHASE2;PHASE3,broader_narrower_depressive_spectrum,NCT00276978;NCT00556140;NCT01111539;NCT01111552;NCT01111565;NCT01123707;NCT01386086;NCT01655706;NCT02374567;NCT05814640,Aripiprazole Augmentation Therapy in Treatment-resistant Depression,not_screened_here,75591bacc1ced0262beb
psychiatric_mood,"Depressive Disorder, Major",D003865,fluphenazine,DB00623,DRD2; HTR2A; HTR2C,1813; 3356; 3358,3,4.211,2.555,8.346,10,True,False,True,1,PHASE3,broader_narrower_depressive_spectrum,NCT02374567,Pharmacovigilance in Gerontopsychiatric Patients,not_screened_here,8fc8fb9f6ee9183a27b8
psychiatric_mood,Bipolar Disorder,D001714,paroxetine,DB00715,HTR2A; CHRM3; CHRM2; SLC6A4; SLC6A2,3356; 1131; 1129; 6532; 6530,5,4.227,3.457,5.31,10,True,True,False,1,PHASE3,exact_or_named_subtype,NCT00119652,Seroquel in Bipolar Depression Versus SSRI,not_screened_here,cf4bdbf68d7f7ec58ef2
psychiatric_mood,Bipolar Disorder,D001714,lorazepam,DB00186,GABRA1; GABRA3; GABRB1; GABRA5; GABRB3; 2561; GABRG1,2554; 2556; 2560; 2558; 2562; 2561; 2565,7,4.238,3.749,6.995,10,True,True,False,1,PHASE2,exact_or_named_subtype,NCT00431184,Effects of Pentazocine Versus Lorazepam on Manic Symptoms,not_screened_here,484b79677cf33480e921
psychiatric_mood,Bipolar Disorder,D001714,scopolamine,DB00747,CHRM3; CHRM2,1131; 1129,2,4.302,3.326,5.373,10,True,True,False,2,PHASE2,exact_or_named_subtype,NCT00369915;NCT04211961,The Antidepressant Efficacy of the Anticholinergic Scopolamine,not_screened_here,7f7ee3e9e22bde8cd746
psychiatric_mood,"Depressive Disorder, Major",D003865,diclofenac,DB00586,PTGS2,5743,1,4.398,3.536,7.081,10,True,False,True,1,PHASE1|PHASE2,broader_narrower_depressive_spectrum,NCT01413854,Diclofenac add-on to Treatment as Usual for Suicidal Patients,not_screened_here,88e78091b6402cffd9fa
psychiatric_mood,"Depressive Disorder, Major",D003865,asenapine,DB06216,DRD2; HTR2A; HTR1A; ADRA1A; HTR2C; DRD3; HTR1B; DRD4,1813; 3356; 3350; 148; 3358; 1814; 3351; 1815,8,4.474,2.709,8.638,10,True,False,True,1,PHASE2,broader_narrower_depressive_spectrum,NCT01807741,Asenapine for Bipolar Depression,not_screened_here,3ebfdadd5b5b8ddb0e8b
psychiatric_mood,"Depressive Disorder, Major",D003865,promethazine,DB01069,DRD2; HTR2A; CHRM3; ADRA1A,1813; 3356; 1131; 148,4,4.569,2.463,7.427,10,True,False,True,1,PHASE3,broader_narrower_depressive_spectrum,NCT02374567,Pharmacovigilance in Gerontopsychiatric Patients,not_screened_here,689eb24922280923d143
psychiatric_mood,"Depressive Disorder, Major",D003865,Sertindole,DB06144,DRD2; HTR2A; HTR2C; ADRA1A,1813; 3356; 3358; 148,4,4.592,3.08,8.871,10,True,False,True,1,PHASE3,broader_narrower_depressive_spectrum,NCT02374567,Pharmacovigilance in Gerontopsychiatric Patients,not_screened_here,7ccbfeae030b9887bc1e
psychiatric_mood,"Depressive Disorder, Major",D003865,trimipramine,DB00726,DRD2; CHRM3; HTR2A; SLC6A4; HTR1A; ADRA1A; SLC6A2; HTR2C; HTR3A,1813; 1131; 3356; 6532; 3350; 148; 6530; 3358; 3359,9,4.636,2.077,8.635,10,True,False,True,1,PHASE3,broader_narrower_depressive_spectrum,NCT02374567,Pharmacovigilance in Gerontopsychiatric Patients,not_screened_here,d95bb8185f724e0d1662
psychiatric_mood,"Depressive Disorder, Major",D003865,scopolamine,DB00747,CHRM3,1131,1,4.649,4.187,8.267,10,True,False,True,3,PHASE2,broader_narrower_depressive_spectrum,NCT00369915;NCT01312844;NCT04211961,The Antidepressant Efficacy of the Anticholinergic Scopolamine,not_screened_here,33cedda08025b1c432ba
psychiatric_mood,Bipolar Disorder,D001714,brexpiprazole,DB09128,DRD2; HTR2A; HTR1A; ADRA2C,1813; 3356; 3350; 152,4,4.706,2.468,6.559,10,True,True,False,4,PHASE3,exact_or_named_subtype,NCT03257865;NCT03259555;NCT03287869;NCT04569448,"A Trial to Assess Brexpiprazole Versus Placebo for the Treatment of Acute Manic Episodes, Associated With Bipolar I Disorder",not_screened_here,6649740cc722d150a31a
psychiatric_mood,"Depressive Disorder, Major",D003865,clozapine,DB00363,DRD2; CHRM3; HTR2A; HTR1A; DRD3; HTR2C; ADRA1A; HTR1B; HTR3A,1813; 1131; 3356; 3350; 1814; 3358; 148; 3351; 3359,9,4.728,2.267,9.14,10,True,False,True,2,PHASE3,broader_narrower_depressive_spectrum,NCT02374567;NCT05603104,Pharmacovigilance in Gerontopsychiatric Patients,not_screened_here,410cf72b2b01e6cbba3b
psychiatric_mood,"Depressive Disorder, Major",D003865,chlorprothixene,DB01239,DRD2; HTR2A; CHRM3; DRD3; HTR2C,1813; 3356; 1131; 1814; 3358,5,4.829,3.305,8.663,10,True,False,True,1,PHASE3,broader_narrower_depressive_spectrum,NCT02374567,Pharmacovigilance in Gerontopsychiatric Patients,not_screened_here,65d9a4b80cfaae6639a8
psychiatric_mood,Bipolar Disorder,D001714,cariprazine,DB06016,DRD2; HTR2A; HTR1A; DRD3,1813; 3356; 3350; 1814,4,4.897,3.147,7.149,10,True,True,False,10,PHASE2;PHASE3,exact_or_named_subtype,NCT00852202;NCT01058096;NCT01058668;NCT01059539;NCT01396447;NCT02670538;NCT02670551;NCT03573297;NCT04771299;NCT04777357,Safety and Efficacy of RGH-188 (Cariprazine) in Bipolar Depression,not_screened_here,b62d007e049e4ff4d48d
psychiatric_mood,Depressive Disorder,D003866,paracetamol,DB00316,PTGS2,5743,1,4.903,3.052,21.268,10,True,True,False,1,PHASE2,broader_narrower_depressive_spectrum,NCT04028596,Measuring Blood Flow in the Brain After Epileptic Activity,not_screened_here,8efb1ebda496a39b1432
psychiatric_mood,Bipolar Disorder,D001714,progesterone,DB00396,ESR1; NR3C1; OPRK1; 4306,2099; 2908; 4986; 4306,4,4.95,4.446,7.188,10,True,True,False,1,PHASE2,exact_or_named_subtype,NCT00206544,Anti-Estrogens - A Potential Treatment for Bipolar Affective Disorder in Women?,not_screened_here,93e3a4ae450b824254f3
psychiatric_mood,"Depressive Disorder, Major",D003865,pipamperone,DB09286,DRD2; HTR2A; ADRA1A; HTR1A; DRD3,1813; 3356; 148; 3350; 1814,5,5.131,3.84,8.796,10,True,False,True,2,PHASE3,broader_narrower_depressive_spectrum,NCT01312922;NCT02374567,Pipamperone/Citalopram (PNB01) Versus Citalopram (CIT) and Versus Pipamperone (PIP) in Major Depressive Disorder (MDD),not_screened_here,c7abb247b3149a307887
psychiatric_mood,Depressive Disorder,D003866,diclofenac,DB00586,PTGS2,5743,1,5.169,2.786,13.231,10,True,True,False,1,PHASE1|PHASE2,broader_narrower_depressive_spectrum,NCT01413854,Diclofenac add-on to Treatment as Usual for Suicidal Patients,not_screened_here,8b4b65d150d90d8b18c4
psychiatric_mood,Bipolar Disorder,D001714,vortioxetine,DB09068,HTR2A; HTR1A; HTR2C; SLC6A4; HTR1B; HTR3A,3356; 3350; 3358; 6532; 3351; 3359,6,5.173,4.187,6.817,10,True,True,False,1,PHASE2,exact_or_named_subtype,NCT03598868,Vortioxetine add-on Treatment Improves the Symptoms in Patients With Bipolar Depression,not_screened_here,7a64f88d69ab880ae2c1
psychiatric_mood,"Depressive Disorder, Major",D003865,paracetamol,DB00316,PTGS2,5743,1,5.249,3.665,11.718,10,True,False,True,1,PHASE2,broader_narrower_depressive_spectrum,NCT04028596,Measuring Blood Flow in the Brain After Epileptic Activity,not_screened_here,67eb15d34fa22a4a2009
psychiatric_mood,"Depressive Disorder, Major",D003865,SULPIRIDE,DB00391,DRD2; DRD3,1813; 1814,2,5.328,2.689,8.304,10,True,False,True,1,PHASE3,broader_narrower_depressive_spectrum,NCT02374567,Pharmacovigilance in Gerontopsychiatric Patients,not_screened_here,ddf75a3c8844282064ac
psychiatric_mood,Depressive Disorder,D003866,celecoxib,DB00482,PTGS2,5743,1,5.593,3.746,19.351,10,True,True,False,3,PHASE3,broader_narrower_depressive_spectrum,NCT02703363;NCT02726659;NCT05644301,Minocycline and Celecoxib as Adjunctive Treatments of Bipolar Depression,not_screened_here,70985c5c2061b8a15519
psychiatric_mood,"Depressive Disorder, Major",D003865,clomipramine,DB01242,HTR2A; SLC6A4; HTR2C; SLC6A2,3356; 6532; 3358; 6530,4,5.652,5.232,8.792,10,True,False,True,1,PHASE3,broader_narrower_depressive_spectrum,NCT02374567,Pharmacovigilance in Gerontopsychiatric Patients,not_screened_here,659362fcc0493e1fb186
psychiatric_mood,"Depressive Disorder, Major",D003865,flupentixol,DB00875,DRD2; HTR2A; ADRA1A; DRD3,1813; 3356; 148; 1814,4,5.654,2.723,10.001,10,True,False,True,1,PHASE3,broader_narrower_depressive_spectrum,NCT02374567,Pharmacovigilance in Gerontopsychiatric Patients,not_screened_here,cf94f7b17957a52c73b4
psychiatric_mood,Bipolar Disorder,D001714,escitalopram,DB01175,ADRA1A; SLC6A4; SLC6A2,148; 6532; 6530,3,5.7,3.716,9.969,10,True,True,False,3,PHASE3,exact_or_named_subtype,NCT00958633;NCT05603104;NCT05973786,Mood Stabilizer (MS)+ Antidepressant vs MS + Placebo in Maintenance of Bipolar Disorder.,not_screened_here,e8db96a56eb4a98b6dfe
psychiatric_mood,"Depressive Disorder, Major",D003865,pentoxifylline,DB00806,TNF,7124,1,5.778,1.926,11.741,10,True,False,True,2,PHASE1|PHASE2;PHASE2,broader_narrower_depressive_spectrum,NCT01625845;NCT05324735,Anti-INFLammatory to Address Mood and Endothelial Dysfunction (INFLAMED),not_screened_here,06e9060af6e0cff9b5a0
psychiatric_mood,Depressive Disorder,D003866,lamotrigine,DB00555,CHRM2; DRD2; HTR2A; GABRA3; ADRA2A; DRD1; GABRB3; GABRA6; OPRK1; 1816,1129; 1813; 3356; 2556; 150; 1812; 2562; 2559; 4986; 1816,10,5.788,3.605,23.118,10,True,True,True,5,PHASE2;PHASE3,broader_narrower_depressive_spectrum,NCT00224510;NCT00475137;NCT00652171;NCT01042496;NCT02374567,A Study To Investigate The Antidepressant Effect Of Lamotrigine In Patients With Bipolar Disorder Using Lithium,not_screened_here,4593ba667f14ff8d5c6f
psychiatric_mood,"Depressive Disorder, Major",D003865,bromperidol,DB12401,DRD2,1813,1,5.798,3.745,10.234,10,True,False,True,1,PHASE3,broader_narrower_depressive_spectrum,NCT02374567,Pharmacovigilance in Gerontopsychiatric Patients,not_screened_here,b0b49e3e3ffed2ecccde
psychiatric_mood,Bipolar Disorder,D001714,tamoxifen,DB00675,ESR1,2099,1,5.838,4.934,10.81,10,True,True,False,2,PHASE2,exact_or_named_subtype,NCT00026585;NCT00206544,Examination of Tamoxifen in Acute Mania in Patients With Bipolar I Disorder,not_screened_here,14c6e9937548772f04d4
psychiatric_mood,"Depressive Disorder, Major",D003865,Thioridazine,DB00679,DRD2; HTR2A; ADRA1A,1813; 3356; 148,3,5.967,4.3,10.392,10,True,False,True,1,PHASE3,broader_narrower_depressive_spectrum,NCT02374567,Pharmacovigilance in Gerontopsychiatric Patients,not_screened_here,d2373fcd04bb239946b6
psychiatric_mood,"Depressive Disorder, Major",D003865,pramipexole,DB00413,DRD2; HTR2A; HTR1A; HTR2C; DRD3; HTR1B; DRD4,1813; 3356; 3350; 3358; 1814; 3351; 1815,7,6.059,3.104,8.625,10,True,False,True,3,PHASE2;PHASE3,broader_narrower_depressive_spectrum,NCT00086307;NCT05355337;NCT05825235,Lexapro and Pramipexole and to Treat Major Depression,not_screened_here,0adc31c77a98c8e6ab55
psychiatric_mood,"Depressive Disorder, Major",D003865,amitriptyline,DB00321,CHRM3; HTR2A; HTR1A; ADRA1A; SLC6A4; HTR2C; SLC6A2; HTR1B,1131; 3356; 3350; 148; 6532; 3358; 6530; 3351,8,6.063,4.648,13.332,10,True,False,True,4,PHASE2;PHASE3,broader_narrower_depressive_spectrum,NCT00351910;NCT01049347;NCT02014363;NCT02374567,Efficacy of Seroquel SR in Combination With an Antidepressant in Treatment of Major Depressive Disorder,not_screened_here,8f8fdd245fd932ed21a7
psychiatric_mood,Bipolar Disorder,D001714,melatonin,DB01065,ESR1,2099,1,6.084,5.351,9.157,10,True,True,False,2,PHASE2,exact_or_named_subtype,NCT06226025;NCT07472075,Correcting Circadian Rhythms to Breakthrough in Bipolar Disorder,not_screened_here,c25a7dc3b8aadbd6311f
psychiatric_mood,"Depressive Disorder, Major",D003865,fluspirilene,DB04842,DRD2; HTR2A; HTR1A,1813; 3356; 3350,3,6.112,3.632,9.437,10,True,False,True,1,PHASE3,broader_narrower_depressive_spectrum,NCT02374567,Pharmacovigilance in Gerontopsychiatric Patients,not_screened_here,873a9148104e0f54abf0
psychiatric_mood,"Depressive Disorder, Major",D003865,pindolol,DB00960,HTR2A; HTR1A; HTR1B; ADRB3,3356; 3350; 3351; 155,4,6.155,4.866,7.961,10,True,False,True,1,PHASE2,broader_narrower_depressive_spectrum,NCT00931775,Citalopram Versus Citalopram Plus Pindolol in Major Depressive Disorder,not_screened_here,4a267c12052c7a16d5bb
psychiatric_mood,"Depressive Disorder, Major",D003865,celecoxib,DB00482,PTGS2,5743,1,6.16,3.925,11.78,10,True,False,True,3,PHASE3,broader_narrower_depressive_spectrum,NCT02703363;NCT02726659;NCT05644301,Minocycline and Celecoxib as Adjunctive Treatments of Bipolar Depression,not_screened_here,0d652e245046d28305ff
psychiatric_mood,"Depressive Disorder, Major",D003865,cariprazine,DB06016,DRD2; HTR2A; HTR1A; DRD3,1813; 3356; 3350; 1814,4,6.26,4.15,9.552,10,True,False,True,11,PHASE2;PHASE3,broader_narrower_depressive_spectrum,NCT00852202;NCT01396447;NCT01469377;NCT01715805;NCT01838876;NCT02670538;NCT02670551;NCT03573297;NCT03738215;NCT03739203;NCT04777357,Safety and Efficacy of RGH-188 (Cariprazine) in Bipolar Depression,not_screened_here,940209b2e904432d41e3
psychiatric_mood,Bipolar Disorder,D001714,acamprosate,DB00659,GABRA1; GABRA3; GABRB1; GABRB3; GABRG1; GRIN3A,2554; 2556; 2560; 2562; 2565; 116443,6,6.343,5.374,8.521,10,True,True,False,1,PHASE1|PHASE2,exact_or_named_subtype,NCT00330486,Open Label Trial of Acamprosate in Bipolar Alcoholics,not_screened_here,2c142db92d51c134164e
psychiatric_mood,Bipolar Disorder,D001714,Midazolam,DB00683,GABRA1; GABRA3; GABRB1; GABRA5; GABRB3; 2561,2554; 2556; 2560; 2558; 2562; 2561,6,6.442,5.204,10.404,10,True,True,False,4,PHASE1|PHASE2;PHASE2;PHASE3,exact_or_named_subtype,NCT01944293;NCT02351869;NCT04939649;NCT05625555,Ketamine for Suicidality in Bipolar Depression,not_screened_here,03247f376df5f8ae52f5
psychiatric_mood,"Depressive Disorder, Major",D003865,memantine,DB01043,DRD2; HTR3A,1813; 3359,2,6.532,3.41,8.484,10,True,False,True,2,PHASE2|PHASE3;PHASE3,broader_narrower_depressive_spectrum,NCT01876823;NCT02374567,Memantine Plus Es-citalopram in Elderly Depressed Patients With Cognitive Impairment,not_screened_here,0e5473be480f07bb6f98
psychiatric_mood,"Depressive Disorder, Major",D003865,benperidol,DB12867,DRD2,1813,1,6.683,3.971,9.38,10,True,False,True,1,PHASE3,broader_narrower_depressive_spectrum,NCT02374567,Pharmacovigilance in Gerontopsychiatric Patients,not_screened_here,2086ba372427ed33d277
psychiatric_mood,"Depressive Disorder, Major",D003865,pimozide,DB01100,DRD2; HTR2A; HTR1A; DRD3,1813; 3356; 3350; 1814,4,6.691,1.821,7.675,10,True,False,True,1,PHASE3,broader_narrower_depressive_spectrum,NCT02374567,Pharmacovigilance in Gerontopsychiatric Patients,not_screened_here,093bcf7bdcf4cd7dcbcd
psychiatric_mood,Bipolar Disorder,D001714,taurine,DB01956,GABRA1; GABRB1; GABRA5; GABRB3; GABRG1; GRIN2B,2554; 2560; 2558; 2562; 2565; 2904,6,6.802,5.971,11.18,10,True,True,False,1,PHASE2,exact_or_named_subtype,NCT00217165,"Taurine as an Anti-Manic Agent: A Double-Blind, Placebo-Controlled Study",not_screened_here,e3f52f01a632564efb9c
psychiatric_mood,Depressive Disorder,D003866,risperidone,DB00734,DRD2; HTR2A; HTR1A; HTR2C; ADRA2A; DRD3; HTR1B; HTR7; HTR1D,1813; 3356; 3350; 3358; 150; 1814; 3351; 3363; 3352,9,7.006,4.06,8.235,10,True,True,True,8,PHASE1|PHASE2;PHASE2;PHASE3,broader_narrower_depressive_spectrum,NCT00044681;NCT00095134;NCT00174577;NCT00174590;NCT00206765;NCT00640562;NCT01282632;NCT02374567,A Study of the Effectiveness and Safety of Risperidone to Augment SSRI Therapy in Patients With Treatment-resistant Depression,not_screened_here,b9901165d43596ec37fe
psychiatric_mood,Depressive Disorder,D003866,promethazine,DB01069,DRD2; HTR2A; CHRM2,1813; 3356; 1129,3,7.009,5.542,8.788,10,True,True,True,1,PHASE3,broader_narrower_depressive_spectrum,NCT02374567,Pharmacovigilance in Gerontopsychiatric Patients,not_screened_here,4848bc30fa825d22132a
psychiatric_mood,Bipolar Disorder,D001714,tianeptine,DB09289,HTR1A; DRD3; OPRK1,3350; 1814; 4986,3,7.111,5.0,9.618,10,True,True,False,1,PHASE3,exact_or_named_subtype,NCT00879372,Efficacy of Adjunctive Tianeptine in the Treatment of Bipolar Depression,not_screened_here,4e3d6f96920ca90fc666
psychiatric_mood,Depressive Disorder,D003866,pimozide,DB01100,DRD2; HTR2A; DRD1; HTR1A; DRD3; DRD4; 1816,1813; 3356; 1812; 3350; 1814; 1815; 1816,7,7.119,4.818,9.461,10,True,True,True,1,PHASE3,broader_narrower_depressive_spectrum,NCT02374567,Pharmacovigilance in Gerontopsychiatric Patients,not_screened_here,2ef0159fc4e506342c35
psychiatric_mood,Depressive Disorder,D003866,perphenazine,DB00850,DRD2; HTR2A; DRD1; HTR2C; HTR7,1813; 3356; 1812; 3358; 3363,5,7.261,5.251,9.681,10,True,True,True,1,PHASE3,broader_narrower_depressive_spectrum,NCT02374567,Pharmacovigilance in Gerontopsychiatric Patients,not_screened_here,e7432b2000870a233aa6
psychiatric_mood,Depressive Disorder,D003866,aripiprazole,DB01238,DRD2; HTR2A; CHRM2; HTR1A; DRD1; HTR2C; ADRA2A; DRD3; HTR1B; HTR1D; HTR7; DRD4; 1816; HTR3A,1813; 3356; 1129; 3350; 1812; 3358; 150; 1814; 3351; 3352; 3363; 1815; 1816; 3359,14,7.455,3.722,9.313,10,True,True,True,10,PHASE1|PHASE2;PHASE3,broader_narrower_depressive_spectrum,NCT00276978;NCT00556140;NCT01111539;NCT01111552;NCT01111565;NCT01123707;NCT01386086;NCT01655706;NCT02374567;NCT05814640,Aripiprazole Augmentation Therapy in Treatment-resistant Depression,not_screened_here,db40a616c41f41cff0ad
psychiatric_mood,Depressive Disorder,D003866,paliperidone,DB01267,DRD2; HTR2A; HTR1A; HTR2C; DRD1; ADRA2A; DRD3; HTR1D; HTR7; DRD4,1813; 3356; 3350; 3358; 1812; 150; 1814; 3352; 3363; 1815,10,7.501,4.137,8.498,10,True,True,True,1,PHASE3,broader_narrower_depressive_spectrum,NCT02374567,Pharmacovigilance in Gerontopsychiatric Patients,not_screened_here,3aae284631ae1002c8a9
psychiatric_mood,Depressive Disorder,D003866,olanzapine,DB00334,CHRM2; HTR2A; ADRB1; HTR1A; HTR2C; DRD1; ADRA2A; GABRB3; DRD3; HTR1B; HTR1D; 1816; DRD4; HTR3A,1129; 3356; 153; 3350; 3358; 1812; 150; 2562; 1814; 3351; 3352; 1816; 1815; 3359,14,7.55,5.374,26.483,10,True,True,True,9,PHASE1|PHASE2;PHASE3,broader_narrower_depressive_spectrum,NCT00035321;NCT00056472;NCT00273624;NCT00510146;NCT00568672;NCT01282632;NCT01687478;NCT02374567;NCT05814640,The Study of Olanzapine Plus Fluoxetine in Combination for Treatment of Treatment Resistant Depression,not_screened_here,19ea2c899701e5af8461
psychiatric_mood,Depressive Disorder,D003866,haloperidol,DB00502,DRD2; HTR2A; HTR1A; DRD1; DRD3; HTR7; HTR1D; 1816; GRIN2B,1813; 3356; 3350; 1812; 1814; 3363; 3352; 1816; 2904,9,7.57,3.394,7.894,10,True,True,True,1,PHASE3,broader_narrower_depressive_spectrum,NCT02374567,Pharmacovigilance in Gerontopsychiatric Patients,not_screened_here,a61d4211abd36295c128
psychiatric_mood,Depressive Disorder,D003866,quetiapine,DB01224,HTR2A; DRD2; CHRM2; HTR1A; HTR2C; ADRA2A; DRD1; SLC6A2; HTR1D; HTR7; DRD4; HTR3A,3356; 1813; 1129; 3350; 3358; 150; 1812; 6530; 3352; 3363; 1815; 3359,12,7.573,5.509,12.836,10,True,True,True,11,PHASE2;PHASE3,broader_narrower_depressive_spectrum,NCT00174603;NCT00351910;NCT00388973;NCT00681668;NCT00751504;NCT00953108;NCT02374567;NCT02720198;NCT04521478;NCT05603104;NCT05973786,Treatment of Depression With Quetiapine,not_screened_here,0704f6615607ee771a96
psychiatric_mood,Depressive Disorder,D003866,levomepromazine,DB01403,DRD2; HTR2A; CHRM2; HTR2C; ADRA2A; DRD4; 1816,1813; 3356; 1129; 3358; 150; 1815; 1816,7,7.765,4.28,9.813,10,True,True,True,1,PHASE3,broader_narrower_depressive_spectrum,NCT02374567,Pharmacovigilance in Gerontopsychiatric Patients,not_screened_here,9d522150e17e439867a7
psychiatric_mood,Depressive Disorder,D003866,fluphenazine,DB00623,DRD2; HTR2A; HTR2C; DRD1; AR; 1816,1813; 3356; 3358; 1812; 367; 1816,6,7.766,4.963,8.744,10,True,True,True,1,PHASE3,broader_narrower_depressive_spectrum,NCT02374567,Pharmacovigilance in Gerontopsychiatric Patients,not_screened_here,f55ca46914ccd59e5708
psychiatric_mood,Depressive Disorder,D003866,flupentixol,DB00875,DRD2; HTR2A; DRD1; DRD3; 1816,1813; 3356; 1812; 1814; 1816,5,7.899,6.653,11.776,10,True,True,True,1,PHASE3,broader_narrower_depressive_spectrum,NCT02374567,Pharmacovigilance in Gerontopsychiatric Patients,not_screened_here,3f9da213fc0cbecf1d99
psychiatric_mood,Depressive Disorder,D003866,Sertindole,DB06144,DRD2; HTR2A; HTR2C,1813; 3356; 3358,3,7.906,5.657,11.431,10,True,True,False,1,PHASE3,broader_narrower_depressive_spectrum,NCT02374567,Pharmacovigilance in Gerontopsychiatric Patients,not_screened_here,6b9b38ed9bc1b5d340a5
psychiatric_mood,"Depressive Disorder, Major",D003865,biperiden,DB00810,CHRM3,1131,1,7.954,7.032,10.221,10,True,False,True,1,PHASE3,broader_narrower_depressive_spectrum,NCT02374567,Pharmacovigilance in Gerontopsychiatric Patients,not_screened_here,d80493dfd40cbd5a2783
psychiatric_mood,Depressive Disorder,D003866,zuclopenthixol,DB01624,DRD2; HTR2A; ADRA2A; DRD1; 1816,1813; 3356; 150; 1812; 1816,5,8.054,6.085,10.972,10,True,True,True,1,PHASE3,broader_narrower_depressive_spectrum,NCT02374567,Pharmacovigilance in Gerontopsychiatric Patients,not_screened_here,0ec90f25595ade9ce30c
psychiatric_mood,Depressive Disorder,D003866,mirtazapine,DB00370,DRD2; HTR2A; SLC6A4; ADRB1; DRD1; HTR2C; SLC6A3; DRD3; ADRA2A; SLC6A2; HTR7; 1816; HTR3A,1813; 3356; 6532; 153; 1812; 3358; 6531; 1814; 150; 6530; 3363; 1816; 3359,13,8.069,4.569,10.922,10,True,True,True,9,PHASE2;PHASE2|PHASE3;PHASE3,broader_narrower_depressive_spectrum,NCT00080158;NCT00249444;NCT00322309;NCT02185131;NCT02374567;NCT02646449;NCT02650544;NCT03852160;NCT06309472,Treatment of Adolescent Suicide Attempters (TASA),not_screened_here,ac93e9842ecfdef097b4
psychiatric_mood,Depressive Disorder,D003866,SULPIRIDE,DB00391,DRD2; DRD3,1813; 1814,2,8.225,5.511,10.124,10,True,True,False,1,PHASE3,broader_narrower_depressive_spectrum,NCT02374567,Pharmacovigilance in Gerontopsychiatric Patients,not_screened_here,05898591b40adaeac491
psychiatric_mood,Depressive Disorder,D003866,memantine,DB01043,DRD2; HTR3A; 2903,1813; 3359; 2903,3,8.332,7.08,10.196,10,True,True,True,2,PHASE2|PHASE3;PHASE3,broader_narrower_depressive_spectrum,NCT01876823;NCT02374567,Memantine Plus Es-citalopram in Elderly Depressed Patients With Cognitive Impairment,not_screened_here,44042b394d30b251050a
psychiatric_mood,Bipolar Disorder,D001714,venlafaxine,DB00285,SLC6A4; SLC6A2; SLC6A3,6532; 6530; 6531,3,8.333,6.302,11.049,10,True,True,False,2,PHASE3,exact_or_named_subtype,NCT05603104;NCT05973786,"Intensified Pharmacological Treatment for Schizophrenia, Major Depressive Disorder and Bipolar Depression After a First-time Treatment Failure",not_screened_here,7adf2d2c4b63c8304715
psychiatric_mood,Depressive Disorder,D003866,ziprasidone,DB00246,HTR2A; CHRM2; DRD2; HTR1A; SLC6A4; HTR2C; DRD1; ADRA2A; DRD3; HTR1B; HTR7; HTR1D; 1816; HTR3A,3356; 1129; 1813; 3350; 6532; 3358; 1812; 150; 1814; 3351; 3363; 3352; 1816; 3359,14,8.35,6.396,16.226,10,True,True,True,5,PHASE2;PHASE3,broader_narrower_depressive_spectrum,NCT00421954;NCT00483548;NCT00555997;NCT00633399;NCT02374567,Open-label Ziprasidone Study for Psychosis Treatment in Adolescents,not_screened_here,483fdd3482ac687bf8a2
psychiatric_mood,Depressive Disorder,D003866,chlorprothixene,DB01239,DRD2; HTR2A; DRD1; HTR2C; CHRM2; DRD3,1813; 3356; 1812; 3358; 1129; 1814,6,8.476,6.532,10.931,10,True,True,True,1,PHASE3,broader_narrower_depressive_spectrum,NCT02374567,Pharmacovigilance in Gerontopsychiatric Patients,not_screened_here,c7a5903bacfbd3734cb7
psychiatric_mood,"Depressive Disorder, Major",D003865,progesterone,DB00396,NR3C1; 4306,2908; 4306,2,8.508,5.421,13.223,10,True,False,True,1,PHASE2,broader_narrower_depressive_spectrum,NCT00001481,The Role of Hormones in Postpartum Mood Disorders,not_screened_here,5f7141be46b072a5d3de
psychiatric_mood,Depressive Disorder,D003866,clozapine,DB00363,DRD2; HTR2A; CHRM2; HTR1A; HTR2C; DRD1; DRD3; ADRA2A; HTR1B; HTR7; HTR1D; DRD4; 1816; HTR3A,1813; 3356; 1129; 3350; 3358; 1812; 1814; 150; 3351; 3363; 3352; 1815; 1816; 3359,14,8.599,4.943,10.422,10,True,True,True,2,PHASE3,broader_narrower_depressive_spectrum,NCT02374567;NCT05603104,Pharmacovigilance in Gerontopsychiatric Patients,not_screened_here,7374da4f5b11aeb51876
psychiatric_mood,Depressive Disorder,D003866,progesterone,DB00396,ESR1; AR; NR3C1; OPRK1; 4306,2099; 367; 2908; 4986; 4306,5,8.722,6.747,11.624,10,True,True,True,1,PHASE2,broader_narrower_depressive_spectrum,NCT00001481,The Role of Hormones in Postpartum Mood Disorders,not_screened_here,fdfd1f0c2d845a0ca7df
psychiatric_mood,Depressive Disorder,D003866,asenapine,DB06216,HTR2A; DRD2; ADRB1; HTR1A; DRD1; HTR2C; ADRA2A; HTR1B; HTR1D; HTR7; DRD4,3356; 1813; 153; 3350; 1812; 3358; 150; 3351; 3352; 3363; 1815,11,8.832,7.447,14.78,10,True,True,True,1,PHASE2,broader_narrower_depressive_spectrum,NCT01807741,Asenapine for Bipolar Depression,not_screened_here,7fea23e3119ba5fdc280
psychiatric_mood,Depressive Disorder,D003866,pindolol,DB00960,HTR2A; ADRB1; HTR1A; HTR1B,3356; 153; 3350; 3351,4,8.885,7.705,11.683,10,True,True,True,1,PHASE2,broader_narrower_depressive_spectrum,NCT00931775,Citalopram Versus Citalopram Plus Pindolol in Major Depressive Disorder,not_screened_here,96881d08e0b9193babeb
psychiatric_mood,Depressive Disorder,D003866,pipamperone,DB09286,DRD2; HTR2A; DRD1; HTR1A; ADRA2A; DRD3; HTR1B,1813; 3356; 1812; 3350; 150; 1814; 3351,7,8.907,6.26,12.144,10,True,True,True,2,PHASE3,broader_narrower_depressive_spectrum,NCT01312922;NCT02374567,Pipamperone/Citalopram (PNB01) Versus Citalopram (CIT) and Versus Pipamperone (PIP) in Major Depressive Disorder (MDD),not_screened_here,947d5d46ae3d71d3cdf9
psychiatric_mood,Bipolar Disorder,D001714,sertraline,DB01104,SLC6A4,6532,1,8.926,6.375,10.756,10,True,True,False,5,PHASE3,exact_or_named_subtype,NCT00158990;NCT00276965;NCT00857584;NCT05603104;NCT05973786,Triiodothyronine (T3) Supplementation in the Treatment of Bipolar and Unipolar Depression.,not_screened_here,36b5be2f1781ce52e9fb
psychiatric_mood,Depressive Disorder,D003866,mianserin,DB06148,DRD2; HTR2A; SLC6A4; DRD1; HTR1A; ADRA2A; HTR2C; SLC6A3; DRD3; SLC6A2; HTR7; OPRK1; 1816,1813; 3356; 6532; 1812; 3350; 150; 3358; 6531; 1814; 6530; 3363; 4986; 1816,13,9.04,5.186,12.338,10,True,True,True,1,PHASE3,broader_narrower_depressive_spectrum,NCT02374567,Pharmacovigilance in Gerontopsychiatric Patients,not_screened_here,081015c1b637378a2852
psychiatric_mood,Depressive Disorder,D003866,Dehydroepiandrosterone,DB01708,ESR1; GABRA3; GABRB3; GABRA6; 2903,2099; 2556; 2562; 2559; 2903,5,9.194,7.76,12.171,10,True,False,True,1,PHASE2,broader_narrower_depressive_spectrum,NCT00001487,Treatment of Mid-Life-Related Mood Disorders,not_screened_here,1ac4ff9c637a360a42a6
psychiatric_mood,Depressive Disorder,D003866,topiramate,DB00273,GABRA3; GABRA6; GABRB3; GRIA1,2556; 2559; 2562; 2890,4,9.262,7.362,13.457,10,True,False,True,1,PHASE3,broader_narrower_depressive_spectrum,NCT02374567,Pharmacovigilance in Gerontopsychiatric Patients,not_screened_here,7f249cec43f1b727afad
psychiatric_mood,Depressive Disorder,D003866,pramipexole,DB00413,HTR2A; HTR1A; ADRA2A; DRD1; HTR2C; HTR1B; HTR1D; DRD4,3356; 3350; 150; 1812; 3358; 3351; 3352; 1815,8,9.264,6.125,13.186,10,True,True,True,3,PHASE2;PHASE3,broader_narrower_depressive_spectrum,NCT00086307;NCT05355337;NCT05825235,Lexapro and Pramipexole and to Treat Major Depression,not_screened_here,748dec4bf8acbeb99485
psychiatric_mood,Bipolar Disorder,D001714,dextromethorphan,DB00514,SLC6A2; OPRK1; CHRNA7; CHRNA2,6530; 4986; 1139; 1135,4,9.287,7.135,9.87,10,True,True,False,1,PHASE3,exact_or_named_subtype,NCT03039842,Combination of Dextromethorphan and Memantine in Treating Bipolar Disorder,not_screened_here,8ff14c4c656d425e0f70
psychiatric_mood,"Depressive Disorder, Major",D003865,mifepristone,DB00834,NR3C1,2908,1,9.326,7.255,14.689,10,True,False,True,8,PHASE2;PHASE2|PHASE3;PHASE3,broader_narrower_depressive_spectrum,NCT00128479;NCT00128505;NCT00130676;NCT00146523;NCT00208156;NCT00637494;NCT00725270;NCT05217758,A United States Study of the Safety and Tolerability of Corlux for Psychotic Symptoms in Psychotic Major Depression,not_screened_here,b635fb093604c761c4f5
psychiatric_mood,Depressive Disorder,D003866,fluspirilene,DB04842,DRD2; HTR2A; HTR1A; HTR1D,1813; 3356; 3350; 3352,4,9.355,6.775,11.667,10,True,True,True,1,PHASE3,broader_narrower_depressive_spectrum,NCT02374567,Pharmacovigilance in Gerontopsychiatric Patients,not_screened_here,923f8e8b12e849a28481
psychiatric_mood,Depressive Disorder,D003866,clomipramine,DB01242,HTR2A; SLC6A4; HTR2C; SLC6A3; SLC6A2,3356; 6532; 3358; 6531; 6530,5,9.389,7.311,13.173,10,True,True,True,1,PHASE3,broader_narrower_depressive_spectrum,NCT02374567,Pharmacovigilance in Gerontopsychiatric Patients,not_screened_here,0a55395e8cfc1376532c
psychiatric_mood,Bipolar Disorder,D001714,mifepristone,DB00834,NR3C1,2908,1,9.43,5.268,17.437,10,True,True,False,1,PHASE2,exact_or_named_subtype,NCT00043654,Clinical Trial of Mifepristone for Bipolar Depression,not_screened_here,89524bc327993114860e
psychiatric_mood,Depressive Disorder,D003866,melatonin,DB01065,ESR1,2099,1,9.552,7.631,14.857,10,True,False,True,2,PHASE2|PHASE3;PHASE3,broader_narrower_depressive_spectrum,NCT02374567;NCT05474846,Pharmacovigilance in Gerontopsychiatric Patients,not_screened_here,ae241a84250d746b4731
psychiatric_mood,Depressive Disorder,D003866,brexpiprazole,DB09128,DRD2; HTR2A; HTR1A,1813; 3356; 3350,3,9.6,6.696,13.153,10,True,True,False,14,PHASE2|PHASE3;PHASE3,broader_narrower_depressive_spectrum,NCT01727726;NCT01838681;NCT01942785;NCT01944969;NCT02012218;NCT02013531;NCT02013609;NCT02212613;NCT03487198;NCT03538691;NCT03697603;NCT03737474;NCT04162522;NCT04569448,"A Study of Flexible-dose Brexpiprazole as Adjunctive Therapy in the Treatment of Adults With Major Depressive Disorder, the Delphinus Trial",not_screened_here,808485e901c7a129974e
psychiatric_mood,Depressive Disorder,D003866,lurasidone,DB08815,DRD2; HTR2A; HTR1A; ADRA2A; HTR7,1813; 3356; 3350; 150; 3363,5,9.826,7.382,11.334,10,True,True,True,6,PHASE3,broader_narrower_depressive_spectrum,NCT00868699;NCT00868959;NCT01284517;NCT01421134;NCT01423253;NCT02046369,Lurasidone - A 6-week Study of Patients With Bipolar I Depression (Monotherapy),not_screened_here,3633ea1ca953fac2a710
psychiatric_mood,Depressive Disorder,D003866,vilazodone,DB06684,DRD2; HTR1A; SLC6A4; DRD3,1813; 3350; 6532; 1814,4,9.826,7.461,11.915,10,True,True,False,9,PHASE2;PHASE3,broader_narrower_depressive_spectrum,NCT00285376;NCT00290914;NCT00644358;NCT00683592;NCT01742832;NCT01878292;NCT02015546;NCT02372799;NCT02436239,Effectiveness Study of Vilazodone to Treat Depression and to Discover Genetic Markers Associated With Response,not_screened_here,0877027158f83972c972
psychiatric_mood,"Depressive Disorder, Major",D003865,donepezil,DB00843,HTR2A,3356,1,9.829,7.575,12.09,10,True,False,True,1,PHASE3,broader_narrower_depressive_spectrum,NCT02374567,Pharmacovigilance in Gerontopsychiatric Patients,not_screened_here,8358fa67bc531dc3e5cd
psychiatric_mood,Bipolar Disorder,D001714,bupropion,DB01156,SLC6A2; SLC6A3,6530; 6531,2,9.909,6.975,14.052,10,True,True,False,3,PHASE1|PHASE2;PHASE3,exact_or_named_subtype,NCT00593099;NCT05603104;NCT05973786,A Preliminary Study of Sustained-Release Bupropion for Smoking Cessation in Bipolar Affective Disorder,not_screened_here,362e36d5dcaa3d313579
psychiatric_mood,Depressive Disorder,D003866,Thioridazine,DB00679,DRD2; HTR2A; DRD1,1813; 3356; 1812,3,9.919,6.923,13.931,10,True,True,True,1,PHASE3,broader_narrower_depressive_spectrum,NCT02374567,Pharmacovigilance in Gerontopsychiatric Patients,not_screened_here,a83dc13abb34676fc975
psychiatric_mood,Depressive Disorder,D003866,trazodone,DB00656,HTR2A; HTR1A; SLC6A4; ADRA2A; HTR2C,3356; 3350; 6532; 150; 3358,5,10.086,8.486,15.414,10,False,True,True,4,PHASE2;PHASE2|PHASE3;PHASE3,broader_narrower_depressive_spectrum,NCT01524497;NCT02086929;NCT02374567;NCT04082806,A Clinical Study of Trazodone Hydrochloride Prolonged-Release Tablets for Treatment of Depression,not_screened_here,3ecfa239e9890398055e
psychiatric_mood,"Depressive Disorder, Major",D003865,sertraline,DB01104,SLC6A4,6532,1,10.106,9.453,12.466,10,False,False,True,42,PHASE1|PHASE2;PHASE2;PHASE2|PHASE3;PHASE3,broader_narrower_depressive_spectrum,NCT00026637;NCT00043550;NCT00056472;NCT00078286;NCT00080158;NCT00143091;NCT00158990;NCT00179283;NCT00232167;NCT00232284;NCT00233103;NCT00275197;NCT00276900;NCT00276965;NCT00302068;NCT00351910;NCT00602355;NCT00636246;NCT00654953;NCT00857584;NCT00946998;NCT01033084;NCT01098318;NCT01360866;NCT01407094;NCT01703039;NCT02122393;NCT02374567;NCT02469545;NCT02565316;NCT02917122;NCT03414931;NCT03852160;NCT04476030;NCT04637620;NCT05603104;NCT05814640;NCT05950061;NCT05973786;NCT06408246;NCT06827431;NCT07645157,Depression and Health Outcomes in Refractory Epilepsy,not_screened_here,32ab891c0733fb41dd2d
psychiatric_mood,Depressive Disorder,D003866,vortioxetine,DB09068,HTR2A; HTR1A; ADRB1; HTR2C; SLC6A4; HTR1B; HTR7,3356; 3350; 153; 3358; 6532; 3351; 3363,7,10.381,8.822,16.348,10,False,True,True,23,PHASE1|PHASE2;PHASE2;PHASE2|PHASE3;PHASE3,broader_narrower_depressive_spectrum,NCT00672620;NCT00672958;NCT00707980;NCT00735709;NCT01152996;NCT01153009;NCT01163266;NCT01179516;NCT01255787;NCT01355081;NCT01491035;NCT02389816;NCT02845349;NCT02871297;NCT03053362;NCT03108625;NCT03485274;NCT03598868;NCT03855865;NCT04498897;NCT05014919;NCT05104918;NCT05814640,Efficacy and Safety of Vortioxetine (Lu AA21004) in the Treatment of Patients With Major Depressive Disorder,not_screened_here,a8c0d8b828a54d83550d
psychiatric_mood,Depressive Disorder,D003866,duloxetine,DB00476,HTR2A; SLC6A4; HTR2C; SLC6A3; SLC6A2,3356; 6532; 3358; 6531; 6530,5,10.63,9.792,13.263,10,False,True,True,37,PHASE1|PHASE2;PHASE2;PHASE3,broader_narrower_depressive_spectrum,NCT00042562;NCT00042575;NCT00062673;NCT00073411;NCT00105989;NCT00191685;NCT00321490;NCT00331799;NCT00351910;NCT00366652;NCT00489775;NCT00529789;NCT00599911;NCT00635219;NCT00672620;NCT00811252;NCT00849693;NCT00849901;NCT01140906;NCT01145755;NCT01153009;NCT01223001;NCT01288079;NCT01309945;NCT01360866;NCT01369095;NCT01564862;NCT02232555;NCT02374567;NCT02443194;NCT03038867;NCT03068247;NCT03852160;NCT04111627;NCT04476030;NCT05814640;NCT07649291,Open-Label Treatment With Duloxetine Hydrochloride Once-Daily Dosing for Evaluation of Stabilization Dose in Patients With Major Depression,not_screened_here,eaaa20e02e0a26951c35
psychiatric_mood,Depressive Disorder,D003866,scopolamine,DB00747,CHRM2; CHRNA4,1129; 1137,2,10.64,4.199,15.224,10,False,False,True,3,PHASE2,broader_narrower_depressive_spectrum,NCT00369915;NCT01312844;NCT04211961,The Antidepressant Efficacy of the Anticholinergic Scopolamine,not_screened_here,4ace4c433a1f081caad3
psychiatric_mood,Depressive Disorder,D003866,agomelatine,DB06594,HTR2A; HTR2C,3356; 3358,2,10.811,8.39,14.748,10,False,True,False,7,PHASE3,broader_narrower_depressive_spectrum,NCT00411099;NCT00411242;NCT00463242;NCT00467402;NCT01488071;NCT02374567;NCT03852160,"Efficacy, Safety and Tolerability of Agomelatine in the Treatment of Major Depressive Disorder",not_screened_here,305376c9c02b0ca7f85a
psychiatric_mood,"Depressive Disorder, Major",D003865,nicergoline,DB00699,ADRA1A,148,1,10.905,7.826,14.865,10,False,False,True,1,PHASE3,broader_narrower_depressive_spectrum,NCT02374567,Pharmacovigilance in Gerontopsychiatric Patients,not_screened_here,f6dc800836086cec4df8
psychiatric_mood,Depressive Disorder,D003866,bromperidol,DB12401,DRD2,1813,1,11.057,7.923,14.434,10,False,True,False,1,PHASE3,broader_narrower_depressive_spectrum,NCT02374567,Pharmacovigilance in Gerontopsychiatric Patients,not_screened_here,6f56f673ce979716378e
psychiatric_mood,Depressive Disorder,D003866,pentoxifylline,DB00806,TNF; PDE4B; PDE4D; PDE4A,7124; 5142; 5144; 5141,4,11.101,7.674,13.93,10,False,True,True,2,PHASE1|PHASE2;PHASE2,broader_narrower_depressive_spectrum,NCT01625845;NCT05324735,Anti-INFLammatory to Address Mood and Endothelial Dysfunction (INFLAMED),not_screened_here,e9471c9b8d3177670022
psychiatric_mood,Depressive Disorder,D003866,testosterone,DB00624,ESR1; AR; 4306,2099; 367; 4306,3,11.229,7.526,17.265,10,False,True,True,1,PHASE2,broader_narrower_depressive_spectrum,NCT01121211,Hormonal Factors in the Treatment of Anorexia Nervosa,not_screened_here,3dc03113ae63cbdc9170
psychiatric_mood,Depressive Disorder,D003866,estradiol,DB00783,ESR1; CHRNA4,2099; 1137,2,11.362,8.111,16.121,10,False,False,True,4,PHASE2;PHASE2|PHASE3,broader_narrower_depressive_spectrum,NCT00001481;NCT01126801;NCT01308814;NCT03689543,The Role of Hormones in Postpartum Mood Disorders,not_screened_here,165251de20d8b6a1f4d3
psychiatric_mood,"Depressive Disorder, Major",D003865,fluvoxamine,DB00176,SLC6A4,6532,1,11.43,9.778,14.643,10,False,False,True,2,PHASE2;PHASE3,broader_narrower_depressive_spectrum,NCT02374567;NCT04160377,Pharmacovigilance in Gerontopsychiatric Patients,not_screened_here,96e4541599e2ee4f24ef
psychiatric_mood,Depressive Disorder,D003866,benperidol,DB12867,DRD2,1813,1,11.871,8.085,15.446,10,False,True,False,1,PHASE3,broader_narrower_depressive_spectrum,NCT02374567,Pharmacovigilance in Gerontopsychiatric Patients,not_screened_here,0805ce0b4527c9dd65c9
psychiatric_mood,Bipolar Disorder,D001714,modafinil,DB00745,SLC6A3,6531,1,12.043,9.906,18.227,10,False,True,False,1,PHASE3,exact_or_named_subtype,NCT07263022,Cognitive Strategies in Early Psychosis 2,not_screened_here,0c948b722f0b90584160
psychiatric_mood,Bipolar Disorder,D001714,gabapentin,DB00996,CACNA1C; CACNB2; GRIN2B; 2903,775; 783; 2904; 2903,4,12.048,9.268,20.523,10,False,True,False,3,PHASE2,exact_or_named_subtype,NCT03220776;NCT03334721;NCT05064319,Imaging GABAergic/Glutamatergic Drugs in Bipolar Alcoholics Alcoholics,not_screened_here,511b1dc5ee6b810cba88
psychiatric_mood,Depressive Disorder,D003866,mifepristone,DB00834,AR; NR3C1,367; 2908,2,12.15,10.58,13.662,10,False,True,True,8,PHASE2;PHASE2|PHASE3;PHASE3,broader_narrower_depressive_spectrum,NCT00128479;NCT00128505;NCT00130676;NCT00146523;NCT00208156;NCT00637494;NCT00725270;NCT05217758,A United States Study of the Safety and Tolerability of Corlux for Psychotic Symptoms in Psychotic Major Depression,not_screened_here,b26add0a4baaf58dc829
psychiatric_mood,"Depressive Disorder, Major",D003865,milnacipran,DB04896,SLC6A4; SLC6A2,6532; 6530,2,12.346,10.747,13.664,10,False,False,True,2,PHASE2|PHASE3;PHASE3,broader_narrower_depressive_spectrum,NCT00225511;NCT02783430,Study Evaluating Effexor XR for Major Depression.,not_screened_here,78bbadaf1947b489d29d
psychiatric_mood,"Depressive Disorder, Major",D003865,methylphenidate,DB00422,SLC6A4; SLC6A2,6532; 6530,2,12.615,9.763,13.835,10,False,False,True,3,PHASE2|PHASE3;PHASE3,broader_narrower_depressive_spectrum,NCT00246233;NCT01497548;NCT05474846,CONCERTA® (Methylphenidate Hydrochloride) as add-on Therapy in the Treatment of Adult Major Depressive Disorder.,not_screened_here,e14b783b64d36df5b0a2
psychiatric_mood,Bipolar Disorder,D001714,zonisamide,DB00909,MAOA,4128,1,12.717,7.72,24.287,10,False,True,False,1,PHASE2,exact_or_named_subtype,NCT01566370,Zonisamide for Heavy Drinkers With Bipolar Disorder,not_screened_here,5440c90771350b6f8414
psychiatric_mood,Depressive Disorder,D003866,lorazepam,DB00186,GABRA3; GABRA6,2556; 2559,2,12.748,7.88,15.095,10,False,False,True,1,PHASE3,broader_narrower_depressive_spectrum,NCT02374567,Pharmacovigilance in Gerontopsychiatric Patients,not_screened_here,2ff7392c91574eab1451
psychiatric_mood,Depressive Disorder,D003866,donepezil,DB00843,HTR2A,3356,1,12.968,10.57,17.861,10,False,True,False,1,PHASE3,broader_narrower_depressive_spectrum,NCT02374567,Pharmacovigilance in Gerontopsychiatric Patients,not_screened_here,1345daa53dc4e9e041c6
psychiatric_mood,"Depressive Disorder, Major",D003865,gabapentin,DB00996,CACNA1C,775,1,13.921,10.032,18.83,10,False,False,True,2,PHASE2;PHASE3,broader_narrower_depressive_spectrum,NCT00654953;NCT02374567,"Clinical Efficacy of Sertraline Augmented With Gabapentin in Depressed, Recently Abstinent Cocaine-dependent Humans",not_screened_here,cfb79e0d10977fc3f5cd
psychiatric_mood,Depressive Disorder,D003866,diazepam,DB00829,GABRA3; GABRB3; GABRA6,2556; 2562; 2559,3,14.224,8.779,18.126,10,False,False,True,1,PHASE3,broader_narrower_depressive_spectrum,NCT02374567,Pharmacovigilance in Gerontopsychiatric Patients,not_screened_here,93cb7facab53b1559570
psychiatric_mood,Depressive Disorder,D003866,clonazepam,DB01068,GABRA3; GABRB3; GABRA6,2556; 2562; 2559,3,14.334,8.707,17.843,10,False,False,True,1,PHASE3,broader_narrower_depressive_spectrum,NCT02374567,Pharmacovigilance in Gerontopsychiatric Patients,not_screened_here,933d96fbb33f0e616f53
psychiatric_mood,Depressive Disorder,D003866,biperiden,DB00810,CHRM2; CHRNA2,1129; 1135,2,14.485,5.695,20.984,10,False,False,True,1,PHASE3,broader_narrower_depressive_spectrum,NCT02374567,Pharmacovigilance in Gerontopsychiatric Patients,not_screened_here,9f243eb24e8bb6aedeb0
psychiatric_mood,Depressive Disorder,D003866,venlafaxine,DB00285,SLC6A4; SLC6A3; SLC6A2,6532; 6531; 6530,3,14.824,12.796,18.738,10,False,True,True,17,PHASE1|PHASE2;PHASE2;PHASE2|PHASE3;PHASE3,broader_narrower_depressive_spectrum,NCT00018902;NCT00043550;NCT00080158;NCT00086190;NCT00131456;NCT00351910;NCT00435279;NCT00448058;NCT00584974;NCT01557712;NCT02086929;NCT02263248;NCT02374567;NCT05104918;NCT05603104;NCT05724849;NCT05973786,Treatment of SSRI-Resistant Depression In Adolescents (TORDIA),not_screened_here,f8c1efcd34160ef90282
psychiatric_mood,Bipolar Disorder,D001714,armodafinil,DB06413,SLC6A3,6531,1,14.951,8.784,16.723,10,False,True,False,1,PHASE2,exact_or_named_subtype,NCT00481195,Armodafinil Treatment as Adjunctive Therapy in Adults With Major Depression Associated With Bipolar I Disorder,not_screened_here,39e13840726787e8fcc5
psychiatric_mood,Depressive Disorder,D003866,diphenhydramine,DB01075,CHRM2,1129,1,15.031,5.217,19.989,10,False,False,True,2,PHASE2;PHASE3,broader_narrower_depressive_spectrum,NCT02106325;NCT02374567,Ketamine as a Rapidly-Acting Antidepressant in Depressed Emergency Department Patients,not_screened_here,7049d2cacaf3987b36f3
psychiatric_mood,Depressive Disorder,D003866,methylphenidate,DB00422,SLC6A4; SLC6A3; SLC6A2,6532; 6531; 6530,3,15.181,12.884,21.095,10,False,True,True,3,PHASE2|PHASE3;PHASE3,broader_narrower_depressive_spectrum,NCT00246233;NCT01497548;NCT05474846,CONCERTA® (Methylphenidate Hydrochloride) as add-on Therapy in the Treatment of Adult Major Depressive Disorder.,not_screened_here,c9ec0e8e36f4e8693e1b
psychiatric_mood,Depressive Disorder,D003866,fluvoxamine,DB00176,SLC6A4,6532,1,15.289,13.992,21.974,10,False,True,False,2,PHASE2;PHASE3,broader_narrower_depressive_spectrum,NCT02374567;NCT04160377,Pharmacovigilance in Gerontopsychiatric Patients,not_screened_here,5dcc7fe7fa2d7fd788d4
psychiatric_mood,Bipolar Disorder,D001714,Lisdexamfetamine,DB01255,SLC6A3,6531,1,15.701,12.1,18.665,10,False,True,False,2,PHASE3,exact_or_named_subtype,NCT01093963;NCT01131559,Efficacy Study of Lisdexamfetamine to Treat Bipolar Depression,not_screened_here,fe160cd1519b16ebf95c
psychiatric_mood,Depressive Disorder,D003866,milnacipran,DB04896,SLC6A4; SLC6A2,6532; 6530,2,15.855,14.159,21.241,10,False,True,False,2,PHASE2|PHASE3;PHASE3,broader_narrower_depressive_spectrum,NCT00225511;NCT02783430,Study Evaluating Effexor XR for Major Depression.,not_screened_here,164b49899669e989f1a8
psychiatric_mood,Depressive Disorder,D003866,escitalopram,DB01175,SLC6A4; SLC6A2; SLC6A3,6532; 6530; 6531,3,16.248,14.506,19.06,10,False,True,True,59,PHASE1|PHASE2;PHASE2;PHASE2|PHASE3;PHASE3,broader_narrower_depressive_spectrum,NCT00073411;NCT00080158;NCT00086307;NCT00107120;NCT00108979;NCT00109044;NCT00135421;NCT00136318;NCT00149825;NCT00166296;NCT00239954;NCT00296933;NCT00351169;NCT00351910;NCT00406640;NCT00415142;NCT00420004;NCT00432614;NCT00475878;NCT00488670;NCT00531622;NCT00566202;NCT00610506;NCT00642694;NCT00668525;NCT00822744;NCT00837564;NCT00953108;NCT00965497;NCT01020799;NCT01034995;NCT01111539;NCT01111552;NCT01111565;NCT01123707;NCT01219686;NCT01360866;NCT01363310;NCT01368432;NCT01369095;NCT01655706;NCT01741142;NCT02153567;NCT02191397;NCT02374567;NCT02469545;NCT02623231;NCT02674529;NCT03652870;NCT03852160;NCT03909217;NCT04162522;NCT04476030;NCT05536414;NCT05603104;NCT05950061;NCT05973786;NCT06705478;NCT06828887,Duloxetine Compared to Escitalopram and Placebo in the Treatment of Patients With Depression,not_screened_here,42509a3fbc5613d2b593
psychiatric_mood,"Depressive Disorder, Major",D003865,pregabalin,DB00230,CACNA1C,775,1,16.63,12.275,19.841,10,False,False,True,1,PHASE3,broader_narrower_depressive_spectrum,NCT02374567,Pharmacovigilance in Gerontopsychiatric Patients,not_screened_here,18569199381a51cc1f5c
psychiatric_mood,"Depressive Disorder, Major",D003865,Dehydroepiandrosterone,DB01708,ESR2,2100,1,17.294,16.185,21.019,10,False,False,True,1,PHASE2,broader_narrower_depressive_spectrum,NCT00001487,Treatment of Mid-Life-Related Mood Disorders,not_screened_here,0b6e90823e26241bd2b2
psychiatric_mood,"Depressive Disorder, Major",D003865,amlodipine,DB00381,CACNA1C,775,1,17.338,14.868,19.987,10,False,False,True,1,PHASE3,broader_narrower_depressive_spectrum,NCT01557153,Vascular Augmentation of Late-life Unremitted Depression (VALUeD),not_screened_here,83e9bec649a64111a392
psychiatric_mood,Depressive Disorder,D003866,oxazepam,DB00842,GABRA3; GABRB3,2556; 2562,2,17.706,10.226,21.722,10,False,False,True,1,PHASE3,broader_narrower_depressive_spectrum,NCT02374567,Pharmacovigilance in Gerontopsychiatric Patients,not_screened_here,6f8b0d32a81e380647dc
psychiatric_mood,Depressive Disorder,D003866,clobazam,DB00349,GABRA3; GABRB3; GABRA6,2556; 2562; 2559,3,17.752,9.905,21.565,10,False,False,True,1,PHASE3,broader_narrower_depressive_spectrum,NCT02374567,Pharmacovigilance in Gerontopsychiatric Patients,not_screened_here,25e2997d3e37cda7008c
psychiatric_mood,Depressive Disorder,D003866,acamprosate,DB00659,GABRA3; GABRB3; GRIN2B; 2903,2556; 2562; 2904; 2903,4,17.956,9.174,22.094,10,False,False,True,2,PHASE2;PHASE3,broader_narrower_depressive_spectrum,NCT02374567;NCT04498897,Pharmacovigilance in Gerontopsychiatric Patients,not_screened_here,745a21728201ce2d7270
psychiatric_mood,Bipolar Disorder,D001714,carbamazepine,DB00564,SCN8A,6334,1,17.983,10.546,22.747,10,False,True,False,1,PHASE3,exact_or_named_subtype,NCT00266630,Efficacy and Safety of Olanzapine in the Extended Treatment for Manic or Mixed Episode of Bipolar I Disorder,not_screened_here,56df4f342979f484e8f4
psychiatric_mood,Depressive Disorder,D003866,Levomilnacipran,DB08918,SLC6A4; SLC6A2,6532; 6530,2,18.031,16.386,22.5,10,False,True,False,2,PHASE3,broader_narrower_depressive_spectrum,NCT02431806;NCT02720198,Safety and Efficacy of Levomilnacipran ER in Adolescent Participants With Major Depressive Disorder,not_screened_here,ba6cb59e988ce2e7d6ab
psychiatric_mood,"Depressive Disorder, Major",D003865,moclobemide,DB01171,MAOB; MAOA,4129; 4128,2,18.092,14.208,24.884,10,False,False,True,1,PHASE3,broader_narrower_depressive_spectrum,NCT02374567,Pharmacovigilance in Gerontopsychiatric Patients,not_screened_here,f1cb5a928102e530f5c6
psychiatric_mood,"Depressive Disorder, Major",D003865,testosterone,DB00624,4306,4306,1,18.216,13.489,30.838,10,False,False,True,1,PHASE2,broader_narrower_depressive_spectrum,NCT01121211,Hormonal Factors in the Treatment of Anorexia Nervosa,not_screened_here,4cf2b7f5dffa7afb292c
psychiatric_mood,"Depressive Disorder, Major",D003865,estradiol,DB00783,ESR2,2100,1,18.25,14.492,23.041,10,False,False,True,4,PHASE2;PHASE2|PHASE3,broader_narrower_depressive_spectrum,NCT00001481;NCT01126801;NCT01308814;NCT03689543,The Role of Hormones in Postpartum Mood Disorders,not_screened_here,86e04359aaeb3585e220
psychiatric_mood,Depressive Disorder,D003866,armodafinil,DB06413,SLC6A3,6531,1,18.42,17.282,28.142,10,False,False,True,5,PHASE2;PHASE3,broader_narrower_depressive_spectrum,NCT00481195;NCT01072630;NCT01072929;NCT01121536;NCT01305408,Armodafinil Treatment as Adjunctive Therapy in Adults With Major Depression Associated With Bipolar I Disorder,not_screened_here,4013261fcad6446ac3a4
psychiatric_mood,Depressive Disorder,D003866,propofol,DB00818,GABRA3,2556,1,18.478,10.033,21.218,10,False,False,True,3,PHASE2;PHASE2|PHASE3,broader_narrower_depressive_spectrum,NCT03684447;NCT06867549;NCT07479550,Neural and Antidepressant Effects of Propofol,not_screened_here,b0a3d2a7f99e955e3971
psychiatric_mood,"Depressive Disorder, Major",D003865,pioglitazone,DB01132,MAOB,4129,1,18.711,15.879,21.36,10,False,False,True,1,PHASE2,broader_narrower_depressive_spectrum,NCT00671515,Pioglitazone for the Treatment of Major Depressive Disorder Comorbid With Metabolic Syndrome,not_screened_here,077db9e6fdc18b2ec2e0
psychiatric_mood,Depressive Disorder,D003866,modafinil,DB00745,SLC6A3,6531,1,18.775,14.621,29.491,10,False,False,True,4,PHASE2|PHASE3;PHASE3,broader_narrower_depressive_spectrum,NCT00215176;NCT03620253;NCT04317001;NCT07263022,Modafinil for Atypical Depression,not_screened_here,ec7832089d84200e54ec
psychiatric_mood,Depressive Disorder,D003866,Zopiclone,DB01198,GABRA3,2556,1,18.942,13.106,32.392,10,False,False,True,1,PHASE3,broader_narrower_depressive_spectrum,NCT02374567,Pharmacovigilance in Gerontopsychiatric Patients,not_screened_here,46ba2bcb2659685603a0
psychiatric_mood,Depressive Disorder,D003866,Alprazolam,DB00404,GABRA3; GABRB3; GABRA6,2556; 2562; 2559,3,19.006,10.904,22.976,10,False,False,True,1,PHASE3,broader_narrower_depressive_spectrum,NCT02374567,Pharmacovigilance in Gerontopsychiatric Patients,not_screened_here,fc1285d2ba40b4cc5b70
psychiatric_mood,Depressive Disorder,D003866,taurine,DB01956,GABRA3; GABRB3; GABRA6,2556; 2562; 2559,3,19.027,10.501,22.655,10,False,False,True,1,PHASE2,broader_narrower_depressive_spectrum,NCT00217165,"Taurine as an Anti-Manic Agent: A Double-Blind, Placebo-Controlled Study",not_screened_here,16ac5f968d32b915dee5
psychiatric_mood,Depressive Disorder,D003866,guanfacine,DB01018,ADRA2A,150,1,19.336,12.133,25.578,9,False,False,True,1,PHASE2,broader_narrower_depressive_spectrum,NCT06408246,ACE-D Aim 3 Clinical Cognitive Trial to Enhance Translation in Depression,not_screened_here,a64ebc0f963bc49a162f
psychiatric_mood,Depressive Disorder,D003866,Temazepam,DB00231,GABRA3; GABRB3; GABRA6,2556; 2562; 2559,3,19.579,11.311,26.878,10,False,False,True,1,PHASE3,broader_narrower_depressive_spectrum,NCT02374567,Pharmacovigilance in Gerontopsychiatric Patients,not_screened_here,14414f5bfcafe71aa7e0
psychiatric_mood,Depressive Disorder,D003866,desvenlafaxine,DB06700,SLC6A4; SLC6A3; SLC6A2,6532; 6531; 6530,3,19.673,15.636,24.933,10,False,True,True,3,PHASE2|PHASE3;PHASE3,broader_narrower_depressive_spectrum,NCT01527786;NCT01803711;NCT04476030,Functional Outcome in Postpartum Depression in Women Treated With Desvenlafaxine,not_screened_here,c1ec2ad638c0bdb06636
psychiatric_mood,Depressive Disorder,D003866,gabapentin,DB00996,CACNA1C; GRIN2B; 2903,775; 2904; 2903,3,19.83,16.815,23.186,10,False,True,True,2,PHASE2;PHASE3,broader_narrower_depressive_spectrum,NCT00654953;NCT02374567,"Clinical Efficacy of Sertraline Augmented With Gabapentin in Depressed, Recently Abstinent Cocaine-dependent Humans",not_screened_here,c08f6143eb4b7a82a468
psychiatric_mood,Depressive Disorder,D003866,naltrexone,DB00704,OPRM1; OPRK1,4988; 4986,2,19.924,16.0,23.953,10,False,False,True,2,PHASE2;PHASE3,broader_narrower_depressive_spectrum,NCT00338962;NCT01874951,Naltrexone & SSRI in Alcoholics With Depression/PTSD,not_screened_here,b84ebbe34c9033ab7211
psychiatric_mood,Depressive Disorder,D003866,Nitrazepam,DB01595,GABRB3; GABRA6,2562; 2559,2,20.117,12.587,23.178,10,False,False,True,1,PHASE3,broader_narrower_depressive_spectrum,NCT02374567,Pharmacovigilance in Gerontopsychiatric Patients,not_screened_here,f197f7b9e37241ac273c
psychiatric_mood,Depressive Disorder,D003866,Midazolam,DB00683,GABRB3,2562,1,20.449,15.565,24.4,9,False,False,True,14,PHASE1|PHASE2;PHASE2;PHASE2|PHASE3;PHASE3,broader_narrower_depressive_spectrum,NCT00749203;NCT00768430;NCT01944293;NCT01945047;NCT02360280;NCT02374567;NCT02556606;NCT03185819;NCT03436121;NCT04939649;NCT05625555;NCT06228391;NCT06957704;NCT07227454,Ketamine as a Rapid Treatment for Post-traumatic Stress Disorder (PTSD),not_screened_here,8963064602bfaef10cfd
psychiatric_mood,Depressive Disorder,D003866,Triazolam,DB00897,GABRA3; GABRA6,2556; 2559,2,20.51,10.569,23.318,10,False,False,True,1,PHASE3,broader_narrower_depressive_spectrum,NCT02374567,Pharmacovigilance in Gerontopsychiatric Patients,not_screened_here,be7dfd6c729b5269c95e
psychiatric_mood,Depressive Disorder,D003866,Fentanyl,DB00813,OPRM1,4988,1,20.656,17.632,27.219,10,False,False,True,1,PHASE2|PHASE3,broader_narrower_depressive_spectrum,NCT03167905,CODEPAD (Collaborative Outcomes of DEpression and Pain Associated With Delivery),not_screened_here,195f70d70dd699b196eb
psychiatric_mood,Bipolar Disorder,D001714,lacosamide,DB06218,SCN8A,6334,1,21.192,15.441,26.807,10,False,True,False,1,PHASE3,exact_or_named_subtype,NCT07412132,"Evaluation of the Efficacy, Safety, and Tolerability of Lacosamide in Major Depressive Episodes of Bipolar Disorder Types I and II.",not_screened_here,21562b8f079840e25e54
psychiatric_mood,Depressive Disorder,D003866,carbamazepine,DB00564,CHRNA4,1137,1,21.319,20.013,27.923,10,False,False,True,1,PHASE3,broader_narrower_depressive_spectrum,NCT02374567,Pharmacovigilance in Gerontopsychiatric Patients,not_screened_here,4f0d50b124d041d40dbc
psychiatric_mood,Depressive Disorder,D003866,amlodipine,DB00381,CACNA1C,775,1,21.362,19.983,30.233,10,False,True,False,1,PHASE3,broader_narrower_depressive_spectrum,NCT01557153,Vascular Augmentation of Late-life Unremitted Depression (VALUeD),not_screened_here,910e40850c6b9e349f07
psychiatric_mood,Depressive Disorder,D003866,zolpidem,DB00425,GABRA3; GABRB3,2556; 2562,2,21.813,11.833,29.069,10,False,False,True,1,PHASE3,broader_narrower_depressive_spectrum,NCT02374567,Pharmacovigilance in Gerontopsychiatric Patients,not_screened_here,aa6d589e4c9a1acb261e
psychiatric_mood,Depressive Disorder,D003866,Buprenorphine,DB00921,OPRM1; OPRK1,4988; 4986,2,21.851,19.106,25.831,10,False,False,True,8,PHASE1|PHASE2;PHASE2;PHASE3,broader_narrower_depressive_spectrum,NCT00863291;NCT01071538;NCT01407575;NCT02176291;NCT02181231;NCT02263248;NCT03646058;NCT04116528,A Double-Blind Study of Buprenorphine Treatment of Acute Suicidality,not_screened_here,ef9f5ca704c3f7d6778d
psychiatric_mood,Depressive Disorder,D003866,Bromazepam,DB01558,GABRA3; GABRB3; GABRA6,2556; 2562; 2559,3,21.861,12.761,28.347,10,False,False,True,1,PHASE3,broader_narrower_depressive_spectrum,NCT02374567,Pharmacovigilance in Gerontopsychiatric Patients,not_screened_here,e95c8d7bc26c223941c6
psychiatric_mood,Depressive Disorder,D003866,pregabalin,DB00230,CACNA1C,775,1,22.16,19.338,25.695,10,False,True,False,1,PHASE3,broader_narrower_depressive_spectrum,NCT02374567,Pharmacovigilance in Gerontopsychiatric Patients,not_screened_here,83ed50195d3806a0af6a
psychiatric_mood,Depressive Disorder,D003866,eszopiclone,DB00402,GABRB3; GABRA6,2562; 2559,2,23.001,14.68,25.638,10,False,False,True,2,PHASE3,broader_narrower_depressive_spectrum,NCT00368030;NCT00435279,A Study of Eszopiclone in Subjects With Insomnia Related to Major Depressive Disorder,not_screened_here,4fc1c4569f35461e59ab
psychiatric_mood,Depressive Disorder,D003866,Morphine,DB00295,OPRM1; OPRK1,4988; 4986,2,23.32,18.616,27.346,10,False,False,True,2,PHASE2;PHASE2|PHASE3,broader_narrower_depressive_spectrum,NCT02804022;NCT04011163,Vital-signs-integrated Patient-assisted Intravenous Opioid Analgesia,not_screened_here,7a5e8a4c610201805175
psychiatric_mood,Depressive Disorder,D003866,Lisdexamfetamine,DB01255,SLC6A3,6531,1,23.574,16.343,27.845,10,False,False,True,2,PHASE3,broader_narrower_depressive_spectrum,NCT01093963;NCT01131559,Efficacy Study of Lisdexamfetamine to Treat Bipolar Depression,not_screened_here,2597bac178c6e2063ad5
psychiatric_mood,Depressive Disorder,D003866,Flurazepam,DB00690,GABRB3,2562,1,24.89,14.152,29.912,9,False,False,True,1,PHASE3,broader_narrower_depressive_spectrum,NCT02374567,Pharmacovigilance in Gerontopsychiatric Patients,not_screened_here,8563b74e9a04eed6e546
psychiatric_mood,Depressive Disorder,D003866,pioglitazone,DB01132,MAOB,4129,1,25.729,20.66,30.805,10,False,True,False,1,PHASE2,broader_narrower_depressive_spectrum,NCT00671515,Pioglitazone for the Treatment of Major Depressive Disorder Comorbid With Metabolic Syndrome,not_screened_here,d9d8cb8495ce8adffb4e
psychiatric_mood,Bipolar Disorder,D001714,felbamate,DB00949,GRIN3A; GRIN2B; 2903; GRIN1,116443; 2904; 2903; 2902,4,25.935,15.653,37.457,10,False,True,False,1,PHASE2,exact_or_named_subtype,NCT00034229,Clinical Trial of Felbamate for Treatment-Resistant Bipolar Depression,not_screened_here,d7ff0eaa37bd1d54692e
psychiatric_mood,Depressive Disorder,D003866,tranylcypromine,DB00752,MAOB; MAOA,4129; 4128,2,26.881,22.597,31.856,10,False,True,False,1,PHASE3,broader_narrower_depressive_spectrum,NCT02374567,Pharmacovigilance in Gerontopsychiatric Patients,not_screened_here,32dd4e72a8df57e0b3b0
psychiatric_mood,Depressive Disorder,D003866,Phenobarbital,DB01174,2903,2903,1,28.663,24.451,32.18,10,False,False,True,1,PHASE3,broader_narrower_depressive_spectrum,NCT02374567,Pharmacovigilance in Gerontopsychiatric Patients,not_screened_here,48046876e0f966216fd1
psychiatric_mood,Bipolar Disorder,D001714,Valproic Acid,DB00313,PPARD,5467,1,29.295,19.265,41.846,9,False,True,False,2,PHASE2;PHASE3,exact_or_named_subtype,NCT01674010;NCT02456454,Safety and Efficacy Study of ELND005 as an Adjunctive Maintenance Treatment in Bipolar I Disorder,not_screened_here,c4e20d40be51d821b91c
psychiatric_mood,"Depressive Disorder, Major",D003865,cyclophosphamide,DB00531,CYP2D6; CYP2C19,1565; 1557,2,31.125,19.557,60.623,10,False,False,True,1,PHASE2,broader_narrower_depressive_spectrum,NCT00424203,"Doxorubicin and Cyclophosphamide in Treating Older Women With Stage I, Stage II, or Stage III Breast Cancer That Has Been Removed By Surgery",not_screened_here,318c83ff461d5047bc9c
psychiatric_mood,Depressive Disorder,D003866,mecamylamine,DB00657,CHRNA4,1137,1,31.289,23.28,34.221,10,False,False,True,2,PHASE2;PHASE3,broader_narrower_depressive_spectrum,NCT00563797;NCT00593879,Mecamylamine for the Treatment of Patients With Depression and Alcohol Dependence,not_screened_here,a0cad97f9aed75e3ffbb
psychiatric_mood,Bipolar Disorder,D001714,Glycine,DB00145,2903,2903,1,31.599,17.6,40.224,10,False,True,False,1,PHASE2,exact_or_named_subtype,NCT01720316,Neurobiology of a Mutation in Glycine Metabolism in Psychotic Disorders,not_screened_here,6a1cf448936895d73dc9
psychiatric_mood,Depressive Disorder,D003866,roflumilast,DB01656,PDE4B,5142,1,32.892,25.028,40.764,10,False,False,True,1,PHASE3,broader_narrower_depressive_spectrum,NCT06860958,Roflumilast as an Adjunct to Antidepressants in Major Depressive Disorder Patients,not_screened_here,e45428fcdb0c44157f10
psychiatric_mood,Bipolar Disorder,D001714,bezafibrate,DB01393,PPARD,5467,1,36.572,27.633,58.296,9,False,True,False,1,PHASE2,exact_or_named_subtype,NCT02481245,BezafibrateTreatment for Bipolar Depression: A Proof of Concept Study,not_screened_here,86f7de19ea4c46d149bf
psychiatric_mood,"Depressive Disorder, Major",D003865,minocycline,DB01017,VEGFA,7422,1,46.422,23.245,53.716,9,False,False,True,7,PHASE2;PHASE3,broader_narrower_depressive_spectrum,NCT01403662;NCT01429272;NCT01809340;NCT02456948;NCT02703363;NCT03947827;NCT06207760,Evaluating the Efficacy of Adjunctive Minocycline for the Treatment of Bipolar Depression,not_screened_here,b332e9a99eeff43c7a5b
psychiatric_mood,Depressive Disorder,D003866,cyclophosphamide,DB00531,CYP2C19,1557,1,50.307,26.839,59.101,9,False,True,False,1,PHASE2,broader_narrower_depressive_spectrum,NCT00424203,"Doxorubicin and Cyclophosphamide in Treating Older Women With Stage I, Stage II, or Stage III Breast Cancer That Has Been Removed By Surgery",not_screened_here,3f0d5b66011ba5459608
prostate_oncology,Prostatic Neoplasms,D011471,dexamethasone,DB01234,NR3C1,2908,1,1.608,1.035,8.826,9,True,False,True,23,PHASE1|PHASE2;PHASE2;PHASE3,exact_or_named_subtype,NCT00006002;NCT00024167;NCT00054522;NCT00060398;NCT00084864;NCT00176293;NCT00288080;NCT00316927;NCT00427999;NCT00473512;NCT00524589;NCT01036594;NCT01188187;NCT01250717;NCT02047253;NCT02649790;NCT02709889;NCT03834506;NCT04907227;NCT06136624;NCT06136650;NCT06353386;NCT06616597,SU5416 Compared to Dexamethasone in Treating Patients With Progressive Prostate Cancer That Has Not Responded to Hormone Therapy,not_screened_here,2902a3fe8bfd8d3ae1bd
prostate_oncology,Prostatic Neoplasms,D011471,hydrocortisone,DB00741,NR3C1,2908,1,1.627,0.788,9.57,10,True,False,True,7,PHASE1|PHASE2;PHASE2;PHASE3,exact_or_named_subtype,NCT00181597;NCT00859781;NCT00895310;NCT00953576;NCT01036594;NCT06136624;NCT06136650,Trilostane for Androgen-Independent Prostate Cancer,not_screened_here,178bf46fc06f5f42913f
prostate_oncology,Prostatic Neoplasms,D011471,prednisone,DB00635,NR3C1,2908,1,1.8,0.359,12.44,10,True,False,True,190,PHASE1|PHASE2;PHASE2;PHASE2|PHASE3;PHASE3,exact_or_named_subtype,NCT00003232;NCT00003343;NCT00004001;NCT00004071;NCT00004124;NCT00024167;NCT00058084;NCT00069745;NCT00087165;NCT00089609;NCT00110214;NCT00124566;NCT00132301;NCT00134056;NCT00137436;NCT00182741;NCT00255606;NCT00258388;NCT00268593;NCT00288080;NCT00293371;NCT00313482;NCT00313781;NCT00331344;NCT00348816;NCT00385827;NCT00411528;NCT00416533;NCT00417079;NCT00436839;NCT00436956;NCT00452387;NCT00459186;NCT00466440;NCT00485303;NCT00503984;NCT00514267;NCT00527124;NCT00537381;NCT00541281;NCT00544440;NCT00598858;NCT00627354;NCT00634647;NCT00642018;NCT00676650;NCT00683475;NCT00744497;NCT00770848;NCT00811031;NCT00879619;NCT00887198;NCT00924469;NCT00942578;NCT00988208;NCT00996502;NCT01023061;NCT01051570;NCT01083615;NCT01084655;NCT01088529;NCT01120470;NCT01145508;NCT01188187;NCT01193244;NCT01193257;NCT01204710;NCT01234025;NCT01254864;NCT01308567;NCT01309672;NCT01393730;NCT01424930;NCT01468532;NCT01469338;NCT01478308;NCT01485861;NCT01503229;NCT01517802;NCT01522443;NCT01553188;NCT01576172;NCT01578655;NCT01605227;NCT01637402;NCT01650194;NCT01666314;NCT01681433;NCT01683994;NCT01685125;NCT01685268;NCT01695135;NCT01715285;NCT01717053;NCT01717898;NCT01718353;NCT01750866;NCT01786265;NCT01848067;NCT01940276;NCT01946165;NCT01949337;NCT01994590;NCT01995058;NCT02034552;NCT02159690;NCT02217566;NCT02257736;NCT02268175;NCT02344017;NCT02379390;NCT02453009;NCT02494921;NCT02522715;NCT02685267;NCT02703623;NCT02758132;NCT02789878;NCT02807805;NCT02844582;NCT02849990;NCT02867020;NCT02903160;NCT02903368;NCT02949284;NCT02960022;NCT02961257;NCT02985957;NCT03007732;NCT03009981;NCT03012321;NCT03093272;NCT03098836;NCT03141671;NCT03279250;NCT03338790;NCT03356912;NCT03360721;NCT03414034;NCT03419234;NCT03436654;NCT03480646;NCT03565835;NCT03649841;NCT03678025;NCT03706365;NCT03748641;NCT03761225;NCT03777982;NCT03821792;NCT03827473;NCT03833921;NCT03834506;NCT03834519;NCT03860987;NCT03934840;NCT04056754;NCT04100018;NCT04175431;NCT04262154;NCT04267887;NCT04356430;NCT04446117;NCT04497844;NCT04556617;NCT04633252;NCT04734730;NCT04748042;NCT04887506;NCT04907227;NCT04947254;NCT05223582;NCT05689021;NCT05848011;NCT06136624;NCT06173362;NCT06329830;NCT06353386;NCT06378866;NCT06384222;NCT06392841;NCT06470243;NCT06500247;NCT06527690;NCT06650579;NCT06925737;NCT07005154;NCT07237269;NCT07620574;NCT07650240,Combination Chemotherapy in Treating Pain in Hormone Refractory Metastatic Prostate Cancer,not_screened_here,9728d7920ee49b4bf215
prostate_oncology,Prostatic Neoplasms,D011471,aspirin,DB00945,PTGS2; TP53,5743; 7157,2,2.067,0.174,4.716,10,True,True,True,1,PHASE2,exact_or_named_subtype,NCT02420652,Metformin Hydrochloride and Aspirin in Treating Patients With Hormone-Dependent Prostate Cancer That Has Progressed After Surgery or Radiation Therapy,not_screened_here,5835d4ae9448405d70e9
prostate_oncology,Prostatic Neoplasms,D011471,prednisolone,DB00860,NR3C1,2908,1,2.166,0.377,8.661,9,True,False,True,12,PHASE1|PHASE2;PHASE2;PHASE2|PHASE3;PHASE3,exact_or_named_subtype,NCT00268476;NCT00498797;NCT00554918;NCT01485861;NCT01685983;NCT01756638;NCT01795703;NCT02288247;NCT03834519;NCT04736108;NCT07005154;NCT07553988,Systemic Therapy in Advancing or Metastatic Prostate Cancer: Evaluation of Drug Efficacy,not_screened_here,ae7e262357ee7ac6217f
prostate_oncology,Prostatic Neoplasms,D011471,methylprednisolone,DB00959,NR3C1,2908,1,2.285,1.196,10.629,10,True,False,True,2,PHASE3,exact_or_named_subtype,NCT00003682;NCT02887976,Methylprednisolone With or Without Doxorubicin in Treating Patients With Metastatic Prostate Cancer,not_screened_here,8588c31cdcf498afdd65
prostate_oncology,Prostatic Neoplasms,D011471,ibuprofen,DB01050,PTGS2; PPARA; BCL2,5743; 5465; 596,3,2.307,0.902,5.393,10,True,False,True,1,PHASE1|PHASE2,exact_or_named_subtype,NCT03493945,"Phase I/II Study of Immunotherapy Combination BN-Brachyury Vaccine, M7824, N-803 and Epacadostat (QuEST1)",not_screened_here,90db5324162ae855c937
prostate_oncology,Prostatic Neoplasms,D011471,Thalidomide,DB01041,PTGS2,5743,1,3.027,0.492,6.122,10,True,False,True,11,PHASE1|PHASE2;PHASE2;PHASE3,exact_or_named_subtype,NCT00001446;NCT00004635;NCT00020046;NCT00038181;NCT00038246;NCT00046826;NCT00083005;NCT00089609;NCT00307294;NCT00400517;NCT00450008,A Randomized Phase II Study of Oral Thalidomide in Patients With Hormone-Refractory Prostate Cancer,not_screened_here,da24b79797d43c86c5fb
prostate_oncology,Prostatic Neoplasms,D011471,carvedilol,DB01136,ADRB2; VEGFA,154; 7422,2,3.57,2.973,11.014,10,True,False,True,1,PHASE2,exact_or_named_subtype,NCT02944201,Beta Adrenergic Receptor Blockade as a Novel Therapy for Patients With Adenocarcinoma of the Prostate,not_screened_here,a5e2c0865662a9986a6a
prostate_oncology,Prostatic Neoplasms,D011471,lenalidomide,DB00480,PTGS2,5743,1,3.98,1.308,7.061,10,True,False,True,5,PHASE1|PHASE2;PHASE2;PHASE3,exact_or_named_subtype,NCT00460031;NCT00939510;NCT00942578;NCT00988208;NCT01093183,Treating Patients With Prostate Cancer That Did Not Respond to Hormone Therapy,not_screened_here,b0eda47e645fabe2fd0a
prostate_oncology,Prostatic Neoplasms,D011471,naproxen,DB00788,PTGS2,5743,1,4.01,1.122,6.903,10,True,False,True,1,PHASE1|PHASE2,exact_or_named_subtype,NCT03493945,"Phase I/II Study of Immunotherapy Combination BN-Brachyury Vaccine, M7824, N-803 and Epacadostat (QuEST1)",not_screened_here,bde35db545f28225819b
prostate_oncology,Prostatic Neoplasms,D011471,mirabegron,DB08893,ADRB2,154,1,4.157,4.003,19.825,10,True,False,True,1,PHASE2,exact_or_named_subtype,NCT03600766,Mirabegron for Treatment of Erectile Dysfunction in Patients With LUTS Secondry to BPH: A Randomized Study,not_screened_here,4579c6cbabc0d20bc207
prostate_oncology,Prostatic Neoplasms,D011471,indomethacin,DB00328,PTGS2; PPARA,5743; 5465,2,4.244,1.203,7.145,10,True,False,True,2,PHASE1|PHASE2;PHASE2,exact_or_named_subtype,NCT02849990;NCT02935205,"A Phase II Neoadjuvant Study of Apalutamide, Abiraterone Acetate, Prednisone, Degarelix and Indomethacin in Men With Localized Prostate Cancer Pre-prostatectomy",not_screened_here,678d2edc19003e7141a0
prostate_oncology,Prostatic Neoplasms,D011471,tamoxifen,DB00675,ESR1; SHBG,2099; 6462,2,4.831,2.975,9.199,10,True,False,True,4,PHASE2;PHASE3,exact_or_named_subtype,NCT00233610;NCT00637871;NCT06630325;NCT07535905,Two Different Regimens of Nolvadex in Preventing Gynecomastia Induced by Casodex 150 mg in Patients With Prostate Cancer,not_screened_here,62403a723eb0e2beabb6
prostate_oncology,Prostatic Neoplasms,D011471,testosterone,DB00624,ESR1,2099,1,4.863,2.883,9.829,10,True,False,True,1,PHASE2,exact_or_named_subtype,NCT00577980,Testosterone in Castration-Resistant Prostate Cancer,not_screened_here,1e92f0df565d62817721
prostate_oncology,Prostatic Neoplasms,D011471,Rofecoxib,DB00533,PTGS2,5743,1,5.128,1.601,7.861,10,True,False,True,1,PHASE3,exact_or_named_subtype,NCT00060476,Treatment With MK0966 for the Prevention of Prostate Cancer (0966-201),not_screened_here,ba804aaa049661fd8a2e
prostate_oncology,Prostatic Neoplasms,D011471,meloxicam,DB00814,PTGS2,5743,1,5.238,1.917,8.404,10,True,False,True,1,PHASE3,exact_or_named_subtype,NCT00152919,Mobicox: Study of Meloxicam to Reduce Prostate Swelling in Permanent Seed Prostate Brachytherapy,not_screened_here,01604954dcf078d34dca
prostate_oncology,Prostatic Neoplasms,D011471,celecoxib,DB00482,PTGS2,5743,1,5.366,2.059,6.882,10,True,False,True,9,PHASE2;PHASE2|PHASE3,exact_or_named_subtype,NCT00022399;NCT00073970;NCT00080782;NCT00136487;NCT00215345;NCT00218205;NCT00268476;NCT01220973;NCT02840162,Celecoxib Compared With No Treatment Before Surgery in Treating Patients With Localized Prostate Cancer,not_screened_here,8be019991bb4637af5aa
prostate_oncology,Prostatic Neoplasms,D011471,testosterone cypionate,DB13943,ESR1,2099,1,5.459,3.966,9.575,10,True,False,True,13,PHASE2,exact_or_named_subtype,NCT01750398;NCT02090114;NCT02286921;NCT03516812;NCT03554317;NCT04363164;NCT04424654;NCT04558866;NCT06039371;NCT06059118;NCT06100705;NCT06922318;NCT07142551,Bipolar Androgen-based Therapy for Prostate Cancer (BAT),not_screened_here,fc24a2eb72d9a4ba89d8
prostate_oncology,Prostatic Neoplasms,D011471,trilostane,DB01108,ESR1,2099,1,6.884,4.261,12.732,10,True,False,True,1,PHASE2,exact_or_named_subtype,NCT00181597,Trilostane for Androgen-Independent Prostate Cancer,not_screened_here,8a5f83fdef285cc5742c
prostate_oncology,Prostatic Neoplasms,D011471,mifepristone,DB00834,NR3C1,2908,1,6.923,4.653,13.049,10,True,False,True,2,PHASE1|PHASE2;PHASE2,exact_or_named_subtype,NCT00140478;NCT02012296,Mifepristone (RU-486) in Androgen Independent Prostate Cancer,not_screened_here,3b6087fcbccbc0eff95f
prostate_oncology,Prostatic Neoplasms,D011471,fulvestrant,DB00947,ESR1,2099,1,8.044,5.408,18.128,10,True,False,True,6,PHASE1|PHASE2;PHASE2,exact_or_named_subtype,NCT00217464;NCT00244998;NCT00476645;NCT04606446;NCT07288359;NCT07570966,Fulvestrant in Treating Patients With Recurrent Prostate Cancer,not_screened_here,afcf3e97407b8cb02119
prostate_oncology,Prostatic Neoplasms,D011471,cyclophosphamide,DB00531,CYP3A4; CYP2C19; CYP2A6,1576; 1557; 1548,3,8.602,4.168,14.391,10,True,False,True,9,PHASE1|PHASE2;PHASE2,exact_or_named_subtype,NCT00005960;NCT00176605;NCT00753220;NCT01093183;NCT01420965;NCT01496131;NCT01696877;NCT03514836;NCT06236139,Combination Chemotherapy in Treating Patients With Prostate Cancer That Has Not Responded to Hormone Therapy,not_screened_here,52ad7a74f576bab1400e
prostate_oncology,Prostatic Neoplasms,D011471,doxorubicin,DB00997,TOP2A,7153,1,9.121,7.377,15.122,10,True,False,True,3,PHASE2,exact_or_named_subtype,NCT00176293;NCT02494713;NCT02560051,Randomized Phase II Trial of Doxil With or Without Dexamethasone for Metastatic Hormone Refractory Prostate Cancer,not_screened_here,d808d98f90f9afc64f43
prostate_oncology,Prostatic Neoplasms,D011471,ciprofloxacin,DB00537,TOP2A,7153,1,12.616,9.813,17.833,10,False,False,True,2,PHASE2;PHASE3,exact_or_named_subtype,NCT02252978;NCT03862170,Ciprofloxacin Compared to Placebo in Diagnosing Prostate Cancer in Patients Undergoing Prostate Biopsy,not_screened_here,eb6b9c7bbcc3bc09dfcc
prostate_oncology,Prostatic Neoplasms,D011471,5-fluorouracil,DB00544,TYMS,7298,1,12.673,7.511,15.52,10,False,False,True,1,PHASE2,exact_or_named_subtype,NCT05489211,Study of Dato-DXd as Monotherapy and in Combination With Anti-cancer Agents in Patients With Advanced Solid Tumours (TROPION-PanTumor03),not_screened_here,58055359cb6258148006
prostate_oncology,Prostatic Neoplasms,D011471,metronidazole,DB00916,CYP3A4,1576,1,13.638,9.412,19.983,10,False,False,True,1,PHASE2,exact_or_named_subtype,NCT06616597,Trial Targeting Gut Bacterial Androgen Production to Reverse Therapeutic Resistance to Abiraterone in Patients With Metastatic Prostate Cancer,not_screened_here,ffde851c7916ad910e03
prostate_oncology,Prostatic Neoplasms,D011471,cholecalciferol,DB00169,VDR,7421,1,13.991,7.634,22.045,10,False,False,True,3,PHASE2,exact_or_named_subtype,NCT01325311;NCT02726113;NCT04621500,Cholecalciferol and Genistein Before Surgery in Treating Patients With Early Stage Prostate Cancer,not_screened_here,e5c5e7c6a8d80da284e2
prostate_oncology,Prostatic Neoplasms,D011471,epirubicin,DB00445,TOP2A,7153,1,16.051,14.074,22.051,10,False,False,True,1,PHASE2,exact_or_named_subtype,NCT00218205,A Study of Epirubicin With Estramustine Phosphate and Celecoxib for the Treatment of Prostate Cancer,not_screened_here,f4d61d7ea6d98d3650a6
prostate_oncology,Prostatic Neoplasms,D011471,gemcitabine,DB00441,TYMS,7298,1,16.176,11.555,18.066,10,False,False,True,3,PHASE1|PHASE2;PHASE2,exact_or_named_subtype,NCT00115635;NCT02538432;NCT06630325,Docetaxel and Gemcitabine in Hormonal Refractory Metastatic Prostate Cancer,not_screened_here,831e9b9346a027abf9ca
prostate_oncology,Prostatic Neoplasms,D011471,paclitaxel,DB01229,BCL2,596,1,17.813,8.685,22.821,10,False,False,True,18,PHASE1|PHASE2;PHASE2;PHASE3,exact_or_named_subtype,NCT00003084;NCT00003394;NCT00003614;NCT00003622;NCT00003717;NCT00004054;NCT00005028;NCT00005847;NCT00016913;NCT00028769;NCT00030654;NCT00049257;NCT00084565;NCT00151060;NCT00193193;NCT01558492;NCT04644068;NCT05652686,Combination Chemotherapy With Ketoconazole in Treating Patients With Prostate Cancer,not_screened_here,d3af6082fcc8d6ecad81
prostate_oncology,Prostatic Neoplasms,D011471,letrozole,DB01006,CYP19A1,1588,1,18.011,10.396,26.283,9,False,False,True,4,PHASE1|PHASE2;PHASE2,exact_or_named_subtype,NCT04606446;NCT06630325;NCT07288359;NCT07570966,Study of PF-07248144 in Advanced or Metastatic Solid Tumors,not_screened_here,c210636eac5876d55e07
prostate_oncology,Prostatic Neoplasms,D011471,calcitriol,DB00136,VDR,7421,1,18.805,8.372,27.579,10,False,False,True,3,PHASE2;PHASE2|PHASE3;PHASE3,exact_or_named_subtype,NCT00043576;NCT00273338;NCT00383487,ASCENT: Androgen Independent Prostate Cancer Study of Calcitriol Enhancing Taxotere,not_screened_here,a5f475dc14f804452aee
prostate_oncology,Prostatic Neoplasms,D011471,capecitabine,DB01101,TYMS,7298,1,19.086,12.682,21.119,10,False,False,True,5,PHASE2,exact_or_named_subtype,NCT00006023;NCT00124566;NCT00151047;NCT00258284;NCT05489211,Capecitabine in Treating Patients With Metastatic Prostate Cancer That Has Not Responded to Hormone Therapy,not_screened_here,1f14884e650e01471a43
prostate_oncology,Prostatic Neoplasms,D011471,Rosiglitazone,DB00412,PPARA,5465,1,19.859,17.091,29.927,10,False,False,True,1,PHASE3,exact_or_named_subtype,NCT00182052,Rosiglitazone (Avandia) vs. Placebo for Androgen Dependent Prostate Cancer,not_screened_here,715aab84fbe786edc684
prostate_oncology,Prostatic Neoplasms,D011471,minocycline,DB01017,MMP9; VEGFA,4318; 7422,2,21.325,17.28,54.7,10,False,False,True,1,PHASE3,exact_or_named_subtype,NCT02928692,Minocycline Attenuate Postoperative Cognitive Dysfunction and Delirium,not_screened_here,9cdf4a3dd16e076c4c62
prostate_oncology,Prostatic Neoplasms,D011471,sorafenib,DB00398,BRAF,673,1,21.796,7.636,33.54,10,False,False,True,3,PHASE1|PHASE2;PHASE2,exact_or_named_subtype,NCT00414388;NCT00452387;NCT00694291,Sorafenib to Overcome Resistance to Systemic Chemotherapy in Androgen-independent Prostate Cancer,not_screened_here,858b0dc05495d22942ce
prostate_oncology,Prostatic Neoplasms,D011471,pioglitazone,DB01132,PPARA,5465,1,22.022,19.195,28.252,10,False,False,True,1,PHASE2,exact_or_named_subtype,NCT00427999,Combined Antiinflammatory and Angiostatic Therapy in Patients With Hormone-refractory Prostate Cancer,not_screened_here,349e01fc6fc0fab7cde9
prostate_oncology,Prostatic Neoplasms,D011471,ketoconazole,DB01026,CYP19A1,1588,1,23.626,11.257,42.891,10,False,False,True,20,PHASE1|PHASE2;PHASE2;PHASE3,exact_or_named_subtype,NCT00002760;NCT00002855;NCT00003084;NCT00006371;NCT00014352;NCT00019695;NCT00024167;NCT00027859;NCT00030654;NCT00309894;NCT00447473;NCT00460031;NCT00536991;NCT00586898;NCT00859781;NCT00895310;NCT00953576;NCT01036594;NCT02494713;NCT02560051,Antiandrogen Withdrawal in Treating Patients With Hormone-Refractory Prostate Cancer,not_screened_here,3bf355fd3cb7a51db237
prostate_oncology,Prostatic Neoplasms,D011471,dabrafenib,DB08912,BRAF,673,1,23.918,7.599,47.345,10,False,False,True,1,PHASE2,exact_or_named_subtype,NCT02465060,"Targeted Therapy Directed by Genetic Testing in Treating Patients With Advanced Refractory Solid Tumors, Lymphomas, or Multiple Myeloma (The MATCH Screening Tri",not_screened_here,438a41a01bad3de4973f
prostate_oncology,Prostatic Neoplasms,D011471,paricalcitol,DB00910,VDR,7421,1,25.557,18.293,32.516,10,False,False,True,1,PHASE2,exact_or_named_subtype,NCT00634582,Paricalcitol in Treating Patients With Advanced Prostate Cancer and Bone Metastases,not_screened_here,3b77dc97e522f8344982
prostate_oncology,Prostatic Neoplasms,D011471,exemestane,DB00990,CYP19A1,1588,1,26.671,11.567,32.166,10,False,False,True,2,PHASE2,exact_or_named_subtype,NCT00031889;NCT06630325,Exemestane With or Without Bicalutamide in Treating Patients With Stage IV Prostate Cancer,not_screened_here,2b4bf9f3ebcafe9c3114
prostate_oncology,Prostatic Neoplasms,D011471,atorvastatin,DB01076,AHR,196,1,32.969,25.59,56.231,10,False,False,True,6,PHASE2;PHASE3,exact_or_named_subtype,NCT01821404;NCT02497638;NCT03819101;NCT03830164;NCT05404139;NCT05796973,Atorvastatin Before Prostatectomy and Prostate Cancer,not_screened_here,460eaf2ffecfc77d2f4c
prostate_oncology,Prostatic Neoplasms,D011471,ruxolitinib,DB08877,JAK2,3717,1,34.239,16.914,62.921,9,False,False,True,2,PHASE1|PHASE2;PHASE2,exact_or_named_subtype,NCT00638378;NCT06616155,Study of Ruxolitinib (INCB018424) Administered Orally to Patients With Androgen Independent Metastatic Prostate Cancer,not_screened_here,dd26824c5461de6d2fdc
prostate_oncology,Prostatic Neoplasms,D011471,leflunomide,DB01097,AHR,196,1,51.625,37.077,62.422,9,False,False,True,1,PHASE2|PHASE3,exact_or_named_subtype,NCT00004071,Mitoxantrone and Prednisone With or Without Leflunomide in Treating Patients With Stage IV Prostate Cancer,not_screened_here,9cec6838d2913d6b991b
breast_oncology,Breast Neoplasms,D001943,aspirin,DB00945,PTGS2; PTGS1; TP53,5743; 5742; 7157,3,1.073,0.196,4.516,10,True,False,True,6,PHASE2;PHASE3,exact_or_named_subtype,NCT00263211;NCT01431053;NCT02927249;NCT03794596;NCT04038489;NCT04188119,A Study of the Effects of Inhibiting Platelet Function on Circulating Cancer Cells in Breast Cancer Patients,not_screened_here,dd2ef982e9d384914d13
breast_oncology,Breast Neoplasms,D001943,pentoxifylline,DB00806,TNF,7124,1,1.537,0.063,15.737,10,True,False,True,5,PHASE2;PHASE2|PHASE3;PHASE3,exact_or_named_subtype,NCT00022204;NCT00188669;NCT02898376;NCT05189535;NCT06087237,Vitamin E and Pentoxifylline in Treating Women With Lymphedema After Radiation Therapy for Breast Cancer,not_screened_here,3ce2bb521db5d66849e4
breast_oncology,Breast Neoplasms,D001943,Thalidomide,DB01041,PTGS2; TNF; FGFR2,5743; 7124; 2263,3,1.793,0.484,6.931,10,True,False,True,2,PHASE2,exact_or_named_subtype,NCT00193102;NCT02649101,Thalidomide in Combination With Capecitabine in Patients With Metastatic Breast Cancer,not_screened_here,d4f73bec420597149cb0
breast_oncology,Breast Neoplasms,D001943,naproxen,DB00788,PTGS2; PTGS1,5743; 5742,2,2.275,1.08,10.338,10,True,False,True,1,PHASE2,exact_or_named_subtype,NCT01712009,NOLAN: Naproxen or Loratadine and Neulasta,not_screened_here,5d08d2b291023f70c870
breast_oncology,Breast Neoplasms,D001943,sulfasalazine,DB00795,PTGS2; PTGS1,5743; 5742,2,3.361,0.844,7.402,10,True,False,True,1,PHASE2,exact_or_named_subtype,NCT03847311,Sulfasalazine in Decreasing Opioids Requirements in Breast Cancer Patients,not_screened_here,38cf37e7f514e94271ff
breast_oncology,Breast Neoplasms,D001943,sulindac,DB00605,PTGS2; PTGS1,5743; 5742,2,3.852,1.21,11.14,10,True,False,True,1,PHASE2,exact_or_named_subtype,NCT00039520,Sulindac and Docetaxel in Treating Women With Metastatic or Recurrent Breast Cancer,not_screened_here,53bf48ee89c1d2aaa25a
breast_oncology,Breast Neoplasms,D001943,celecoxib,DB00482,PTGS2,5743,1,4.233,2.175,7.451,10,True,False,True,16,PHASE1|PHASE2;PHASE2;PHASE3,exact_or_named_subtype,NCT00006381;NCT00045591;NCT00056082;NCT00088972;NCT00101062;NCT00201773;NCT00291694;NCT00305643;NCT00525096;NCT00665457;NCT01425476;NCT01695226;NCT02429427;NCT03084536;NCT03185871;NCT05756166,Celecoxib and Trastuzumab in Treating Women With Metastatic Breast Cancer,not_screened_here,2129c5c2710c2f890eff
breast_oncology,Breast Neoplasms,D001943,melatonin,DB01065,ESR1,2099,1,4.48,2.508,11.297,10,True,False,True,7,PHASE1|PHASE2;PHASE2;PHASE2|PHASE3;PHASE3,exact_or_named_subtype,NCT01557478;NCT01965522;NCT02332928;NCT02506777;NCT02506790;NCT03716583;NCT07067307,Melatonin as Adjuvant Therapy in Breast Cancer Patients,not_screened_here,04d2c0fe8021c80b5464
breast_oncology,Breast Neoplasms,D001943,glucosamine,DB01296,TNF; IL1B; MMP9,7124; 3553; 4318,3,4.868,0.376,25.202,10,True,False,True,1,PHASE2,exact_or_named_subtype,NCT00691678,Glucosamine and Chondroitin for Aromatase Inhibitor Induced Joint Symptoms in Women With Breast Cancer,not_screened_here,f6a85349a7084e1bb771
breast_oncology,Breast Neoplasms,D001943,chloroquine,DB00608,TNF,7124,1,5.283,0.912,24.487,10,True,False,True,1,PHASE2,exact_or_named_subtype,NCT02333890,"A Phase 2 Randomized, Double-blind Trial Evaluating the Effects of Chloroquine in Breast Cancer",not_screened_here,c2fcbe24e0a0c1767575
breast_oncology,Breast Neoplasms,D001943,mifepristone,DB00834,AR; PGR,367; 5241,2,5.618,4.048,11.988,10,True,False,True,5,PHASE2;PHASE3,exact_or_named_subtype,NCT01898312;NCT02788981;NCT03225547;NCT05016349;NCT06099769,BRCA1/2 and Effect of Mifepristone on the Breast,not_screened_here,14e631cfb0c348b2462c
breast_oncology,Breast Neoplasms,D001943,spironolactone,DB00421,AR; PGR,367; 5241,2,5.774,4.359,12.134,10,True,False,True,1,PHASE2,exact_or_named_subtype,NCT04190433,"Autophagy Activation for the Alleviation of Cardiomyopathy Symptoms After Anthracycline Treatment, ATACAR Trial",not_screened_here,30edfe084c585ef92911
breast_oncology,Breast Neoplasms,D001943,nimesulide,DB04743,PTGS2; PTGS1,5743; 5742,2,5.78,1.594,10.972,10,True,False,True,1,PHASE2,exact_or_named_subtype,NCT01500577,A Prevention Trial in Subjects at High Risk for Breast Cancer,not_screened_here,116ded101614618db8fe
breast_oncology,Breast Neoplasms,D001943,estramustine,DB01196,ESR1,2099,1,6.642,4.223,12.471,10,True,False,True,2,PHASE2,exact_or_named_subtype,NCT02853071;NCT02866955,Efficacy and Safety of Estracyt® in Metastatic Breast Cancer,not_screened_here,3e5cfca6a26abd00ef99
breast_oncology,Breast Neoplasms,D001943,bazedoxifene,DB06401,ESR1,2099,1,6.823,3.866,12.502,10,True,False,True,1,PHASE1|PHASE2,exact_or_named_subtype,NCT02448771,A Study of Palbociclib in Combination With Bazedoxifene in Hormone Receptor Positive Breast Cancer,not_screened_here,e388bb74a07bfbf2df49
breast_oncology,Breast Neoplasms,D001943,tibolone,DB09070,ESR1,2099,1,7.237,4.895,14.652,10,True,False,True,3,PHASE2;PHASE3,exact_or_named_subtype,NCT00165204;NCT00408863;NCT00725374,"Effects of Tibilone on Bone Density, Menopause Symptoms and Breast Density in Women After Prophylactic Oophorectomy",not_screened_here,f8684dcafc3d8a46565e
breast_oncology,Breast Neoplasms,D001943,etoposide,DB00773,TOP2A,7153,1,7.745,6.256,12.084,10,True,False,True,15,PHASE1|PHASE2;PHASE2;PHASE3,exact_or_named_subtype,NCT00002509;NCT00002836;NCT00003269;NCT00004900;NCT00004906;NCT00006032;NCT00006260;NCT00012311;NCT00060255;NCT00693719;NCT00810017;NCT01492556;NCT01589159;NCT03923179;NCT06418594,High-Dose Combination Chemotherapy Followed by Peripheral Stem Cell Transplantation in Treating Patients With Poor-Prognosis Breast Cancer,not_screened_here,8ca98279e64650c64560
breast_oncology,Breast Neoplasms,D001943,Testosterone Propionate,DB01420,AR,367,1,10.106,6.124,13.784,10,False,False,True,1,PHASE1|PHASE2,exact_or_named_subtype,NCT01122342,Vaginal Testosterone Cream For Atrophic Vaginitis in Women Taking Aromatase Inhibitors for Breast Cancer.,not_screened_here,c6a81190093aca4b5b65
breast_oncology,Breast Neoplasms,D001943,thiotepa,DB04572,CYP3A4,1576,1,11.146,8.098,17.062,10,False,False,True,23,PHASE1|PHASE2;PHASE2;PHASE3,exact_or_named_subtype,NCT00002680;NCT00002755;NCT00002772;NCT00002780;NCT00002836;NCT00002870;NCT00003068;NCT00003086;NCT00003199;NCT00003680;NCT00003877;NCT00003972;NCT00004092;NCT00004172;NCT00004900;NCT00004906;NCT00005798;NCT00006123;NCT00008203;NCT00012311;NCT00060255;NCT00182793;NCT00429182,Sequential High-Dose Chemotherapy and Stem Cell Transplantation in Treating Patients With Chemotherapy-Sensitive Metastatic Breast Cancer,not_screened_here,07526bb1ee8b2a272676
breast_oncology,Breast Neoplasms,D001943,dasatinib,DB01254,KIT,3815,1,12.168,5.593,24.341,9,False,False,True,18,PHASE1|PHASE2;PHASE2,exact_or_named_subtype,NCT00371254;NCT00371345;NCT00410813;NCT00546104;NCT00566618;NCT00696072;NCT00754325;NCT00780676;NCT00817531;NCT00903006;NCT00924352;NCT01306942;NCT01410708;NCT01471106;NCT02465060;NCT02720185;NCT05198843;NCT06355037,A Study of Dasatinib (BMS-354825) in Patients With Advanced 'Triple-negative' Breast Cancer,not_screened_here,b025fba85547b70e20bc
breast_oncology,Breast Neoplasms,D001943,posaconazole,DB01263,CYP3A4,1576,1,12.693,7.8,18.389,10,False,False,True,1,PHASE2,exact_or_named_subtype,NCT06802757,Posaconazole Plus PD-1 Inhibitors and Chemotherapy vs PD-1 Inhibitors and Chemotherapy in Neoadjuvant Therapy for Triple Negative Breast Cancer,not_screened_here,05d39b7e6d6a9862b768
breast_oncology,Breast Neoplasms,D001943,ciprofloxacin,DB00537,TOP2A,7153,1,12.849,8.704,19.408,10,False,False,True,1,PHASE3,exact_or_named_subtype,NCT00590785,Phase III Comparison of Adjuvant Chemotherapy W/High-Dose Cyclophosphamide Plus Doxorubicin (AC) vs Sequential Doxorubicin Fol by Cyclophosphamide (A-C) in High,not_screened_here,36fc452880d1f8f177b5
breast_oncology,Breast Neoplasms,D001943,bicalutamide,DB01128,AR,367,1,13.203,7.493,19.289,10,False,False,True,11,PHASE1|PHASE2;PHASE2,exact_or_named_subtype,NCT00468715;NCT02299999;NCT02348281;NCT02353988;NCT02605486;NCT02697032;NCT02910050;NCT03090165;NCT03650894;NCT05095207;NCT06365788,Bicalutamide in Treating Patients With Metastatic Breast Cancer,not_screened_here,faadd5fd58e1f05fbdda
breast_oncology,Breast Neoplasms,D001943,gemcitabine,DB00441,TYMS,7298,1,13.649,6.846,30.095,10,False,False,True,113,PHASE1|PHASE2;PHASE2;PHASE2|PHASE3;PHASE3,exact_or_named_subtype,NCT00034489;NCT00063570;NCT00093795;NCT00110084;NCT00128310;NCT00128856;NCT00191152;NCT00191243;NCT00191269;NCT00191347;NCT00191373;NCT00191438;NCT00191451;NCT00191672;NCT00191789;NCT00191815;NCT00191854;NCT00192062;NCT00192101;NCT00193050;NCT00193063;NCT00193076;NCT00193206;NCT00201760;NCT00236899;NCT00244933;NCT00316199;NCT00320541;NCT00325234;NCT00334802;NCT00403130;NCT00431106;NCT00440622;NCT00450762;NCT00476827;NCT00480597;NCT00493636;NCT00503906;NCT00618826;NCT00623233;NCT00674206;NCT00754351;NCT00846027;NCT00894504;NCT01045304;NCT01201265;NCT01352494;NCT01815242;NCT01881230;NCT01939418;NCT02139358;NCT02213744;NCT02252887;NCT02263495;NCT02331251;NCT02393248;NCT02435680;NCT02489409;NCT02514681;NCT02538432;NCT02544243;NCT02555657;NCT02574455;NCT02632448;NCT02641847;NCT02755272;NCT02819518;NCT02915744;NCT02978716;NCT03025880;NCT03267316;NCT03371017;NCT03423849;NCT03674242;NCT03734029;NCT03901339;NCT04143906;NCT04191135;NCT04297267;NCT04464174;NCT04659603;NCT04681911;NCT04739670;NCT04745975;NCT04799249;NCT05007106;NCT05104866;NCT05181462;NCT05382286;NCT05382299;NCT05601440;NCT05809895;NCT05981001;NCT06026657;NCT06027268;NCT06081959;NCT06102824;NCT06103864;NCT06268652;NCT06343948;NCT06382142;NCT06435429;NCT06449222;NCT06492759;NCT06519370;NCT06531447;NCT06630325;NCT06841354;NCT06926868;NCT07007559;NCT07173751;NCT07366840;NCT07461454,A Phase II Study of a Combination of MTA (LY231514) and Gemcitabine in Patients With Metastatic Breast Cancer.,not_screened_here,a112b14ca795defade47
breast_oncology,Breast Neoplasms,D001943,ponatinib,DB08901,KIT; FGFR1; ABL1,3815; 2260; 25,3,14.136,8.277,31.186,10,False,False,True,1,PHASE2,exact_or_named_subtype,NCT04591431,The Rome Trial From Histology to Target: the Road to Personalize Target Therapy and Immunotherapy,not_screened_here,657449a8dc418ad1c353
breast_oncology,Breast Neoplasms,D001943,neostigmine,DB01400,ACHE,43,1,14.621,9.641,23.592,10,False,False,True,1,PHASE2,exact_or_named_subtype,NCT02839668,The Impact of Intravenous Anaesthesia on Angiogenesis in Patients With Breast Cancer (TIVA/TCI-BC),not_screened_here,44b6a54e3f26f0ca33a4
breast_oncology,Breast Neoplasms,D001943,cholecalciferol,DB00169,VDR,7421,1,14.747,5.781,27.432,10,False,False,True,4,PHASE1|PHASE2;PHASE2;PHASE3,exact_or_named_subtype,NCT00859651;NCT01425476;NCT01608451;NCT02186015,Vitamin D in Postmenopausal Women at High Risk for Breast Cancer,not_screened_here,840ecd23b8d1e69401f8
breast_oncology,Breast Neoplasms,D001943,regorafenib,DB08896,KIT,3815,1,15.343,8.36,28.763,10,False,False,True,1,PHASE2,exact_or_named_subtype,NCT02955940,An Open-Label Study to Enable Continued Treatment Access for Subjects Previously Enrolled in Studies of Ruxolitinib,not_screened_here,83a751dca28e70558c2d
breast_oncology,Breast Neoplasms,D001943,imatinib,DB00619,KIT; ABL1,3815; 25,2,15.41,6.565,27.323,10,False,False,True,1,PHASE2,exact_or_named_subtype,NCT00193180,Docetaxel Plus Imatinib Mesylate in Metastatic Breast Cancer,not_screened_here,05d07bfd1866c1576ed5
breast_oncology,Breast Neoplasms,D001943,pemetrexed,DB00642,TYMS; DHFR,7298; 1719,2,15.433,11.563,35.616,10,False,False,True,12,PHASE1|PHASE2;PHASE2,exact_or_named_subtype,NCT00034489;NCT00063570;NCT00065533;NCT00072865;NCT00102219;NCT00106002;NCT00149214;NCT00190671;NCT00191347;NCT00325234;NCT03267316;NCT06630325,A Phase II Study of a Combination of MTA (LY231514) and Gemcitabine in Patients With Metastatic Breast Cancer.,not_screened_here,05a031aefc5f76c125bc
breast_oncology,Breast Neoplasms,D001943,levofloxacin,DB01137,TOP2A,7153,1,15.442,9.923,20.864,10,False,False,True,1,PHASE3,exact_or_named_subtype,NCT00005590,Levofloxacin to Prevent Infection Following Chemotherapy in Treating Patients With Solid Tumors or Lymphoma,not_screened_here,539cb5fa0ebfc371cc5f
breast_oncology,Breast Neoplasms,D001943,ranitidine,DB00863,ACHE; BCHE,43; 590,2,15.446,7.49,23.69,10,False,False,True,2,PHASE2;PHASE2|PHASE3,exact_or_named_subtype,NCT01332630;NCT04862585,TPI 287 in Breast Cancer Metastatic to the Brain,not_screened_here,0ed0681428f3ea4d0859
breast_oncology,Breast Neoplasms,D001943,deferasirox,DB01609,CYP3A4,1576,1,15.501,10.525,19.593,10,False,False,True,2,PHASE2,exact_or_named_subtype,NCT00602446;NCT01159067,Deferasirox in Treating Patients With Iron Overload After Undergoing a Donor Stem Cell Transplant,not_screened_here,0d481fea8d465a55eb88
breast_oncology,Breast Neoplasms,D001943,sorafenib,DB00398,KIT; FGFR1; KDR,3815; 2260; 3791,3,15.676,7.467,28.43,10,False,False,True,7,PHASE1|PHASE2;PHASE2,exact_or_named_subtype,NCT00493636;NCT00525161;NCT00632541;NCT00634634;NCT00825734;NCT01194869;NCT05594095,1st or 2nd Line MBC (Metastatic Breast Cancer) With Previous Avastin (Bevacizumab) Therapy,not_screened_here,9e16c7a1c1d0e7e3692e
breast_oncology,Breast Neoplasms,D001943,Choline,DB00122,BCHE,590,1,16.282,5.913,25.226,10,False,False,True,1,PHASE2,exact_or_named_subtype,NCT05076682,Reverse Triple Negative Immune Resistant Breast Cancer,not_screened_here,415e6af8cddca2e973fe
breast_oncology,Breast Neoplasms,D001943,lenvatinib,DB09078,KIT; FGFR1; KDR,3815; 2260; 3791,3,19.269,7.523,35.595,10,False,False,True,6,PHASE1|PHASE2;PHASE2,exact_or_named_subtype,NCT03168074;NCT03797326;NCT05007106;NCT06110793;NCT06140576;NCT06849492,Phase II Study of Single Agent Lenvatinib,not_screened_here,9dcea7bb69cd90835161
breast_oncology,Breast Neoplasms,D001943,leucovorin,DB00650,TYMS,7298,1,20.49,8.183,32.637,10,False,False,True,7,PHASE1|PHASE2;PHASE2,exact_or_named_subtype,NCT00001498;NCT01231802;NCT03175666;NCT03387085;NCT03554109;NCT05564377;NCT05714553,"A Pilot Trial of Sequential Chemotherapy With Antimetabolite Induction, High-Dose Alkylating Agent Consolidation With Peripheral Blood Progenitor Cell Support, ",not_screened_here,30acdc445abe20f6bf95
breast_oncology,Breast Neoplasms,D001943,calcitriol,DB00136,VDR,7421,1,21.016,6.106,27.257,10,False,False,True,2,PHASE2,exact_or_named_subtype,NCT00904033;NCT01293682,"Calcitriol, Physical Activity, and Bone Health in Cancer Survivors",not_screened_here,219e71f7973f1a466718
breast_oncology,Breast Neoplasms,D001943,nilotinib,DB04868,KIT,3815,1,21.517,9.224,45.386,10,False,False,True,1,PHASE2,exact_or_named_subtype,NCT05185947,Intravenous and Intraperitoneal Paclitaxel and Oral Nilotinib for Peritoneal Carcinomatosis,not_screened_here,2e4847effb622357e498
breast_oncology,Breast Neoplasms,D001943,cyclosporine,DB00091,SLCO1B1,10599,1,23.217,14.634,37.218,10,False,False,True,5,PHASE1|PHASE2;PHASE2;PHASE3,exact_or_named_subtype,NCT00008203;NCT00020176;NCT00074269;NCT00365287;NCT01105650,Comparison of Biological Therapies Following Combination Chemotherapy and Bone Marrow or Peripheral Stem Cell Transplantation in Women With Stage II or Stage II,not_screened_here,1436b71c6b76d983f694
breast_oncology,Breast Neoplasms,D001943,pazopanib,DB06589,FGFR1; KDR; FLT1,2260; 3791; 2321,3,25.534,15.256,39.809,10,False,False,True,3,PHASE2,exact_or_named_subtype,NCT00558103;NCT01392352;NCT01466972,Pazopanib Plus Lapatinib Compared To Lapatinib Alone In Subjects With Inflammatory Breast Cancer,not_screened_here,e755cdcdd04a27e7a3c6
breast_oncology,Breast Neoplasms,D001943,bosutinib,DB06616,ABL1,25,1,26.288,16.658,52.487,9,False,False,True,3,PHASE1|PHASE2;PHASE2,exact_or_named_subtype,NCT00793546;NCT00880009;NCT00959946,Study Evaluating Bosutinib-Exemestane Combination Vs Exemestane Alone in Post Menopausal Women With Breast Cancer,not_screened_here,24ec965ec287444c00bd
breast_oncology,Breast Neoplasms,D001943,venetoclax,DB11581,BCL2,596,1,29.273,18.376,46.531,10,False,False,True,2,PHASE1|PHASE2;PHASE2,exact_or_named_subtype,NCT03584009;NCT04298918,"A Phase II Study Comparing The Efficacy Of Venetoclax + Fulvestrant Vs. Fulvestrant In Women With Estrogen Receptor-Positive, Her2-Negative Locally Advanced Or ",not_screened_here,44543f83edcc315e0f61
breast_oncology,Breast Neoplasms,D001943,nintedanib,DB09079,FGFR1; FGFR2,2260; 2263,2,29.33,15.844,39.708,10,False,False,True,1,PHASE2,exact_or_named_subtype,NCT01658462,Phase II Study of Docetaxel +/- Nintedanib in Breast Cancer,not_screened_here,3024450662d81c5c832a
breast_oncology,Breast Neoplasms,D001943,Eribulin,DB08871,BCL2,596,1,30.595,14.362,40.8,10,False,False,True,69,PHASE1|PHASE2;PHASE2;PHASE3,exact_or_named_subtype,NCT01388647;NCT01401959;NCT01427933;NCT01498588;NCT01527487;NCT01554371;NCT01593020;NCT01596751;NCT01669252;NCT01705691;NCT01827787;NCT01912963;NCT01941407;NCT02035813;NCT02061085;NCT02215876;NCT02263495;NCT02299999;NCT02344472;NCT02396433;NCT02514681;NCT02555657;NCT02574455;NCT02623972;NCT02681523;NCT02723877;NCT02915744;NCT03032614;NCT03202316;NCT03222856;NCT03264547;NCT03637868;NCT03734029;NCT03786094;NCT03795012;NCT03901339;NCT04303741;NCT04464174;NCT04681911;NCT04745975;NCT04826016;NCT04913571;NCT04986579;NCT05063786;NCT05104866;NCT05402722;NCT05458674;NCT05570253;NCT05810870;NCT05824975;NCT06081959;NCT06102824;NCT06202313;NCT06268652;NCT06279364;NCT06308939;NCT06343948;NCT06382142;NCT06387628;NCT06435429;NCT06449222;NCT06519370;NCT06539559;NCT06731153;NCT06942234;NCT07007559;NCT07173751;NCT07255612;NCT07461454,"Study of Neoadjuvant Carboplatin, Eribulin and Trastuzumab for Operable HER2 Positive Breast Cancer",not_screened_here,8051cacc64ea841140ab
breast_oncology,Breast Neoplasms,D001943,sunitinib,DB01268,KDR; FGFR1; FLT1,3791; 2260; 2321,3,31.478,14.986,59.01,10,False,False,True,7,PHASE1|PHASE2;PHASE2;PHASE3,exact_or_named_subtype,NCT00373256;NCT00434356;NCT00471276;NCT00570908;NCT00662025;NCT00887575;NCT01803503,A Study Of SU011248 Plus Paclitaxel Versus Bevacizumab Plus Paclitaxel In Patients With Advanced Breast Cancer,not_screened_here,3ff213c6ce297c5feec8
breast_oncology,Breast Neoplasms,D001943,lidocaine,DB00281,EGFR,1956,1,32.104,15.922,48.652,10,False,False,True,2,PHASE2,exact_or_named_subtype,NCT01204242;NCT02839668,IRB-HSR# 13957: IV Lidocaine for Patients Undergoing Primary Breast Cancer Surgery:,not_screened_here,e4dbbadd91d61fc1c8d7
breast_oncology,Breast Neoplasms,D001943,pravastatin,DB00175,SLCO1B1,10599,1,32.64,20.844,42.274,9,False,False,True,2,PHASE2,exact_or_named_subtype,NCT04190433;NCT04356209,"Autophagy Activation for the Alleviation of Cardiomyopathy Symptoms After Anthracycline Treatment, ATACAR Trial",not_screened_here,73b7d7ef4c41bd414b38
breast_oncology,Breast Neoplasms,D001943,erlotinib,DB00530,EGFR,1956,1,37.686,25.105,50.984,9,False,False,True,6,PHASE1|PHASE2;PHASE2,exact_or_named_subtype,NCT00570258;NCT00597597;NCT00732810;NCT00834678;NCT01205685;NCT04591431,"Randomized, Double Blind Multicenter Phase II Study of Time to Progression on Fulvestrant in Combination With Erlotinib or Placebo in Hormone Receptor-Positive ",not_screened_here,bfa057da4b57ed85587f
breast_oncology,Breast Neoplasms,D001943,gefitinib,DB00317,EGFR,1956,1,45.157,33.062,64.415,10,False,False,True,18,PHASE1|PHASE2;PHASE2;PHASE3,exact_or_named_subtype,NCT00024154;NCT00049062;NCT00057941;NCT00066339;NCT00066378;NCT00077025;NCT00080743;NCT00082667;NCT00086957;NCT00229697;NCT00239343;NCT00247481;NCT00252811;NCT00255463;NCT00319618;NCT00357734;NCT00637026;NCT01732276,Trastuzumab and Gefitinib in Treating Patients With Metastatic Breast Cancer,not_screened_here,3b10a2ecb03440bb27a8
breast_oncology,Breast Neoplasms,D001943,omeprazole,DB00338,AHR,196,1,46.725,24.654,59.199,9,False,False,True,2,PHASE2;PHASE3,exact_or_named_subtype,NCT02595372;NCT05646862,Inhibiting Fatty Acid Synthase to Improve Efficacy of Neoadjuvant Chemotherapy,not_screened_here,8c48f965dec85563e104
breast_oncology,Breast Neoplasms,D001943,Methylene Blue,DB09241,GUCY1A2,2977,1,47.526,29.077,50.932,9,False,False,True,2,PHASE2,exact_or_named_subtype,NCT00784849;NCT01276054,"Feasibility of One-Step Sentinel Lymph Node (SLN) Biopsy With Radiolabeled Methylene Blue (IND 70,627)",not_screened_here,459e1facbdbc3f4d72a8
breast_oncology,Breast Neoplasms,D001943,bexarotene,DB00307,RXRB,6257,1,49.497,36.178,65.767,9,False,False,True,1,PHASE2,exact_or_named_subtype,NCT00003752,Bexarotene in Treating Patients With Metastatic Breast Cancer,not_screened_here,388ec0a5de3b8438b49a
gynecologic_reproductive,Endometriosis,D004715,mifepristone,DB00834,NR3C1; PGR,2908; 5241,2,15.26,11.269,29.845,10,False,True,False,1,PHASE2|PHASE3,exact_or_named_subtype,NCT02271958,"Mifepristone 2.5, 5, 10 mg Versus Placebo in the Treatment of Endometriosis",not_screened_here,5c8d84612d349bd82f31
gynecologic_reproductive,Endometriosis,D004715,levonorgestrel,DB00367,PGR,5241,1,31.16,23.024,45.461,10,False,True,False,2,PHASE2;PHASE2|PHASE3,exact_or_named_subtype,NCT02203331;NCT02599077,"Bay98-7196, Dose Finding / POC Study",not_screened_here,3f7a2c57b4f7be1ab79a
gynecologic_reproductive,Endometriosis,D004715,letrozole,DB01006,CYP19A1,1588,1,32.056,21.501,39.549,10,False,True,False,3,PHASE2,exact_or_named_subtype,NCT00240942;NCT04002141;NCT07183787,Letrozole in the Treatment of Severe and Recurrent Endometriosis,not_screened_here,14896a81570728205e9b
gynecologic_reproductive,Endometriosis,D004715,raloxifene,DB00481,ESR2,2100,1,33.214,26.619,41.237,10,False,True,False,1,PHASE2,exact_or_named_subtype,NCT00001848,The Safety and Effectiveness of Surgery With or Without Raloxifene for the Treatment of Pelvic Pain Caused by Endometriosis,not_screened_here,9b49bd5839e800c86318
gynecologic_reproductive,Endometriosis,D004715,pioglitazone,DB01132,MAOB,4129,1,34.957,28.958,38.247,10,False,True,False,1,PHASE2|PHASE3,exact_or_named_subtype,NCT01184144,Endometriosis: Immunomodulation,not_screened_here,032e4d4fcc7222cc0076
neurological_seizure,Seizures,D012640,aspirin,DB00945,PTGS2,5743,1,2.559,0.865,7.772,10,True,False,True,1,PHASE2,broader_narrower_seizure_spectrum,NCT03356769,Aspirin as an add-on Treatment of Refractory Epilepsy in Tuberous Sclerosis Complex,not_screened_here,075d6d644d867f1d0455
neurological_seizure,Seizures,D012640,ibuprofen,DB01050,PTGS2,5743,1,2.955,1.296,9.213,10,True,False,True,1,PHASE2,broader_narrower_seizure_spectrum,NCT03399318,Aggressive Antipyretics for Fever Reduction in CNS Malaria,not_screened_here,947c06f6ee5ce876818e
neurological_seizure,Seizures,D012640,topiramate,DB00273,GABRA1; 2566; GABRB3; GABRD; GABRA5; SCN1A; SCN10A; SCN2A; SCN8A,2554; 2566; 2562; 2563; 2558; 6323; 6336; 6326; 6334,9,6.949,3.455,8.746,10,True,True,True,16,PHASE2;PHASE3,broader_narrower_seizure_spectrum,NCT00113815;NCT00210574;NCT00230698;NCT00231556;NCT00236418;NCT00236691;NCT00236704;NCT00236730;NCT00236743;NCT00236756;NCT00236847;NCT00236860;NCT00236873;NCT00236886;NCT00266591;NCT00563459,Topiramate as Adjunctive Therapy in Infants 1-24 Months for the Control of Partial Onset Seizures,not_screened_here,d25ee58e2404f8480638
neurological_seizure,Epilepsy,D004827,chlorpromazine,DB00477,CHRM1,1128,1,8.424,4.921,13.251,10,True,True,False,1,PHASE2|PHASE3,exact_or_named_subtype,NCT05431595,Managing Agitated Delirium With Neuroleptics and Anti-Epileptics as a Neuroleptic Sparing Strategy,not_screened_here,75897ecdbe774a065d7b
neurological_seizure,Seizures,D012640,propofol,DB00818,GABRA1; 2566; GABRB3; GABRA5; GABRD; SCN2A,2554; 2566; 2562; 2558; 2563; 6326,6,10.339,6.488,12.485,10,False,True,True,1,PHASE3,broader_narrower_seizure_spectrum,NCT00265616,Treatment of Refractory Status Epilepticus,not_screened_here,f3433878f9d5a1316061
neurological_seizure,Seizures,D012640,Nitrazepam,DB01595,GABRA1; 2566; GABRB3; GABRD; GABRA5; SCN1A,2554; 2566; 2562; 2563; 2558; 6323,6,10.673,6.499,12.434,10,False,True,True,1,PHASE2,broader_narrower_seizure_spectrum,NCT00004758,Phase II Randomized Study of Early Surgery Vs Multiple Sequential Antiepileptic Drug Therapy for Infantile Spasms Refractory to Standard Treatment,not_screened_here,f0041db366ffca092fe0
neurological_seizure,Seizures,D012640,Midazolam,DB00683,GABRA1; GABRB3; 2566; GABRA5; GABRD,2554; 2562; 2566; 2558; 2563,5,10.79,8.946,16.87,10,False,True,True,4,PHASE2;PHASE2|PHASE3,broader_narrower_seizure_spectrum,NCT00326612;NCT04926844;NCT05779657;NCT07095842,Intranasal Midazolam Versus Rectal Diazepam for Treatment of Seizures,not_screened_here,0a893b8a6984b3bd9669
neurological_seizure,Epilepsy,D004827,biperiden,DB00810,CHRM1; CHRM2; CHRNA2,1128; 1129; 1135,3,11.976,6.981,19.959,10,False,True,False,1,PHASE3,exact_or_named_subtype,NCT04945213,Biperiden Trial for Epilepsy Prevention,not_screened_here,f004944a41a15ac15aa2
neurological_seizure,Epilepsy,D004827,diazepam,DB00829,GABRD; GABRB3,2563; 2562,2,14.956,13.867,19.147,10,False,True,False,4,PHASE1|PHASE2;PHASE2;PHASE2|PHASE3;PHASE3,exact_or_named_subtype,NCT00004297;NCT01417078;NCT02904265;NCT05361447,Phase III Randomized Study of Diazepam Vs Lorazepam Vs Placebo for Prehospital Treatment of Status Epilepticus,not_screened_here,4a002bc790b9de2b2eab
neurological_seizure,Seizures,D012640,naloxone,DB01183,OPRM1,4988,1,18.099,12.857,23.974,10,False,False,True,1,PHASE3,broader_narrower_seizure_spectrum,NCT02332447,Efficacy of Naloxone in Reducing Postictal Central Respiratory Dysfunction in Patients With Epilepsy,not_screened_here,e46969b56a50d4d74d2e
neurological_seizure,Epilepsy,D004827,Midazolam,DB00683,GABRB3; GABRD,2562; 2563,2,18.25,13.07,28.801,10,False,True,False,2,PHASE2|PHASE3;PHASE3,exact_or_named_subtype,NCT02325583;NCT07095842,Intraoral 30% Glucose Effect In Newborns,not_screened_here,333586821b633fe44af0
neurological_seizure,Epilepsy,D004827,Nitrazepam,DB01595,GABRB3; GABRD; SCN1A,2562; 2563; 6323,3,18.624,12.862,21.601,10,False,True,False,1,PHASE2,exact_or_named_subtype,NCT00004758,Phase II Randomized Study of Early Surgery Vs Multiple Sequential Antiepileptic Drug Therapy for Infantile Spasms Refractory to Standard Treatment,not_screened_here,19bc8662791536f5116d
neurological_seizure,Status Epilepticus,D013226,Phenobarbital,DB01174,GABRA1; GRIA2,2554; 2891,2,19.508,12.567,21.932,10,False,True,False,3,PHASE2;PHASE3,exact_or_named_subtype,NCT02726867;NCT03025906;NCT03650270,"Levetiracetam, Lacosamide and Ketamine as Adjunctive Treatment of Refractory Status Epilepticus",not_screened_here,0ae39bd475701b526e58
neurological_seizure,Status Epilepticus,D013226,clonazepam,DB01068,GABRA1,2554,1,22.856,18.774,32.713,10,False,True,False,1,PHASE3,exact_or_named_subtype,NCT01870024,"Comparison Between Lorazepam, Clonazepam and Clonazepam + Fosphenytoin for the Treatment of Out-of-hospital Generalized Status Epilepticus",not_screened_here,c639d444189805d423ca
neurological_seizure,Epilepsy,D004827,naloxone,DB01183,OPRD1,4985,1,23.405,17.642,30.519,10,False,True,False,1,PHASE3,exact_or_named_subtype,NCT02332447,Efficacy of Naloxone in Reducing Postictal Central Respiratory Dysfunction in Patients With Epilepsy,not_screened_here,0fade3cb0882464a8347
neurological_seizure,Epilepsy,D004827,haloperidol,DB00502,GRIN2B,2904,1,27.852,17.538,34.654,10,False,True,False,1,PHASE2|PHASE3,exact_or_named_subtype,NCT05431595,Managing Agitated Delirium With Neuroleptics and Anti-Epileptics as a Neuroleptic Sparing Strategy,not_screened_here,603cfaaaa9c0c6157b2e
neurological_seizure,Status Epilepticus,D013226,Valproic Acid,DB00313,SCN2A; SCN1A; SCN8A; ALDH5A1,6326; 6323; 6334; 7915,4,28.882,22.917,33.484,10,False,True,False,1,PHASE3,exact_or_named_subtype,NCT01960075,Established Status Epilepticus Treatment Trial,not_screened_here,fbd0c9bef9f2623734d2
neurological_seizure,Status Epilepticus,D013226,levetiracetam,DB01202,SCN1A,6323,1,36.27,31.525,39.291,10,False,True,False,4,PHASE2;PHASE2|PHASE3;PHASE3,exact_or_named_subtype,NCT01960075;NCT02726867;NCT04926844;NCT07046611,Established Status Epilepticus Treatment Trial,not_screened_here,ff1ae5f29774337be85c
neurological_seizure,Seizures,D012640,fluoxetine,DB00472,CHRNA2,1135,1,38.024,19.945,47.839,9,False,False,True,1,PHASE2,broader_narrower_seizure_spectrum,NCT02929667,Abnormal Ventilatory Response to Carbon Dioxide: a Potential Biomarker for Seizure Induced Respiratory Depression & Modification by SSRI,not_screened_here,e58b4770c40930e022f4
neurological_seizure,Epilepsy,D004827,fluoxetine,DB00472,CHRNA2,1135,1,38.394,20.469,54.481,9,False,True,False,1,PHASE2,exact_or_named_subtype,NCT02929667,Abnormal Ventilatory Response to Carbon Dioxide: a Potential Biomarker for Seizure Induced Respiratory Depression & Modification by SSRI,not_screened_here,0d3b6a38a830e383eba9
neurological_seizure,Seizures,D012640,bumetanide,DB00887,SLC12A1,6557,1,38.837,31.646,43.016,10,False,False,True,1,PHASE1|PHASE2,broader_narrower_seizure_spectrum,NCT01434225,NEMO1:NEonatal Seizure Using Medication Off-patent,not_screened_here,ed288a3e14114c3fb22f
neurological_seizure,Status Epilepticus,D013226,lacosamide,DB06218,SCN1A; SCN2A; SCN8A,6323; 6326; 6334,3,39.213,37.418,47.794,10,False,True,False,1,PHASE3,exact_or_named_subtype,NCT02726867,"Levetiracetam, Lacosamide and Ketamine as Adjunctive Treatment of Refractory Status Epilepticus",not_screened_here,7f484d20548b81164901
neurological_seizure,Status Epilepticus,D013226,perampanel,DB08883,GRIA2,2891,1,52.041,47.356,56.632,9,False,True,False,1,PHASE2,exact_or_named_subtype,NCT06401707,PeRampanel fOr Status ePilEpticus pRophylaxis Post-cardiac Arrest,not_screened_here,7a6e7019c40e91cdae51
cardiovascular_hypertensive,Hypertension,D006973,prednisolone,DB00860,NR3C1; 4306; SERPINA6,2908; 4306; 866,3,2.955,0.701,4.907,10,True,True,False,1,PHASE3,exact_or_named_subtype,NCT04005079,Pilocarpine After Combined Cataract/Trabectome Surgery,not_screened_here,a4cb74de1a3b6ec23b09
cardiovascular_hypertensive,Hypertension,D006973,Thalidomide,DB01041,TNF; FGFR2,7124; 2263,2,2.972,0.902,11.057,10,True,True,False,1,PHASE3,exact_or_named_subtype,NCT00787436,Secondary Prophylaxis of Gastrointestinal Bleeding in Cirrhotic Patients Using THALIDOMIDE,not_screened_here,54c4b2ca6fb19b469eb8
cardiovascular_hypertensive,Heart Failure,D006333,aspirin,DB00945,PTGS2; PTGS1; PRKAG2,5743; 5742; 51422,3,5.231,1.47,10.536,10,True,True,True,1,PHASE3,exact_or_named_subtype,NCT00007683,Warfarin and Antiplatelet Therapy in Chronic Heart Failure,not_screened_here,64872a890c0c5803f2cf
cardiovascular_hypertensive,Hypertension,D006973,progesterone,DB00396,NR3C1; 4306; CYP17A1,2908; 4306; 1586,3,6.265,3.393,12.158,10,True,True,False,1,PHASE3,exact_or_named_subtype,NCT00000466,Postmenopausal Estrogen/Progestin Interventions (PEPI),not_screened_here,27267dcd6fc2c5be465b
cardiovascular_hypertensive,Heart Failure,D006333,dexamethasone,DB01234,4306; NOS2,4306; 4843,2,6.519,5.168,18.558,10,True,False,True,1,PHASE2|PHASE3,exact_or_named_subtype,NCT05809011,Efficacy and Safety of corticoSTEROids Added to Standard Therapy in Patients With Acute Heart Failure (STERO-AHF),not_screened_here,2726a8354184be12131b
cardiovascular_hypertensive,Hypertension,D006973,iloperidone,DB04946,DRD2,1813,1,7.266,6.292,15.185,10,True,True,False,1,PHASE2,exact_or_named_subtype,NCT07090161,Evaluation of Efficacy and Safety of Iloperidone for the Treatment of Participants With Uncontrolled Hypertension,not_screened_here,6024cf2f0bb15616c8ae
cardiovascular_hypertensive,"Arrhythmias, Cardiac",D001145,aspirin,DB00945,PTGS2,5743,1,8.187,1.932,13.667,10,True,True,False,5,PHASE2;PHASE3,broader_narrower_arrhythmia_spectrum,NCT00244426;NCT02164864;NCT02565693;NCT02960126;NCT03907046,S.I.F.A. II: Prevention Of Thromboembolic Events In Patients With Nonrheumatic Atrial Fibrillation,not_screened_here,eb916393da4da65cf193
cardiovascular_hypertensive,Hypertension,D006973,norepinephrine,DB00368,ADRB1; ADRA2A,153; 150,2,9.194,7.358,13.322,10,True,True,False,1,PHASE2,exact_or_named_subtype,NCT07614438,"Effect of Vasopressin Versus Norepinephrine on Post-operative Mean Pulmonary Arterial Pressure Following Pulmonary Endarterectomy Surgery,",not_screened_here,dc5af5355e86bdc5132b
cardiovascular_hypertensive,Coronary Artery Disease,D003324,aspirin,DB00945,PTGS2,5743,1,10.405,8.636,12.764,10,False,False,True,13,PHASE1|PHASE2;PHASE2;PHASE3,exact_or_named_subtype,NCT00330772;NCT00642811;NCT00823212;NCT01268917;NCT01466452;NCT01500434;NCT01510327;NCT01598337;NCT01755520;NCT02266030;NCT02294643;NCT04434365;NCT05093790,Preoperative Aspirin and Postoperative Antiplatelets in Coronary Artery Bypass Grafting: The PAPA CABG Study,not_screened_here,0e25ace558039a3063c9
cardiovascular_hypertensive,Hypertension,D006973,cholecalciferol,DB00169,VDR,7421,1,10.954,6.092,24.418,10,False,True,False,2,PHASE2,exact_or_named_subtype,NCT01166165;NCT03070483,Effect of Vitamin D Replacement During Winter Months in Patients With Hypertension,not_screened_here,6d9771cfc3609a1179fd
cardiovascular_hypertensive,"Arrhythmias, Cardiac",D001145,perindopril,DB00790,ACE,1636,1,11.48,7.195,25.219,10,False,True,False,1,PHASE3,broader_narrower_arrhythmia_spectrum,NCT00461903,Efficacy of Perindopril to Prevent Recurrence of Atrial Fibrillation in Patients With Essential Hypertension,not_screened_here,2b9e10011d8b41fbb3fc
cardiovascular_hypertensive,Hypertension,D006973,albuterol,DB01001,ADRB1,153,1,12.143,10.77,24.326,10,False,True,False,2,PHASE2,exact_or_named_subtype,NCT02108743;NCT03270332,Albuterol and Dynamic Hyperinflation in Idiopathic Pulmonary Arterial Hypertension,not_screened_here,9fcf766430d6d11ddc42
cardiovascular_hypertensive,Hypertension,D006973,Magnesium Sulfate,DB00653,CACNA1C; CACNA2D1,775; 781,2,13.096,10.47,17.708,10,False,True,False,1,PHASE1|PHASE2,exact_or_named_subtype,NCT04898114,Nebulized Magnesium Sulfate and Sildenafil for Persistent Pulmonary Hypertension of Newborn,not_screened_here,25d4afdf2ccaf7f36d6c
cardiovascular_hypertensive,Hypertension,D006973,melatonin,DB01065,HTR2B,3357,1,13.231,12.588,13.916,10,False,True,False,5,PHASE2;PHASE3,exact_or_named_subtype,NCT00238108;NCT01114360;NCT01114373;NCT05257291;NCT06685679,Melatonin Supplements for Improving Sleep in Individuals With Hypertension,not_screened_here,49c6b4cac7e4b1e10156
cardiovascular_hypertensive,Hypertension,D006973,aspirin,DB00945,TP53; EDNRA,7157; 1909,2,13.678,11.004,21.934,10,False,True,False,3,PHASE2;PHASE3,exact_or_named_subtype,NCT00059306;NCT00105209;NCT00384865,Secondary Prevention of Small Subcortical Strokes Trial,not_screened_here,cb0bc8945e73659fdc37
cardiovascular_hypertensive,Hypertension,D006973,fluoxetine,DB00472,HTR2B,3357,1,13.838,11.844,17.799,10,False,True,False,2,PHASE2,exact_or_named_subtype,NCT00942708;NCT03638908,Safety and Efficacy of Fluoxetine in Pulmonary Arterial Hypertension,not_screened_here,01c197fb7e9ff00f43f8
cardiovascular_hypertensive,Cardiomyopathies,D009202,aspirin,DB00945,PTGS2,5743,1,14.08,8.588,19.676,10,False,True,False,1,PHASE3,exact_or_named_subtype,NCT02674958,Mobilization of Endothelial Progenitor Cells and Aspirin,not_screened_here,9e970190f2d757ffc77c
cardiovascular_hypertensive,Hypertension,D006973,mirabegron,DB08893,ADRB1,153,1,14.143,10.011,19.92,10,False,True,False,1,PHASE2,exact_or_named_subtype,NCT02775539,Beta3 Agonist Treatment in Chronic Pulmonary Hypertension Secondary to Heart Failure,not_screened_here,1ad6e0085a72658108ed
cardiovascular_hypertensive,Heart Failure,D006333,amiodarone,DB01118,PPARG; ADRB1,5468; 153,2,14.2,9.754,22.752,10,False,False,True,1,PHASE3,exact_or_named_subtype,NCT00000609,Sudden Cardiac Death in Heart Failure Trial (SCD-HeFT),not_screened_here,aa579a5431c0a3310369
cardiovascular_hypertensive,"Arrhythmias, Cardiac",D001145,ramipril,DB00178,ACE,1636,1,14.204,8.098,26.865,10,False,True,False,2,PHASE2|PHASE3;PHASE3,broader_narrower_arrhythmia_spectrum,NCT00141778;NCT00736294,"Renin-angiotensin-aldosterone System (RAAS), Inflammation, and Post-Operative Atrial Fibrillation (AF)",not_screened_here,ef4f2a863d24e66253d2
cardiovascular_hypertensive,Hypertension,D006973,atomoxetine,DB00289,SLC6A2,6530,1,15.558,12.336,21.841,10,False,True,False,1,PHASE2,exact_or_named_subtype,NCT04905979,Trial of AD113 and Atomoxetine in OSA Patients With Hypertension,not_screened_here,fc682569b6fe151f5547
cardiovascular_hypertensive,Atherosclerosis,D050197,pentoxifylline,DB00806,TNF,7124,1,15.616,9.548,29.264,9,False,True,False,2,PHASE2,exact_or_named_subtype,NCT00796822;NCT00864916,Evaluating the Effectiveness of Pentoxifylline at Improving Blood Vessel Function in HIV-infected People Not Receiving Antiretroviral Medications,not_screened_here,a9b7c2a83dba150f3bcb
cardiovascular_hypertensive,Atherosclerosis,D050197,aspirin,DB00945,PTGS2,5743,1,16.387,7.966,22.777,10,False,True,False,5,PHASE2;PHASE2|PHASE3;PHASE3,exact_or_named_subtype,NCT00004728;NCT00222677;NCT00684203;NCT00776477;NCT05700266,Aspirin Or Warfarin To Prevent Stroke,not_screened_here,7d14b9f6d6a06db73d12
cardiovascular_hypertensive,"Arrhythmias, Cardiac",D001145,indomethacin,DB00328,PTGS2,5743,1,17.042,3.236,22.195,10,False,True,False,1,PHASE1|PHASE2,broader_narrower_arrhythmia_spectrum,NCT00262470,Treatment of Orthostatic Intolerance,not_screened_here,773c6aea0a8e8782cf5c
cardiovascular_hypertensive,Atrial Fibrillation,D001281,perindopril,DB00790,ACE,1636,1,17.274,12.775,31.774,10,False,False,True,1,PHASE3,exact_or_named_subtype,NCT00461903,Efficacy of Perindopril to Prevent Recurrence of Atrial Fibrillation in Patients With Essential Hypertension,not_screened_here,777cadd9c3dbffec85bf
cardiovascular_hypertensive,Hypertension,D006973,escitalopram,DB01175,SLC6A2,6530,1,17.825,12.904,22.203,10,False,True,False,1,PHASE3,exact_or_named_subtype,NCT00190333,Serotonin Transporter Inhibitor Escitalopram in Pulmonary Hypertension,not_screened_here,5b3e80ae6abe79d1a91e
cardiovascular_hypertensive,Hypertension,D006973,Sibutramine,DB01105,SLC6A2,6530,1,17.914,13.338,21.745,10,False,True,False,1,PHASE3,exact_or_named_subtype,NCT00679653,Blood Pressure and Weight Trajectory on a Dual Antihypertensive Combination Plus Sibutramine Versus Placebo in Obese Hypertensives,not_screened_here,68463817643c168e3ab0
cardiovascular_hypertensive,Heart Failure,D006333,testosterone,DB00624,4306,4306,1,18.223,13.073,25.063,10,False,False,True,2,PHASE2,exact_or_named_subtype,NCT00957034;NCT01469988,Assessing the Safety/Efficacy of Transdermal Testosterone in Female Patients With Symptomatic Heart Failure,not_screened_here,025341e0ca9d9a9b5b47
cardiovascular_hypertensive,Coronary Artery Disease,D003324,progesterone,DB00396,ESR1,2099,1,18.387,12.686,22.454,10,False,False,True,1,PHASE3,exact_or_named_subtype,NCT00000555,Women's Angiographic Vitamin and Estrogen Trial (WAVE),not_screened_here,8c603cec02c8ff01ebeb
cardiovascular_hypertensive,Hypertension,D006973,brimonidine,DB00484,ADRA2A,150,1,19.149,13.457,25.829,10,False,True,False,1,PHASE3,exact_or_named_subtype,NCT00168363,Safety and Efficacy of Brimonidine in Patients With Glaucoma or Ocular Hypertension,not_screened_here,08e59f1dc1be3c4c409b
cardiovascular_hypertensive,Hypertension,D006973,minocycline,DB01017,MMP9; IL1B,4318; 3553,2,20.47,13.182,35.286,10,False,True,False,2,PHASE2;PHASE3,exact_or_named_subtype,NCT02213575;NCT04478500,Study 3: Minocycline Decreases Microglia Activation,not_screened_here,40f986608503b2777a9c
cardiovascular_hypertensive,Atrial Fibrillation,D001281,ramipril,DB00178,ACE,1636,1,20.676,14.888,38.726,10,False,False,True,2,PHASE2|PHASE3;PHASE3,exact_or_named_subtype,NCT00141778;NCT00736294,"Renin-angiotensin-aldosterone System (RAAS), Inflammation, and Post-Operative Atrial Fibrillation (AF)",not_screened_here,71668452c201802a5e73
cardiovascular_hypertensive,Myocardial Infarction,D009203,melatonin,DB01065,ESR1,2099,1,21.254,14.993,24.488,10,False,True,False,1,PHASE2,exact_or_named_subtype,NCT00640094,The Melatonin Adjunct in the Acute myocaRdial Infarction Treated With Angioplasty,not_screened_here,d0fcf14d5ef0982df18d
cardiovascular_hypertensive,Hypertension,D006973,imatinib,DB00619,RET,5979,1,22.295,13.991,29.829,9,False,True,False,3,PHASE3,exact_or_named_subtype,NCT01117987;NCT01392469;NCT01392495,"Extension to QTI571A2301 to Evaluate the Long-term Safety, Tolerability and Efficacy of Imatinib in Severe Pulmonary Arterial Hypertension (PAH)",not_screened_here,82327cd4b249ade222a1
cardiovascular_hypertensive,Heart Failure,D006333,mirabegron,DB08893,ADRB1; ADRB3,153; 155,2,22.369,18.369,26.815,10,False,False,True,3,PHASE2;PHASE2|PHASE3,exact_or_named_subtype,NCT01876433;NCT02775539;NCT03926754,Beta 3 Agonist Treatment in Heart Failure,not_screened_here,f4d8874705a98efac77a
cardiovascular_hypertensive,Myocardial Infarction,D009203,testosterone,DB00624,ESR1; 4306,2099; 4306,2,22.795,16.805,27.115,10,False,True,False,1,PHASE2|PHASE3,exact_or_named_subtype,NCT02803073,Effect of Testosterone Replacement on Exercise Capacity in Hypogonadal Men After a Recent Myocardial Infarction,not_screened_here,743034e9b41254a340e0
cardiovascular_hypertensive,Hypertension,D006973,sorafenib,DB00398,RET,5979,1,22.964,12.463,35.337,9,False,True,False,1,PHASE2,exact_or_named_subtype,NCT01714609,The Effect of Sorafenib on Portal Pressure,not_screened_here,2146066970068a12f892
cardiovascular_hypertensive,Heart Failure,D006333,indacaterol,DB05039,ADRB1,153,1,23.05,18.066,26.136,10,False,False,True,1,PHASE3,exact_or_named_subtype,NCT02598505,Indacaterol in Heart Failure Patients: Any Role on Lung Fluid Regulation,not_screened_here,4034227f48326acc04bf
cardiovascular_hypertensive,Heart Failure,D006333,esmolol,DB00187,ADRB1,153,1,23.255,20.791,25.123,10,False,False,True,1,PHASE2,exact_or_named_subtype,NCT06522594,REMAP ECMO - Beta Receptor Modulation Trial,not_screened_here,407132837b6ee217e386
cardiovascular_hypertensive,"Arrhythmias, Cardiac",D001145,carvedilol,DB01136,KCNH2,3757,1,23.266,12.89,30.6,10,False,True,False,1,PHASE3,broader_narrower_arrhythmia_spectrum,NCT00313157,RATe Control in Atrial Fibrillation,not_screened_here,b8062edc606461e59683
cardiovascular_hypertensive,Hypertension,D006973,candesartan,DB13919,AGTR1,185,1,23.431,20.132,29.916,10,False,True,False,6,PHASE2;PHASE3,exact_or_named_subtype,NCT00150631;NCT00282178;NCT00605072;NCT00644475;NCT01984164;NCT03640312,Danish Hypertension Prevention Project - DHYPP,not_screened_here,6d69a1e67192a71f4cef
cardiovascular_hypertensive,Heart Failure,D006333,albuterol,DB01001,ADRB1; ADRB3,153; 155,2,23.882,17.986,38.207,10,False,False,True,2,PHASE2|PHASE3;PHASE3,exact_or_named_subtype,NCT01375361;NCT02885636,Nebulized Albuterol for Congestive Heart Failure Exacerbation,not_screened_here,e9a8fdf23ff6db3e4d4f
cardiovascular_hypertensive,Hypertension,D006973,milrinone,DB00235,PDE3A,5139,1,23.998,16.146,30.76,10,False,True,False,3,PHASE1|PHASE2;PHASE2,exact_or_named_subtype,NCT00819377;NCT02595541;NCT02951130,Milrinone Inhaled in Cardiac Surgery,not_screened_here,e62280e6b9239152a838
cardiovascular_hypertensive,"Arrhythmias, Cardiac",D001145,spironolactone,DB00421,CACNA1C,775,1,24.172,20.272,26.154,10,False,True,False,2,PHASE2|PHASE3;PHASE3,broader_narrower_arrhythmia_spectrum,NCT00141778;NCT02764619,"Renin-angiotensin-aldosterone System (RAAS), Inflammation, and Post-Operative Atrial Fibrillation (AF)",not_screened_here,c613e746e7bf92e61902
cardiovascular_hypertensive,Atherosclerosis,D050197,progesterone,DB00396,ESR1,2099,1,25.021,19.257,30.582,10,False,True,False,1,PHASE2,exact_or_named_subtype,NCT00005108,Effects of Hormone Replacement Therapy on Inflammation and Stiffening of Artery Walls,not_screened_here,a7515aaab2146d7768b8
cardiovascular_hypertensive,Heart Failure,D006333,metoprolol,DB00264,ADRB1,153,1,25.406,19.185,30.838,10,False,False,True,1,PHASE2,exact_or_named_subtype,NCT01434134,Prevention of Cardiac Dysfunction During Adjuvant Breast Cancer Therapy,not_screened_here,3f052fcaf54db9bfab9a
cardiovascular_hypertensive,Hypertension,D006973,L-Arginine,DB00125,NOS2,4843,1,25.926,15.56,50.692,10,False,True,False,3,PHASE2|PHASE3;PHASE3,exact_or_named_subtype,NCT00137124;NCT00571766;NCT00974714,L-Arginine Metabolism in Essential Hypertension,not_screened_here,7b6bc726eeb50159296a
cardiovascular_hypertensive,Heart Failure,D006333,nebivolol,DB04861,ADRB1,153,1,26.81,20.083,40.503,10,False,False,True,1,PHASE3,exact_or_named_subtype,NCT01648634,Nebivolol for the Prevention of Left Ventricular Systolic Dysfunction in Patients With Duchenne Muscular Dystrophy,not_screened_here,46a44aa83ff9f6aed4f7
cardiovascular_hypertensive,Myocardial Infarction,D009203,spironolactone,DB00421,4306,4306,1,27.27,21.473,30.511,10,False,True,False,2,PHASE3,exact_or_named_subtype,NCT01059136;NCT03048825,Aldosterone Blockade Early After Acute Myocardial Infarction,not_screened_here,452f01235482f5e60c52
cardiovascular_hypertensive,"Arrhythmias, Cardiac",D001145,diltiazem,DB00343,CACNA1C,775,1,27.897,23.623,30.335,10,False,True,False,2,PHASE3,broader_narrower_arrhythmia_spectrum,NCT00000556;NCT00313157,Atrial Fibrillation Follow-up Investigation of Rhythm Management (AFFIRM),not_screened_here,7018a95e1af376cdba0a
cardiovascular_hypertensive,"Arrhythmias, Cardiac",D001145,ranolazine,DB00243,SCN5A,6331,1,28.058,23.084,35.415,10,False,True,False,4,PHASE2;PHASE3,broader_narrower_arrhythmia_spectrum,NCT01349491;NCT01522651;NCT01534962;NCT01887353,Ranolazine for the Prevention of Atrial Fibrillation After Electrical Cardioversion,not_screened_here,c463825b18adf163759d
cardiovascular_hypertensive,"Arrhythmias, Cardiac",D001145,imipramine,DB00458,KCNH2,3757,1,28.506,25.422,35.803,10,False,True,False,3,PHASE2;PHASE3,broader_narrower_arrhythmia_spectrum,NCT00000464;NCT00000504;NCT00000518,Cardiac Arrest in Seattle: Conventional Versus Amiodarone Drug Evaluation (CASCADE),not_screened_here,cd68d44aa0c6b965a410
cardiovascular_hypertensive,Hypertension,D006973,potassium chloride,DB00761,SLC12A2,6558,1,28.721,25.324,51.743,10,False,True,False,4,PHASE1|PHASE2;PHASE2;PHASE3,exact_or_named_subtype,NCT00241839;NCT01074918;NCT02450773;NCT07238400,Uric Acid and Hypertension in African Americans,not_screened_here,a3008fe7f288088288f8
cardiovascular_hypertensive,"Arrhythmias, Cardiac",D001145,betrixaban,DB12364,KCNH2,3757,1,29.893,28.622,41.274,10,False,True,False,1,PHASE2,broader_narrower_arrhythmia_spectrum,NCT00742859,"Phase 2 Study of the Safety, Tolerability and Pilot Efficacy of Oral Factor Xa Inhibitor Betrixaban Compared to Warfarin",not_screened_here,b0add92a3f28d5dcb49f
cardiovascular_hypertensive,Heart Failure,D006333,conivaptan,DB00872,AVPR2,554,1,30.891,24.194,45.59,10,False,False,True,2,PHASE2;PHASE3,exact_or_named_subtype,NCT00057356;NCT00843986,Safety and Efficacy Study of YM087 (Conivaptan) in Patients With Acute Decompensated Heart Failure,not_screened_here,22c89e4a68e45a080daa
cardiovascular_hypertensive,Myocardial Infarction,D009203,bivalirudin,DB00006,F2,2147,1,31.206,22.499,45.573,10,False,True,False,3,PHASE3,exact_or_named_subtype,NCT00433966;NCT02565147;NCT02897037,Harmonizing Outcomes With Revascularization and Stents in Acute Myocardial Infarction,not_screened_here,4ef58a916bfbc41686dd
cardiovascular_hypertensive,Atrial Fibrillation,D001281,Magnesium Sulfate,DB00653,CACNA1C; CACNB2,775; 783,2,31.309,26.213,36.524,10,False,False,True,1,PHASE2|PHASE3,exact_or_named_subtype,NCT05669417,Peri-Operative Magnesium Infusion to Prevent Atrial Fibrillation Evaluated.,not_screened_here,42db8a554ff7676716a9
cardiovascular_hypertensive,Atrial Fibrillation,D001281,spironolactone,DB00421,CACNA1C; CACNB2,775; 783,2,31.338,27.236,34.768,10,False,False,True,3,PHASE2|PHASE3;PHASE3,exact_or_named_subtype,NCT00141778;NCT02764619;NCT06204640,"Renin-angiotensin-aldosterone System (RAAS), Inflammation, and Post-Operative Atrial Fibrillation (AF)",not_screened_here,32db7453c3570bb37df2
cardiovascular_hypertensive,Hypertension,D006973,Sitaxentan,DB06268,EDNRA,1909,1,31.378,26.789,46.233,10,False,True,False,2,PHASE3,exact_or_named_subtype,NCT01204853;NCT01210443,A 12 Week Safety And Efficacy Study Of Sitaxentan Sodium In Japanese Pulmonary Arterial Hypertension Patients,not_screened_here,f809a09c218b718fa77f
cardiovascular_hypertensive,Atrial Fibrillation,D001281,carvedilol,DB01136,NPPB,4879,1,32.863,26.916,41.009,10,False,False,True,1,PHASE3,exact_or_named_subtype,NCT00313157,RATe Control in Atrial Fibrillation,not_screened_here,e2ef2f71066f2a949bf4
cardiovascular_hypertensive,"Arrhythmias, Cardiac",D001145,Ethanol,DB00898,CACNA1C,775,1,33.438,27.254,36.303,10,False,True,False,1,PHASE3,broader_narrower_arrhythmia_spectrum,NCT01898221,Vein of Marshall Ethanol Infusion for Persistent Atrial Fibrillation,not_screened_here,c3a2ffd9ffeafcfdaed8
cardiovascular_hypertensive,Heart Failure,D006333,Oxygen,DB09140,HBA2; NOX1,3040; 27035,2,33.967,25.487,46.538,10,False,True,True,5,PHASE2;PHASE2|PHASE3;PHASE3,exact_or_named_subtype,NCT02949531;NCT03102827;NCT03745898;NCT03841084;NCT05613218,Use of Oxygen in Heart Failure With Preserved Ejection Fraction,not_screened_here,98a24e9019c174e1557d
cardiovascular_hypertensive,Atherosclerosis,D050197,estradiol,DB00783,ESR1,2099,1,35.145,27.938,40.455,10,False,True,False,1,PHASE2,exact_or_named_subtype,NCT00005108,Effects of Hormone Replacement Therapy on Inflammation and Stiffening of Artery Walls,not_screened_here,abb93af94e1f280b98e1
cardiovascular_hypertensive,Hypertension,D006973,ibuprofen,DB01050,PLAT,5327,1,35.403,16.152,42.043,10,False,True,False,1,PHASE2|PHASE3,exact_or_named_subtype,NCT01988298,Nonsteroidal Antiinflammatory Drugs in Women With Postpartum Pre-eclampsia,not_screened_here,e6192ca61382e402adc1
cardiovascular_hypertensive,Hypertension,D006973,sirolimus,DB00877,MTOR,2475,1,35.756,21.413,44.436,10,False,True,False,1,PHASE2|PHASE3,exact_or_named_subtype,NCT01709136,Pharmacokinetics of Sirolimus and Tacrolimus in Liver Transplant Recipients With Tacrolimus Toxicity,not_screened_here,6be32576930ac6a37bed
cardiovascular_hypertensive,Atrial Fibrillation,D001281,aspirin,DB00945,PRKAG2,51422,1,37.232,31.779,65.556,10,False,True,False,6,PHASE2;PHASE3,exact_or_named_subtype,NCT00244426;NCT00623779;NCT02164864;NCT02565693;NCT02960126;NCT03907046,S.I.F.A. II: Prevention Of Thromboembolic Events In Patients With Nonrheumatic Atrial Fibrillation,not_screened_here,2e68af3ec76bcd79e76e
cardiovascular_hypertensive,Ventricular Fibrillation,D014693,verapamil,DB00661,SCN5A,6331,1,38.198,32.629,46.367,9,False,True,False,1,PHASE2,exact_or_named_subtype,NCT05593757,Quinidine Versus Verapamil in Short-coupled Idiopathic Ventricular Fibrillation,not_screened_here,cc8409c9813a3eb3a81f
cardiovascular_hypertensive,Ventricular Fibrillation,D014693,procainamide,DB01035,SCN5A; KCNH2,6331; 3757,2,38.329,32.265,42.908,10,False,True,False,2,PHASE3,exact_or_named_subtype,NCT00000464;NCT00000518,Cardiac Arrest in Seattle: Conventional Versus Amiodarone Drug Evaluation (CASCADE),not_screened_here,e881e9dface1cf523164
cardiovascular_hypertensive,Hypertension,D006973,macitentan,DB08932,EDNRA,1909,1,38.58,30.407,49.23,10,False,True,False,15,PHASE2;PHASE3,exact_or_named_subtype,NCT00667823;NCT01841762;NCT01847014;NCT02021292;NCT02060721;NCT02070991;NCT02081690;NCT02112487;NCT02558231;NCT02651272;NCT02932410;NCT03422328;NCT04271475;NCT05167825;NCT05179876,Clinical Study to Assess the Long-term Safety and Tolerability of ACT 064992 in Patients With Symptomatic Pulmonary Arterial Hypertension,not_screened_here,9dbf344cbaf136b08189
cardiovascular_hypertensive,Atrial Fibrillation,D001281,ranolazine,DB00243,SCN5A,6331,1,44.075,42.291,48.517,10,False,True,False,4,PHASE2;PHASE3,exact_or_named_subtype,NCT01349491;NCT01522651;NCT01534962;NCT01887353,Ranolazine for the Prevention of Atrial Fibrillation After Electrical Cardioversion,not_screened_here,db9fb3e367314f5649a8
cardiovascular_hypertensive,Ventricular Fibrillation,D014693,quinidine,DB00908,SCN5A,6331,1,44.736,39.423,47.157,9,False,True,False,3,PHASE2;PHASE3,exact_or_named_subtype,NCT00000464;NCT00000518;NCT05593757,Cardiac Arrest in Seattle: Conventional Versus Amiodarone Drug Evaluation (CASCADE),not_screened_here,a807841b839707baa6e5
cardiovascular_hypertensive,Ventricular Fibrillation,D014693,propafenone,DB01182,SCN5A; KCNH2,6331; 3757,2,47.066,40.741,51.74,9,False,True,False,1,PHASE3,exact_or_named_subtype,NCT00000464,Cardiac Arrest in Seattle: Conventional Versus Amiodarone Drug Evaluation (CASCADE),not_screened_here,e7ebb1eb4b1fb48a5af5
cardiovascular_hypertensive,Hypertension,D006973,Nitroglycerin,DB00727,NPR1,4881,1,48.845,40.659,59.608,9,False,True,False,1,PHASE3,exact_or_named_subtype,NCT00093886,Clevidipine in the Perioperative Treatment of Hypertension (ECLIPSE-NTG),not_screened_here,1ce618e3cac763984dfc
cardiovascular_hypertensive,Hypertension,D006973,benzbromarone,DB12319,ABCC1,4363,1,50.184,32.939,59.338,9,False,True,False,1,PHASE2,exact_or_named_subtype,NCT02790450,Acute Effects of Benzbromaron on the Pulmonary Circulation,not_screened_here,095bde91264cb148d3d7
cardiovascular_hypertensive,Atrial Fibrillation,D001281,Ethanol,DB00898,CACNA1C,775,1,53.253,33.494,61.398,10,False,False,True,1,PHASE3,exact_or_named_subtype,NCT01898221,Vein of Marshall Ethanol Infusion for Persistent Atrial Fibrillation,not_screened_here,d370b8170993920dc66e
cardiovascular_hypertensive,Atherosclerosis,D050197,atorvastatin,DB01076,AHR,196,1,54.888,41.836,64.164,9,False,True,False,8,PHASE2;PHASE3,exact_or_named_subtype,NCT00115817;NCT00115830;NCT00481364;NCT00620542;NCT00650689;NCT00804843;NCT06080256;NCT07474649,The Effects of Atorvastatin in Patients With Atherosclerosis,not_screened_here,02a6c147d3b7c37272a2
cardiovascular_hypertensive,Myocardial Infarction,D009203,ticlopidine,DB00208,64805,64805,1,57.132,48.772,60.962,10,False,True,False,1,PHASE3,exact_or_named_subtype,NCT00821834,Safety Evaluation of Clopidogrel Sulfate in Patients With Stable Angina/Old Myocardial Infarction to Whom Percutaneous Coronary Intervention is Being Planned,not_screened_here,772d9c320d7d21e1604e
cardiovascular_hypertensive,Atrial Fibrillation,D001281,bupivacaine,DB00297,KCNA5,3741,1,64.683,57.415,67.381,9,False,True,False,1,PHASE2|PHASE3,exact_or_named_subtype,NCT05357690,A Study of Stellate Ganglion Block for Prevention of Atrial Fibrillation,not_screened_here,4fc642c3ed6b22c4b037
